2026-08-21 01:41:56 [INFO] Grh=6000 Frame=6000 X=-32 Y=-32 W=32 H=32 TileW=1 TileH=1 File=6000
2026-08-21 01:41:56 [INFO] Grh=6001 Frame=6001 X=0 Y=-32 W=32 H=32 TileW=1 TileH=1 File=6000
2026-08-21 01:41:56 [INFO] Grh=6002 Frame=6002 X=32 Y=-32 W=32 H=32 TileW=1 TileH=1 File=6000
2026-08-21 01:41:56 [INFO] Grh=6003 Frame=6003 X=64 Y=-32 W=32 H=32 TileW=1 TileH=1 File=6000
2026-08-21 01:41:56 [INFO] Grh=6000 Frame=6000 X=96 Y=-32 W=32 H=32 TileW=1 TileH=1 File=6000
2026-08-21 01:41:56 [INFO] Grh=6001 Frame=6001 X=128 Y=-32 W=32 H=32 TileW=1 TileH=1 File=6000
2026-08-21 01:41:56 [INFO] Grh=6002 Frame=6002 X=160 Y=-32 W=32 H=32 TileW=1 TileH=1 File=6000
2026-08-21 01:41:56 [INFO] Grh=6003 Frame=6003 X=192 Y=-32 W=32 H=32 TileW=1 TileH=1 File=6000
2026-08-21 01:41:56 [INFO] Grh=6000 Frame=6000 X=224 Y=-32 W=32 H=32 TileW=1 TileH=1 File=6000
2026-08-21 01:41:56 [INFO] Grh=6001 Frame=6001 X=256 Y=-32 W=32 H=32 TileW=1 TileH=1 File=6000
2026-08-21 01:41:56 [INFO] Grh=6002 Frame=6002 X=288 Y=-32 W=32 H=32 TileW=1 TileH=1 File=6000
2026-08-21 01:41:56 [INFO] Grh=6003 Frame=6003 X=320 Y=-32 W=32 H=32 TileW=1 TileH=1 File=6000
2026-08-21 01:41:56 [INFO] Grh=6000 Frame=6000 X=352 Y=-32 W=32 H=32 TileW=1 TileH=1 File=6000
2026-08-21 01:41:56 [INFO] Grh=6001 Frame=6001 X=384 Y=-32 W=32 H=32 TileW=1 TileH=1 File=6000
2026-08-21 01:41:56 [INFO] Grh=6002 Frame=6002 X=416 Y=-32 W=32 H=32 TileW=1 TileH=1 File=6000
2026-08-21 01:41:56 [INFO] Grh=6003 Frame=6003 X=448 Y=-32 W=32 H=32 TileW=1 TileH=1 File=6000
2026-08-21 01:41:56 [INFO] Grh=6000 Frame=6000 X=480 Y=-32 W=32 H=32 TileW=1 TileH=1 File=6000
2026-08-21 01:41:56 [INFO] Grh=6001 Frame=6001 X=512 Y=-32 W=32 H=32 TileW=1 TileH=1 File=6000
2026-08-21 01:41:56 [INFO] Grh=6002 Frame=6002 X=544 Y=-32 W=32 H=32 TileW=1 TileH=1 File=6000
2026-08-21 01:41:56 [INFO] Grh=6008 Frame=6008 X=-32 Y=0 W=32 H=32 TileW=1 TileH=1 File=6000
2026-08-21 01:41:56 [INFO] Grh=6009 Frame=6009 X=0 Y=0 W=32 H=32 TileW=1 TileH=1 File=6000
2026-08-21 01:41:56 [INFO] Grh=6010 Frame=6010 X=32 Y=0 W=32 H=32 TileW=1 TileH=1 File=6000
2026-08-21 01:41:56 [INFO] Grh=6011 Frame=6011 X=64 Y=0 W=32 H=32 TileW=1 TileH=1 File=6000
2026-08-21 01:41:56 [INFO] Grh=6008 Frame=6008 X=96 Y=0 W=32 H=32 TileW=1 TileH=1 File=6000
2026-08-21 01:41:56 [INFO] Grh=6009 Frame=6009 X=128 Y=0 W=32 H=32 TileW=1 TileH=1 File=6000
2026-08-21 01:41:56 [INFO] Grh=6010 Frame=6010 X=160 Y=0 W=32 H=32 TileW=1 TileH=1 File=6000
2026-08-21 01:41:56 [INFO] Grh=6011 Frame=6011 X=192 Y=0 W=32 H=32 TileW=1 TileH=1 File=6000
2026-08-21 01:41:56 [INFO] Grh=6008 Frame=6008 X=224 Y=0 W=32 H=32 TileW=1 TileH=1 File=6000
2026-08-21 01:41:56 [INFO] Grh=6009 Frame=6009 X=256 Y=0 W=32 H=32 TileW=1 TileH=1 File=6000
2026-08-21 01:41:56 [INFO] Grh=6010 Frame=6010 X=288 Y=0 W=32 H=32 TileW=1 TileH=1 File=6000
2026-08-21 01:41:56 [INFO] Grh=6011 Frame=6011 X=320 Y=0 W=32 H=32 TileW=1 TileH=1 File=6000
2026-08-21 01:41:56 [INFO] Grh=6008 Frame=6008 X=352 Y=0 W=32 H=32 TileW=1 TileH=1 File=6000
2026-08-21 01:41:56 [INFO] Grh=6009 Frame=6009 X=384 Y=0 W=32 H=32 TileW=1 TileH=1 File=6000
2026-08-21 01:41:56 [INFO] Grh=6010 Frame=6010 X=416 Y=0 W=32 H=32 TileW=1 TileH=1 File=6000
2026-08-21 01:41:56 [INFO] Grh=6011 Frame=6011 X=448 Y=0 W=32 H=32 TileW=1 TileH=1 File=6000
2026-08-21 01:41:56 [INFO] Grh=6008 Frame=6008 X=480 Y=0 W=32 H=32 TileW=1 TileH=1 File=6000
2026-08-21 01:41:56 [INFO] Grh=6009 Frame=6009 X=512 Y=0 W=32 H=32 TileW=1 TileH=1 File=6000
2026-08-21 01:41:56 [INFO] Grh=6010 Frame=6010 X=544 Y=0 W=32 H=32 TileW=1 TileH=1 File=6000
2026-08-21 01:41:56 [INFO] Grh=1505 Frame=324 X=-32 Y=32 W=32 H=32 TileW=1 TileH=1 File=20
2026-08-21 01:41:56 [INFO] Grh=1506 Frame=325 X=0 Y=32 W=32 H=32 TileW=1 TileH=1 File=20
2026-08-21 01:41:56 [INFO] Grh=1507 Frame=326 X=32 Y=32 W=32 H=32 TileW=1 TileH=1 File=20
2026-08-21 01:41:56 [INFO] Grh=1508 Frame=327 X=64 Y=32 W=32 H=32 TileW=1 TileH=1 File=20
2026-08-21 01:41:56 [INFO] Grh=1505 Frame=324 X=96 Y=32 W=32 H=32 TileW=1 TileH=1 File=20
2026-08-21 01:41:56 [INFO] Grh=1506 Frame=325 X=128 Y=32 W=32 H=32 TileW=1 TileH=1 File=20
2026-08-21 01:41:56 [INFO] Grh=1507 Frame=326 X=160 Y=32 W=32 H=32 TileW=1 TileH=1 File=20
2026-08-21 01:41:56 [INFO] Grh=1508 Frame=327 X=192 Y=32 W=32 H=32 TileW=1 TileH=1 File=20
2026-08-21 01:41:56 [INFO] Grh=1505 Frame=324 X=224 Y=32 W=32 H=32 TileW=1 TileH=1 File=20
2026-08-21 01:41:56 [INFO] Grh=1506 Frame=325 X=256 Y=32 W=32 H=32 TileW=1 TileH=1 File=20
2026-08-21 01:41:56 [INFO] Grh=1507 Frame=326 X=288 Y=32 W=32 H=32 TileW=1 TileH=1 File=20
2026-08-21 01:41:56 [INFO] Grh=1508 Frame=327 X=320 Y=32 W=32 H=32 TileW=1 TileH=1 File=20
2026-08-21 01:41:56 [INFO] Grh=1505 Frame=324 X=352 Y=32 W=32 H=32 TileW=1 TileH=1 File=20
2026-08-21 01:41:56 [INFO] Grh=1506 Frame=325 X=384 Y=32 W=32 H=32 TileW=1 TileH=1 File=20
2026-08-21 01:41:56 [INFO] Grh=1507 Frame=326 X=416 Y=32 W=32 H=32 TileW=1 TileH=1 File=20
2026-08-21 01:41:56 [INFO] Grh=1508 Frame=327 X=448 Y=32 W=32 H=32 TileW=1 TileH=1 File=20
2026-08-21 01:41:56 [INFO] Grh=1505 Frame=324 X=480 Y=32 W=32 H=32 TileW=1 TileH=1 File=20
2026-08-21 01:41:56 [INFO] Grh=1506 Frame=325 X=512 Y=32 W=32 H=32 TileW=1 TileH=1 File=20
2026-08-21 01:41:56 [INFO] Grh=1507 Frame=326 X=544 Y=32 W=32 H=32 TileW=1 TileH=1 File=20
2026-08-21 01:41:56 [INFO] Grh=1513 Frame=332 X=-32 Y=64 W=32 H=32 TileW=1 TileH=1 File=20
2026-08-21 01:41:56 [INFO] Grh=1514 Frame=333 X=0 Y=64 W=32 H=32 TileW=1 TileH=1 File=20
2026-08-21 01:41:56 [INFO] Grh=1515 Frame=334 X=32 Y=64 W=32 H=32 TileW=1 TileH=1 File=20
2026-08-21 01:41:56 [INFO] Grh=1516 Frame=335 X=64 Y=64 W=32 H=32 TileW=1 TileH=1 File=20
2026-08-21 01:41:56 [INFO] Grh=1513 Frame=332 X=96 Y=64 W=32 H=32 TileW=1 TileH=1 File=20
2026-08-21 01:41:56 [INFO] Grh=1514 Frame=333 X=128 Y=64 W=32 H=32 TileW=1 TileH=1 File=20
2026-08-21 01:41:56 [INFO] Grh=1515 Frame=334 X=160 Y=64 W=32 H=32 TileW=1 TileH=1 File=20
2026-08-21 01:41:56 [INFO] Grh=1516 Frame=335 X=192 Y=64 W=32 H=32 TileW=1 TileH=1 File=20
2026-08-21 01:41:56 [INFO] Grh=1513 Frame=332 X=224 Y=64 W=32 H=32 TileW=1 TileH=1 File=20
2026-08-21 01:41:56 [INFO] Grh=1514 Frame=333 X=256 Y=64 W=32 H=32 TileW=1 TileH=1 File=20
2026-08-21 01:41:56 [INFO] Grh=1515 Frame=334 X=288 Y=64 W=32 H=32 TileW=1 TileH=1 File=20
2026-08-21 01:41:56 [INFO] Grh=1516 Frame=335 X=320 Y=64 W=32 H=32 TileW=1 TileH=1 File=20
2026-08-21 01:41:56 [INFO] Grh=1513 Frame=332 X=352 Y=64 W=32 H=32 TileW=1 TileH=1 File=20
2026-08-21 01:41:56 [INFO] Grh=1514 Frame=333 X=384 Y=64 W=32 H=32 TileW=1 TileH=1 File=20
2026-08-21 01:41:56 [INFO] Grh=1515 Frame=334 X=416 Y=64 W=32 H=32 TileW=1 TileH=1 File=20
2026-08-21 01:41:56 [INFO] Grh=1516 Frame=335 X=448 Y=64 W=32 H=32 TileW=1 TileH=1 File=20
2026-08-21 01:41:56 [INFO] Grh=1513 Frame=332 X=480 Y=64 W=32 H=32 TileW=1 TileH=1 File=20
2026-08-21 01:41:56 [INFO] Grh=1514 Frame=333 X=512 Y=64 W=32 H=32 TileW=1 TileH=1 File=20
2026-08-21 01:41:56 [INFO] Grh=1515 Frame=334 X=544 Y=64 W=32 H=32 TileW=1 TileH=1 File=20
2026-08-21 01:41:56 [INFO] Grh=1505 Frame=324 X=-32 Y=96 W=32 H=32 TileW=1 TileH=1 File=20
2026-08-21 01:41:56 [INFO] Grh=1506 Frame=325 X=0 Y=96 W=32 H=32 TileW=1 TileH=1 File=20
2026-08-21 01:41:56 [INFO] Grh=1507 Frame=326 X=32 Y=96 W=32 H=32 TileW=1 TileH=1 File=20
2026-08-21 01:41:56 [INFO] Grh=1508 Frame=327 X=64 Y=96 W=32 H=32 TileW=1 TileH=1 File=20
2026-08-21 01:41:56 [INFO] Grh=1505 Frame=324 X=96 Y=96 W=32 H=32 TileW=1 TileH=1 File=20
2026-08-21 01:41:56 [INFO] Grh=1506 Frame=325 X=128 Y=96 W=32 H=32 TileW=1 TileH=1 File=20
2026-08-21 01:41:56 [INFO] Grh=1507 Frame=326 X=160 Y=96 W=32 H=32 TileW=1 TileH=1 File=20
2026-08-21 01:41:56 [INFO] Grh=1508 Frame=327 X=192 Y=96 W=32 H=32 TileW=1 TileH=1 File=20
2026-08-21 01:41:56 [INFO] Grh=1505 Frame=324 X=224 Y=96 W=32 H=32 TileW=1 TileH=1 File=20
2026-08-21 01:41:56 [INFO] Grh=1506 Frame=325 X=256 Y=96 W=32 H=32 TileW=1 TileH=1 File=20
2026-08-21 01:41:56 [INFO] Grh=1507 Frame=326 X=288 Y=96 W=32 H=32 TileW=1 TileH=1 File=20
2026-08-21 01:41:56 [INFO] Grh=1508 Frame=327 X=320 Y=96 W=32 H=32 TileW=1 TileH=1 File=20
2026-08-21 01:41:56 [INFO] Grh=1505 Frame=324 X=352 Y=96 W=32 H=32 TileW=1 TileH=1 File=20
2026-08-21 01:41:56 [INFO] Grh=1506 Frame=325 X=384 Y=96 W=32 H=32 TileW=1 TileH=1 File=20
2026-08-21 01:41:56 [INFO] Grh=1507 Frame=326 X=416 Y=96 W=32 H=32 TileW=1 TileH=1 File=20
2026-08-21 01:41:56 [INFO] Grh=1508 Frame=327 X=448 Y=96 W=32 H=32 TileW=1 TileH=1 File=20
2026-08-21 01:41:56 [INFO] Grh=1505 Frame=324 X=480 Y=96 W=32 H=32 TileW=1 TileH=1 File=20
2026-08-21 01:41:56 [INFO] Grh=1506 Frame=325 X=512 Y=96 W=32 H=32 TileW=1 TileH=1 File=20
2026-08-21 01:41:56 [INFO] Grh=1507 Frame=326 X=544 Y=96 W=32 H=32 TileW=1 TileH=1 File=20
2026-08-21 01:41:56 [INFO] Grh=1513 Frame=332 X=-32 Y=128 W=32 H=32 TileW=1 TileH=1 File=20
2026-08-21 01:41:56 [INFO] Grh=1514 Frame=333 X=0 Y=128 W=32 H=32 TileW=1 TileH=1 File=20
2026-08-21 01:41:56 [INFO] Grh=1515 Frame=334 X=32 Y=128 W=32 H=32 TileW=1 TileH=1 File=20
2026-08-21 01:41:56 [INFO] Grh=1516 Frame=335 X=64 Y=128 W=32 H=32 TileW=1 TileH=1 File=20
2026-08-21 01:41:56 [INFO] Grh=1513 Frame=332 X=96 Y=128 W=32 H=32 TileW=1 TileH=1 File=20
2026-08-21 01:41:56 [INFO] Grh=1514 Frame=333 X=128 Y=128 W=32 H=32 TileW=1 TileH=1 File=20
2026-08-21 01:41:56 [INFO] Grh=1515 Frame=334 X=160 Y=128 W=32 H=32 TileW=1 TileH=1 File=20
2026-08-21 01:41:56 [INFO] Grh=1516 Frame=335 X=192 Y=128 W=32 H=32 TileW=1 TileH=1 File=20
2026-08-21 01:41:56 [INFO] Grh=1513 Frame=332 X=224 Y=128 W=32 H=32 TileW=1 TileH=1 File=20
2026-08-21 01:41:56 [INFO] Grh=1514 Frame=333 X=256 Y=128 W=32 H=32 TileW=1 TileH=1 File=20
2026-08-21 01:41:56 [INFO] Grh=1515 Frame=334 X=288 Y=128 W=32 H=32 TileW=1 TileH=1 File=20
2026-08-21 01:41:56 [INFO] Grh=1516 Frame=335 X=320 Y=128 W=32 H=32 TileW=1 TileH=1 File=20
2026-08-21 01:41:56 [INFO] Grh=1513 Frame=332 X=352 Y=128 W=32 H=32 TileW=1 TileH=1 File=20
2026-08-21 01:41:56 [INFO] Grh=1514 Frame=333 X=384 Y=128 W=32 H=32 TileW=1 TileH=1 File=20
2026-08-21 01:41:56 [INFO] Grh=1515 Frame=334 X=416 Y=128 W=32 H=32 TileW=1 TileH=1 File=20
2026-08-21 01:41:56 [INFO] Grh=1516 Frame=335 X=448 Y=128 W=32 H=32 TileW=1 TileH=1 File=20
2026-08-21 01:41:56 [INFO] Grh=1513 Frame=332 X=480 Y=128 W=32 H=32 TileW=1 TileH=1 File=20
2026-08-21 01:41:56 [INFO] Grh=1514 Frame=333 X=512 Y=128 W=32 H=32 TileW=1 TileH=1 File=20
2026-08-21 01:41:56 [INFO] Grh=1515 Frame=334 X=544 Y=128 W=32 H=32 TileW=1 TileH=1 File=20
2026-08-21 01:41:56 [INFO] Grh=1505 Frame=324 X=-32 Y=160 W=32 H=32 TileW=1 TileH=1 File=20
2026-08-21 01:41:56 [INFO] Grh=1506 Frame=325 X=0 Y=160 W=32 H=32 TileW=1 TileH=1 File=20
2026-08-21 01:41:56 [INFO] Grh=1507 Frame=326 X=32 Y=160 W=32 H=32 TileW=1 TileH=1 File=20
2026-08-21 01:41:56 [INFO] Grh=1508 Frame=327 X=64 Y=160 W=32 H=32 TileW=1 TileH=1 File=20
2026-08-21 01:41:56 [INFO] Grh=1505 Frame=324 X=96 Y=160 W=32 H=32 TileW=1 TileH=1 File=20
2026-08-21 01:41:56 [INFO] Grh=1506 Frame=325 X=128 Y=160 W=32 H=32 TileW=1 TileH=1 File=20
2026-08-21 01:41:56 [INFO] Grh=1507 Frame=326 X=160 Y=160 W=32 H=32 TileW=1 TileH=1 File=20
2026-08-21 01:41:56 [INFO] Grh=1508 Frame=327 X=192 Y=160 W=32 H=32 TileW=1 TileH=1 File=20
2026-08-21 01:41:56 [INFO] Grh=1505 Frame=324 X=224 Y=160 W=32 H=32 TileW=1 TileH=1 File=20
2026-08-21 01:41:56 [INFO] Grh=1506 Frame=325 X=256 Y=160 W=32 H=32 TileW=1 TileH=1 File=20
2026-08-21 01:41:56 [INFO] Grh=1507 Frame=326 X=288 Y=160 W=32 H=32 TileW=1 TileH=1 File=20
2026-08-21 01:41:56 [INFO] Grh=1508 Frame=327 X=320 Y=160 W=32 H=32 TileW=1 TileH=1 File=20
2026-08-21 01:41:56 [INFO] Grh=1505 Frame=324 X=352 Y=160 W=32 H=32 TileW=1 TileH=1 File=20
2026-08-21 01:41:56 [INFO] Grh=1506 Frame=325 X=384 Y=160 W=32 H=32 TileW=1 TileH=1 File=20
2026-08-21 01:41:56 [INFO] Grh=1507 Frame=326 X=416 Y=160 W=32 H=32 TileW=1 TileH=1 File=20
2026-08-21 01:41:56 [INFO] Grh=1508 Frame=327 X=448 Y=160 W=32 H=32 TileW=1 TileH=1 File=20
2026-08-21 01:41:56 [INFO] Grh=1505 Frame=324 X=480 Y=160 W=32 H=32 TileW=1 TileH=1 File=20
2026-08-21 01:41:56 [INFO] Grh=1506 Frame=325 X=512 Y=160 W=32 H=32 TileW=1 TileH=1 File=20
2026-08-21 01:41:56 [INFO] Grh=1507 Frame=326 X=544 Y=160 W=32 H=32 TileW=1 TileH=1 File=20
2026-08-21 01:41:56 [INFO] Grh=1513 Frame=332 X=-32 Y=192 W=32 H=32 TileW=1 TileH=1 File=20
2026-08-21 01:41:56 [INFO] Grh=1514 Frame=333 X=0 Y=192 W=32 H=32 TileW=1 TileH=1 File=20
2026-08-21 01:41:56 [INFO] Grh=1515 Frame=334 X=32 Y=192 W=32 H=32 TileW=1 TileH=1 File=20
2026-08-21 01:41:56 [INFO] Grh=1516 Frame=335 X=64 Y=192 W=32 H=32 TileW=1 TileH=1 File=20
2026-08-21 01:41:56 [INFO] Grh=1513 Frame=332 X=96 Y=192 W=32 H=32 TileW=1 TileH=1 File=20
2026-08-21 01:41:56 [INFO] Grh=1514 Frame=333 X=128 Y=192 W=32 H=32 TileW=1 TileH=1 File=20
2026-08-21 01:41:56 [INFO] Grh=1515 Frame=334 X=160 Y=192 W=32 H=32 TileW=1 TileH=1 File=20
2026-08-21 01:41:56 [INFO] Grh=1516 Frame=335 X=192 Y=192 W=32 H=32 TileW=1 TileH=1 File=20
2026-08-21 01:41:56 [INFO] Grh=1513 Frame=332 X=224 Y=192 W=32 H=32 TileW=1 TileH=1 File=20
2026-08-21 01:41:56 [INFO] Grh=1514 Frame=333 X=256 Y=192 W=32 H=32 TileW=1 TileH=1 File=20
2026-08-21 01:41:56 [INFO] Grh=1515 Frame=334 X=288 Y=192 W=32 H=32 TileW=1 TileH=1 File=20
2026-08-21 01:41:56 [INFO] Grh=1516 Frame=335 X=320 Y=192 W=32 H=32 TileW=1 TileH=1 File=20
2026-08-21 01:41:56 [INFO] Grh=1513 Frame=332 X=352 Y=192 W=32 H=32 TileW=1 TileH=1 File=20
2026-08-21 01:41:56 [INFO] Grh=1514 Frame=333 X=384 Y=192 W=32 H=32 TileW=1 TileH=1 File=20
2026-08-21 01:41:56 [INFO] Grh=1515 Frame=334 X=416 Y=192 W=32 H=32 TileW=1 TileH=1 File=20
2026-08-21 01:41:56 [INFO] Grh=1516 Frame=335 X=448 Y=192 W=32 H=32 TileW=1 TileH=1 File=20
2026-08-21 01:41:56 [INFO] Grh=1513 Frame=332 X=480 Y=192 W=32 H=32 TileW=1 TileH=1 File=20
2026-08-21 01:41:56 [INFO] Grh=1514 Frame=333 X=512 Y=192 W=32 H=32 TileW=1 TileH=1 File=20
2026-08-21 01:41:56 [INFO] Grh=1515 Frame=334 X=544 Y=192 W=32 H=32 TileW=1 TileH=1 File=20
2026-08-21 01:42:23 [INFO] Grh=6000 Frame=6000 X=-32 Y=-32 W=32 H=32 TileW=1 TileH=1 File=6000
2026-08-21 01:42:23 [INFO] Grh=6001 Frame=6001 X=0 Y=-32 W=32 H=32 TileW=1 TileH=1 File=6000
2026-08-21 01:42:23 [INFO] Grh=6002 Frame=6002 X=32 Y=-32 W=32 H=32 TileW=1 TileH=1 File=6000
2026-08-21 01:42:23 [INFO] Grh=6003 Frame=6003 X=64 Y=-32 W=32 H=32 TileW=1 TileH=1 File=6000
2026-08-21 01:42:23 [INFO] Grh=6000 Frame=6000 X=96 Y=-32 W=32 H=32 TileW=1 TileH=1 File=6000
2026-08-21 01:42:23 [INFO] Grh=6001 Frame=6001 X=128 Y=-32 W=32 H=32 TileW=1 TileH=1 File=6000
2026-08-21 01:42:23 [INFO] Grh=6002 Frame=6002 X=160 Y=-32 W=32 H=32 TileW=1 TileH=1 File=6000
2026-08-21 01:42:23 [INFO] Grh=6003 Frame=6003 X=192 Y=-32 W=32 H=32 TileW=1 TileH=1 File=6000
2026-08-21 01:42:23 [INFO] Grh=6000 Frame=6000 X=224 Y=-32 W=32 H=32 TileW=1 TileH=1 File=6000
2026-08-21 01:42:23 [INFO] Grh=6001 Frame=6001 X=256 Y=-32 W=32 H=32 TileW=1 TileH=1 File=6000
2026-08-21 01:42:23 [INFO] Grh=6002 Frame=6002 X=288 Y=-32 W=32 H=32 TileW=1 TileH=1 File=6000
2026-08-21 01:42:23 [INFO] Grh=6003 Frame=6003 X=320 Y=-32 W=32 H=32 TileW=1 TileH=1 File=6000
2026-08-21 01:42:23 [INFO] Grh=6000 Frame=6000 X=352 Y=-32 W=32 H=32 TileW=1 TileH=1 File=6000
2026-08-21 01:42:23 [INFO] Grh=6001 Frame=6001 X=384 Y=-32 W=32 H=32 TileW=1 TileH=1 File=6000
2026-08-21 01:42:23 [INFO] Grh=6002 Frame=6002 X=416 Y=-32 W=32 H=32 TileW=1 TileH=1 File=6000
2026-08-21 01:42:23 [INFO] Grh=6003 Frame=6003 X=448 Y=-32 W=32 H=32 TileW=1 TileH=1 File=6000
2026-08-21 01:42:23 [INFO] Grh=6000 Frame=6000 X=480 Y=-32 W=32 H=32 TileW=1 TileH=1 File=6000
2026-08-21 01:42:23 [INFO] Grh=6001 Frame=6001 X=512 Y=-32 W=32 H=32 TileW=1 TileH=1 File=6000
2026-08-21 01:42:23 [INFO] Grh=6002 Frame=6002 X=544 Y=-32 W=32 H=32 TileW=1 TileH=1 File=6000
2026-08-21 01:42:23 [INFO] Grh=6008 Frame=6008 X=-32 Y=0 W=32 H=32 TileW=1 TileH=1 File=6000
2026-08-21 01:42:23 [INFO] Grh=6009 Frame=6009 X=0 Y=0 W=32 H=32 TileW=1 TileH=1 File=6000
2026-08-21 01:42:23 [INFO] Grh=6010 Frame=6010 X=32 Y=0 W=32 H=32 TileW=1 TileH=1 File=6000
2026-08-21 01:42:23 [INFO] Grh=6011 Frame=6011 X=64 Y=0 W=32 H=32 TileW=1 TileH=1 File=6000
2026-08-21 01:42:23 [INFO] Grh=6008 Frame=6008 X=96 Y=0 W=32 H=32 TileW=1 TileH=1 File=6000
2026-08-21 01:42:23 [INFO] Grh=6009 Frame=6009 X=128 Y=0 W=32 H=32 TileW=1 TileH=1 File=6000
2026-08-21 01:42:23 [INFO] Grh=6010 Frame=6010 X=160 Y=0 W=32 H=32 TileW=1 TileH=1 File=6000
2026-08-21 01:42:23 [INFO] Grh=6011 Frame=6011 X=192 Y=0 W=32 H=32 TileW=1 TileH=1 File=6000
2026-08-21 01:42:23 [INFO] Grh=6008 Frame=6008 X=224 Y=0 W=32 H=32 TileW=1 TileH=1 File=6000
2026-08-21 01:42:23 [INFO] Grh=6009 Frame=6009 X=256 Y=0 W=32 H=32 TileW=1 TileH=1 File=6000
2026-08-21 01:42:23 [INFO] Grh=6010 Frame=6010 X=288 Y=0 W=32 H=32 TileW=1 TileH=1 File=6000
2026-08-21 01:42:23 [INFO] Grh=6011 Frame=6011 X=320 Y=0 W=32 H=32 TileW=1 TileH=1 File=6000
2026-08-21 01:42:23 [INFO] Grh=6008 Frame=6008 X=352 Y=0 W=32 H=32 TileW=1 TileH=1 File=6000
2026-08-21 01:42:23 [INFO] Grh=6009 Frame=6009 X=384 Y=0 W=32 H=32 TileW=1 TileH=1 File=6000
2026-08-21 01:42:23 [INFO] Grh=6010 Frame=6010 X=416 Y=0 W=32 H=32 TileW=1 TileH=1 File=6000
2026-08-21 01:42:23 [INFO] Grh=6011 Frame=6011 X=448 Y=0 W=32 H=32 TileW=1 TileH=1 File=6000
2026-08-21 01:42:23 [INFO] Grh=6008 Frame=6008 X=480 Y=0 W=32 H=32 TileW=1 TileH=1 File=6000
2026-08-21 01:42:23 [INFO] Grh=6009 Frame=6009 X=512 Y=0 W=32 H=32 TileW=1 TileH=1 File=6000
2026-08-21 01:42:23 [INFO] Grh=6010 Frame=6010 X=544 Y=0 W=32 H=32 TileW=1 TileH=1 File=6000
2026-08-21 01:42:23 [INFO] Grh=1505 Frame=324 X=-32 Y=32 W=32 H=32 TileW=1 TileH=1 File=20
2026-08-21 01:42:23 [INFO] Grh=1506 Frame=325 X=0 Y=32 W=32 H=32 TileW=1 TileH=1 File=20
2026-08-21 01:42:23 [INFO] Grh=1507 Frame=326 X=32 Y=32 W=32 H=32 TileW=1 TileH=1 File=20
2026-08-21 01:42:23 [INFO] Grh=1508 Frame=327 X=64 Y=32 W=32 H=32 TileW=1 TileH=1 File=20
2026-08-21 01:42:23 [INFO] Grh=1505 Frame=324 X=96 Y=32 W=32 H=32 TileW=1 TileH=1 File=20
2026-08-21 01:42:23 [INFO] Grh=1506 Frame=325 X=128 Y=32 W=32 H=32 TileW=1 TileH=1 File=20
2026-08-21 01:42:23 [INFO] Grh=1507 Frame=326 X=160 Y=32 W=32 H=32 TileW=1 TileH=1 File=20
2026-08-21 01:42:23 [INFO] Grh=1508 Frame=327 X=192 Y=32 W=32 H=32 TileW=1 TileH=1 File=20
2026-08-21 01:42:23 [INFO] Grh=1505 Frame=324 X=224 Y=32 W=32 H=32 TileW=1 TileH=1 File=20
2026-08-21 01:42:23 [INFO] Grh=1506 Frame=325 X=256 Y=32 W=32 H=32 TileW=1 TileH=1 File=20
2026-08-21 01:42:23 [INFO] Grh=1507 Frame=326 X=288 Y=32 W=32 H=32 TileW=1 TileH=1 File=20
2026-08-21 01:42:23 [INFO] Grh=1508 Frame=327 X=320 Y=32 W=32 H=32 TileW=1 TileH=1 File=20
2026-08-21 01:42:23 [INFO] Grh=1505 Frame=324 X=352 Y=32 W=32 H=32 TileW=1 TileH=1 File=20
2026-08-21 01:42:23 [INFO] Grh=1506 Frame=325 X=384 Y=32 W=32 H=32 TileW=1 TileH=1 File=20
2026-08-21 01:42:23 [INFO] Grh=1507 Frame=326 X=416 Y=32 W=32 H=32 TileW=1 TileH=1 File=20
2026-08-21 01:42:23 [INFO] Grh=1508 Frame=327 X=448 Y=32 W=32 H=32 TileW=1 TileH=1 File=20
2026-08-21 01:42:23 [INFO] Grh=1505 Frame=324 X=480 Y=32 W=32 H=32 TileW=1 TileH=1 File=20
2026-08-21 01:42:24 [INFO] Grh=1506 Frame=325 X=512 Y=32 W=32 H=32 TileW=1 TileH=1 File=20
2026-08-21 01:42:24 [INFO] Grh=1507 Frame=326 X=544 Y=32 W=32 H=32 TileW=1 TileH=1 File=20
2026-08-21 01:42:24 [INFO] Grh=1513 Frame=332 X=-32 Y=64 W=32 H=32 TileW=1 TileH=1 File=20
2026-08-21 01:42:24 [INFO] Grh=1514 Frame=333 X=0 Y=64 W=32 H=32 TileW=1 TileH=1 File=20
2026-08-21 01:42:24 [INFO] Grh=1515 Frame=334 X=32 Y=64 W=32 H=32 TileW=1 TileH=1 File=20
2026-08-21 01:42:24 [INFO] Grh=1516 Frame=335 X=64 Y=64 W=32 H=32 TileW=1 TileH=1 File=20
2026-08-21 01:42:24 [INFO] Grh=1513 Frame=332 X=96 Y=64 W=32 H=32 TileW=1 TileH=1 File=20
2026-08-21 01:42:24 [INFO] Grh=1514 Frame=333 X=128 Y=64 W=32 H=32 TileW=1 TileH=1 File=20
2026-08-21 01:42:24 [INFO] Grh=1515 Frame=334 X=160 Y=64 W=32 H=32 TileW=1 TileH=1 File=20
2026-08-21 01:42:24 [INFO] Grh=1516 Frame=335 X=192 Y=64 W=32 H=32 TileW=1 TileH=1 File=20
2026-08-21 01:42:24 [INFO] Grh=1513 Frame=332 X=224 Y=64 W=32 H=32 TileW=1 TileH=1 File=20
2026-08-21 01:42:24 [INFO] Grh=1514 Frame=333 X=256 Y=64 W=32 H=32 TileW=1 TileH=1 File=20
2026-08-21 01:42:24 [INFO] Grh=1515 Frame=334 X=288 Y=64 W=32 H=32 TileW=1 TileH=1 File=20
2026-08-21 01:42:24 [INFO] Grh=1516 Frame=335 X=320 Y=64 W=32 H=32 TileW=1 TileH=1 File=20
2026-08-21 01:42:24 [INFO] Grh=1513 Frame=332 X=352 Y=64 W=32 H=32 TileW=1 TileH=1 File=20
2026-08-21 01:42:24 [INFO] Grh=1514 Frame=333 X=384 Y=64 W=32 H=32 TileW=1 TileH=1 File=20
2026-08-21 01:42:24 [INFO] Grh=1515 Frame=334 X=416 Y=64 W=32 H=32 TileW=1 TileH=1 File=20
2026-08-21 01:42:24 [INFO] Grh=1516 Frame=335 X=448 Y=64 W=32 H=32 TileW=1 TileH=1 File=20
2026-08-21 01:42:24 [INFO] Grh=1513 Frame=332 X=480 Y=64 W=32 H=32 TileW=1 TileH=1 File=20
2026-08-21 01:42:24 [INFO] Grh=1514 Frame=333 X=512 Y=64 W=32 H=32 TileW=1 TileH=1 File=20
2026-08-21 01:42:24 [INFO] Grh=1515 Frame=334 X=544 Y=64 W=32 H=32 TileW=1 TileH=1 File=20
2026-08-21 01:42:24 [INFO] Grh=1505 Frame=324 X=-32 Y=96 W=32 H=32 TileW=1 TileH=1 File=20
2026-08-21 01:42:24 [INFO] Grh=1506 Frame=325 X=0 Y=96 W=32 H=32 TileW=1 TileH=1 File=20
2026-08-21 01:42:24 [INFO] Grh=1507 Frame=326 X=32 Y=96 W=32 H=32 TileW=1 TileH=1 File=20
2026-08-21 01:42:24 [INFO] Grh=1508 Frame=327 X=64 Y=96 W=32 H=32 TileW=1 TileH=1 File=20
2026-08-21 01:42:24 [INFO] Grh=1505 Frame=324 X=96 Y=96 W=32 H=32 TileW=1 TileH=1 File=20
2026-08-21 01:42:24 [INFO] Grh=1506 Frame=325 X=128 Y=96 W=32 H=32 TileW=1 TileH=1 File=20
2026-08-21 01:42:24 [INFO] Grh=1507 Frame=326 X=160 Y=96 W=32 H=32 TileW=1 TileH=1 File=20
2026-08-21 01:42:24 [INFO] Grh=1508 Frame=327 X=192 Y=96 W=32 H=32 TileW=1 TileH=1 File=20
2026-08-21 01:42:24 [INFO] Grh=1505 Frame=324 X=224 Y=96 W=32 H=32 TileW=1 TileH=1 File=20
2026-08-21 01:42:24 [INFO] Grh=1506 Frame=325 X=256 Y=96 W=32 H=32 TileW=1 TileH=1 File=20
2026-08-21 01:42:24 [INFO] Grh=1507 Frame=326 X=288 Y=96 W=32 H=32 TileW=1 TileH=1 File=20
2026-08-21 01:42:24 [INFO] Grh=1508 Frame=327 X=320 Y=96 W=32 H=32 TileW=1 TileH=1 File=20
2026-08-21 01:42:24 [INFO] Grh=1505 Frame=324 X=352 Y=96 W=32 H=32 TileW=1 TileH=1 File=20
2026-08-21 01:42:24 [INFO] Grh=1506 Frame=325 X=384 Y=96 W=32 H=32 TileW=1 TileH=1 File=20
2026-08-21 01:42:24 [INFO] Grh=1507 Frame=326 X=416 Y=96 W=32 H=32 TileW=1 TileH=1 File=20
2026-08-21 01:42:24 [INFO] Grh=1508 Frame=327 X=448 Y=96 W=32 H=32 TileW=1 TileH=1 File=20
2026-08-21 01:42:24 [INFO] Grh=1505 Frame=324 X=480 Y=96 W=32 H=32 TileW=1 TileH=1 File=20
2026-08-21 01:42:24 [INFO] Grh=1506 Frame=325 X=512 Y=96 W=32 H=32 TileW=1 TileH=1 File=20
2026-08-21 01:42:24 [INFO] Grh=1507 Frame=326 X=544 Y=96 W=32 H=32 TileW=1 TileH=1 File=20
2026-08-21 01:42:24 [INFO] Grh=1513 Frame=332 X=-32 Y=128 W=32 H=32 TileW=1 TileH=1 File=20
2026-08-21 01:42:24 [INFO] Grh=1514 Frame=333 X=0 Y=128 W=32 H=32 TileW=1 TileH=1 File=20
2026-08-21 01:42:24 [INFO] Grh=1515 Frame=334 X=32 Y=128 W=32 H=32 TileW=1 TileH=1 File=20
2026-08-21 01:42:24 [INFO] Grh=1516 Frame=335 X=64 Y=128 W=32 H=32 TileW=1 TileH=1 File=20
2026-08-21 01:42:24 [INFO] Grh=1513 Frame=332 X=96 Y=128 W=32 H=32 TileW=1 TileH=1 File=20
2026-08-21 01:42:24 [INFO] Grh=1514 Frame=333 X=128 Y=128 W=32 H=32 TileW=1 TileH=1 File=20
2026-08-21 01:42:24 [INFO] Grh=1515 Frame=334 X=160 Y=128 W=32 H=32 TileW=1 TileH=1 File=20
2026-08-21 01:42:24 [INFO] Grh=1516 Frame=335 X=192 Y=128 W=32 H=32 TileW=1 TileH=1 File=20
2026-08-21 01:42:24 [INFO] Grh=1513 Frame=332 X=224 Y=128 W=32 H=32 TileW=1 TileH=1 File=20
2026-08-21 01:42:24 [INFO] Grh=1514 Frame=333 X=256 Y=128 W=32 H=32 TileW=1 TileH=1 File=20
2026-08-21 01:42:24 [INFO] Grh=1515 Frame=334 X=288 Y=128 W=32 H=32 TileW=1 TileH=1 File=20
2026-08-21 01:42:24 [INFO] Grh=1516 Frame=335 X=320 Y=128 W=32 H=32 TileW=1 TileH=1 File=20
2026-08-21 01:42:24 [INFO] Grh=1513 Frame=332 X=352 Y=128 W=32 H=32 TileW=1 TileH=1 File=20
2026-08-21 01:42:24 [INFO] Grh=1514 Frame=333 X=384 Y=128 W=32 H=32 TileW=1 TileH=1 File=20
2026-08-21 01:42:24 [INFO] Grh=1515 Frame=334 X=416 Y=128 W=32 H=32 TileW=1 TileH=1 File=20
2026-08-21 01:42:24 [INFO] Grh=1516 Frame=335 X=448 Y=128 W=32 H=32 TileW=1 TileH=1 File=20
2026-08-21 01:42:24 [INFO] Grh=1513 Frame=332 X=480 Y=128 W=32 H=32 TileW=1 TileH=1 File=20
2026-08-21 01:42:24 [INFO] Grh=1514 Frame=333 X=512 Y=128 W=32 H=32 TileW=1 TileH=1 File=20
2026-08-21 01:42:24 [INFO] Grh=1515 Frame=334 X=544 Y=128 W=32 H=32 TileW=1 TileH=1 File=20
2026-08-21 01:42:24 [INFO] Grh=1505 Frame=324 X=-32 Y=160 W=32 H=32 TileW=1 TileH=1 File=20
2026-08-21 01:42:24 [INFO] Grh=1506 Frame=325 X=0 Y=160 W=32 H=32 TileW=1 TileH=1 File=20
2026-08-21 01:42:24 [INFO] Grh=1507 Frame=326 X=32 Y=160 W=32 H=32 TileW=1 TileH=1 File=20
2026-08-21 01:42:24 [INFO] Grh=1508 Frame=327 X=64 Y=160 W=32 H=32 TileW=1 TileH=1 File=20
2026-08-21 01:42:24 [INFO] Grh=1505 Frame=324 X=96 Y=160 W=32 H=32 TileW=1 TileH=1 File=20
2026-08-21 01:42:24 [INFO] Grh=1506 Frame=325 X=128 Y=160 W=32 H=32 TileW=1 TileH=1 File=20
2026-08-21 01:42:24 [INFO] Grh=1507 Frame=326 X=160 Y=160 W=32 H=32 TileW=1 TileH=1 File=20
2026-08-21 01:42:24 [INFO] Grh=1508 Frame=327 X=192 Y=160 W=32 H=32 TileW=1 TileH=1 File=20
2026-08-21 01:42:24 [INFO] Grh=1505 Frame=324 X=224 Y=160 W=32 H=32 TileW=1 TileH=1 File=20
2026-08-21 01:42:24 [INFO] Grh=1506 Frame=325 X=256 Y=160 W=32 H=32 TileW=1 TileH=1 File=20
2026-08-21 01:42:24 [INFO] Grh=1507 Frame=326 X=288 Y=160 W=32 H=32 TileW=1 TileH=1 File=20
2026-08-21 01:42:24 [INFO] Grh=1508 Frame=327 X=320 Y=160 W=32 H=32 TileW=1 TileH=1 File=20
2026-08-21 01:42:24 [INFO] Grh=1505 Frame=324 X=352 Y=160 W=32 H=32 TileW=1 TileH=1 File=20
2026-08-21 01:42:24 [INFO] Grh=1506 Frame=325 X=384 Y=160 W=32 H=32 TileW=1 TileH=1 File=20
2026-08-21 01:42:24 [INFO] Grh=1507 Frame=326 X=416 Y=160 W=32 H=32 TileW=1 TileH=1 File=20
2026-08-21 01:42:24 [INFO] Grh=1508 Frame=327 X=448 Y=160 W=32 H=32 TileW=1 TileH=1 File=20
2026-08-21 01:42:24 [INFO] Grh=1505 Frame=324 X=480 Y=160 W=32 H=32 TileW=1 TileH=1 File=20
2026-08-21 01:42:24 [INFO] Grh=1506 Frame=325 X=512 Y=160 W=32 H=32 TileW=1 TileH=1 File=20
2026-08-21 01:42:24 [INFO] Grh=1507 Frame=326 X=544 Y=160 W=32 H=32 TileW=1 TileH=1 File=20
2026-08-21 01:42:24 [INFO] Grh=1513 Frame=332 X=-32 Y=192 W=32 H=32 TileW=1 TileH=1 File=20
2026-08-21 01:42:24 [INFO] Grh=1514 Frame=333 X=0 Y=192 W=32 H=32 TileW=1 TileH=1 File=20
2026-08-21 01:42:24 [INFO] Grh=1515 Frame=334 X=32 Y=192 W=32 H=32 TileW=1 TileH=1 File=20
2026-08-21 01:42:24 [INFO] Grh=1516 Frame=335 X=64 Y=192 W=32 H=32 TileW=1 TileH=1 File=20
2026-08-21 01:42:24 [INFO] Grh=1513 Frame=332 X=96 Y=192 W=32 H=32 TileW=1 TileH=1 File=20
2026-08-21 01:42:24 [INFO] Grh=1514 Frame=333 X=128 Y=192 W=32 H=32 TileW=1 TileH=1 File=20
2026-08-21 01:42:24 [INFO] Grh=1515 Frame=334 X=160 Y=192 W=32 H=32 TileW=1 TileH=1 File=20
2026-08-21 01:42:24 [INFO] Grh=1516 Frame=335 X=192 Y=192 W=32 H=32 TileW=1 TileH=1 File=20
2026-08-21 01:42:24 [INFO] Grh=1513 Frame=332 X=224 Y=192 W=32 H=32 TileW=1 TileH=1 File=20
2026-08-21 01:42:24 [INFO] Grh=1514 Frame=333 X=256 Y=192 W=32 H=32 TileW=1 TileH=1 File=20
2026-08-21 01:42:24 [INFO] Grh=1515 Frame=334 X=288 Y=192 W=32 H=32 TileW=1 TileH=1 File=20
2026-08-21 01:42:24 [INFO] Grh=1516 Frame=335 X=320 Y=192 W=32 H=32 TileW=1 TileH=1 File=20
2026-08-21 01:42:24 [INFO] Grh=1513 Frame=332 X=352 Y=192 W=32 H=32 TileW=1 TileH=1 File=20
2026-08-21 01:42:24 [INFO] Grh=1514 Frame=333 X=384 Y=192 W=32 H=32 TileW=1 TileH=1 File=20
2026-08-21 01:42:24 [INFO] Grh=1515 Frame=334 X=416 Y=192 W=32 H=32 TileW=1 TileH=1 File=20
2026-08-21 01:42:24 [INFO] Grh=1516 Frame=335 X=448 Y=192 W=32 H=32 TileW=1 TileH=1 File=20
2026-08-21 01:42:24 [INFO] Grh=1513 Frame=332 X=480 Y=192 W=32 H=32 TileW=1 TileH=1 File=20
2026-08-21 01:42:24 [INFO] Grh=1514 Frame=333 X=512 Y=192 W=32 H=32 TileW=1 TileH=1 File=20
2026-08-21 01:42:24 [INFO] Grh=1515 Frame=334 X=544 Y=192 W=32 H=32 TileW=1 TileH=1 File=20
2026-08-21 01:42:24 [INFO] Grh=6000 Frame=6000 X=-32 Y=-32 W=32 H=32 TileW=1 TileH=1 File=6000
2026-08-21 01:42:24 [INFO] Grh=6001 Frame=6001 X=0 Y=-32 W=32 H=32 TileW=1 TileH=1 File=6000
2026-08-21 01:42:24 [INFO] Grh=6002 Frame=6002 X=32 Y=-32 W=32 H=32 TileW=1 TileH=1 File=6000
2026-08-21 01:42:24 [INFO] Grh=6003 Frame=6003 X=64 Y=-32 W=32 H=32 TileW=1 TileH=1 File=6000
2026-08-21 01:42:24 [INFO] Grh=6000 Frame=6000 X=96 Y=-32 W=32 H=32 TileW=1 TileH=1 File=6000
2026-08-21 01:42:24 [INFO] Grh=6001 Frame=6001 X=128 Y=-32 W=32 H=32 TileW=1 TileH=1 File=6000
2026-08-21 01:42:24 [INFO] Grh=6002 Frame=6002 X=160 Y=-32 W=32 H=32 TileW=1 TileH=1 File=6000
2026-08-21 01:42:24 [INFO] Grh=6003 Frame=6003 X=192 Y=-32 W=32 H=32 TileW=1 TileH=1 File=6000
2026-08-21 01:42:24 [INFO] Grh=6000 Frame=6000 X=224 Y=-32 W=32 H=32 TileW=1 TileH=1 File=6000
2026-08-21 01:42:24 [INFO] Grh=6001 Frame=6001 X=256 Y=-32 W=32 H=32 TileW=1 TileH=1 File=6000
2026-08-21 01:42:24 [INFO] Grh=6002 Frame=6002 X=288 Y=-32 W=32 H=32 TileW=1 TileH=1 File=6000
2026-08-21 01:42:24 [INFO] Grh=6003 Frame=6003 X=320 Y=-32 W=32 H=32 TileW=1 TileH=1 File=6000
2026-08-21 01:42:24 [INFO] Grh=6000 Frame=6000 X=352 Y=-32 W=32 H=32 TileW=1 TileH=1 File=6000
2026-08-21 01:42:24 [INFO] Grh=6001 Frame=6001 X=384 Y=-32 W=32 H=32 TileW=1 TileH=1 File=6000
2026-08-21 01:42:24 [INFO] Grh=6002 Frame=6002 X=416 Y=-32 W=32 H=32 TileW=1 TileH=1 File=6000
2026-08-21 01:42:24 [INFO] Grh=6003 Frame=6003 X=448 Y=-32 W=32 H=32 TileW=1 TileH=1 File=6000
2026-08-21 01:42:24 [INFO] Grh=6000 Frame=6000 X=480 Y=-32 W=32 H=32 TileW=1 TileH=1 File=6000
2026-08-21 01:42:24 [INFO] Grh=6001 Frame=6001 X=512 Y=-32 W=32 H=32 TileW=1 TileH=1 File=6000
2026-08-21 01:42:24 [INFO] Grh=6002 Frame=6002 X=544 Y=-32 W=32 H=32 TileW=1 TileH=1 File=6000
2026-08-21 01:42:24 [INFO] Grh=6008 Frame=6008 X=-32 Y=0 W=32 H=32 TileW=1 TileH=1 File=6000
2026-08-21 01:42:24 [INFO] Grh=6009 Frame=6009 X=0 Y=0 W=32 H=32 TileW=1 TileH=1 File=6000
2026-08-21 01:42:24 [INFO] Grh=6010 Frame=6010 X=32 Y=0 W=32 H=32 TileW=1 TileH=1 File=6000
2026-08-21 01:42:24 [INFO] Grh=6011 Frame=6011 X=64 Y=0 W=32 H=32 TileW=1 TileH=1 File=6000
2026-08-21 01:42:24 [INFO] Grh=6008 Frame=6008 X=96 Y=0 W=32 H=32 TileW=1 TileH=1 File=6000
2026-08-21 01:42:24 [INFO] Grh=6009 Frame=6009 X=128 Y=0 W=32 H=32 TileW=1 TileH=1 File=6000
2026-08-21 01:42:24 [INFO] Grh=6010 Frame=6010 X=160 Y=0 W=32 H=32 TileW=1 TileH=1 File=6000
2026-08-21 01:42:24 [INFO] Grh=6011 Frame=6011 X=192 Y=0 W=32 H=32 TileW=1 TileH=1 File=6000
2026-08-21 01:42:24 [INFO] Grh=6008 Frame=6008 X=224 Y=0 W=32 H=32 TileW=1 TileH=1 File=6000
2026-08-21 01:42:24 [INFO] Grh=6009 Frame=6009 X=256 Y=0 W=32 H=32 TileW=1 TileH=1 File=6000
2026-08-21 01:42:24 [INFO] Grh=6010 Frame=6010 X=288 Y=0 W=32 H=32 TileW=1 TileH=1 File=6000
2026-08-21 01:42:24 [INFO] Grh=6011 Frame=6011 X=320 Y=0 W=32 H=32 TileW=1 TileH=1 File=6000
2026-08-21 01:42:24 [INFO] Grh=6008 Frame=6008 X=352 Y=0 W=32 H=32 TileW=1 TileH=1 File=6000
2026-08-21 01:42:24 [INFO] Grh=6009 Frame=6009 X=384 Y=0 W=32 H=32 TileW=1 TileH=1 File=6000
2026-08-21 01:42:24 [INFO] Grh=6010 Frame=6010 X=416 Y=0 W=32 H=32 TileW=1 TileH=1 File=6000
2026-08-21 01:42:24 [INFO] Grh=6011 Frame=6011 X=448 Y=0 W=32 H=32 TileW=1 TileH=1 File=6000
2026-08-21 01:42:24 [INFO] Grh=6008 Frame=6008 X=480 Y=0 W=32 H=32 TileW=1 TileH=1 File=6000
2026-08-21 01:42:24 [INFO] Grh=6009 Frame=6009 X=512 Y=0 W=32 H=32 TileW=1 TileH=1 File=6000
2026-08-21 01:42:24 [INFO] Grh=6010 Frame=6010 X=544 Y=0 W=32 H=32 TileW=1 TileH=1 File=6000
2026-08-21 01:42:24 [INFO] Grh=1505 Frame=324 X=-32 Y=32 W=32 H=32 TileW=1 TileH=1 File=20
2026-08-21 01:42:24 [INFO] Grh=1506 Frame=325 X=0 Y=32 W=32 H=32 TileW=1 TileH=1 File=20
2026-08-21 01:42:24 [INFO] Grh=1507 Frame=326 X=32 Y=32 W=32 H=32 TileW=1 TileH=1 File=20
2026-08-21 01:42:24 [INFO] Grh=1508 Frame=327 X=64 Y=32 W=32 H=32 TileW=1 TileH=1 File=20
2026-08-21 01:42:24 [INFO] Grh=1505 Frame=324 X=96 Y=32 W=32 H=32 TileW=1 TileH=1 File=20
2026-08-21 01:42:24 [INFO] Grh=1506 Frame=325 X=128 Y=32 W=32 H=32 TileW=1 TileH=1 File=20
2026-08-21 01:42:24 [INFO] Grh=1507 Frame=326 X=160 Y=32 W=32 H=32 TileW=1 TileH=1 File=20
2026-08-21 01:42:24 [INFO] Grh=1508 Frame=327 X=192 Y=32 W=32 H=32 TileW=1 TileH=1 File=20
2026-08-21 01:42:24 [INFO] Grh=1505 Frame=324 X=224 Y=32 W=32 H=32 TileW=1 TileH=1 File=20
2026-08-21 01:42:24 [INFO] Grh=1506 Frame=325 X=256 Y=32 W=32 H=32 TileW=1 TileH=1 File=20
2026-08-21 01:42:24 [INFO] Grh=1507 Frame=326 X=288 Y=32 W=32 H=32 TileW=1 TileH=1 File=20
2026-08-21 01:42:24 [INFO] Grh=1508 Frame=327 X=320 Y=32 W=32 H=32 TileW=1 TileH=1 File=20
2026-08-21 01:42:24 [INFO] Grh=1505 Frame=324 X=352 Y=32 W=32 H=32 TileW=1 TileH=1 File=20
2026-08-21 01:42:24 [INFO] Grh=1506 Frame=325 X=384 Y=32 W=32 H=32 TileW=1 TileH=1 File=20
2026-08-21 01:42:24 [INFO] Grh=1507 Frame=326 X=416 Y=32 W=32 H=32 TileW=1 TileH=1 File=20
2026-08-21 01:42:24 [INFO] Grh=1508 Frame=327 X=448 Y=32 W=32 H=32 TileW=1 TileH=1 File=20
2026-08-21 01:42:24 [INFO] Grh=1505 Frame=324 X=480 Y=32 W=32 H=32 TileW=1 TileH=1 File=20
2026-08-21 01:42:24 [INFO] Grh=1506 Frame=325 X=512 Y=32 W=32 H=32 TileW=1 TileH=1 File=20
2026-08-21 01:42:24 [INFO] Grh=1507 Frame=326 X=544 Y=32 W=32 H=32 TileW=1 TileH=1 File=20
2026-08-21 01:42:24 [INFO] Grh=1513 Frame=332 X=-32 Y=64 W=32 H=32 TileW=1 TileH=1 File=20
2026-08-21 01:42:24 [INFO] Grh=1514 Frame=333 X=0 Y=64 W=32 H=32 TileW=1 TileH=1 File=20
2026-08-21 01:42:24 [INFO] Grh=1515 Frame=334 X=32 Y=64 W=32 H=32 TileW=1 TileH=1 File=20
2026-08-21 01:42:24 [INFO] Grh=1516 Frame=335 X=64 Y=64 W=32 H=32 TileW=1 TileH=1 File=20
2026-08-21 01:42:24 [INFO] Grh=1513 Frame=332 X=96 Y=64 W=32 H=32 TileW=1 TileH=1 File=20
2026-08-21 01:42:24 [INFO] Grh=1514 Frame=333 X=128 Y=64 W=32 H=32 TileW=1 TileH=1 File=20
2026-08-21 01:42:24 [INFO] Grh=1515 Frame=334 X=160 Y=64 W=32 H=32 TileW=1 TileH=1 File=20
2026-08-21 01:42:24 [INFO] Grh=1516 Frame=335 X=192 Y=64 W=32 H=32 TileW=1 TileH=1 File=20
2026-08-21 01:42:24 [INFO] Grh=1513 Frame=332 X=224 Y=64 W=32 H=32 TileW=1 TileH=1 File=20
2026-08-21 01:42:24 [INFO] Grh=1514 Frame=333 X=256 Y=64 W=32 H=32 TileW=1 TileH=1 File=20
2026-08-21 01:42:24 [INFO] Grh=1515 Frame=334 X=288 Y=64 W=32 H=32 TileW=1 TileH=1 File=20
2026-08-21 01:42:24 [INFO] Grh=1516 Frame=335 X=320 Y=64 W=32 H=32 TileW=1 TileH=1 File=20
2026-08-21 01:42:24 [INFO] Grh=1513 Frame=332 X=352 Y=64 W=32 H=32 TileW=1 TileH=1 File=20
2026-08-21 01:42:24 [INFO] Grh=1514 Frame=333 X=384 Y=64 W=32 H=32 TileW=1 TileH=1 File=20
2026-08-21 01:42:24 [INFO] Grh=1515 Frame=334 X=416 Y=64 W=32 H=32 TileW=1 TileH=1 File=20
2026-08-21 01:42:24 [INFO] Grh=1516 Frame=335 X=448 Y=64 W=32 H=32 TileW=1 TileH=1 File=20
2026-08-21 01:42:24 [INFO] Grh=1513 Frame=332 X=480 Y=64 W=32 H=32 TileW=1 TileH=1 File=20
2026-08-21 01:42:24 [INFO] Grh=1514 Frame=333 X=512 Y=64 W=32 H=32 TileW=1 TileH=1 File=20
2026-08-21 01:42:24 [INFO] Grh=1515 Frame=334 X=544 Y=64 W=32 H=32 TileW=1 TileH=1 File=20
2026-08-21 01:42:24 [INFO] Grh=1505 Frame=324 X=-32 Y=96 W=32 H=32 TileW=1 TileH=1 File=20
2026-08-21 01:42:24 [INFO] Grh=1506 Frame=325 X=0 Y=96 W=32 H=32 TileW=1 TileH=1 File=20
2026-08-21 01:42:24 [INFO] Grh=1507 Frame=326 X=32 Y=96 W=32 H=32 TileW=1 TileH=1 File=20
2026-08-21 01:42:24 [INFO] Grh=1508 Frame=327 X=64 Y=96 W=32 H=32 TileW=1 TileH=1 File=20
2026-08-21 01:42:24 [INFO] Grh=1505 Frame=324 X=96 Y=96 W=32 H=32 TileW=1 TileH=1 File=20
2026-08-21 01:42:25 [INFO] Grh=1506 Frame=325 X=128 Y=96 W=32 H=32 TileW=1 TileH=1 File=20
2026-08-21 01:42:25 [INFO] Grh=1507 Frame=326 X=160 Y=96 W=32 H=32 TileW=1 TileH=1 File=20
2026-08-21 01:42:25 [INFO] Grh=1508 Frame=327 X=192 Y=96 W=32 H=32 TileW=1 TileH=1 File=20
2026-08-21 01:42:25 [INFO] Grh=1505 Frame=324 X=224 Y=96 W=32 H=32 TileW=1 TileH=1 File=20
2026-08-21 01:42:25 [INFO] Grh=1506 Frame=325 X=256 Y=96 W=32 H=32 TileW=1 TileH=1 File=20
2026-08-21 01:42:25 [INFO] Grh=1507 Frame=326 X=288 Y=96 W=32 H=32 TileW=1 TileH=1 File=20
2026-08-21 01:42:25 [INFO] Grh=1508 Frame=327 X=320 Y=96 W=32 H=32 TileW=1 TileH=1 File=20
2026-08-21 01:42:25 [INFO] Grh=1505 Frame=324 X=352 Y=96 W=32 H=32 TileW=1 TileH=1 File=20
2026-08-21 01:42:25 [INFO] Grh=1506 Frame=325 X=384 Y=96 W=32 H=32 TileW=1 TileH=1 File=20
2026-08-21 01:42:25 [INFO] Grh=1507 Frame=326 X=416 Y=96 W=32 H=32 TileW=1 TileH=1 File=20
2026-08-21 01:42:25 [INFO] Grh=1508 Frame=327 X=448 Y=96 W=32 H=32 TileW=1 TileH=1 File=20
2026-08-21 01:42:25 [INFO] Grh=1505 Frame=324 X=480 Y=96 W=32 H=32 TileW=1 TileH=1 File=20
2026-08-21 01:42:25 [INFO] Grh=1506 Frame=325 X=512 Y=96 W=32 H=32 TileW=1 TileH=1 File=20
2026-08-21 01:42:25 [INFO] Grh=1507 Frame=326 X=544 Y=96 W=32 H=32 TileW=1 TileH=1 File=20
2026-08-21 01:42:25 [INFO] Grh=1513 Frame=332 X=-32 Y=128 W=32 H=32 TileW=1 TileH=1 File=20
2026-08-21 01:42:25 [INFO] Grh=1514 Frame=333 X=0 Y=128 W=32 H=32 TileW=1 TileH=1 File=20
2026-08-21 01:42:25 [INFO] Grh=1515 Frame=334 X=32 Y=128 W=32 H=32 TileW=1 TileH=1 File=20
2026-08-21 01:42:25 [INFO] Grh=1516 Frame=335 X=64 Y=128 W=32 H=32 TileW=1 TileH=1 File=20
2026-08-21 01:42:25 [INFO] Grh=1513 Frame=332 X=96 Y=128 W=32 H=32 TileW=1 TileH=1 File=20
2026-08-21 01:42:25 [INFO] Grh=1514 Frame=333 X=128 Y=128 W=32 H=32 TileW=1 TileH=1 File=20
2026-08-21 01:42:25 [INFO] Grh=1515 Frame=334 X=160 Y=128 W=32 H=32 TileW=1 TileH=1 File=20
2026-08-21 01:42:25 [INFO] Grh=1516 Frame=335 X=192 Y=128 W=32 H=32 TileW=1 TileH=1 File=20
2026-08-21 01:42:25 [INFO] Grh=1513 Frame=332 X=224 Y=128 W=32 H=32 TileW=1 TileH=1 File=20
2026-08-21 01:42:25 [INFO] Grh=1514 Frame=333 X=256 Y=128 W=32 H=32 TileW=1 TileH=1 File=20
2026-08-21 01:42:25 [INFO] Grh=1515 Frame=334 X=288 Y=128 W=32 H=32 TileW=1 TileH=1 File=20
2026-08-21 01:42:25 [INFO] Grh=1516 Frame=335 X=320 Y=128 W=32 H=32 TileW=1 TileH=1 File=20
2026-08-21 01:42:25 [INFO] Grh=1513 Frame=332 X=352 Y=128 W=32 H=32 TileW=1 TileH=1 File=20
2026-08-21 01:42:25 [INFO] Grh=1514 Frame=333 X=384 Y=128 W=32 H=32 TileW=1 TileH=1 File=20
2026-08-21 01:42:25 [INFO] Grh=1515 Frame=334 X=416 Y=128 W=32 H=32 TileW=1 TileH=1 File=20
2026-08-21 01:42:25 [INFO] Grh=1516 Frame=335 X=448 Y=128 W=32 H=32 TileW=1 TileH=1 File=20
2026-08-21 01:42:25 [INFO] Grh=1513 Frame=332 X=480 Y=128 W=32 H=32 TileW=1 TileH=1 File=20
2026-08-21 01:42:25 [INFO] Grh=1514 Frame=333 X=512 Y=128 W=32 H=32 TileW=1 TileH=1 File=20
2026-08-21 01:42:25 [INFO] Grh=1515 Frame=334 X=544 Y=128 W=32 H=32 TileW=1 TileH=1 File=20
2026-08-21 01:42:25 [INFO] Grh=1505 Frame=324 X=-32 Y=160 W=32 H=32 TileW=1 TileH=1 File=20
2026-08-21 01:42:25 [INFO] Grh=1506 Frame=325 X=0 Y=160 W=32 H=32 TileW=1 TileH=1 File=20
2026-08-21 01:42:25 [INFO] Grh=1507 Frame=326 X=32 Y=160 W=32 H=32 TileW=1 TileH=1 File=20
2026-08-21 01:42:25 [INFO] Grh=1508 Frame=327 X=64 Y=160 W=32 H=32 TileW=1 TileH=1 File=20
2026-08-21 01:42:25 [INFO] Grh=1505 Frame=324 X=96 Y=160 W=32 H=32 TileW=1 TileH=1 File=20
2026-08-21 01:42:25 [INFO] Grh=1506 Frame=325 X=128 Y=160 W=32 H=32 TileW=1 TileH=1 File=20
2026-08-21 01:42:25 [INFO] Grh=1507 Frame=326 X=160 Y=160 W=32 H=32 TileW=1 TileH=1 File=20
2026-08-21 01:42:25 [INFO] Grh=1508 Frame=327 X=192 Y=160 W=32 H=32 TileW=1 TileH=1 File=20
2026-08-21 01:42:25 [INFO] Grh=1505 Frame=324 X=224 Y=160 W=32 H=32 TileW=1 TileH=1 File=20
2026-08-21 01:42:25 [INFO] Grh=1506 Frame=325 X=256 Y=160 W=32 H=32 TileW=1 TileH=1 File=20
2026-08-21 01:42:25 [INFO] Grh=1507 Frame=326 X=288 Y=160 W=32 H=32 TileW=1 TileH=1 File=20
2026-08-21 01:42:25 [INFO] Grh=1508 Frame=327 X=320 Y=160 W=32 H=32 TileW=1 TileH=1 File=20
2026-08-21 01:42:25 [INFO] Grh=1505 Frame=324 X=352 Y=160 W=32 H=32 TileW=1 TileH=1 File=20
2026-08-21 01:42:25 [INFO] Grh=1506 Frame=325 X=384 Y=160 W=32 H=32 TileW=1 TileH=1 File=20
2026-08-21 01:42:25 [INFO] Grh=1507 Frame=326 X=416 Y=160 W=32 H=32 TileW=1 TileH=1 File=20
2026-08-21 01:42:25 [INFO] Grh=1508 Frame=327 X=448 Y=160 W=32 H=32 TileW=1 TileH=1 File=20
2026-08-21 01:42:25 [INFO] Grh=1505 Frame=324 X=480 Y=160 W=32 H=32 TileW=1 TileH=1 File=20
2026-08-21 01:42:25 [INFO] Grh=1506 Frame=325 X=512 Y=160 W=32 H=32 TileW=1 TileH=1 File=20
2026-08-21 01:42:25 [INFO] Grh=1507 Frame=326 X=544 Y=160 W=32 H=32 TileW=1 TileH=1 File=20
2026-08-21 01:42:25 [INFO] Grh=1513 Frame=332 X=-32 Y=192 W=32 H=32 TileW=1 TileH=1 File=20
2026-08-21 01:42:25 [INFO] Grh=1514 Frame=333 X=0 Y=192 W=32 H=32 TileW=1 TileH=1 File=20
2026-08-21 01:42:25 [INFO] Grh=1515 Frame=334 X=32 Y=192 W=32 H=32 TileW=1 TileH=1 File=20
2026-08-21 01:42:25 [INFO] Grh=1516 Frame=335 X=64 Y=192 W=32 H=32 TileW=1 TileH=1 File=20
2026-08-21 01:42:25 [INFO] Grh=1513 Frame=332 X=96 Y=192 W=32 H=32 TileW=1 TileH=1 File=20
2026-08-21 01:42:25 [INFO] Grh=1514 Frame=333 X=128 Y=192 W=32 H=32 TileW=1 TileH=1 File=20
2026-08-21 01:42:25 [INFO] Grh=1515 Frame=334 X=160 Y=192 W=32 H=32 TileW=1 TileH=1 File=20
2026-08-21 01:42:25 [INFO] Grh=1516 Frame=335 X=192 Y=192 W=32 H=32 TileW=1 TileH=1 File=20
2026-08-21 01:42:25 [INFO] Grh=1513 Frame=332 X=224 Y=192 W=32 H=32 TileW=1 TileH=1 File=20
2026-08-21 01:42:25 [INFO] Grh=1514 Frame=333 X=256 Y=192 W=32 H=32 TileW=1 TileH=1 File=20
2026-08-21 01:42:25 [INFO] Grh=1515 Frame=334 X=288 Y=192 W=32 H=32 TileW=1 TileH=1 File=20
2026-08-21 01:42:25 [INFO] Grh=1516 Frame=335 X=320 Y=192 W=32 H=32 TileW=1 TileH=1 File=20
2026-08-21 01:42:25 [INFO] Grh=1513 Frame=332 X=352 Y=192 W=32 H=32 TileW=1 TileH=1 File=20
2026-08-21 01:42:25 [INFO] Grh=1514 Frame=333 X=384 Y=192 W=32 H=32 TileW=1 TileH=1 File=20
2026-08-21 01:42:25 [INFO] Grh=1515 Frame=334 X=416 Y=192 W=32 H=32 TileW=1 TileH=1 File=20
2026-08-21 01:42:25 [INFO] Grh=1516 Frame=335 X=448 Y=192 W=32 H=32 TileW=1 TileH=1 File=20
2026-08-21 01:42:25 [INFO] Grh=1513 Frame=332 X=480 Y=192 W=32 H=32 TileW=1 TileH=1 File=20
2026-08-21 01:42:25 [INFO] Grh=1514 Frame=333 X=512 Y=192 W=32 H=32 TileW=1 TileH=1 File=20
2026-08-21 01:42:25 [INFO] Grh=1515 Frame=334 X=544 Y=192 W=32 H=32 TileW=1 TileH=1 File=20
2026-08-21 01:42:25 [INFO] Grh=6000 Frame=6000 X=-32 Y=-32 W=32 H=32 TileW=1 TileH=1 File=6000
2026-08-21 01:42:25 [INFO] Grh=6001 Frame=6001 X=0 Y=-32 W=32 H=32 TileW=1 TileH=1 File=6000
2026-08-21 01:42:25 [INFO] Grh=6002 Frame=6002 X=32 Y=-32 W=32 H=32 TileW=1 TileH=1 File=6000
2026-08-21 01:42:25 [INFO] Grh=6003 Frame=6003 X=64 Y=-32 W=32 H=32 TileW=1 TileH=1 File=6000
2026-08-21 01:42:25 [INFO] Grh=6000 Frame=6000 X=96 Y=-32 W=32 H=32 TileW=1 TileH=1 File=6000
2026-08-21 01:42:25 [INFO] Grh=6001 Frame=6001 X=128 Y=-32 W=32 H=32 TileW=1 TileH=1 File=6000
2026-08-21 01:42:25 [INFO] Grh=6002 Frame=6002 X=160 Y=-32 W=32 H=32 TileW=1 TileH=1 File=6000
2026-08-21 01:42:25 [INFO] Grh=6003 Frame=6003 X=192 Y=-32 W=32 H=32 TileW=1 TileH=1 File=6000
2026-08-21 01:42:25 [INFO] Grh=6000 Frame=6000 X=224 Y=-32 W=32 H=32 TileW=1 TileH=1 File=6000
2026-08-21 01:42:25 [INFO] Grh=6001 Frame=6001 X=256 Y=-32 W=32 H=32 TileW=1 TileH=1 File=6000
2026-08-21 01:42:25 [INFO] Grh=6002 Frame=6002 X=288 Y=-32 W=32 H=32 TileW=1 TileH=1 File=6000
2026-08-21 01:42:25 [INFO] Grh=6003 Frame=6003 X=320 Y=-32 W=32 H=32 TileW=1 TileH=1 File=6000
2026-08-21 01:42:25 [INFO] Grh=6000 Frame=6000 X=352 Y=-32 W=32 H=32 TileW=1 TileH=1 File=6000
2026-08-21 01:42:25 [INFO] Grh=6001 Frame=6001 X=384 Y=-32 W=32 H=32 TileW=1 TileH=1 File=6000
2026-08-21 01:42:25 [INFO] Grh=6002 Frame=6002 X=416 Y=-32 W=32 H=32 TileW=1 TileH=1 File=6000
2026-08-21 01:42:25 [INFO] Grh=6003 Frame=6003 X=448 Y=-32 W=32 H=32 TileW=1 TileH=1 File=6000
2026-08-21 01:42:25 [INFO] Grh=6000 Frame=6000 X=480 Y=-32 W=32 H=32 TileW=1 TileH=1 File=6000
2026-08-21 01:42:25 [INFO] Grh=6001 Frame=6001 X=512 Y=-32 W=32 H=32 TileW=1 TileH=1 File=6000
2026-08-21 01:42:25 [INFO] Grh=6002 Frame=6002 X=544 Y=-32 W=32 H=32 TileW=1 TileH=1 File=6000
2026-08-21 01:42:25 [INFO] Grh=6008 Frame=6008 X=-32 Y=0 W=32 H=32 TileW=1 TileH=1 File=6000
2026-08-21 01:42:25 [INFO] Grh=6009 Frame=6009 X=0 Y=0 W=32 H=32 TileW=1 TileH=1 File=6000
2026-08-21 01:42:25 [INFO] Grh=6010 Frame=6010 X=32 Y=0 W=32 H=32 TileW=1 TileH=1 File=6000
2026-08-21 01:42:25 [INFO] Grh=6011 Frame=6011 X=64 Y=0 W=32 H=32 TileW=1 TileH=1 File=6000
2026-08-21 01:42:25 [INFO] Grh=6008 Frame=6008 X=96 Y=0 W=32 H=32 TileW=1 TileH=1 File=6000
2026-08-21 01:42:25 [INFO] Grh=6009 Frame=6009 X=128 Y=0 W=32 H=32 TileW=1 TileH=1 File=6000
2026-08-21 01:42:25 [INFO] Grh=6010 Frame=6010 X=160 Y=0 W=32 H=32 TileW=1 TileH=1 File=6000
2026-08-21 01:42:25 [INFO] Grh=6011 Frame=6011 X=192 Y=0 W=32 H=32 TileW=1 TileH=1 File=6000
2026-08-21 01:42:25 [INFO] Grh=6008 Frame=6008 X=224 Y=0 W=32 H=32 TileW=1 TileH=1 File=6000
2026-08-21 01:42:25 [INFO] Grh=6009 Frame=6009 X=256 Y=0 W=32 H=32 TileW=1 TileH=1 File=6000
2026-08-21 01:42:25 [INFO] Grh=6010 Frame=6010 X=288 Y=0 W=32 H=32 TileW=1 TileH=1 File=6000
2026-08-21 01:42:25 [INFO] Grh=6011 Frame=6011 X=320 Y=0 W=32 H=32 TileW=1 TileH=1 File=6000
2026-08-21 01:42:25 [INFO] Grh=6008 Frame=6008 X=352 Y=0 W=32 H=32 TileW=1 TileH=1 File=6000
2026-08-21 01:42:25 [INFO] Grh=6009 Frame=6009 X=384 Y=0 W=32 H=32 TileW=1 TileH=1 File=6000
2026-08-21 01:42:25 [INFO] Grh=6010 Frame=6010 X=416 Y=0 W=32 H=32 TileW=1 TileH=1 File=6000
2026-08-21 01:42:25 [INFO] Grh=6011 Frame=6011 X=448 Y=0 W=32 H=32 TileW=1 TileH=1 File=6000
2026-08-21 01:42:25 [INFO] Grh=6008 Frame=6008 X=480 Y=0 W=32 H=32 TileW=1 TileH=1 File=6000
2026-08-21 01:42:25 [INFO] Grh=6009 Frame=6009 X=512 Y=0 W=32 H=32 TileW=1 TileH=1 File=6000
2026-08-21 01:42:25 [INFO] Grh=6010 Frame=6010 X=544 Y=0 W=32 H=32 TileW=1 TileH=1 File=6000
2026-08-21 01:42:25 [INFO] Grh=1505 Frame=340 X=-32 Y=32 W=32 H=32 TileW=1 TileH=1 File=20
2026-08-21 01:42:25 [INFO] Grh=1506 Frame=341 X=0 Y=32 W=32 H=32 TileW=1 TileH=1 File=20
2026-08-21 01:42:25 [INFO] Grh=1507 Frame=342 X=32 Y=32 W=32 H=32 TileW=1 TileH=1 File=20
2026-08-21 01:42:25 [INFO] Grh=1508 Frame=343 X=64 Y=32 W=32 H=32 TileW=1 TileH=1 File=20
2026-08-21 01:42:25 [INFO] Grh=1505 Frame=340 X=96 Y=32 W=32 H=32 TileW=1 TileH=1 File=20
2026-08-21 01:42:25 [INFO] Grh=1506 Frame=341 X=128 Y=32 W=32 H=32 TileW=1 TileH=1 File=20
2026-08-21 01:42:25 [INFO] Grh=1507 Frame=342 X=160 Y=32 W=32 H=32 TileW=1 TileH=1 File=20
2026-08-21 01:42:25 [INFO] Grh=1508 Frame=343 X=192 Y=32 W=32 H=32 TileW=1 TileH=1 File=20
2026-08-21 01:42:25 [INFO] Grh=1505 Frame=340 X=224 Y=32 W=32 H=32 TileW=1 TileH=1 File=20
2026-08-21 01:42:25 [INFO] Grh=1506 Frame=341 X=256 Y=32 W=32 H=32 TileW=1 TileH=1 File=20
2026-08-21 01:42:25 [INFO] Grh=1507 Frame=342 X=288 Y=32 W=32 H=32 TileW=1 TileH=1 File=20
2026-08-21 01:42:25 [INFO] Grh=1508 Frame=343 X=320 Y=32 W=32 H=32 TileW=1 TileH=1 File=20
2026-08-21 01:42:25 [INFO] Grh=1505 Frame=340 X=352 Y=32 W=32 H=32 TileW=1 TileH=1 File=20
2026-08-21 01:42:25 [INFO] Grh=1506 Frame=341 X=384 Y=32 W=32 H=32 TileW=1 TileH=1 File=20
2026-08-21 01:42:25 [INFO] Grh=1507 Frame=342 X=416 Y=32 W=32 H=32 TileW=1 TileH=1 File=20
2026-08-21 01:42:25 [INFO] Grh=1508 Frame=343 X=448 Y=32 W=32 H=32 TileW=1 TileH=1 File=20
2026-08-21 01:42:25 [INFO] Grh=1505 Frame=340 X=480 Y=32 W=32 H=32 TileW=1 TileH=1 File=20
2026-08-21 01:42:25 [INFO] Grh=1506 Frame=341 X=512 Y=32 W=32 H=32 TileW=1 TileH=1 File=20
2026-08-21 01:42:25 [INFO] Grh=1507 Frame=342 X=544 Y=32 W=32 H=32 TileW=1 TileH=1 File=20
2026-08-21 01:42:25 [INFO] Grh=1513 Frame=348 X=-32 Y=64 W=32 H=32 TileW=1 TileH=1 File=20
2026-08-21 01:42:25 [INFO] Grh=1514 Frame=349 X=0 Y=64 W=32 H=32 TileW=1 TileH=1 File=20
2026-08-21 01:42:25 [INFO] Grh=1515 Frame=350 X=32 Y=64 W=32 H=32 TileW=1 TileH=1 File=20
2026-08-21 01:42:25 [INFO] Grh=1516 Frame=351 X=64 Y=64 W=32 H=32 TileW=1 TileH=1 File=20
2026-08-21 01:42:25 [INFO] Grh=1513 Frame=348 X=96 Y=64 W=32 H=32 TileW=1 TileH=1 File=20
2026-08-21 01:42:25 [INFO] Grh=1514 Frame=349 X=128 Y=64 W=32 H=32 TileW=1 TileH=1 File=20
2026-08-21 01:42:25 [INFO] Grh=1515 Frame=350 X=160 Y=64 W=32 H=32 TileW=1 TileH=1 File=20
2026-08-21 01:42:25 [INFO] Grh=1516 Frame=351 X=192 Y=64 W=32 H=32 TileW=1 TileH=1 File=20
2026-08-21 01:42:25 [INFO] Grh=1513 Frame=348 X=224 Y=64 W=32 H=32 TileW=1 TileH=1 File=20
2026-08-21 01:42:25 [INFO] Grh=1514 Frame=349 X=256 Y=64 W=32 H=32 TileW=1 TileH=1 File=20
2026-08-21 01:42:25 [INFO] Grh=1515 Frame=350 X=288 Y=64 W=32 H=32 TileW=1 TileH=1 File=20
2026-08-21 01:42:25 [INFO] Grh=1516 Frame=351 X=320 Y=64 W=32 H=32 TileW=1 TileH=1 File=20
2026-08-21 01:42:25 [INFO] Grh=1513 Frame=348 X=352 Y=64 W=32 H=32 TileW=1 TileH=1 File=20
2026-08-21 01:42:25 [INFO] Grh=1514 Frame=349 X=384 Y=64 W=32 H=32 TileW=1 TileH=1 File=20
2026-08-21 01:42:25 [INFO] Grh=1515 Frame=350 X=416 Y=64 W=32 H=32 TileW=1 TileH=1 File=20
2026-08-21 01:42:25 [INFO] Grh=1516 Frame=351 X=448 Y=64 W=32 H=32 TileW=1 TileH=1 File=20
2026-08-21 01:42:25 [INFO] Grh=1513 Frame=348 X=480 Y=64 W=32 H=32 TileW=1 TileH=1 File=20
2026-08-21 01:42:25 [INFO] Grh=1514 Frame=349 X=512 Y=64 W=32 H=32 TileW=1 TileH=1 File=20
2026-08-21 01:42:25 [INFO] Grh=1515 Frame=350 X=544 Y=64 W=32 H=32 TileW=1 TileH=1 File=20
2026-08-21 01:42:25 [INFO] Grh=1505 Frame=340 X=-32 Y=96 W=32 H=32 TileW=1 TileH=1 File=20
2026-08-21 01:42:25 [INFO] Grh=1506 Frame=341 X=0 Y=96 W=32 H=32 TileW=1 TileH=1 File=20
2026-08-21 01:42:25 [INFO] Grh=1507 Frame=342 X=32 Y=96 W=32 H=32 TileW=1 TileH=1 File=20
2026-08-21 01:42:25 [INFO] Grh=1508 Frame=343 X=64 Y=96 W=32 H=32 TileW=1 TileH=1 File=20
2026-08-21 01:42:25 [INFO] Grh=1505 Frame=340 X=96 Y=96 W=32 H=32 TileW=1 TileH=1 File=20
2026-08-21 01:42:25 [INFO] Grh=1506 Frame=341 X=128 Y=96 W=32 H=32 TileW=1 TileH=1 File=20
2026-08-21 01:42:25 [INFO] Grh=1507 Frame=342 X=160 Y=96 W=32 H=32 TileW=1 TileH=1 File=20
2026-08-21 01:42:25 [INFO] Grh=1508 Frame=343 X=192 Y=96 W=32 H=32 TileW=1 TileH=1 File=20
2026-08-21 01:42:26 [INFO] Grh=1505 Frame=340 X=224 Y=96 W=32 H=32 TileW=1 TileH=1 File=20
2026-08-21 01:42:26 [INFO] Grh=1506 Frame=341 X=256 Y=96 W=32 H=32 TileW=1 TileH=1 File=20
2026-08-21 01:42:26 [INFO] Grh=1507 Frame=342 X=288 Y=96 W=32 H=32 TileW=1 TileH=1 File=20
2026-08-21 01:42:26 [INFO] Grh=1508 Frame=343 X=320 Y=96 W=32 H=32 TileW=1 TileH=1 File=20
2026-08-21 01:42:26 [INFO] Grh=1505 Frame=340 X=352 Y=96 W=32 H=32 TileW=1 TileH=1 File=20
2026-08-21 01:42:26 [INFO] Grh=1506 Frame=341 X=384 Y=96 W=32 H=32 TileW=1 TileH=1 File=20
2026-08-21 01:42:26 [INFO] Grh=1507 Frame=342 X=416 Y=96 W=32 H=32 TileW=1 TileH=1 File=20
2026-08-21 01:42:26 [INFO] Grh=1508 Frame=343 X=448 Y=96 W=32 H=32 TileW=1 TileH=1 File=20
2026-08-21 01:42:26 [INFO] Grh=1505 Frame=340 X=480 Y=96 W=32 H=32 TileW=1 TileH=1 File=20
2026-08-21 01:42:26 [INFO] Grh=1506 Frame=341 X=512 Y=96 W=32 H=32 TileW=1 TileH=1 File=20
2026-08-21 01:42:26 [INFO] Grh=1507 Frame=342 X=544 Y=96 W=32 H=32 TileW=1 TileH=1 File=20
2026-08-21 01:42:26 [INFO] Grh=1513 Frame=348 X=-32 Y=128 W=32 H=32 TileW=1 TileH=1 File=20
2026-08-21 01:42:26 [INFO] Grh=1514 Frame=349 X=0 Y=128 W=32 H=32 TileW=1 TileH=1 File=20
2026-08-21 01:42:26 [INFO] Grh=1515 Frame=350 X=32 Y=128 W=32 H=32 TileW=1 TileH=1 File=20
2026-08-21 01:42:26 [INFO] Grh=1516 Frame=351 X=64 Y=128 W=32 H=32 TileW=1 TileH=1 File=20
2026-08-21 01:42:26 [INFO] Grh=1513 Frame=348 X=96 Y=128 W=32 H=32 TileW=1 TileH=1 File=20
2026-08-21 01:42:26 [INFO] Grh=1514 Frame=349 X=128 Y=128 W=32 H=32 TileW=1 TileH=1 File=20
2026-08-21 01:42:26 [INFO] Grh=1515 Frame=350 X=160 Y=128 W=32 H=32 TileW=1 TileH=1 File=20
2026-08-21 01:42:26 [INFO] Grh=1516 Frame=351 X=192 Y=128 W=32 H=32 TileW=1 TileH=1 File=20
2026-08-21 01:42:26 [INFO] Grh=1513 Frame=348 X=224 Y=128 W=32 H=32 TileW=1 TileH=1 File=20
2026-08-21 01:42:26 [INFO] Grh=1514 Frame=349 X=256 Y=128 W=32 H=32 TileW=1 TileH=1 File=20
2026-08-21 01:42:26 [INFO] Grh=1515 Frame=350 X=288 Y=128 W=32 H=32 TileW=1 TileH=1 File=20
2026-08-21 01:42:26 [INFO] Grh=1516 Frame=351 X=320 Y=128 W=32 H=32 TileW=1 TileH=1 File=20
2026-08-21 01:42:26 [INFO] Grh=1513 Frame=348 X=352 Y=128 W=32 H=32 TileW=1 TileH=1 File=20
2026-08-21 01:42:26 [INFO] Grh=1514 Frame=349 X=384 Y=128 W=32 H=32 TileW=1 TileH=1 File=20
2026-08-21 01:42:26 [INFO] Grh=1515 Frame=350 X=416 Y=128 W=32 H=32 TileW=1 TileH=1 File=20
2026-08-21 01:42:26 [INFO] Grh=1516 Frame=351 X=448 Y=128 W=32 H=32 TileW=1 TileH=1 File=20
2026-08-21 01:42:26 [INFO] Grh=1513 Frame=348 X=480 Y=128 W=32 H=32 TileW=1 TileH=1 File=20
2026-08-21 01:42:26 [INFO] Grh=1514 Frame=349 X=512 Y=128 W=32 H=32 TileW=1 TileH=1 File=20
2026-08-21 01:42:26 [INFO] Grh=1515 Frame=350 X=544 Y=128 W=32 H=32 TileW=1 TileH=1 File=20
2026-08-21 01:42:26 [INFO] Grh=1505 Frame=340 X=-32 Y=160 W=32 H=32 TileW=1 TileH=1 File=20
2026-08-21 01:42:26 [INFO] Grh=1506 Frame=341 X=0 Y=160 W=32 H=32 TileW=1 TileH=1 File=20
2026-08-21 01:42:26 [INFO] Grh=1507 Frame=342 X=32 Y=160 W=32 H=32 TileW=1 TileH=1 File=20
2026-08-21 01:42:26 [INFO] Grh=1508 Frame=343 X=64 Y=160 W=32 H=32 TileW=1 TileH=1 File=20
2026-08-21 01:42:26 [INFO] Grh=1505 Frame=340 X=96 Y=160 W=32 H=32 TileW=1 TileH=1 File=20
2026-08-21 01:42:26 [INFO] Grh=1506 Frame=341 X=128 Y=160 W=32 H=32 TileW=1 TileH=1 File=20
2026-08-21 01:42:26 [INFO] Grh=1507 Frame=342 X=160 Y=160 W=32 H=32 TileW=1 TileH=1 File=20
2026-08-21 01:42:26 [INFO] Grh=1508 Frame=343 X=192 Y=160 W=32 H=32 TileW=1 TileH=1 File=20
2026-08-21 01:42:26 [INFO] Grh=1505 Frame=340 X=224 Y=160 W=32 H=32 TileW=1 TileH=1 File=20
2026-08-21 01:42:26 [INFO] Grh=1506 Frame=341 X=256 Y=160 W=32 H=32 TileW=1 TileH=1 File=20
2026-08-21 01:42:26 [INFO] Grh=1507 Frame=342 X=288 Y=160 W=32 H=32 TileW=1 TileH=1 File=20
2026-08-21 01:42:26 [INFO] Grh=1508 Frame=343 X=320 Y=160 W=32 H=32 TileW=1 TileH=1 File=20
2026-08-21 01:42:26 [INFO] Grh=1505 Frame=340 X=352 Y=160 W=32 H=32 TileW=1 TileH=1 File=20
2026-08-21 01:42:26 [INFO] Grh=1506 Frame=341 X=384 Y=160 W=32 H=32 TileW=1 TileH=1 File=20
2026-08-21 01:42:26 [INFO] Grh=1507 Frame=342 X=416 Y=160 W=32 H=32 TileW=1 TileH=1 File=20
2026-08-21 01:42:26 [INFO] Grh=1508 Frame=343 X=448 Y=160 W=32 H=32 TileW=1 TileH=1 File=20
2026-08-21 01:42:26 [INFO] Grh=1505 Frame=340 X=480 Y=160 W=32 H=32 TileW=1 TileH=1 File=20
2026-08-21 01:42:26 [INFO] Grh=1506 Frame=341 X=512 Y=160 W=32 H=32 TileW=1 TileH=1 File=20
2026-08-21 01:42:26 [INFO] Grh=1507 Frame=342 X=544 Y=160 W=32 H=32 TileW=1 TileH=1 File=20
2026-08-21 01:42:26 [INFO] Grh=1513 Frame=348 X=-32 Y=192 W=32 H=32 TileW=1 TileH=1 File=20
2026-08-21 01:42:26 [INFO] Grh=1514 Frame=349 X=0 Y=192 W=32 H=32 TileW=1 TileH=1 File=20
2026-08-21 01:42:26 [INFO] Grh=1515 Frame=350 X=32 Y=192 W=32 H=32 TileW=1 TileH=1 File=20
2026-08-21 01:42:26 [INFO] Grh=1516 Frame=351 X=64 Y=192 W=32 H=32 TileW=1 TileH=1 File=20
2026-08-21 01:42:26 [INFO] Grh=1513 Frame=348 X=96 Y=192 W=32 H=32 TileW=1 TileH=1 File=20
2026-08-21 01:42:26 [INFO] Grh=1514 Frame=349 X=128 Y=192 W=32 H=32 TileW=1 TileH=1 File=20
2026-08-21 01:42:26 [INFO] Grh=1515 Frame=350 X=160 Y=192 W=32 H=32 TileW=1 TileH=1 File=20
2026-08-21 01:42:26 [INFO] Grh=1516 Frame=351 X=192 Y=192 W=32 H=32 TileW=1 TileH=1 File=20
2026-08-21 01:42:26 [INFO] Grh=1513 Frame=348 X=224 Y=192 W=32 H=32 TileW=1 TileH=1 File=20
2026-08-21 01:42:26 [INFO] Grh=1514 Frame=349 X=256 Y=192 W=32 H=32 TileW=1 TileH=1 File=20
2026-08-21 01:42:26 [INFO] Grh=1515 Frame=350 X=288 Y=192 W=32 H=32 TileW=1 TileH=1 File=20
2026-08-21 01:42:26 [INFO] Grh=1516 Frame=351 X=320 Y=192 W=32 H=32 TileW=1 TileH=1 File=20
2026-08-21 01:42:26 [INFO] Grh=1513 Frame=348 X=352 Y=192 W=32 H=32 TileW=1 TileH=1 File=20
2026-08-21 01:42:26 [INFO] Grh=1514 Frame=349 X=384 Y=192 W=32 H=32 TileW=1 TileH=1 File=20
2026-08-21 01:42:26 [INFO] Grh=1515 Frame=350 X=416 Y=192 W=32 H=32 TileW=1 TileH=1 File=20
2026-08-21 01:42:26 [INFO] Grh=1516 Frame=351 X=448 Y=192 W=32 H=32 TileW=1 TileH=1 File=20
2026-08-21 01:42:26 [INFO] Grh=1513 Frame=348 X=480 Y=192 W=32 H=32 TileW=1 TileH=1 File=20
2026-08-21 01:42:26 [INFO] Grh=1514 Frame=349 X=512 Y=192 W=32 H=32 TileW=1 TileH=1 File=20
2026-08-21 01:42:26 [INFO] Grh=1515 Frame=350 X=544 Y=192 W=32 H=32 TileW=1 TileH=1 File=20
2026-08-21 01:42:26 [INFO] Grh=6000 Frame=6000 X=-32 Y=-32 W=32 H=32 TileW=1 TileH=1 File=6000
2026-08-21 01:42:26 [INFO] Grh=6001 Frame=6001 X=0 Y=-32 W=32 H=32 TileW=1 TileH=1 File=6000
2026-08-21 01:42:26 [INFO] Grh=6002 Frame=6002 X=32 Y=-32 W=32 H=32 TileW=1 TileH=1 File=6000
2026-08-21 01:42:26 [INFO] Grh=6003 Frame=6003 X=64 Y=-32 W=32 H=32 TileW=1 TileH=1 File=6000
2026-08-21 01:42:26 [INFO] Grh=6000 Frame=6000 X=96 Y=-32 W=32 H=32 TileW=1 TileH=1 File=6000
2026-08-21 01:42:26 [INFO] Grh=6001 Frame=6001 X=128 Y=-32 W=32 H=32 TileW=1 TileH=1 File=6000
2026-08-21 01:42:26 [INFO] Grh=6002 Frame=6002 X=160 Y=-32 W=32 H=32 TileW=1 TileH=1 File=6000
2026-08-21 01:42:26 [INFO] Grh=6003 Frame=6003 X=192 Y=-32 W=32 H=32 TileW=1 TileH=1 File=6000
2026-08-21 01:42:26 [INFO] Grh=6000 Frame=6000 X=224 Y=-32 W=32 H=32 TileW=1 TileH=1 File=6000
2026-08-21 01:42:26 [INFO] Grh=6001 Frame=6001 X=256 Y=-32 W=32 H=32 TileW=1 TileH=1 File=6000
2026-08-21 01:42:26 [INFO] Grh=6002 Frame=6002 X=288 Y=-32 W=32 H=32 TileW=1 TileH=1 File=6000
2026-08-21 01:42:26 [INFO] Grh=6003 Frame=6003 X=320 Y=-32 W=32 H=32 TileW=1 TileH=1 File=6000
2026-08-21 01:42:26 [INFO] Grh=6000 Frame=6000 X=352 Y=-32 W=32 H=32 TileW=1 TileH=1 File=6000
2026-08-21 01:42:26 [INFO] Grh=6001 Frame=6001 X=384 Y=-32 W=32 H=32 TileW=1 TileH=1 File=6000
2026-08-21 01:42:26 [INFO] Grh=6002 Frame=6002 X=416 Y=-32 W=32 H=32 TileW=1 TileH=1 File=6000
2026-08-21 01:42:26 [INFO] Grh=6003 Frame=6003 X=448 Y=-32 W=32 H=32 TileW=1 TileH=1 File=6000
2026-08-21 01:42:26 [INFO] Grh=6000 Frame=6000 X=480 Y=-32 W=32 H=32 TileW=1 TileH=1 File=6000
2026-08-21 01:42:26 [INFO] Grh=6001 Frame=6001 X=512 Y=-32 W=32 H=32 TileW=1 TileH=1 File=6000
2026-08-21 01:42:26 [INFO] Grh=6002 Frame=6002 X=544 Y=-32 W=32 H=32 TileW=1 TileH=1 File=6000
2026-08-21 01:42:26 [INFO] Grh=6008 Frame=6008 X=-32 Y=0 W=32 H=32 TileW=1 TileH=1 File=6000
2026-08-21 01:42:26 [INFO] Grh=6009 Frame=6009 X=0 Y=0 W=32 H=32 TileW=1 TileH=1 File=6000
2026-08-21 01:42:26 [INFO] Grh=6010 Frame=6010 X=32 Y=0 W=32 H=32 TileW=1 TileH=1 File=6000
2026-08-21 01:42:26 [INFO] Grh=6011 Frame=6011 X=64 Y=0 W=32 H=32 TileW=1 TileH=1 File=6000
2026-08-21 01:42:26 [INFO] Grh=6008 Frame=6008 X=96 Y=0 W=32 H=32 TileW=1 TileH=1 File=6000
2026-08-21 01:42:26 [INFO] Grh=6009 Frame=6009 X=128 Y=0 W=32 H=32 TileW=1 TileH=1 File=6000
2026-08-21 01:42:26 [INFO] Grh=6010 Frame=6010 X=160 Y=0 W=32 H=32 TileW=1 TileH=1 File=6000
2026-08-21 01:42:26 [INFO] Grh=6011 Frame=6011 X=192 Y=0 W=32 H=32 TileW=1 TileH=1 File=6000
2026-08-21 01:42:26 [INFO] Grh=6008 Frame=6008 X=224 Y=0 W=32 H=32 TileW=1 TileH=1 File=6000
2026-08-21 01:42:26 [INFO] Grh=6009 Frame=6009 X=256 Y=0 W=32 H=32 TileW=1 TileH=1 File=6000
2026-08-21 01:42:26 [INFO] Grh=6010 Frame=6010 X=288 Y=0 W=32 H=32 TileW=1 TileH=1 File=6000
2026-08-21 01:42:26 [INFO] Grh=6011 Frame=6011 X=320 Y=0 W=32 H=32 TileW=1 TileH=1 File=6000
2026-08-21 01:42:26 [INFO] Grh=6008 Frame=6008 X=352 Y=0 W=32 H=32 TileW=1 TileH=1 File=6000
2026-08-21 01:42:26 [INFO] Grh=6009 Frame=6009 X=384 Y=0 W=32 H=32 TileW=1 TileH=1 File=6000
2026-08-21 01:42:26 [INFO] Grh=6010 Frame=6010 X=416 Y=0 W=32 H=32 TileW=1 TileH=1 File=6000
2026-08-21 01:42:26 [INFO] Grh=6011 Frame=6011 X=448 Y=0 W=32 H=32 TileW=1 TileH=1 File=6000
2026-08-21 01:42:26 [INFO] Grh=6008 Frame=6008 X=480 Y=0 W=32 H=32 TileW=1 TileH=1 File=6000
2026-08-21 01:42:26 [INFO] Grh=6009 Frame=6009 X=512 Y=0 W=32 H=32 TileW=1 TileH=1 File=6000
2026-08-21 01:42:26 [INFO] Grh=6010 Frame=6010 X=544 Y=0 W=32 H=32 TileW=1 TileH=1 File=6000
2026-08-21 01:42:26 [INFO] Grh=1505 Frame=356 X=-32 Y=32 W=32 H=32 TileW=1 TileH=1 File=20
2026-08-21 01:42:26 [INFO] Grh=1506 Frame=357 X=0 Y=32 W=32 H=32 TileW=1 TileH=1 File=20
2026-08-21 01:42:26 [INFO] Grh=1507 Frame=358 X=32 Y=32 W=32 H=32 TileW=1 TileH=1 File=20
2026-08-21 01:42:26 [INFO] Grh=1508 Frame=359 X=64 Y=32 W=32 H=32 TileW=1 TileH=1 File=20
2026-08-21 01:42:26 [INFO] Grh=1505 Frame=356 X=96 Y=32 W=32 H=32 TileW=1 TileH=1 File=20
2026-08-21 01:42:26 [INFO] Grh=1506 Frame=357 X=128 Y=32 W=32 H=32 TileW=1 TileH=1 File=20
2026-08-21 01:42:26 [INFO] Grh=1507 Frame=358 X=160 Y=32 W=32 H=32 TileW=1 TileH=1 File=20
2026-08-21 01:42:26 [INFO] Grh=1508 Frame=359 X=192 Y=32 W=32 H=32 TileW=1 TileH=1 File=20
2026-08-21 01:42:26 [INFO] Grh=1505 Frame=356 X=224 Y=32 W=32 H=32 TileW=1 TileH=1 File=20
2026-08-21 01:42:26 [INFO] Grh=1506 Frame=357 X=256 Y=32 W=32 H=32 TileW=1 TileH=1 File=20
2026-08-21 01:42:26 [INFO] Grh=1507 Frame=358 X=288 Y=32 W=32 H=32 TileW=1 TileH=1 File=20
2026-08-21 01:42:26 [INFO] Grh=1508 Frame=359 X=320 Y=32 W=32 H=32 TileW=1 TileH=1 File=20
2026-08-21 01:42:26 [INFO] Grh=1505 Frame=356 X=352 Y=32 W=32 H=32 TileW=1 TileH=1 File=20
2026-08-21 01:42:26 [INFO] Grh=1506 Frame=357 X=384 Y=32 W=32 H=32 TileW=1 TileH=1 File=20
2026-08-21 01:42:26 [INFO] Grh=1507 Frame=358 X=416 Y=32 W=32 H=32 TileW=1 TileH=1 File=20
2026-08-21 01:42:26 [INFO] Grh=1508 Frame=359 X=448 Y=32 W=32 H=32 TileW=1 TileH=1 File=20
2026-08-21 01:42:26 [INFO] Grh=1505 Frame=356 X=480 Y=32 W=32 H=32 TileW=1 TileH=1 File=20
2026-08-21 01:42:26 [INFO] Grh=1506 Frame=357 X=512 Y=32 W=32 H=32 TileW=1 TileH=1 File=20
2026-08-21 01:42:26 [INFO] Grh=1507 Frame=358 X=544 Y=32 W=32 H=32 TileW=1 TileH=1 File=20
2026-08-21 01:42:26 [INFO] Grh=1513 Frame=364 X=-32 Y=64 W=32 H=32 TileW=1 TileH=1 File=20
2026-08-21 01:42:26 [INFO] Grh=1514 Frame=365 X=0 Y=64 W=32 H=32 TileW=1 TileH=1 File=20
2026-08-21 01:42:26 [INFO] Grh=1515 Frame=366 X=32 Y=64 W=32 H=32 TileW=1 TileH=1 File=20
2026-08-21 01:42:26 [INFO] Grh=1516 Frame=367 X=64 Y=64 W=32 H=32 TileW=1 TileH=1 File=20
2026-08-21 01:42:26 [INFO] Grh=1513 Frame=364 X=96 Y=64 W=32 H=32 TileW=1 TileH=1 File=20
2026-08-21 01:42:26 [INFO] Grh=1514 Frame=365 X=128 Y=64 W=32 H=32 TileW=1 TileH=1 File=20
2026-08-21 01:42:26 [INFO] Grh=1515 Frame=366 X=160 Y=64 W=32 H=32 TileW=1 TileH=1 File=20
2026-08-21 01:42:26 [INFO] Grh=1516 Frame=367 X=192 Y=64 W=32 H=32 TileW=1 TileH=1 File=20
2026-08-21 01:42:26 [INFO] Grh=1513 Frame=364 X=224 Y=64 W=32 H=32 TileW=1 TileH=1 File=20
2026-08-21 01:42:26 [INFO] Grh=1514 Frame=365 X=256 Y=64 W=32 H=32 TileW=1 TileH=1 File=20
2026-08-21 01:42:26 [INFO] Grh=1515 Frame=366 X=288 Y=64 W=32 H=32 TileW=1 TileH=1 File=20
2026-08-21 01:42:26 [INFO] Grh=1516 Frame=367 X=320 Y=64 W=32 H=32 TileW=1 TileH=1 File=20
2026-08-21 01:42:26 [INFO] Grh=1513 Frame=364 X=352 Y=64 W=32 H=32 TileW=1 TileH=1 File=20
2026-08-21 01:42:26 [INFO] Grh=1514 Frame=365 X=384 Y=64 W=32 H=32 TileW=1 TileH=1 File=20
2026-08-21 01:42:26 [INFO] Grh=1515 Frame=366 X=416 Y=64 W=32 H=32 TileW=1 TileH=1 File=20
2026-08-21 01:42:26 [INFO] Grh=1516 Frame=367 X=448 Y=64 W=32 H=32 TileW=1 TileH=1 File=20
2026-08-21 01:42:26 [INFO] Grh=1513 Frame=364 X=480 Y=64 W=32 H=32 TileW=1 TileH=1 File=20
2026-08-21 01:42:26 [INFO] Grh=1514 Frame=365 X=512 Y=64 W=32 H=32 TileW=1 TileH=1 File=20
2026-08-21 01:42:26 [INFO] Grh=1515 Frame=366 X=544 Y=64 W=32 H=32 TileW=1 TileH=1 File=20
2026-08-21 01:42:26 [INFO] Grh=1505 Frame=356 X=-32 Y=96 W=32 H=32 TileW=1 TileH=1 File=20
2026-08-21 01:42:26 [INFO] Grh=1506 Frame=357 X=0 Y=96 W=32 H=32 TileW=1 TileH=1 File=20
2026-08-21 01:42:26 [INFO] Grh=1507 Frame=358 X=32 Y=96 W=32 H=32 TileW=1 TileH=1 File=20
2026-08-21 01:42:26 [INFO] Grh=1508 Frame=359 X=64 Y=96 W=32 H=32 TileW=1 TileH=1 File=20
2026-08-21 01:42:26 [INFO] Grh=1505 Frame=356 X=96 Y=96 W=32 H=32 TileW=1 TileH=1 File=20
2026-08-21 01:42:26 [INFO] Grh=1506 Frame=357 X=128 Y=96 W=32 H=32 TileW=1 TileH=1 File=20
2026-08-21 01:42:26 [INFO] Grh=1507 Frame=358 X=160 Y=96 W=32 H=32 TileW=1 TileH=1 File=20
2026-08-21 01:42:26 [INFO] Grh=1508 Frame=359 X=192 Y=96 W=32 H=32 TileW=1 TileH=1 File=20
2026-08-21 01:42:26 [INFO] Grh=1505 Frame=356 X=224 Y=96 W=32 H=32 TileW=1 TileH=1 File=20
2026-08-21 01:42:26 [INFO] Grh=1506 Frame=357 X=256 Y=96 W=32 H=32 TileW=1 TileH=1 File=20
2026-08-21 01:42:26 [INFO] Grh=1507 Frame=358 X=288 Y=96 W=32 H=32 TileW=1 TileH=1 File=20
2026-08-21 01:42:26 [INFO] Grh=1508 Frame=359 X=320 Y=96 W=32 H=32 TileW=1 TileH=1 File=20
2026-08-21 01:42:26 [INFO] Grh=1505 Frame=356 X=352 Y=96 W=32 H=32 TileW=1 TileH=1 File=20
2026-08-21 01:42:26 [INFO] Grh=1506 Frame=357 X=384 Y=96 W=32 H=32 TileW=1 TileH=1 File=20
2026-08-21 01:42:26 [INFO] Grh=1507 Frame=358 X=416 Y=96 W=32 H=32 TileW=1 TileH=1 File=20
2026-08-21 01:42:26 [INFO] Grh=1508 Frame=359 X=448 Y=96 W=32 H=32 TileW=1 TileH=1 File=20
2026-08-21 01:42:26 [INFO] Grh=1505 Frame=356 X=480 Y=96 W=32 H=32 TileW=1 TileH=1 File=20
2026-08-21 01:42:26 [INFO] Grh=1506 Frame=357 X=512 Y=96 W=32 H=32 TileW=1 TileH=1 File=20
2026-08-21 01:42:26 [INFO] Grh=1507 Frame=358 X=544 Y=96 W=32 H=32 TileW=1 TileH=1 File=20
2026-08-21 01:42:26 [INFO] Grh=1513 Frame=364 X=-32 Y=128 W=32 H=32 TileW=1 TileH=1 File=20
2026-08-21 01:42:26 [INFO] Grh=1514 Frame=365 X=0 Y=128 W=32 H=32 TileW=1 TileH=1 File=20
2026-08-21 01:42:26 [INFO] Grh=1515 Frame=366 X=32 Y=128 W=32 H=32 TileW=1 TileH=1 File=20
2026-08-21 01:42:26 [INFO] Grh=1516 Frame=367 X=64 Y=128 W=32 H=32 TileW=1 TileH=1 File=20
2026-08-21 01:42:26 [INFO] Grh=1513 Frame=364 X=96 Y=128 W=32 H=32 TileW=1 TileH=1 File=20
2026-08-21 01:42:26 [INFO] Grh=1514 Frame=365 X=128 Y=128 W=32 H=32 TileW=1 TileH=1 File=20
2026-08-21 01:42:26 [INFO] Grh=1515 Frame=366 X=160 Y=128 W=32 H=32 TileW=1 TileH=1 File=20
2026-08-21 01:42:26 [INFO] Grh=1516 Frame=367 X=192 Y=128 W=32 H=32 TileW=1 TileH=1 File=20
2026-08-21 01:42:26 [INFO] Grh=1513 Frame=364 X=224 Y=128 W=32 H=32 TileW=1 TileH=1 File=20
2026-08-21 01:42:26 [INFO] Grh=1514 Frame=365 X=256 Y=128 W=32 H=32 TileW=1 TileH=1 File=20
2026-08-21 01:42:26 [INFO] Grh=1515 Frame=366 X=288 Y=128 W=32 H=32 TileW=1 TileH=1 File=20
2026-08-21 01:42:26 [INFO] Grh=1516 Frame=367 X=320 Y=128 W=32 H=32 TileW=1 TileH=1 File=20
2026-08-21 01:42:26 [INFO] Grh=1513 Frame=364 X=352 Y=128 W=32 H=32 TileW=1 TileH=1 File=20
2026-08-21 01:42:26 [INFO] Grh=1514 Frame=365 X=384 Y=128 W=32 H=32 TileW=1 TileH=1 File=20
2026-08-21 01:42:26 [INFO] Grh=1515 Frame=366 X=416 Y=128 W=32 H=32 TileW=1 TileH=1 File=20
2026-08-21 01:42:26 [INFO] Grh=1516 Frame=367 X=448 Y=128 W=32 H=32 TileW=1 TileH=1 File=20
2026-08-21 01:42:26 [INFO] Grh=1513 Frame=364 X=480 Y=128 W=32 H=32 TileW=1 TileH=1 File=20
2026-08-21 01:42:26 [INFO] Grh=1514 Frame=365 X=512 Y=128 W=32 H=32 TileW=1 TileH=1 File=20
2026-08-21 01:42:26 [INFO] Grh=1515 Frame=366 X=544 Y=128 W=32 H=32 TileW=1 TileH=1 File=20
2026-08-21 01:42:26 [INFO] Grh=1505 Frame=356 X=-32 Y=160 W=32 H=32 TileW=1 TileH=1 File=20
2026-08-21 01:42:26 [INFO] Grh=1506 Frame=357 X=0 Y=160 W=32 H=32 TileW=1 TileH=1 File=20
2026-08-21 01:42:26 [INFO] Grh=1507 Frame=358 X=32 Y=160 W=32 H=32 TileW=1 TileH=1 File=20
2026-08-21 01:42:26 [INFO] Grh=1508 Frame=359 X=64 Y=160 W=32 H=32 TileW=1 TileH=1 File=20
2026-08-21 01:42:26 [INFO] Grh=1505 Frame=356 X=96 Y=160 W=32 H=32 TileW=1 TileH=1 File=20
2026-08-21 01:42:26 [INFO] Grh=1506 Frame=357 X=128 Y=160 W=32 H=32 TileW=1 TileH=1 File=20
2026-08-21 01:42:26 [INFO] Grh=1507 Frame=358 X=160 Y=160 W=32 H=32 TileW=1 TileH=1 File=20
2026-08-21 01:42:26 [INFO] Grh=1508 Frame=359 X=192 Y=160 W=32 H=32 TileW=1 TileH=1 File=20
2026-08-21 01:42:26 [INFO] Grh=1505 Frame=356 X=224 Y=160 W=32 H=32 TileW=1 TileH=1 File=20
2026-08-21 01:42:26 [INFO] Grh=1506 Frame=357 X=256 Y=160 W=32 H=32 TileW=1 TileH=1 File=20
2026-08-21 01:42:26 [INFO] Grh=1507 Frame=358 X=288 Y=160 W=32 H=32 TileW=1 TileH=1 File=20
2026-08-21 01:42:26 [INFO] Grh=1508 Frame=359 X=320 Y=160 W=32 H=32 TileW=1 TileH=1 File=20
2026-08-21 01:42:26 [INFO] Grh=1505 Frame=356 X=352 Y=160 W=32 H=32 TileW=1 TileH=1 File=20
2026-08-21 01:42:26 [INFO] Grh=1506 Frame=357 X=384 Y=160 W=32 H=32 TileW=1 TileH=1 File=20
2026-08-21 01:42:26 [INFO] Grh=1507 Frame=358 X=416 Y=160 W=32 H=32 TileW=1 TileH=1 File=20
2026-08-21 01:42:26 [INFO] Grh=1508 Frame=359 X=448 Y=160 W=32 H=32 TileW=1 TileH=1 File=20
2026-08-21 01:42:27 [INFO] Grh=1505 Frame=356 X=480 Y=160 W=32 H=32 TileW=1 TileH=1 File=20
2026-08-21 01:42:27 [INFO] Grh=1506 Frame=357 X=512 Y=160 W=32 H=32 TileW=1 TileH=1 File=20
2026-08-21 01:42:27 [INFO] Grh=1507 Frame=358 X=544 Y=160 W=32 H=32 TileW=1 TileH=1 File=20
2026-08-21 01:42:27 [INFO] Grh=1513 Frame=364 X=-32 Y=192 W=32 H=32 TileW=1 TileH=1 File=20
2026-08-21 01:42:27 [INFO] Grh=1514 Frame=365 X=0 Y=192 W=32 H=32 TileW=1 TileH=1 File=20
2026-08-21 01:42:27 [INFO] Grh=1515 Frame=366 X=32 Y=192 W=32 H=32 TileW=1 TileH=1 File=20
2026-08-21 01:42:27 [INFO] Grh=1516 Frame=367 X=64 Y=192 W=32 H=32 TileW=1 TileH=1 File=20
2026-08-21 01:42:27 [INFO] Grh=1513 Frame=364 X=96 Y=192 W=32 H=32 TileW=1 TileH=1 File=20
2026-08-21 01:42:27 [INFO] Grh=1514 Frame=365 X=128 Y=192 W=32 H=32 TileW=1 TileH=1 File=20
2026-08-21 01:42:27 [INFO] Grh=1515 Frame=366 X=160 Y=192 W=32 H=32 TileW=1 TileH=1 File=20
2026-08-21 01:42:27 [INFO] Grh=1516 Frame=367 X=192 Y=192 W=32 H=32 TileW=1 TileH=1 File=20
2026-08-21 01:42:27 [INFO] Grh=1513 Frame=364 X=224 Y=192 W=32 H=32 TileW=1 TileH=1 File=20
2026-08-21 01:42:27 [INFO] Grh=1514 Frame=365 X=256 Y=192 W=32 H=32 TileW=1 TileH=1 File=20
2026-08-21 01:42:27 [INFO] Grh=1515 Frame=366 X=288 Y=192 W=32 H=32 TileW=1 TileH=1 File=20
2026-08-21 01:42:27 [INFO] Grh=1516 Frame=367 X=320 Y=192 W=32 H=32 TileW=1 TileH=1 File=20
2026-08-21 01:42:27 [INFO] Grh=1513 Frame=364 X=352 Y=192 W=32 H=32 TileW=1 TileH=1 File=20
2026-08-21 01:42:27 [INFO] Grh=1514 Frame=365 X=384 Y=192 W=32 H=32 TileW=1 TileH=1 File=20
2026-08-21 01:42:27 [INFO] Grh=1515 Frame=366 X=416 Y=192 W=32 H=32 TileW=1 TileH=1 File=20
2026-08-21 01:42:27 [INFO] Grh=1516 Frame=367 X=448 Y=192 W=32 H=32 TileW=1 TileH=1 File=20
2026-08-21 01:42:27 [INFO] Grh=1513 Frame=364 X=480 Y=192 W=32 H=32 TileW=1 TileH=1 File=20
2026-08-21 01:42:27 [INFO] Grh=1514 Frame=365 X=512 Y=192 W=32 H=32 TileW=1 TileH=1 File=20
2026-08-21 01:42:27 [INFO] Grh=1515 Frame=366 X=544 Y=192 W=32 H=32 TileW=1 TileH=1 File=20
2026-08-21 01:42:27 [INFO] Grh=6000 Frame=6000 X=-32 Y=-32 W=32 H=32 TileW=1 TileH=1 File=6000
2026-08-21 01:42:27 [INFO] Grh=6001 Frame=6001 X=0 Y=-32 W=32 H=32 TileW=1 TileH=1 File=6000
2026-08-21 01:42:27 [INFO] Grh=6002 Frame=6002 X=32 Y=-32 W=32 H=32 TileW=1 TileH=1 File=6000
2026-08-21 01:42:27 [INFO] Grh=6003 Frame=6003 X=64 Y=-32 W=32 H=32 TileW=1 TileH=1 File=6000
2026-08-21 01:42:27 [INFO] Grh=6000 Frame=6000 X=96 Y=-32 W=32 H=32 TileW=1 TileH=1 File=6000
2026-08-21 01:42:27 [INFO] Grh=6001 Frame=6001 X=128 Y=-32 W=32 H=32 TileW=1 TileH=1 File=6000
2026-08-21 01:42:27 [INFO] Grh=6002 Frame=6002 X=160 Y=-32 W=32 H=32 TileW=1 TileH=1 File=6000
2026-08-21 01:42:27 [INFO] Grh=6003 Frame=6003 X=192 Y=-32 W=32 H=32 TileW=1 TileH=1 File=6000
2026-08-21 01:42:27 [INFO] Grh=6000 Frame=6000 X=224 Y=-32 W=32 H=32 TileW=1 TileH=1 File=6000
2026-08-21 01:42:27 [INFO] Grh=6001 Frame=6001 X=256 Y=-32 W=32 H=32 TileW=1 TileH=1 File=6000
2026-08-21 01:42:27 [INFO] Grh=6002 Frame=6002 X=288 Y=-32 W=32 H=32 TileW=1 TileH=1 File=6000
2026-08-21 01:42:27 [INFO] Grh=6003 Frame=6003 X=320 Y=-32 W=32 H=32 TileW=1 TileH=1 File=6000
2026-08-21 01:42:27 [INFO] Grh=6000 Frame=6000 X=352 Y=-32 W=32 H=32 TileW=1 TileH=1 File=6000
2026-08-21 01:42:27 [INFO] Grh=6001 Frame=6001 X=384 Y=-32 W=32 H=32 TileW=1 TileH=1 File=6000
2026-08-21 01:42:27 [INFO] Grh=6002 Frame=6002 X=416 Y=-32 W=32 H=32 TileW=1 TileH=1 File=6000
2026-08-21 01:42:27 [INFO] Grh=6003 Frame=6003 X=448 Y=-32 W=32 H=32 TileW=1 TileH=1 File=6000
2026-08-21 01:42:27 [INFO] Grh=6000 Frame=6000 X=480 Y=-32 W=32 H=32 TileW=1 TileH=1 File=6000
2026-08-21 01:42:27 [INFO] Grh=6001 Frame=6001 X=512 Y=-32 W=32 H=32 TileW=1 TileH=1 File=6000
2026-08-21 01:42:27 [INFO] Grh=6002 Frame=6002 X=544 Y=-32 W=32 H=32 TileW=1 TileH=1 File=6000
2026-08-21 01:42:27 [INFO] Grh=6008 Frame=6008 X=-32 Y=0 W=32 H=32 TileW=1 TileH=1 File=6000
2026-08-21 01:42:27 [INFO] Grh=6009 Frame=6009 X=0 Y=0 W=32 H=32 TileW=1 TileH=1 File=6000
2026-08-21 01:42:27 [INFO] Grh=6010 Frame=6010 X=32 Y=0 W=32 H=32 TileW=1 TileH=1 File=6000
2026-08-21 01:42:27 [INFO] Grh=6011 Frame=6011 X=64 Y=0 W=32 H=32 TileW=1 TileH=1 File=6000
2026-08-21 01:42:27 [INFO] Grh=6008 Frame=6008 X=96 Y=0 W=32 H=32 TileW=1 TileH=1 File=6000
2026-08-21 01:42:27 [INFO] Grh=6009 Frame=6009 X=128 Y=0 W=32 H=32 TileW=1 TileH=1 File=6000
2026-08-21 01:42:27 [INFO] Grh=6010 Frame=6010 X=160 Y=0 W=32 H=32 TileW=1 TileH=1 File=6000
2026-08-21 01:42:27 [INFO] Grh=6011 Frame=6011 X=192 Y=0 W=32 H=32 TileW=1 TileH=1 File=6000
2026-08-21 01:42:27 [INFO] Grh=6008 Frame=6008 X=224 Y=0 W=32 H=32 TileW=1 TileH=1 File=6000
2026-08-21 01:42:27 [INFO] Grh=6009 Frame=6009 X=256 Y=0 W=32 H=32 TileW=1 TileH=1 File=6000
2026-08-21 01:42:27 [INFO] Grh=6010 Frame=6010 X=288 Y=0 W=32 H=32 TileW=1 TileH=1 File=6000
2026-08-21 01:42:27 [INFO] Grh=6011 Frame=6011 X=320 Y=0 W=32 H=32 TileW=1 TileH=1 File=6000
2026-08-21 01:42:27 [INFO] Grh=6008 Frame=6008 X=352 Y=0 W=32 H=32 TileW=1 TileH=1 File=6000
2026-08-21 01:42:27 [INFO] Grh=6009 Frame=6009 X=384 Y=0 W=32 H=32 TileW=1 TileH=1 File=6000
2026-08-21 01:42:27 [INFO] Grh=6010 Frame=6010 X=416 Y=0 W=32 H=32 TileW=1 TileH=1 File=6000
2026-08-21 01:42:27 [INFO] Grh=6011 Frame=6011 X=448 Y=0 W=32 H=32 TileW=1 TileH=1 File=6000
2026-08-21 01:42:27 [INFO] Grh=6008 Frame=6008 X=480 Y=0 W=32 H=32 TileW=1 TileH=1 File=6000
2026-08-21 01:42:27 [INFO] Grh=6009 Frame=6009 X=512 Y=0 W=32 H=32 TileW=1 TileH=1 File=6000
2026-08-21 01:42:27 [INFO] Grh=6010 Frame=6010 X=544 Y=0 W=32 H=32 TileW=1 TileH=1 File=6000
2026-08-21 01:42:27 [INFO] Grh=1505 Frame=356 X=-32 Y=32 W=32 H=32 TileW=1 TileH=1 File=20
2026-08-21 01:42:27 [INFO] Grh=1506 Frame=357 X=0 Y=32 W=32 H=32 TileW=1 TileH=1 File=20
2026-08-21 01:42:27 [INFO] Grh=1507 Frame=358 X=32 Y=32 W=32 H=32 TileW=1 TileH=1 File=20
2026-08-21 01:42:27 [INFO] Grh=1508 Frame=359 X=64 Y=32 W=32 H=32 TileW=1 TileH=1 File=20
2026-08-21 01:42:27 [INFO] Grh=1505 Frame=356 X=96 Y=32 W=32 H=32 TileW=1 TileH=1 File=20
2026-08-21 01:42:27 [INFO] Grh=1506 Frame=357 X=128 Y=32 W=32 H=32 TileW=1 TileH=1 File=20
2026-08-21 01:42:27 [INFO] Grh=1507 Frame=358 X=160 Y=32 W=32 H=32 TileW=1 TileH=1 File=20
2026-08-21 01:42:27 [INFO] Grh=1508 Frame=359 X=192 Y=32 W=32 H=32 TileW=1 TileH=1 File=20
2026-08-21 01:42:27 [INFO] Grh=1505 Frame=356 X=224 Y=32 W=32 H=32 TileW=1 TileH=1 File=20
2026-08-21 01:42:27 [INFO] Grh=1506 Frame=357 X=256 Y=32 W=32 H=32 TileW=1 TileH=1 File=20
2026-08-21 01:42:27 [INFO] Grh=1507 Frame=358 X=288 Y=32 W=32 H=32 TileW=1 TileH=1 File=20
2026-08-21 01:42:27 [INFO] Grh=1508 Frame=359 X=320 Y=32 W=32 H=32 TileW=1 TileH=1 File=20
2026-08-21 01:42:27 [INFO] Grh=1505 Frame=356 X=352 Y=32 W=32 H=32 TileW=1 TileH=1 File=20
2026-08-21 01:42:27 [INFO] Grh=1506 Frame=357 X=384 Y=32 W=32 H=32 TileW=1 TileH=1 File=20
2026-08-21 01:42:27 [INFO] Grh=1507 Frame=358 X=416 Y=32 W=32 H=32 TileW=1 TileH=1 File=20
2026-08-21 01:42:27 [INFO] Grh=1508 Frame=359 X=448 Y=32 W=32 H=32 TileW=1 TileH=1 File=20
2026-08-21 01:42:27 [INFO] Grh=1505 Frame=356 X=480 Y=32 W=32 H=32 TileW=1 TileH=1 File=20
2026-08-21 01:42:27 [INFO] Grh=1506 Frame=357 X=512 Y=32 W=32 H=32 TileW=1 TileH=1 File=20
2026-08-21 01:42:27 [INFO] Grh=1507 Frame=358 X=544 Y=32 W=32 H=32 TileW=1 TileH=1 File=20
2026-08-21 01:42:27 [INFO] Grh=1513 Frame=364 X=-32 Y=64 W=32 H=32 TileW=1 TileH=1 File=20
2026-08-21 01:42:27 [INFO] Grh=1514 Frame=365 X=0 Y=64 W=32 H=32 TileW=1 TileH=1 File=20
2026-08-21 01:42:27 [INFO] Grh=1515 Frame=366 X=32 Y=64 W=32 H=32 TileW=1 TileH=1 File=20
2026-08-21 01:42:27 [INFO] Grh=1516 Frame=367 X=64 Y=64 W=32 H=32 TileW=1 TileH=1 File=20
2026-08-21 01:42:27 [INFO] Grh=1513 Frame=364 X=96 Y=64 W=32 H=32 TileW=1 TileH=1 File=20
2026-08-21 01:42:27 [INFO] Grh=1514 Frame=365 X=128 Y=64 W=32 H=32 TileW=1 TileH=1 File=20
2026-08-21 01:42:27 [INFO] Grh=1515 Frame=366 X=160 Y=64 W=32 H=32 TileW=1 TileH=1 File=20
2026-08-21 01:42:27 [INFO] Grh=1516 Frame=367 X=192 Y=64 W=32 H=32 TileW=1 TileH=1 File=20
2026-08-21 01:42:27 [INFO] Grh=1513 Frame=364 X=224 Y=64 W=32 H=32 TileW=1 TileH=1 File=20
2026-08-21 01:42:27 [INFO] Grh=1514 Frame=365 X=256 Y=64 W=32 H=32 TileW=1 TileH=1 File=20
2026-08-21 01:42:27 [INFO] Grh=1515 Frame=366 X=288 Y=64 W=32 H=32 TileW=1 TileH=1 File=20
2026-08-21 01:42:27 [INFO] Grh=1516 Frame=367 X=320 Y=64 W=32 H=32 TileW=1 TileH=1 File=20
2026-08-21 01:42:27 [INFO] Grh=1513 Frame=364 X=352 Y=64 W=32 H=32 TileW=1 TileH=1 File=20
2026-08-21 01:42:27 [INFO] Grh=1514 Frame=365 X=384 Y=64 W=32 H=32 TileW=1 TileH=1 File=20
2026-08-21 01:42:27 [INFO] Grh=1515 Frame=366 X=416 Y=64 W=32 H=32 TileW=1 TileH=1 File=20
2026-08-21 01:42:27 [INFO] Grh=1516 Frame=367 X=448 Y=64 W=32 H=32 TileW=1 TileH=1 File=20
2026-08-21 01:42:27 [INFO] Grh=1513 Frame=364 X=480 Y=64 W=32 H=32 TileW=1 TileH=1 File=20
2026-08-21 01:42:27 [INFO] Grh=1514 Frame=365 X=512 Y=64 W=32 H=32 TileW=1 TileH=1 File=20
2026-08-21 01:42:27 [INFO] Grh=1515 Frame=366 X=544 Y=64 W=32 H=32 TileW=1 TileH=1 File=20
2026-08-21 01:42:27 [INFO] Grh=1505 Frame=356 X=-32 Y=96 W=32 H=32 TileW=1 TileH=1 File=20
2026-08-21 01:42:27 [INFO] Grh=1506 Frame=357 X=0 Y=96 W=32 H=32 TileW=1 TileH=1 File=20
2026-08-21 01:42:27 [INFO] Grh=1507 Frame=358 X=32 Y=96 W=32 H=32 TileW=1 TileH=1 File=20
2026-08-21 01:42:27 [INFO] Grh=1508 Frame=359 X=64 Y=96 W=32 H=32 TileW=1 TileH=1 File=20
2026-08-21 01:42:27 [INFO] Grh=1505 Frame=356 X=96 Y=96 W=32 H=32 TileW=1 TileH=1 File=20
2026-08-21 01:42:27 [INFO] Grh=1506 Frame=357 X=128 Y=96 W=32 H=32 TileW=1 TileH=1 File=20
2026-08-21 01:42:27 [INFO] Grh=1507 Frame=358 X=160 Y=96 W=32 H=32 TileW=1 TileH=1 File=20
2026-08-21 01:42:27 [INFO] Grh=1508 Frame=359 X=192 Y=96 W=32 H=32 TileW=1 TileH=1 File=20
2026-08-21 01:42:27 [INFO] Grh=1505 Frame=356 X=224 Y=96 W=32 H=32 TileW=1 TileH=1 File=20
2026-08-21 01:42:27 [INFO] Grh=1506 Frame=357 X=256 Y=96 W=32 H=32 TileW=1 TileH=1 File=20
2026-08-21 01:42:27 [INFO] Grh=1507 Frame=358 X=288 Y=96 W=32 H=32 TileW=1 TileH=1 File=20
2026-08-21 01:42:27 [INFO] Grh=1508 Frame=359 X=320 Y=96 W=32 H=32 TileW=1 TileH=1 File=20
2026-08-21 01:42:27 [INFO] Grh=1505 Frame=356 X=352 Y=96 W=32 H=32 TileW=1 TileH=1 File=20
2026-08-21 01:42:27 [INFO] Grh=1506 Frame=357 X=384 Y=96 W=32 H=32 TileW=1 TileH=1 File=20
2026-08-21 01:42:27 [INFO] Grh=1507 Frame=358 X=416 Y=96 W=32 H=32 TileW=1 TileH=1 File=20
2026-08-21 01:42:27 [INFO] Grh=1508 Frame=359 X=448 Y=96 W=32 H=32 TileW=1 TileH=1 File=20
2026-08-21 01:42:27 [INFO] Grh=1505 Frame=356 X=480 Y=96 W=32 H=32 TileW=1 TileH=1 File=20
2026-08-21 01:42:27 [INFO] Grh=1506 Frame=357 X=512 Y=96 W=32 H=32 TileW=1 TileH=1 File=20
2026-08-21 01:42:27 [INFO] Grh=1507 Frame=358 X=544 Y=96 W=32 H=32 TileW=1 TileH=1 File=20
2026-08-21 01:42:27 [INFO] Grh=1513 Frame=364 X=-32 Y=128 W=32 H=32 TileW=1 TileH=1 File=20
2026-08-21 01:42:27 [INFO] Grh=1514 Frame=365 X=0 Y=128 W=32 H=32 TileW=1 TileH=1 File=20
2026-08-21 01:42:27 [INFO] Grh=1515 Frame=366 X=32 Y=128 W=32 H=32 TileW=1 TileH=1 File=20
2026-08-21 01:42:27 [INFO] Grh=1516 Frame=367 X=64 Y=128 W=32 H=32 TileW=1 TileH=1 File=20
2026-08-21 01:42:27 [INFO] Grh=1513 Frame=364 X=96 Y=128 W=32 H=32 TileW=1 TileH=1 File=20
2026-08-21 01:42:27 [INFO] Grh=1514 Frame=365 X=128 Y=128 W=32 H=32 TileW=1 TileH=1 File=20
2026-08-21 01:42:27 [INFO] Grh=1515 Frame=366 X=160 Y=128 W=32 H=32 TileW=1 TileH=1 File=20
2026-08-21 01:42:27 [INFO] Grh=1516 Frame=367 X=192 Y=128 W=32 H=32 TileW=1 TileH=1 File=20
2026-08-21 01:42:27 [INFO] Grh=1513 Frame=364 X=224 Y=128 W=32 H=32 TileW=1 TileH=1 File=20
2026-08-21 01:42:27 [INFO] Grh=1514 Frame=365 X=256 Y=128 W=32 H=32 TileW=1 TileH=1 File=20
2026-08-21 01:42:27 [INFO] Grh=1515 Frame=366 X=288 Y=128 W=32 H=32 TileW=1 TileH=1 File=20
2026-08-21 01:42:27 [INFO] Grh=1516 Frame=367 X=320 Y=128 W=32 H=32 TileW=1 TileH=1 File=20
2026-08-21 01:42:27 [INFO] Grh=1513 Frame=364 X=352 Y=128 W=32 H=32 TileW=1 TileH=1 File=20
2026-08-21 01:42:27 [INFO] Grh=1514 Frame=365 X=384 Y=128 W=32 H=32 TileW=1 TileH=1 File=20
2026-08-21 01:42:27 [INFO] Grh=1515 Frame=366 X=416 Y=128 W=32 H=32 TileW=1 TileH=1 File=20
2026-08-21 01:42:27 [INFO] Grh=1516 Frame=367 X=448 Y=128 W=32 H=32 TileW=1 TileH=1 File=20
2026-08-21 01:42:27 [INFO] Grh=1513 Frame=364 X=480 Y=128 W=32 H=32 TileW=1 TileH=1 File=20
2026-08-21 01:42:27 [INFO] Grh=1514 Frame=365 X=512 Y=128 W=32 H=32 TileW=1 TileH=1 File=20
2026-08-21 01:42:27 [INFO] Grh=1515 Frame=366 X=544 Y=128 W=32 H=32 TileW=1 TileH=1 File=20
2026-08-21 01:42:27 [INFO] Grh=1505 Frame=356 X=-32 Y=160 W=32 H=32 TileW=1 TileH=1 File=20
2026-08-21 01:42:27 [INFO] Grh=1506 Frame=357 X=0 Y=160 W=32 H=32 TileW=1 TileH=1 File=20
2026-08-21 01:42:27 [INFO] Grh=1507 Frame=358 X=32 Y=160 W=32 H=32 TileW=1 TileH=1 File=20
2026-08-21 01:42:27 [INFO] Grh=1508 Frame=359 X=64 Y=160 W=32 H=32 TileW=1 TileH=1 File=20
2026-08-21 01:42:27 [INFO] Grh=1505 Frame=356 X=96 Y=160 W=32 H=32 TileW=1 TileH=1 File=20
2026-08-21 01:42:27 [INFO] Grh=1506 Frame=357 X=128 Y=160 W=32 H=32 TileW=1 TileH=1 File=20
2026-08-21 01:42:27 [INFO] Grh=1507 Frame=358 X=160 Y=160 W=32 H=32 TileW=1 TileH=1 File=20
2026-08-21 01:42:27 [INFO] Grh=1508 Frame=359 X=192 Y=160 W=32 H=32 TileW=1 TileH=1 File=20
2026-08-21 01:42:27 [INFO] Grh=1505 Frame=356 X=224 Y=160 W=32 H=32 TileW=1 TileH=1 File=20
2026-08-21 01:42:27 [INFO] Grh=1506 Frame=357 X=256 Y=160 W=32 H=32 TileW=1 TileH=1 File=20
2026-08-21 01:42:27 [INFO] Grh=1507 Frame=358 X=288 Y=160 W=32 H=32 TileW=1 TileH=1 File=20
2026-08-21 01:42:27 [INFO] Grh=1508 Frame=359 X=320 Y=160 W=32 H=32 TileW=1 TileH=1 File=20
2026-08-21 01:42:27 [INFO] Grh=1505 Frame=356 X=352 Y=160 W=32 H=32 TileW=1 TileH=1 File=20
2026-08-21 01:42:27 [INFO] Grh=1506 Frame=357 X=384 Y=160 W=32 H=32 TileW=1 TileH=1 File=20
2026-08-21 01:42:27 [INFO] Grh=1507 Frame=358 X=416 Y=160 W=32 H=32 TileW=1 TileH=1 File=20
2026-08-21 01:42:27 [INFO] Grh=1508 Frame=359 X=448 Y=160 W=32 H=32 TileW=1 TileH=1 File=20
2026-08-21 01:42:27 [INFO] Grh=1505 Frame=356 X=480 Y=160 W=32 H=32 TileW=1 TileH=1 File=20
2026-08-21 01:42:27 [INFO] Grh=1506 Frame=357 X=512 Y=160 W=32 H=32 TileW=1 TileH=1 File=20
2026-08-21 01:42:27 [INFO] Grh=1507 Frame=358 X=544 Y=160 W=32 H=32 TileW=1 TileH=1 File=20
2026-08-21 01:42:27 [INFO] Grh=1513 Frame=364 X=-32 Y=192 W=32 H=32 TileW=1 TileH=1 File=20
2026-08-21 01:42:27 [INFO] Grh=1514 Frame=365 X=0 Y=192 W=32 H=32 TileW=1 TileH=1 File=20
2026-08-21 01:42:27 [INFO] Grh=1515 Frame=366 X=32 Y=192 W=32 H=32 TileW=1 TileH=1 File=20
2026-08-21 01:42:27 [INFO] Grh=1516 Frame=367 X=64 Y=192 W=32 H=32 TileW=1 TileH=1 File=20
2026-08-21 01:42:27 [INFO] Grh=1513 Frame=364 X=96 Y=192 W=32 H=32 TileW=1 TileH=1 File=20
2026-08-21 01:42:27 [INFO] Grh=1514 Frame=365 X=128 Y=192 W=32 H=32 TileW=1 TileH=1 File=20
2026-08-21 01:42:27 [INFO] Grh=1515 Frame=366 X=160 Y=192 W=32 H=32 TileW=1 TileH=1 File=20
2026-08-21 01:42:27 [INFO] Grh=1516 Frame=367 X=192 Y=192 W=32 H=32 TileW=1 TileH=1 File=20
2026-08-21 01:42:27 [INFO] Grh=1513 Frame=364 X=224 Y=192 W=32 H=32 TileW=1 TileH=1 File=20
2026-08-21 01:42:27 [INFO] Grh=1514 Frame=365 X=256 Y=192 W=32 H=32 TileW=1 TileH=1 File=20
2026-08-21 01:42:27 [INFO] Grh=1515 Frame=366 X=288 Y=192 W=32 H=32 TileW=1 TileH=1 File=20
2026-08-21 01:42:27 [INFO] Grh=1516 Frame=367 X=320 Y=192 W=32 H=32 TileW=1 TileH=1 File=20
2026-08-21 01:42:27 [INFO] Grh=1513 Frame=364 X=352 Y=192 W=32 H=32 TileW=1 TileH=1 File=20
2026-08-21 01:42:27 [INFO] Grh=1514 Frame=365 X=384 Y=192 W=32 H=32 TileW=1 TileH=1 File=20
2026-08-21 01:42:27 [INFO] Grh=1515 Frame=366 X=416 Y=192 W=32 H=32 TileW=1 TileH=1 File=20
2026-08-21 01:42:27 [INFO] Grh=1516 Frame=367 X=448 Y=192 W=32 H=32 TileW=1 TileH=1 File=20
2026-08-21 01:42:27 [INFO] Grh=1513 Frame=364 X=480 Y=192 W=32 H=32 TileW=1 TileH=1 File=20
2026-08-21 01:42:27 [INFO] Grh=1514 Frame=365 X=512 Y=192 W=32 H=32 TileW=1 TileH=1 File=20
2026-08-21 01:42:27 [INFO] Grh=1515 Frame=366 X=544 Y=192 W=32 H=32 TileW=1 TileH=1 File=20
2026-08-21 01:42:28 [INFO] Grh=6000 Frame=6000 X=-32 Y=-32 W=32 H=32 TileW=1 TileH=1 File=6000
2026-08-21 01:42:28 [INFO] Grh=6001 Frame=6001 X=0 Y=-32 W=32 H=32 TileW=1 TileH=1 File=6000
2026-08-21 01:42:28 [INFO] Grh=6002 Frame=6002 X=32 Y=-32 W=32 H=32 TileW=1 TileH=1 File=6000
2026-08-21 01:42:28 [INFO] Grh=6003 Frame=6003 X=64 Y=-32 W=32 H=32 TileW=1 TileH=1 File=6000
2026-08-21 01:42:28 [INFO] Grh=6000 Frame=6000 X=96 Y=-32 W=32 H=32 TileW=1 TileH=1 File=6000
2026-08-21 01:42:28 [INFO] Grh=6001 Frame=6001 X=128 Y=-32 W=32 H=32 TileW=1 TileH=1 File=6000
2026-08-21 01:42:28 [INFO] Grh=6002 Frame=6002 X=160 Y=-32 W=32 H=32 TileW=1 TileH=1 File=6000
2026-08-21 01:42:28 [INFO] Grh=6003 Frame=6003 X=192 Y=-32 W=32 H=32 TileW=1 TileH=1 File=6000
2026-08-21 01:42:28 [INFO] Grh=6000 Frame=6000 X=224 Y=-32 W=32 H=32 TileW=1 TileH=1 File=6000
2026-08-21 01:42:28 [INFO] Grh=6001 Frame=6001 X=256 Y=-32 W=32 H=32 TileW=1 TileH=1 File=6000
2026-08-21 01:42:28 [INFO] Grh=6002 Frame=6002 X=288 Y=-32 W=32 H=32 TileW=1 TileH=1 File=6000
2026-08-21 01:42:28 [INFO] Grh=6003 Frame=6003 X=320 Y=-32 W=32 H=32 TileW=1 TileH=1 File=6000
2026-08-21 01:42:28 [INFO] Grh=6000 Frame=6000 X=352 Y=-32 W=32 H=32 TileW=1 TileH=1 File=6000
2026-08-21 01:42:28 [INFO] Grh=6001 Frame=6001 X=384 Y=-32 W=32 H=32 TileW=1 TileH=1 File=6000
2026-08-21 01:42:28 [INFO] Grh=6002 Frame=6002 X=416 Y=-32 W=32 H=32 TileW=1 TileH=1 File=6000
2026-08-21 01:42:28 [INFO] Grh=6003 Frame=6003 X=448 Y=-32 W=32 H=32 TileW=1 TileH=1 File=6000
2026-08-21 01:42:28 [INFO] Grh=6000 Frame=6000 X=480 Y=-32 W=32 H=32 TileW=1 TileH=1 File=6000
2026-08-21 01:42:28 [INFO] Grh=6001 Frame=6001 X=512 Y=-32 W=32 H=32 TileW=1 TileH=1 File=6000
2026-08-21 01:42:28 [INFO] Grh=6002 Frame=6002 X=544 Y=-32 W=32 H=32 TileW=1 TileH=1 File=6000
2026-08-21 01:42:28 [INFO] Grh=6008 Frame=6008 X=-32 Y=0 W=32 H=32 TileW=1 TileH=1 File=6000
2026-08-21 01:42:28 [INFO] Grh=6009 Frame=6009 X=0 Y=0 W=32 H=32 TileW=1 TileH=1 File=6000
2026-08-21 01:42:28 [INFO] Grh=6010 Frame=6010 X=32 Y=0 W=32 H=32 TileW=1 TileH=1 File=6000
2026-08-21 01:42:28 [INFO] Grh=6011 Frame=6011 X=64 Y=0 W=32 H=32 TileW=1 TileH=1 File=6000
2026-08-21 01:42:28 [INFO] Grh=6008 Frame=6008 X=96 Y=0 W=32 H=32 TileW=1 TileH=1 File=6000
2026-08-21 01:42:28 [INFO] Grh=6009 Frame=6009 X=128 Y=0 W=32 H=32 TileW=1 TileH=1 File=6000
2026-08-21 01:42:28 [INFO] Grh=6010 Frame=6010 X=160 Y=0 W=32 H=32 TileW=1 TileH=1 File=6000
2026-08-21 01:42:28 [INFO] Grh=6011 Frame=6011 X=192 Y=0 W=32 H=32 TileW=1 TileH=1 File=6000
2026-08-21 01:42:28 [INFO] Grh=6008 Frame=6008 X=224 Y=0 W=32 H=32 TileW=1 TileH=1 File=6000
2026-08-21 01:42:28 [INFO] Grh=6009 Frame=6009 X=256 Y=0 W=32 H=32 TileW=1 TileH=1 File=6000
2026-08-21 01:42:28 [INFO] Grh=6010 Frame=6010 X=288 Y=0 W=32 H=32 TileW=1 TileH=1 File=6000
2026-08-21 01:42:28 [INFO] Grh=6011 Frame=6011 X=320 Y=0 W=32 H=32 TileW=1 TileH=1 File=6000
2026-08-21 01:42:28 [INFO] Grh=6008 Frame=6008 X=352 Y=0 W=32 H=32 TileW=1 TileH=1 File=6000
2026-08-21 01:42:28 [INFO] Grh=6009 Frame=6009 X=384 Y=0 W=32 H=32 TileW=1 TileH=1 File=6000
2026-08-21 01:42:28 [INFO] Grh=6010 Frame=6010 X=416 Y=0 W=32 H=32 TileW=1 TileH=1 File=6000
2026-08-21 01:42:28 [INFO] Grh=6011 Frame=6011 X=448 Y=0 W=32 H=32 TileW=1 TileH=1 File=6000
2026-08-21 01:42:28 [INFO] Grh=6008 Frame=6008 X=480 Y=0 W=32 H=32 TileW=1 TileH=1 File=6000
2026-08-21 01:42:28 [INFO] Grh=6009 Frame=6009 X=512 Y=0 W=32 H=32 TileW=1 TileH=1 File=6000
2026-08-21 01:42:28 [INFO] Grh=6010 Frame=6010 X=544 Y=0 W=32 H=32 TileW=1 TileH=1 File=6000
2026-08-21 01:42:28 [INFO] Grh=1505 Frame=324 X=-32 Y=32 W=32 H=32 TileW=1 TileH=1 File=20
2026-08-21 01:42:28 [INFO] Grh=1506 Frame=325 X=0 Y=32 W=32 H=32 TileW=1 TileH=1 File=20
2026-08-21 01:42:28 [INFO] Grh=1507 Frame=326 X=32 Y=32 W=32 H=32 TileW=1 TileH=1 File=20
2026-08-21 01:42:28 [INFO] Grh=1508 Frame=327 X=64 Y=32 W=32 H=32 TileW=1 TileH=1 File=20
2026-08-21 01:42:28 [INFO] Grh=1505 Frame=324 X=96 Y=32 W=32 H=32 TileW=1 TileH=1 File=20
2026-08-21 01:42:28 [INFO] Grh=1506 Frame=325 X=128 Y=32 W=32 H=32 TileW=1 TileH=1 File=20
2026-08-21 01:42:28 [INFO] Grh=1507 Frame=326 X=160 Y=32 W=32 H=32 TileW=1 TileH=1 File=20
2026-08-21 01:42:28 [INFO] Grh=1508 Frame=327 X=192 Y=32 W=32 H=32 TileW=1 TileH=1 File=20
2026-08-21 01:42:28 [INFO] Grh=1505 Frame=324 X=224 Y=32 W=32 H=32 TileW=1 TileH=1 File=20
2026-08-21 01:42:28 [INFO] Grh=1506 Frame=325 X=256 Y=32 W=32 H=32 TileW=1 TileH=1 File=20
2026-08-21 01:42:28 [INFO] Grh=1507 Frame=326 X=288 Y=32 W=32 H=32 TileW=1 TileH=1 File=20
2026-08-21 01:42:28 [INFO] Grh=1508 Frame=327 X=320 Y=32 W=32 H=32 TileW=1 TileH=1 File=20
2026-08-21 01:42:28 [INFO] Grh=1505 Frame=324 X=352 Y=32 W=32 H=32 TileW=1 TileH=1 File=20
2026-08-21 01:42:28 [INFO] Grh=1506 Frame=325 X=384 Y=32 W=32 H=32 TileW=1 TileH=1 File=20
2026-08-21 01:42:28 [INFO] Grh=1507 Frame=326 X=416 Y=32 W=32 H=32 TileW=1 TileH=1 File=20
2026-08-21 01:42:28 [INFO] Grh=1508 Frame=327 X=448 Y=32 W=32 H=32 TileW=1 TileH=1 File=20
2026-08-21 01:42:28 [INFO] Grh=1505 Frame=324 X=480 Y=32 W=32 H=32 TileW=1 TileH=1 File=20
2026-08-21 01:42:28 [INFO] Grh=1506 Frame=325 X=512 Y=32 W=32 H=32 TileW=1 TileH=1 File=20
2026-08-21 01:42:28 [INFO] Grh=1507 Frame=326 X=544 Y=32 W=32 H=32 TileW=1 TileH=1 File=20
2026-08-21 01:42:28 [INFO] Grh=1513 Frame=332 X=-32 Y=64 W=32 H=32 TileW=1 TileH=1 File=20
2026-08-21 01:42:28 [INFO] Grh=1514 Frame=333 X=0 Y=64 W=32 H=32 TileW=1 TileH=1 File=20
2026-08-21 01:42:28 [INFO] Grh=1515 Frame=334 X=32 Y=64 W=32 H=32 TileW=1 TileH=1 File=20
2026-08-21 01:42:28 [INFO] Grh=1516 Frame=335 X=64 Y=64 W=32 H=32 TileW=1 TileH=1 File=20
2026-08-21 01:42:28 [INFO] Grh=1513 Frame=332 X=96 Y=64 W=32 H=32 TileW=1 TileH=1 File=20
2026-08-21 01:42:28 [INFO] Grh=1514 Frame=333 X=128 Y=64 W=32 H=32 TileW=1 TileH=1 File=20
2026-08-21 01:42:28 [INFO] Grh=1515 Frame=334 X=160 Y=64 W=32 H=32 TileW=1 TileH=1 File=20
2026-08-21 01:42:28 [INFO] Grh=1516 Frame=335 X=192 Y=64 W=32 H=32 TileW=1 TileH=1 File=20
2026-08-21 01:42:28 [INFO] Grh=1513 Frame=332 X=224 Y=64 W=32 H=32 TileW=1 TileH=1 File=20
2026-08-21 01:42:28 [INFO] Grh=1514 Frame=333 X=256 Y=64 W=32 H=32 TileW=1 TileH=1 File=20
2026-08-21 01:42:28 [INFO] Grh=1515 Frame=334 X=288 Y=64 W=32 H=32 TileW=1 TileH=1 File=20
2026-08-21 01:42:28 [INFO] Grh=1516 Frame=335 X=320 Y=64 W=32 H=32 TileW=1 TileH=1 File=20
2026-08-21 01:42:28 [INFO] Grh=1513 Frame=332 X=352 Y=64 W=32 H=32 TileW=1 TileH=1 File=20
2026-08-21 01:42:28 [INFO] Grh=1514 Frame=333 X=384 Y=64 W=32 H=32 TileW=1 TileH=1 File=20
2026-08-21 01:42:28 [INFO] Grh=1515 Frame=334 X=416 Y=64 W=32 H=32 TileW=1 TileH=1 File=20
2026-08-21 01:42:28 [INFO] Grh=1516 Frame=335 X=448 Y=64 W=32 H=32 TileW=1 TileH=1 File=20
2026-08-21 01:42:28 [INFO] Grh=1513 Frame=332 X=480 Y=64 W=32 H=32 TileW=1 TileH=1 File=20
2026-08-21 01:42:28 [INFO] Grh=1514 Frame=333 X=512 Y=64 W=32 H=32 TileW=1 TileH=1 File=20
2026-08-21 01:42:28 [INFO] Grh=1515 Frame=334 X=544 Y=64 W=32 H=32 TileW=1 TileH=1 File=20
2026-08-21 01:42:28 [INFO] Grh=1505 Frame=324 X=-32 Y=96 W=32 H=32 TileW=1 TileH=1 File=20
2026-08-21 01:42:28 [INFO] Grh=1506 Frame=325 X=0 Y=96 W=32 H=32 TileW=1 TileH=1 File=20
2026-08-21 01:42:28 [INFO] Grh=1507 Frame=326 X=32 Y=96 W=32 H=32 TileW=1 TileH=1 File=20
2026-08-21 01:42:28 [INFO] Grh=1508 Frame=327 X=64 Y=96 W=32 H=32 TileW=1 TileH=1 File=20
2026-08-21 01:42:28 [INFO] Grh=1505 Frame=324 X=96 Y=96 W=32 H=32 TileW=1 TileH=1 File=20
2026-08-21 01:42:28 [INFO] Grh=1506 Frame=325 X=128 Y=96 W=32 H=32 TileW=1 TileH=1 File=20
2026-08-21 01:42:28 [INFO] Grh=1507 Frame=326 X=160 Y=96 W=32 H=32 TileW=1 TileH=1 File=20
2026-08-21 01:42:28 [INFO] Grh=1508 Frame=327 X=192 Y=96 W=32 H=32 TileW=1 TileH=1 File=20
2026-08-21 01:42:28 [INFO] Grh=1505 Frame=324 X=224 Y=96 W=32 H=32 TileW=1 TileH=1 File=20
2026-08-21 01:42:28 [INFO] Grh=1506 Frame=325 X=256 Y=96 W=32 H=32 TileW=1 TileH=1 File=20
2026-08-21 01:42:28 [INFO] Grh=1507 Frame=326 X=288 Y=96 W=32 H=32 TileW=1 TileH=1 File=20
2026-08-21 01:42:28 [INFO] Grh=1508 Frame=327 X=320 Y=96 W=32 H=32 TileW=1 TileH=1 File=20
2026-08-21 01:42:28 [INFO] Grh=1505 Frame=324 X=352 Y=96 W=32 H=32 TileW=1 TileH=1 File=20
2026-08-21 01:42:28 [INFO] Grh=1506 Frame=325 X=384 Y=96 W=32 H=32 TileW=1 TileH=1 File=20
2026-08-21 01:42:28 [INFO] Grh=1507 Frame=326 X=416 Y=96 W=32 H=32 TileW=1 TileH=1 File=20
2026-08-21 01:42:28 [INFO] Grh=1508 Frame=327 X=448 Y=96 W=32 H=32 TileW=1 TileH=1 File=20
2026-08-21 01:42:28 [INFO] Grh=1505 Frame=324 X=480 Y=96 W=32 H=32 TileW=1 TileH=1 File=20
2026-08-21 01:42:28 [INFO] Grh=1506 Frame=325 X=512 Y=96 W=32 H=32 TileW=1 TileH=1 File=20
2026-08-21 01:42:28 [INFO] Grh=1507 Frame=326 X=544 Y=96 W=32 H=32 TileW=1 TileH=1 File=20
2026-08-21 01:42:28 [INFO] Grh=1513 Frame=332 X=-32 Y=128 W=32 H=32 TileW=1 TileH=1 File=20
2026-08-21 01:42:28 [INFO] Grh=1514 Frame=333 X=0 Y=128 W=32 H=32 TileW=1 TileH=1 File=20
2026-08-21 01:42:28 [INFO] Grh=1515 Frame=334 X=32 Y=128 W=32 H=32 TileW=1 TileH=1 File=20
2026-08-21 01:42:28 [INFO] Grh=1516 Frame=335 X=64 Y=128 W=32 H=32 TileW=1 TileH=1 File=20
2026-08-21 01:42:28 [INFO] Grh=1513 Frame=332 X=96 Y=128 W=32 H=32 TileW=1 TileH=1 File=20
2026-08-21 01:42:28 [INFO] Grh=1514 Frame=333 X=128 Y=128 W=32 H=32 TileW=1 TileH=1 File=20
2026-08-21 01:42:28 [INFO] Grh=1515 Frame=334 X=160 Y=128 W=32 H=32 TileW=1 TileH=1 File=20
2026-08-21 01:42:28 [INFO] Grh=1516 Frame=335 X=192 Y=128 W=32 H=32 TileW=1 TileH=1 File=20
2026-08-21 01:42:28 [INFO] Grh=1513 Frame=332 X=224 Y=128 W=32 H=32 TileW=1 TileH=1 File=20
2026-08-21 01:42:28 [INFO] Grh=1514 Frame=333 X=256 Y=128 W=32 H=32 TileW=1 TileH=1 File=20
2026-08-21 01:42:28 [INFO] Grh=1515 Frame=334 X=288 Y=128 W=32 H=32 TileW=1 TileH=1 File=20
2026-08-21 01:42:28 [INFO] Grh=1516 Frame=335 X=320 Y=128 W=32 H=32 TileW=1 TileH=1 File=20
2026-08-21 01:42:28 [INFO] Grh=1513 Frame=332 X=352 Y=128 W=32 H=32 TileW=1 TileH=1 File=20
2026-08-21 01:42:28 [INFO] Grh=1514 Frame=333 X=384 Y=128 W=32 H=32 TileW=1 TileH=1 File=20
2026-08-21 01:42:28 [INFO] Grh=1515 Frame=334 X=416 Y=128 W=32 H=32 TileW=1 TileH=1 File=20
2026-08-21 01:42:28 [INFO] Grh=1516 Frame=335 X=448 Y=128 W=32 H=32 TileW=1 TileH=1 File=20
2026-08-21 01:42:28 [INFO] Grh=1513 Frame=332 X=480 Y=128 W=32 H=32 TileW=1 TileH=1 File=20
2026-08-21 01:42:28 [INFO] Grh=1514 Frame=333 X=512 Y=128 W=32 H=32 TileW=1 TileH=1 File=20
2026-08-21 01:42:28 [INFO] Grh=1515 Frame=334 X=544 Y=128 W=32 H=32 TileW=1 TileH=1 File=20
2026-08-21 01:42:28 [INFO] Grh=1505 Frame=324 X=-32 Y=160 W=32 H=32 TileW=1 TileH=1 File=20
2026-08-21 01:42:28 [INFO] Grh=1506 Frame=325 X=0 Y=160 W=32 H=32 TileW=1 TileH=1 File=20
2026-08-21 01:42:28 [INFO] Grh=1507 Frame=326 X=32 Y=160 W=32 H=32 TileW=1 TileH=1 File=20
2026-08-21 01:42:28 [INFO] Grh=1508 Frame=327 X=64 Y=160 W=32 H=32 TileW=1 TileH=1 File=20
2026-08-21 01:42:28 [INFO] Grh=1505 Frame=324 X=96 Y=160 W=32 H=32 TileW=1 TileH=1 File=20
2026-08-21 01:42:28 [INFO] Grh=1506 Frame=325 X=128 Y=160 W=32 H=32 TileW=1 TileH=1 File=20
2026-08-21 01:42:28 [INFO] Grh=1507 Frame=326 X=160 Y=160 W=32 H=32 TileW=1 TileH=1 File=20
2026-08-21 01:42:28 [INFO] Grh=1508 Frame=327 X=192 Y=160 W=32 H=32 TileW=1 TileH=1 File=20
2026-08-21 01:42:28 [INFO] Grh=1505 Frame=324 X=224 Y=160 W=32 H=32 TileW=1 TileH=1 File=20
2026-08-21 01:42:28 [INFO] Grh=1506 Frame=325 X=256 Y=160 W=32 H=32 TileW=1 TileH=1 File=20
2026-08-21 01:42:28 [INFO] Grh=1507 Frame=326 X=288 Y=160 W=32 H=32 TileW=1 TileH=1 File=20
2026-08-21 01:42:28 [INFO] Grh=1508 Frame=327 X=320 Y=160 W=32 H=32 TileW=1 TileH=1 File=20
2026-08-21 01:42:28 [INFO] Grh=1505 Frame=324 X=352 Y=160 W=32 H=32 TileW=1 TileH=1 File=20
2026-08-21 01:42:28 [INFO] Grh=1506 Frame=325 X=384 Y=160 W=32 H=32 TileW=1 TileH=1 File=20
2026-08-21 01:42:28 [INFO] Grh=1507 Frame=326 X=416 Y=160 W=32 H=32 TileW=1 TileH=1 File=20
2026-08-21 01:42:28 [INFO] Grh=1508 Frame=327 X=448 Y=160 W=32 H=32 TileW=1 TileH=1 File=20
2026-08-21 01:42:28 [INFO] Grh=1505 Frame=324 X=480 Y=160 W=32 H=32 TileW=1 TileH=1 File=20
2026-08-21 01:42:28 [INFO] Grh=1506 Frame=325 X=512 Y=160 W=32 H=32 TileW=1 TileH=1 File=20
2026-08-21 01:42:28 [INFO] Grh=1507 Frame=326 X=544 Y=160 W=32 H=32 TileW=1 TileH=1 File=20
2026-08-21 01:42:28 [INFO] Grh=1513 Frame=332 X=-32 Y=192 W=32 H=32 TileW=1 TileH=1 File=20
2026-08-21 01:42:28 [INFO] Grh=1514 Frame=333 X=0 Y=192 W=32 H=32 TileW=1 TileH=1 File=20
2026-08-21 01:42:28 [INFO] Grh=1515 Frame=334 X=32 Y=192 W=32 H=32 TileW=1 TileH=1 File=20
2026-08-21 01:42:28 [INFO] Grh=1516 Frame=335 X=64 Y=192 W=32 H=32 TileW=1 TileH=1 File=20
2026-08-21 01:42:28 [INFO] Grh=1513 Frame=332 X=96 Y=192 W=32 H=32 TileW=1 TileH=1 File=20
2026-08-21 01:42:28 [INFO] Grh=1514 Frame=333 X=128 Y=192 W=32 H=32 TileW=1 TileH=1 File=20
2026-08-21 01:42:28 [INFO] Grh=1515 Frame=334 X=160 Y=192 W=32 H=32 TileW=1 TileH=1 File=20
2026-08-21 01:42:28 [INFO] Grh=1516 Frame=335 X=192 Y=192 W=32 H=32 TileW=1 TileH=1 File=20
2026-08-21 01:42:28 [INFO] Grh=1513 Frame=332 X=224 Y=192 W=32 H=32 TileW=1 TileH=1 File=20
2026-08-21 01:42:28 [INFO] Grh=1514 Frame=333 X=256 Y=192 W=32 H=32 TileW=1 TileH=1 File=20
2026-08-21 01:42:28 [INFO] Grh=1515 Frame=334 X=288 Y=192 W=32 H=32 TileW=1 TileH=1 File=20
2026-08-21 01:42:28 [INFO] Grh=1516 Frame=335 X=320 Y=192 W=32 H=32 TileW=1 TileH=1 File=20
2026-08-21 01:42:28 [INFO] Grh=1513 Frame=332 X=352 Y=192 W=32 H=32 TileW=1 TileH=1 File=20
2026-08-21 01:42:28 [INFO] Grh=1514 Frame=333 X=384 Y=192 W=32 H=32 TileW=1 TileH=1 File=20
2026-08-21 01:42:28 [INFO] Grh=1515 Frame=334 X=416 Y=192 W=32 H=32 TileW=1 TileH=1 File=20
2026-08-21 01:42:28 [INFO] Grh=1516 Frame=335 X=448 Y=192 W=32 H=32 TileW=1 TileH=1 File=20
2026-08-21 01:42:28 [INFO] Grh=1513 Frame=332 X=480 Y=192 W=32 H=32 TileW=1 TileH=1 File=20
2026-08-21 01:42:28 [INFO] Grh=1514 Frame=333 X=512 Y=192 W=32 H=32 TileW=1 TileH=1 File=20
2026-08-21 01:42:28 [INFO] Grh=1515 Frame=334 X=544 Y=192 W=32 H=32 TileW=1 TileH=1 File=20
2026-08-21 01:42:28 [INFO] Grh=6000 Frame=6000 X=-32 Y=-32 W=32 H=32 TileW=1 TileH=1 File=6000
2026-08-21 01:42:28 [INFO] Grh=6001 Frame=6001 X=0 Y=-32 W=32 H=32 TileW=1 TileH=1 File=6000
2026-08-21 01:42:28 [INFO] Grh=6002 Frame=6002 X=32 Y=-32 W=32 H=32 TileW=1 TileH=1 File=6000
2026-08-21 01:42:29 [INFO] Grh=6003 Frame=6003 X=64 Y=-32 W=32 H=32 TileW=1 TileH=1 File=6000
2026-08-21 01:42:29 [INFO] Grh=6000 Frame=6000 X=96 Y=-32 W=32 H=32 TileW=1 TileH=1 File=6000
2026-08-21 01:42:29 [INFO] Grh=6001 Frame=6001 X=128 Y=-32 W=32 H=32 TileW=1 TileH=1 File=6000
2026-08-21 01:42:29 [INFO] Grh=6002 Frame=6002 X=160 Y=-32 W=32 H=32 TileW=1 TileH=1 File=6000
2026-08-21 01:42:29 [INFO] Grh=6003 Frame=6003 X=192 Y=-32 W=32 H=32 TileW=1 TileH=1 File=6000
2026-08-21 01:42:29 [INFO] Grh=6000 Frame=6000 X=224 Y=-32 W=32 H=32 TileW=1 TileH=1 File=6000
2026-08-21 01:42:29 [INFO] Grh=6001 Frame=6001 X=256 Y=-32 W=32 H=32 TileW=1 TileH=1 File=6000
2026-08-21 01:42:29 [INFO] Grh=6002 Frame=6002 X=288 Y=-32 W=32 H=32 TileW=1 TileH=1 File=6000
2026-08-21 01:42:29 [INFO] Grh=6003 Frame=6003 X=320 Y=-32 W=32 H=32 TileW=1 TileH=1 File=6000
2026-08-21 01:42:29 [INFO] Grh=6000 Frame=6000 X=352 Y=-32 W=32 H=32 TileW=1 TileH=1 File=6000
2026-08-21 01:42:29 [INFO] Grh=6001 Frame=6001 X=384 Y=-32 W=32 H=32 TileW=1 TileH=1 File=6000
2026-08-21 01:42:29 [INFO] Grh=6002 Frame=6002 X=416 Y=-32 W=32 H=32 TileW=1 TileH=1 File=6000
2026-08-21 01:42:29 [INFO] Grh=6003 Frame=6003 X=448 Y=-32 W=32 H=32 TileW=1 TileH=1 File=6000
2026-08-21 01:42:29 [INFO] Grh=6000 Frame=6000 X=480 Y=-32 W=32 H=32 TileW=1 TileH=1 File=6000
2026-08-21 01:42:29 [INFO] Grh=6001 Frame=6001 X=512 Y=-32 W=32 H=32 TileW=1 TileH=1 File=6000
2026-08-21 01:42:29 [INFO] Grh=6002 Frame=6002 X=544 Y=-32 W=32 H=32 TileW=1 TileH=1 File=6000
2026-08-21 01:42:29 [INFO] Grh=6008 Frame=6008 X=-32 Y=0 W=32 H=32 TileW=1 TileH=1 File=6000
2026-08-21 01:42:29 [INFO] Grh=6009 Frame=6009 X=0 Y=0 W=32 H=32 TileW=1 TileH=1 File=6000
2026-08-21 01:42:29 [INFO] Grh=6010 Frame=6010 X=32 Y=0 W=32 H=32 TileW=1 TileH=1 File=6000
2026-08-21 01:42:29 [INFO] Grh=6011 Frame=6011 X=64 Y=0 W=32 H=32 TileW=1 TileH=1 File=6000
2026-08-21 01:42:29 [INFO] Grh=6008 Frame=6008 X=96 Y=0 W=32 H=32 TileW=1 TileH=1 File=6000
2026-08-21 01:42:29 [INFO] Grh=6009 Frame=6009 X=128 Y=0 W=32 H=32 TileW=1 TileH=1 File=6000
2026-08-21 01:42:29 [INFO] Grh=6010 Frame=6010 X=160 Y=0 W=32 H=32 TileW=1 TileH=1 File=6000
2026-08-21 01:42:29 [INFO] Grh=6011 Frame=6011 X=192 Y=0 W=32 H=32 TileW=1 TileH=1 File=6000
2026-08-21 01:42:29 [INFO] Grh=6008 Frame=6008 X=224 Y=0 W=32 H=32 TileW=1 TileH=1 File=6000
2026-08-21 01:42:29 [INFO] Grh=6009 Frame=6009 X=256 Y=0 W=32 H=32 TileW=1 TileH=1 File=6000
2026-08-21 01:42:29 [INFO] Grh=6010 Frame=6010 X=288 Y=0 W=32 H=32 TileW=1 TileH=1 File=6000
2026-08-21 01:42:29 [INFO] Grh=6011 Frame=6011 X=320 Y=0 W=32 H=32 TileW=1 TileH=1 File=6000
2026-08-21 01:42:29 [INFO] Grh=6008 Frame=6008 X=352 Y=0 W=32 H=32 TileW=1 TileH=1 File=6000
2026-08-21 01:42:29 [INFO] Grh=6009 Frame=6009 X=384 Y=0 W=32 H=32 TileW=1 TileH=1 File=6000
2026-08-21 01:42:29 [INFO] Grh=6010 Frame=6010 X=416 Y=0 W=32 H=32 TileW=1 TileH=1 File=6000
2026-08-21 01:42:29 [INFO] Grh=6011 Frame=6011 X=448 Y=0 W=32 H=32 TileW=1 TileH=1 File=6000
2026-08-21 01:42:29 [INFO] Grh=6008 Frame=6008 X=480 Y=0 W=32 H=32 TileW=1 TileH=1 File=6000
2026-08-21 01:42:29 [INFO] Grh=6009 Frame=6009 X=512 Y=0 W=32 H=32 TileW=1 TileH=1 File=6000
2026-08-21 01:42:29 [INFO] Grh=6010 Frame=6010 X=544 Y=0 W=32 H=32 TileW=1 TileH=1 File=6000
2026-08-21 01:42:29 [INFO] Grh=1505 Frame=356 X=-32 Y=32 W=32 H=32 TileW=1 TileH=1 File=20
2026-08-21 01:42:29 [INFO] Grh=1506 Frame=357 X=0 Y=32 W=32 H=32 TileW=1 TileH=1 File=20
2026-08-21 01:42:29 [INFO] Grh=1507 Frame=358 X=32 Y=32 W=32 H=32 TileW=1 TileH=1 File=20
2026-08-21 01:42:29 [INFO] Grh=1508 Frame=359 X=64 Y=32 W=32 H=32 TileW=1 TileH=1 File=20
2026-08-21 01:42:29 [INFO] Grh=1505 Frame=356 X=96 Y=32 W=32 H=32 TileW=1 TileH=1 File=20
2026-08-21 01:42:29 [INFO] Grh=1506 Frame=357 X=128 Y=32 W=32 H=32 TileW=1 TileH=1 File=20
2026-08-21 01:42:29 [INFO] Grh=1507 Frame=358 X=160 Y=32 W=32 H=32 TileW=1 TileH=1 File=20
2026-08-21 01:42:29 [INFO] Grh=1508 Frame=359 X=192 Y=32 W=32 H=32 TileW=1 TileH=1 File=20
2026-08-21 01:42:29 [INFO] Grh=1505 Frame=356 X=224 Y=32 W=32 H=32 TileW=1 TileH=1 File=20
2026-08-21 01:42:29 [INFO] Grh=1506 Frame=357 X=256 Y=32 W=32 H=32 TileW=1 TileH=1 File=20
2026-08-21 01:42:29 [INFO] Grh=1507 Frame=358 X=288 Y=32 W=32 H=32 TileW=1 TileH=1 File=20
2026-08-21 01:42:29 [INFO] Grh=1508 Frame=359 X=320 Y=32 W=32 H=32 TileW=1 TileH=1 File=20
2026-08-21 01:42:29 [INFO] Grh=1505 Frame=356 X=352 Y=32 W=32 H=32 TileW=1 TileH=1 File=20
2026-08-21 01:42:29 [INFO] Grh=1506 Frame=357 X=384 Y=32 W=32 H=32 TileW=1 TileH=1 File=20
2026-08-21 01:42:29 [INFO] Grh=1507 Frame=358 X=416 Y=32 W=32 H=32 TileW=1 TileH=1 File=20
2026-08-21 01:42:29 [INFO] Grh=1508 Frame=359 X=448 Y=32 W=32 H=32 TileW=1 TileH=1 File=20
2026-08-21 01:42:29 [INFO] Grh=1505 Frame=356 X=480 Y=32 W=32 H=32 TileW=1 TileH=1 File=20
2026-08-21 01:42:29 [INFO] Grh=1506 Frame=357 X=512 Y=32 W=32 H=32 TileW=1 TileH=1 File=20
2026-08-21 01:42:29 [INFO] Grh=1507 Frame=358 X=544 Y=32 W=32 H=32 TileW=1 TileH=1 File=20
2026-08-21 01:42:29 [INFO] Grh=1513 Frame=364 X=-32 Y=64 W=32 H=32 TileW=1 TileH=1 File=20
2026-08-21 01:42:29 [INFO] Grh=1514 Frame=365 X=0 Y=64 W=32 H=32 TileW=1 TileH=1 File=20
2026-08-21 01:42:29 [INFO] Grh=1515 Frame=366 X=32 Y=64 W=32 H=32 TileW=1 TileH=1 File=20
2026-08-21 01:42:29 [INFO] Grh=1516 Frame=367 X=64 Y=64 W=32 H=32 TileW=1 TileH=1 File=20
2026-08-21 01:42:29 [INFO] Grh=1513 Frame=364 X=96 Y=64 W=32 H=32 TileW=1 TileH=1 File=20
2026-08-21 01:42:29 [INFO] Grh=1514 Frame=365 X=128 Y=64 W=32 H=32 TileW=1 TileH=1 File=20
2026-08-21 01:42:29 [INFO] Grh=1515 Frame=366 X=160 Y=64 W=32 H=32 TileW=1 TileH=1 File=20
2026-08-21 01:42:29 [INFO] Grh=1516 Frame=367 X=192 Y=64 W=32 H=32 TileW=1 TileH=1 File=20
2026-08-21 01:42:29 [INFO] Grh=1513 Frame=364 X=224 Y=64 W=32 H=32 TileW=1 TileH=1 File=20
2026-08-21 01:42:29 [INFO] Grh=1514 Frame=365 X=256 Y=64 W=32 H=32 TileW=1 TileH=1 File=20
2026-08-21 01:42:29 [INFO] Grh=1515 Frame=366 X=288 Y=64 W=32 H=32 TileW=1 TileH=1 File=20
2026-08-21 01:42:29 [INFO] Grh=1516 Frame=367 X=320 Y=64 W=32 H=32 TileW=1 TileH=1 File=20
2026-08-21 01:42:29 [INFO] Grh=1513 Frame=364 X=352 Y=64 W=32 H=32 TileW=1 TileH=1 File=20
2026-08-21 01:42:29 [INFO] Grh=1514 Frame=365 X=384 Y=64 W=32 H=32 TileW=1 TileH=1 File=20
2026-08-21 01:42:29 [INFO] Grh=1515 Frame=366 X=416 Y=64 W=32 H=32 TileW=1 TileH=1 File=20
2026-08-21 01:42:29 [INFO] Grh=1516 Frame=367 X=448 Y=64 W=32 H=32 TileW=1 TileH=1 File=20
2026-08-21 01:42:29 [INFO] Grh=1513 Frame=364 X=480 Y=64 W=32 H=32 TileW=1 TileH=1 File=20
2026-08-21 01:42:29 [INFO] Grh=1514 Frame=365 X=512 Y=64 W=32 H=32 TileW=1 TileH=1 File=20
2026-08-21 01:42:29 [INFO] Grh=1515 Frame=366 X=544 Y=64 W=32 H=32 TileW=1 TileH=1 File=20
2026-08-21 01:42:29 [INFO] Grh=1505 Frame=356 X=-32 Y=96 W=32 H=32 TileW=1 TileH=1 File=20
2026-08-21 01:42:29 [INFO] Grh=1506 Frame=357 X=0 Y=96 W=32 H=32 TileW=1 TileH=1 File=20
2026-08-21 01:42:29 [INFO] Grh=1507 Frame=358 X=32 Y=96 W=32 H=32 TileW=1 TileH=1 File=20
2026-08-21 01:42:29 [INFO] Grh=1508 Frame=359 X=64 Y=96 W=32 H=32 TileW=1 TileH=1 File=20
2026-08-21 01:42:29 [INFO] Grh=1505 Frame=356 X=96 Y=96 W=32 H=32 TileW=1 TileH=1 File=20
2026-08-21 01:42:29 [INFO] Grh=1506 Frame=357 X=128 Y=96 W=32 H=32 TileW=1 TileH=1 File=20
2026-08-21 01:42:29 [INFO] Grh=1507 Frame=358 X=160 Y=96 W=32 H=32 TileW=1 TileH=1 File=20
2026-08-21 01:42:29 [INFO] Grh=1508 Frame=359 X=192 Y=96 W=32 H=32 TileW=1 TileH=1 File=20
2026-08-21 01:42:29 [INFO] Grh=1505 Frame=356 X=224 Y=96 W=32 H=32 TileW=1 TileH=1 File=20
2026-08-21 01:42:29 [INFO] Grh=1506 Frame=357 X=256 Y=96 W=32 H=32 TileW=1 TileH=1 File=20
2026-08-21 01:42:29 [INFO] Grh=1507 Frame=358 X=288 Y=96 W=32 H=32 TileW=1 TileH=1 File=20
2026-08-21 01:42:29 [INFO] Grh=1508 Frame=359 X=320 Y=96 W=32 H=32 TileW=1 TileH=1 File=20
2026-08-21 01:42:29 [INFO] Grh=1505 Frame=356 X=352 Y=96 W=32 H=32 TileW=1 TileH=1 File=20
2026-08-21 01:42:29 [INFO] Grh=1506 Frame=357 X=384 Y=96 W=32 H=32 TileW=1 TileH=1 File=20
2026-08-21 01:42:29 [INFO] Grh=1507 Frame=358 X=416 Y=96 W=32 H=32 TileW=1 TileH=1 File=20
2026-08-21 01:42:29 [INFO] Grh=1508 Frame=359 X=448 Y=96 W=32 H=32 TileW=1 TileH=1 File=20
2026-08-21 01:42:29 [INFO] Grh=1505 Frame=356 X=480 Y=96 W=32 H=32 TileW=1 TileH=1 File=20
2026-08-21 01:42:29 [INFO] Grh=1506 Frame=357 X=512 Y=96 W=32 H=32 TileW=1 TileH=1 File=20
2026-08-21 01:42:29 [INFO] Grh=1507 Frame=358 X=544 Y=96 W=32 H=32 TileW=1 TileH=1 File=20
2026-08-21 01:42:29 [INFO] Grh=1513 Frame=364 X=-32 Y=128 W=32 H=32 TileW=1 TileH=1 File=20
2026-08-21 01:42:29 [INFO] Grh=1514 Frame=365 X=0 Y=128 W=32 H=32 TileW=1 TileH=1 File=20
2026-08-21 01:42:29 [INFO] Grh=1515 Frame=366 X=32 Y=128 W=32 H=32 TileW=1 TileH=1 File=20
2026-08-21 01:42:29 [INFO] Grh=1516 Frame=367 X=64 Y=128 W=32 H=32 TileW=1 TileH=1 File=20
2026-08-21 01:42:29 [INFO] Grh=1513 Frame=364 X=96 Y=128 W=32 H=32 TileW=1 TileH=1 File=20
2026-08-21 01:42:29 [INFO] Grh=1514 Frame=365 X=128 Y=128 W=32 H=32 TileW=1 TileH=1 File=20
2026-08-21 01:42:29 [INFO] Grh=1515 Frame=366 X=160 Y=128 W=32 H=32 TileW=1 TileH=1 File=20
2026-08-21 01:42:29 [INFO] Grh=1516 Frame=367 X=192 Y=128 W=32 H=32 TileW=1 TileH=1 File=20
2026-08-21 01:42:29 [INFO] Grh=1513 Frame=364 X=224 Y=128 W=32 H=32 TileW=1 TileH=1 File=20
2026-08-21 01:42:29 [INFO] Grh=1514 Frame=365 X=256 Y=128 W=32 H=32 TileW=1 TileH=1 File=20
2026-08-21 01:42:29 [INFO] Grh=1515 Frame=366 X=288 Y=128 W=32 H=32 TileW=1 TileH=1 File=20
2026-08-21 01:42:29 [INFO] Grh=1516 Frame=367 X=320 Y=128 W=32 H=32 TileW=1 TileH=1 File=20
2026-08-21 01:42:29 [INFO] Grh=1513 Frame=364 X=352 Y=128 W=32 H=32 TileW=1 TileH=1 File=20
2026-08-21 01:42:29 [INFO] Grh=1514 Frame=365 X=384 Y=128 W=32 H=32 TileW=1 TileH=1 File=20
2026-08-21 01:42:29 [INFO] Grh=1515 Frame=366 X=416 Y=128 W=32 H=32 TileW=1 TileH=1 File=20
2026-08-21 01:42:29 [INFO] Grh=1516 Frame=367 X=448 Y=128 W=32 H=32 TileW=1 TileH=1 File=20
2026-08-21 01:42:29 [INFO] Grh=1513 Frame=364 X=480 Y=128 W=32 H=32 TileW=1 TileH=1 File=20
2026-08-21 01:42:29 [INFO] Grh=1514 Frame=365 X=512 Y=128 W=32 H=32 TileW=1 TileH=1 File=20
2026-08-21 01:42:29 [INFO] Grh=1515 Frame=366 X=544 Y=128 W=32 H=32 TileW=1 TileH=1 File=20
2026-08-21 01:42:29 [INFO] Grh=1505 Frame=356 X=-32 Y=160 W=32 H=32 TileW=1 TileH=1 File=20
2026-08-21 01:42:29 [INFO] Grh=1506 Frame=357 X=0 Y=160 W=32 H=32 TileW=1 TileH=1 File=20
2026-08-21 01:42:29 [INFO] Grh=1507 Frame=358 X=32 Y=160 W=32 H=32 TileW=1 TileH=1 File=20
2026-08-21 01:42:29 [INFO] Grh=1508 Frame=359 X=64 Y=160 W=32 H=32 TileW=1 TileH=1 File=20
2026-08-21 01:42:29 [INFO] Grh=1505 Frame=356 X=96 Y=160 W=32 H=32 TileW=1 TileH=1 File=20
2026-08-21 01:42:29 [INFO] Grh=1506 Frame=357 X=128 Y=160 W=32 H=32 TileW=1 TileH=1 File=20
2026-08-21 01:42:29 [INFO] Grh=1507 Frame=358 X=160 Y=160 W=32 H=32 TileW=1 TileH=1 File=20
2026-08-21 01:42:29 [INFO] Grh=1508 Frame=359 X=192 Y=160 W=32 H=32 TileW=1 TileH=1 File=20
2026-08-21 01:42:29 [INFO] Grh=1505 Frame=356 X=224 Y=160 W=32 H=32 TileW=1 TileH=1 File=20
2026-08-21 01:42:29 [INFO] Grh=1506 Frame=357 X=256 Y=160 W=32 H=32 TileW=1 TileH=1 File=20
2026-08-21 01:42:29 [INFO] Grh=1507 Frame=358 X=288 Y=160 W=32 H=32 TileW=1 TileH=1 File=20
2026-08-21 01:42:29 [INFO] Grh=1508 Frame=359 X=320 Y=160 W=32 H=32 TileW=1 TileH=1 File=20
2026-08-21 01:42:29 [INFO] Grh=1505 Frame=356 X=352 Y=160 W=32 H=32 TileW=1 TileH=1 File=20
2026-08-21 01:42:29 [INFO] Grh=1506 Frame=357 X=384 Y=160 W=32 H=32 TileW=1 TileH=1 File=20
2026-08-21 01:42:29 [INFO] Grh=1507 Frame=358 X=416 Y=160 W=32 H=32 TileW=1 TileH=1 File=20
2026-08-21 01:42:29 [INFO] Grh=1508 Frame=359 X=448 Y=160 W=32 H=32 TileW=1 TileH=1 File=20
2026-08-21 01:42:29 [INFO] Grh=1505 Frame=356 X=480 Y=160 W=32 H=32 TileW=1 TileH=1 File=20
2026-08-21 01:42:29 [INFO] Grh=1506 Frame=357 X=512 Y=160 W=32 H=32 TileW=1 TileH=1 File=20
2026-08-21 01:42:29 [INFO] Grh=1507 Frame=358 X=544 Y=160 W=32 H=32 TileW=1 TileH=1 File=20
2026-08-21 01:42:29 [INFO] Grh=1513 Frame=364 X=-32 Y=192 W=32 H=32 TileW=1 TileH=1 File=20
2026-08-21 01:42:29 [INFO] Grh=1514 Frame=365 X=0 Y=192 W=32 H=32 TileW=1 TileH=1 File=20
2026-08-21 01:42:29 [INFO] Grh=1515 Frame=366 X=32 Y=192 W=32 H=32 TileW=1 TileH=1 File=20
2026-08-21 01:42:29 [INFO] Grh=1516 Frame=367 X=64 Y=192 W=32 H=32 TileW=1 TileH=1 File=20
2026-08-21 01:42:29 [INFO] Grh=1513 Frame=364 X=96 Y=192 W=32 H=32 TileW=1 TileH=1 File=20
2026-08-21 01:42:29 [INFO] Grh=1514 Frame=365 X=128 Y=192 W=32 H=32 TileW=1 TileH=1 File=20
2026-08-21 01:42:29 [INFO] Grh=1515 Frame=366 X=160 Y=192 W=32 H=32 TileW=1 TileH=1 File=20
2026-08-21 01:42:29 [INFO] Grh=1516 Frame=367 X=192 Y=192 W=32 H=32 TileW=1 TileH=1 File=20
2026-08-21 01:42:29 [INFO] Grh=1513 Frame=364 X=224 Y=192 W=32 H=32 TileW=1 TileH=1 File=20
2026-08-21 01:42:29 [INFO] Grh=1514 Frame=365 X=256 Y=192 W=32 H=32 TileW=1 TileH=1 File=20
2026-08-21 01:42:29 [INFO] Grh=1515 Frame=366 X=288 Y=192 W=32 H=32 TileW=1 TileH=1 File=20
2026-08-21 01:42:29 [INFO] Grh=1516 Frame=367 X=320 Y=192 W=32 H=32 TileW=1 TileH=1 File=20
2026-08-21 01:42:29 [INFO] Grh=1513 Frame=364 X=352 Y=192 W=32 H=32 TileW=1 TileH=1 File=20
2026-08-21 01:42:29 [INFO] Grh=1514 Frame=365 X=384 Y=192 W=32 H=32 TileW=1 TileH=1 File=20
2026-08-21 01:42:29 [INFO] Grh=1515 Frame=366 X=416 Y=192 W=32 H=32 TileW=1 TileH=1 File=20
2026-08-21 01:42:29 [INFO] Grh=1516 Frame=367 X=448 Y=192 W=32 H=32 TileW=1 TileH=1 File=20
2026-08-21 01:42:29 [INFO] Grh=1513 Frame=364 X=480 Y=192 W=32 H=32 TileW=1 TileH=1 File=20
2026-08-21 01:42:29 [INFO] Grh=1514 Frame=365 X=512 Y=192 W=32 H=32 TileW=1 TileH=1 File=20
2026-08-21 01:42:29 [INFO] Grh=1515 Frame=366 X=544 Y=192 W=32 H=32 TileW=1 TileH=1 File=20
2026-08-21 01:42:29 [INFO] Grh=6000 Frame=6000 X=-32 Y=-32 W=32 H=32 TileW=1 TileH=1 File=6000
2026-08-21 01:42:29 [INFO] Grh=6001 Frame=6001 X=0 Y=-32 W=32 H=32 TileW=1 TileH=1 File=6000
2026-08-21 01:42:29 [INFO] Grh=6002 Frame=6002 X=32 Y=-32 W=32 H=32 TileW=1 TileH=1 File=6000
2026-08-21 01:42:29 [INFO] Grh=6003 Frame=6003 X=64 Y=-32 W=32 H=32 TileW=1 TileH=1 File=6000
2026-08-21 01:42:29 [INFO] Grh=6000 Frame=6000 X=96 Y=-32 W=32 H=32 TileW=1 TileH=1 File=6000
2026-08-21 01:42:29 [INFO] Grh=6001 Frame=6001 X=128 Y=-32 W=32 H=32 TileW=1 TileH=1 File=6000
2026-08-21 01:42:29 [INFO] Grh=6002 Frame=6002 X=160 Y=-32 W=32 H=32 TileW=1 TileH=1 File=6000
2026-08-21 01:42:29 [INFO] Grh=6003 Frame=6003 X=192 Y=-32 W=32 H=32 TileW=1 TileH=1 File=6000
2026-08-21 01:42:29 [INFO] Grh=6000 Frame=6000 X=224 Y=-32 W=32 H=32 TileW=1 TileH=1 File=6000
2026-08-21 01:42:29 [INFO] Grh=6001 Frame=6001 X=256 Y=-32 W=32 H=32 TileW=1 TileH=1 File=6000
2026-08-21 01:42:29 [INFO] Grh=6002 Frame=6002 X=288 Y=-32 W=32 H=32 TileW=1 TileH=1 File=6000
2026-08-21 01:42:29 [INFO] Grh=6003 Frame=6003 X=320 Y=-32 W=32 H=32 TileW=1 TileH=1 File=6000
2026-08-21 01:42:29 [INFO] Grh=6000 Frame=6000 X=352 Y=-32 W=32 H=32 TileW=1 TileH=1 File=6000
2026-08-21 01:42:29 [INFO] Grh=6001 Frame=6001 X=384 Y=-32 W=32 H=32 TileW=1 TileH=1 File=6000
2026-08-21 01:42:29 [INFO] Grh=6002 Frame=6002 X=416 Y=-32 W=32 H=32 TileW=1 TileH=1 File=6000
2026-08-21 01:42:29 [INFO] Grh=6003 Frame=6003 X=448 Y=-32 W=32 H=32 TileW=1 TileH=1 File=6000
2026-08-21 01:42:29 [INFO] Grh=6000 Frame=6000 X=480 Y=-32 W=32 H=32 TileW=1 TileH=1 File=6000
2026-08-21 01:42:29 [INFO] Grh=6001 Frame=6001 X=512 Y=-32 W=32 H=32 TileW=1 TileH=1 File=6000
2026-08-21 01:42:29 [INFO] Grh=6002 Frame=6002 X=544 Y=-32 W=32 H=32 TileW=1 TileH=1 File=6000
2026-08-21 01:42:29 [INFO] Grh=6008 Frame=6008 X=-32 Y=0 W=32 H=32 TileW=1 TileH=1 File=6000
2026-08-21 01:42:29 [INFO] Grh=6009 Frame=6009 X=0 Y=0 W=32 H=32 TileW=1 TileH=1 File=6000
2026-08-21 01:42:29 [INFO] Grh=6010 Frame=6010 X=32 Y=0 W=32 H=32 TileW=1 TileH=1 File=6000
2026-08-21 01:42:29 [INFO] Grh=6011 Frame=6011 X=64 Y=0 W=32 H=32 TileW=1 TileH=1 File=6000
2026-08-21 01:42:29 [INFO] Grh=6008 Frame=6008 X=96 Y=0 W=32 H=32 TileW=1 TileH=1 File=6000
2026-08-21 01:42:29 [INFO] Grh=6009 Frame=6009 X=128 Y=0 W=32 H=32 TileW=1 TileH=1 File=6000
2026-08-21 01:42:29 [INFO] Grh=6010 Frame=6010 X=160 Y=0 W=32 H=32 TileW=1 TileH=1 File=6000
2026-08-21 01:42:29 [INFO] Grh=6011 Frame=6011 X=192 Y=0 W=32 H=32 TileW=1 TileH=1 File=6000
2026-08-21 01:42:29 [INFO] Grh=6008 Frame=6008 X=224 Y=0 W=32 H=32 TileW=1 TileH=1 File=6000
2026-08-21 01:42:29 [INFO] Grh=6009 Frame=6009 X=256 Y=0 W=32 H=32 TileW=1 TileH=1 File=6000
2026-08-21 01:42:29 [INFO] Grh=6010 Frame=6010 X=288 Y=0 W=32 H=32 TileW=1 TileH=1 File=6000
2026-08-21 01:42:29 [INFO] Grh=6011 Frame=6011 X=320 Y=0 W=32 H=32 TileW=1 TileH=1 File=6000
2026-08-21 01:42:29 [INFO] Grh=6008 Frame=6008 X=352 Y=0 W=32 H=32 TileW=1 TileH=1 File=6000
2026-08-21 01:42:29 [INFO] Grh=6009 Frame=6009 X=384 Y=0 W=32 H=32 TileW=1 TileH=1 File=6000
2026-08-21 01:42:29 [INFO] Grh=6010 Frame=6010 X=416 Y=0 W=32 H=32 TileW=1 TileH=1 File=6000
2026-08-21 01:42:29 [INFO] Grh=6011 Frame=6011 X=448 Y=0 W=32 H=32 TileW=1 TileH=1 File=6000
2026-08-21 01:42:29 [INFO] Grh=6008 Frame=6008 X=480 Y=0 W=32 H=32 TileW=1 TileH=1 File=6000
2026-08-21 01:42:29 [INFO] Grh=6009 Frame=6009 X=512 Y=0 W=32 H=32 TileW=1 TileH=1 File=6000
2026-08-21 01:42:29 [INFO] Grh=6010 Frame=6010 X=544 Y=0 W=32 H=32 TileW=1 TileH=1 File=6000
2026-08-21 01:42:29 [INFO] Grh=1505 Frame=356 X=-32 Y=32 W=32 H=32 TileW=1 TileH=1 File=20
2026-08-21 01:42:29 [INFO] Grh=1506 Frame=357 X=0 Y=32 W=32 H=32 TileW=1 TileH=1 File=20
2026-08-21 01:42:29 [INFO] Grh=1507 Frame=358 X=32 Y=32 W=32 H=32 TileW=1 TileH=1 File=20
2026-08-21 01:42:30 [INFO] Grh=1508 Frame=359 X=64 Y=32 W=32 H=32 TileW=1 TileH=1 File=20
2026-08-21 01:42:30 [INFO] Grh=1505 Frame=356 X=96 Y=32 W=32 H=32 TileW=1 TileH=1 File=20
2026-08-21 01:42:30 [INFO] Grh=1506 Frame=357 X=128 Y=32 W=32 H=32 TileW=1 TileH=1 File=20
2026-08-21 01:42:30 [INFO] Grh=1507 Frame=358 X=160 Y=32 W=32 H=32 TileW=1 TileH=1 File=20
2026-08-21 01:42:30 [INFO] Grh=1508 Frame=359 X=192 Y=32 W=32 H=32 TileW=1 TileH=1 File=20
2026-08-21 01:42:30 [INFO] Grh=1505 Frame=356 X=224 Y=32 W=32 H=32 TileW=1 TileH=1 File=20
2026-08-21 01:42:30 [INFO] Grh=1506 Frame=357 X=256 Y=32 W=32 H=32 TileW=1 TileH=1 File=20
2026-08-21 01:42:30 [INFO] Grh=1507 Frame=358 X=288 Y=32 W=32 H=32 TileW=1 TileH=1 File=20
2026-08-21 01:42:30 [INFO] Grh=1508 Frame=359 X=320 Y=32 W=32 H=32 TileW=1 TileH=1 File=20
2026-08-21 01:42:30 [INFO] Grh=1505 Frame=356 X=352 Y=32 W=32 H=32 TileW=1 TileH=1 File=20
2026-08-21 01:42:30 [INFO] Grh=1506 Frame=357 X=384 Y=32 W=32 H=32 TileW=1 TileH=1 File=20
2026-08-21 01:42:30 [INFO] Grh=1507 Frame=358 X=416 Y=32 W=32 H=32 TileW=1 TileH=1 File=20
2026-08-21 01:42:30 [INFO] Grh=1508 Frame=359 X=448 Y=32 W=32 H=32 TileW=1 TileH=1 File=20
2026-08-21 01:42:30 [INFO] Grh=1505 Frame=356 X=480 Y=32 W=32 H=32 TileW=1 TileH=1 File=20
2026-08-21 01:42:30 [INFO] Grh=1506 Frame=357 X=512 Y=32 W=32 H=32 TileW=1 TileH=1 File=20
2026-08-21 01:42:30 [INFO] Grh=1507 Frame=358 X=544 Y=32 W=32 H=32 TileW=1 TileH=1 File=20
2026-08-21 01:42:30 [INFO] Grh=1513 Frame=364 X=-32 Y=64 W=32 H=32 TileW=1 TileH=1 File=20
2026-08-21 01:42:30 [INFO] Grh=1514 Frame=365 X=0 Y=64 W=32 H=32 TileW=1 TileH=1 File=20
2026-08-21 01:42:30 [INFO] Grh=1515 Frame=366 X=32 Y=64 W=32 H=32 TileW=1 TileH=1 File=20
2026-08-21 01:42:30 [INFO] Grh=1516 Frame=367 X=64 Y=64 W=32 H=32 TileW=1 TileH=1 File=20
2026-08-21 01:42:30 [INFO] Grh=1513 Frame=364 X=96 Y=64 W=32 H=32 TileW=1 TileH=1 File=20
2026-08-21 01:42:30 [INFO] Grh=1514 Frame=365 X=128 Y=64 W=32 H=32 TileW=1 TileH=1 File=20
2026-08-21 01:42:30 [INFO] Grh=1515 Frame=366 X=160 Y=64 W=32 H=32 TileW=1 TileH=1 File=20
2026-08-21 01:42:30 [INFO] Grh=1516 Frame=367 X=192 Y=64 W=32 H=32 TileW=1 TileH=1 File=20
2026-08-21 01:42:30 [INFO] Grh=1513 Frame=364 X=224 Y=64 W=32 H=32 TileW=1 TileH=1 File=20
2026-08-21 01:42:30 [INFO] Grh=1514 Frame=365 X=256 Y=64 W=32 H=32 TileW=1 TileH=1 File=20
2026-08-21 01:42:30 [INFO] Grh=1515 Frame=366 X=288 Y=64 W=32 H=32 TileW=1 TileH=1 File=20
2026-08-21 01:42:30 [INFO] Grh=1516 Frame=367 X=320 Y=64 W=32 H=32 TileW=1 TileH=1 File=20
2026-08-21 01:42:30 [INFO] Grh=1513 Frame=364 X=352 Y=64 W=32 H=32 TileW=1 TileH=1 File=20
2026-08-21 01:42:30 [INFO] Grh=1514 Frame=365 X=384 Y=64 W=32 H=32 TileW=1 TileH=1 File=20
2026-08-21 01:42:30 [INFO] Grh=1515 Frame=366 X=416 Y=64 W=32 H=32 TileW=1 TileH=1 File=20
2026-08-21 01:42:30 [INFO] Grh=1516 Frame=367 X=448 Y=64 W=32 H=32 TileW=1 TileH=1 File=20
2026-08-21 01:42:30 [INFO] Grh=1513 Frame=364 X=480 Y=64 W=32 H=32 TileW=1 TileH=1 File=20
2026-08-21 01:42:30 [INFO] Grh=1514 Frame=365 X=512 Y=64 W=32 H=32 TileW=1 TileH=1 File=20
2026-08-21 01:42:30 [INFO] Grh=1515 Frame=366 X=544 Y=64 W=32 H=32 TileW=1 TileH=1 File=20
2026-08-21 01:42:30 [INFO] Grh=1505 Frame=356 X=-32 Y=96 W=32 H=32 TileW=1 TileH=1 File=20
2026-08-21 01:42:30 [INFO] Grh=1506 Frame=357 X=0 Y=96 W=32 H=32 TileW=1 TileH=1 File=20
2026-08-21 01:42:30 [INFO] Grh=1507 Frame=358 X=32 Y=96 W=32 H=32 TileW=1 TileH=1 File=20
2026-08-21 01:42:30 [INFO] Grh=1508 Frame=359 X=64 Y=96 W=32 H=32 TileW=1 TileH=1 File=20
2026-08-21 01:42:30 [INFO] Grh=1505 Frame=356 X=96 Y=96 W=32 H=32 TileW=1 TileH=1 File=20
2026-08-21 01:42:30 [INFO] Grh=1506 Frame=357 X=128 Y=96 W=32 H=32 TileW=1 TileH=1 File=20
2026-08-21 01:42:30 [INFO] Grh=1507 Frame=358 X=160 Y=96 W=32 H=32 TileW=1 TileH=1 File=20
2026-08-21 01:42:30 [INFO] Grh=1508 Frame=359 X=192 Y=96 W=32 H=32 TileW=1 TileH=1 File=20
2026-08-21 01:42:30 [INFO] Grh=1505 Frame=356 X=224 Y=96 W=32 H=32 TileW=1 TileH=1 File=20
2026-08-21 01:42:30 [INFO] Grh=1506 Frame=357 X=256 Y=96 W=32 H=32 TileW=1 TileH=1 File=20
2026-08-21 01:42:30 [INFO] Grh=1507 Frame=358 X=288 Y=96 W=32 H=32 TileW=1 TileH=1 File=20
2026-08-21 01:42:30 [INFO] Grh=1508 Frame=359 X=320 Y=96 W=32 H=32 TileW=1 TileH=1 File=20
2026-08-21 01:42:30 [INFO] Grh=1505 Frame=356 X=352 Y=96 W=32 H=32 TileW=1 TileH=1 File=20
2026-08-21 01:42:30 [INFO] Grh=1506 Frame=357 X=384 Y=96 W=32 H=32 TileW=1 TileH=1 File=20
2026-08-21 01:42:30 [INFO] Grh=1507 Frame=358 X=416 Y=96 W=32 H=32 TileW=1 TileH=1 File=20
2026-08-21 01:42:30 [INFO] Grh=1508 Frame=359 X=448 Y=96 W=32 H=32 TileW=1 TileH=1 File=20
2026-08-21 01:42:30 [INFO] Grh=1505 Frame=356 X=480 Y=96 W=32 H=32 TileW=1 TileH=1 File=20
2026-08-21 01:42:30 [INFO] Grh=1506 Frame=357 X=512 Y=96 W=32 H=32 TileW=1 TileH=1 File=20
2026-08-21 01:42:30 [INFO] Grh=1507 Frame=358 X=544 Y=96 W=32 H=32 TileW=1 TileH=1 File=20
2026-08-21 01:42:30 [INFO] Grh=1513 Frame=364 X=-32 Y=128 W=32 H=32 TileW=1 TileH=1 File=20
2026-08-21 01:42:30 [INFO] Grh=1514 Frame=365 X=0 Y=128 W=32 H=32 TileW=1 TileH=1 File=20
2026-08-21 01:42:30 [INFO] Grh=1515 Frame=366 X=32 Y=128 W=32 H=32 TileW=1 TileH=1 File=20
2026-08-21 01:42:30 [INFO] Grh=1516 Frame=367 X=64 Y=128 W=32 H=32 TileW=1 TileH=1 File=20
2026-08-21 01:42:30 [INFO] Grh=1513 Frame=364 X=96 Y=128 W=32 H=32 TileW=1 TileH=1 File=20
2026-08-21 01:42:30 [INFO] Grh=1514 Frame=365 X=128 Y=128 W=32 H=32 TileW=1 TileH=1 File=20
2026-08-21 01:42:30 [INFO] Grh=1515 Frame=366 X=160 Y=128 W=32 H=32 TileW=1 TileH=1 File=20
2026-08-21 01:42:30 [INFO] Grh=1516 Frame=367 X=192 Y=128 W=32 H=32 TileW=1 TileH=1 File=20
2026-08-21 01:42:30 [INFO] Grh=1513 Frame=364 X=224 Y=128 W=32 H=32 TileW=1 TileH=1 File=20
2026-08-21 01:42:30 [INFO] Grh=1514 Frame=365 X=256 Y=128 W=32 H=32 TileW=1 TileH=1 File=20
2026-08-21 01:42:30 [INFO] Grh=1515 Frame=366 X=288 Y=128 W=32 H=32 TileW=1 TileH=1 File=20
2026-08-21 01:42:30 [INFO] Grh=1516 Frame=367 X=320 Y=128 W=32 H=32 TileW=1 TileH=1 File=20
2026-08-21 01:42:30 [INFO] Grh=1513 Frame=364 X=352 Y=128 W=32 H=32 TileW=1 TileH=1 File=20
2026-08-21 01:42:30 [INFO] Grh=1514 Frame=365 X=384 Y=128 W=32 H=32 TileW=1 TileH=1 File=20
2026-08-21 01:42:30 [INFO] Grh=1515 Frame=366 X=416 Y=128 W=32 H=32 TileW=1 TileH=1 File=20
2026-08-21 01:42:30 [INFO] Grh=1516 Frame=367 X=448 Y=128 W=32 H=32 TileW=1 TileH=1 File=20
2026-08-21 01:42:30 [INFO] Grh=1513 Frame=364 X=480 Y=128 W=32 H=32 TileW=1 TileH=1 File=20
2026-08-21 01:42:30 [INFO] Grh=1514 Frame=365 X=512 Y=128 W=32 H=32 TileW=1 TileH=1 File=20
2026-08-21 01:42:30 [INFO] Grh=1515 Frame=366 X=544 Y=128 W=32 H=32 TileW=1 TileH=1 File=20
2026-08-21 01:42:30 [INFO] Grh=1505 Frame=356 X=-32 Y=160 W=32 H=32 TileW=1 TileH=1 File=20
2026-08-21 01:42:30 [INFO] Grh=1506 Frame=357 X=0 Y=160 W=32 H=32 TileW=1 TileH=1 File=20
2026-08-21 01:42:30 [INFO] Grh=1507 Frame=358 X=32 Y=160 W=32 H=32 TileW=1 TileH=1 File=20
2026-08-21 01:42:30 [INFO] Grh=1508 Frame=359 X=64 Y=160 W=32 H=32 TileW=1 TileH=1 File=20
2026-08-21 01:42:30 [INFO] Grh=1505 Frame=356 X=96 Y=160 W=32 H=32 TileW=1 TileH=1 File=20
2026-08-21 01:42:30 [INFO] Grh=1506 Frame=357 X=128 Y=160 W=32 H=32 TileW=1 TileH=1 File=20
2026-08-21 01:42:30 [INFO] Grh=1507 Frame=358 X=160 Y=160 W=32 H=32 TileW=1 TileH=1 File=20
2026-08-21 01:42:30 [INFO] Grh=1508 Frame=359 X=192 Y=160 W=32 H=32 TileW=1 TileH=1 File=20
2026-08-21 01:42:30 [INFO] Grh=1505 Frame=356 X=224 Y=160 W=32 H=32 TileW=1 TileH=1 File=20
2026-08-21 01:42:30 [INFO] Grh=1506 Frame=357 X=256 Y=160 W=32 H=32 TileW=1 TileH=1 File=20
2026-08-21 01:42:30 [INFO] Grh=1507 Frame=358 X=288 Y=160 W=32 H=32 TileW=1 TileH=1 File=20
2026-08-21 01:42:30 [INFO] Grh=1508 Frame=359 X=320 Y=160 W=32 H=32 TileW=1 TileH=1 File=20
2026-08-21 01:42:30 [INFO] Grh=1505 Frame=356 X=352 Y=160 W=32 H=32 TileW=1 TileH=1 File=20
2026-08-21 01:42:30 [INFO] Grh=1506 Frame=357 X=384 Y=160 W=32 H=32 TileW=1 TileH=1 File=20
2026-08-21 01:42:30 [INFO] Grh=1507 Frame=358 X=416 Y=160 W=32 H=32 TileW=1 TileH=1 File=20
2026-08-21 01:42:30 [INFO] Grh=1508 Frame=359 X=448 Y=160 W=32 H=32 TileW=1 TileH=1 File=20
2026-08-21 01:42:30 [INFO] Grh=1505 Frame=356 X=480 Y=160 W=32 H=32 TileW=1 TileH=1 File=20
2026-08-21 01:42:30 [INFO] Grh=1506 Frame=357 X=512 Y=160 W=32 H=32 TileW=1 TileH=1 File=20
2026-08-21 01:42:30 [INFO] Grh=1507 Frame=358 X=544 Y=160 W=32 H=32 TileW=1 TileH=1 File=20
2026-08-21 01:42:30 [INFO] Grh=1513 Frame=364 X=-32 Y=192 W=32 H=32 TileW=1 TileH=1 File=20
2026-08-21 01:42:30 [INFO] Grh=1514 Frame=365 X=0 Y=192 W=32 H=32 TileW=1 TileH=1 File=20
2026-08-21 01:42:30 [INFO] Grh=1515 Frame=366 X=32 Y=192 W=32 H=32 TileW=1 TileH=1 File=20
2026-08-21 01:42:30 [INFO] Grh=1516 Frame=367 X=64 Y=192 W=32 H=32 TileW=1 TileH=1 File=20
2026-08-21 01:42:30 [INFO] Grh=1513 Frame=364 X=96 Y=192 W=32 H=32 TileW=1 TileH=1 File=20
2026-08-21 01:42:30 [INFO] Grh=1514 Frame=365 X=128 Y=192 W=32 H=32 TileW=1 TileH=1 File=20
2026-08-21 01:42:30 [INFO] Grh=1515 Frame=366 X=160 Y=192 W=32 H=32 TileW=1 TileH=1 File=20
2026-08-21 01:42:30 [INFO] Grh=1516 Frame=367 X=192 Y=192 W=32 H=32 TileW=1 TileH=1 File=20
2026-08-21 01:42:30 [INFO] Grh=1513 Frame=364 X=224 Y=192 W=32 H=32 TileW=1 TileH=1 File=20
2026-08-21 01:42:30 [INFO] Grh=1514 Frame=365 X=256 Y=192 W=32 H=32 TileW=1 TileH=1 File=20
2026-08-21 01:42:30 [INFO] Grh=1515 Frame=366 X=288 Y=192 W=32 H=32 TileW=1 TileH=1 File=20
2026-08-21 01:42:30 [INFO] Grh=1516 Frame=367 X=320 Y=192 W=32 H=32 TileW=1 TileH=1 File=20
2026-08-21 01:42:30 [INFO] Grh=1513 Frame=364 X=352 Y=192 W=32 H=32 TileW=1 TileH=1 File=20
2026-08-21 01:42:30 [INFO] Grh=1514 Frame=365 X=384 Y=192 W=32 H=32 TileW=1 TileH=1 File=20
2026-08-21 01:42:30 [INFO] Grh=1515 Frame=366 X=416 Y=192 W=32 H=32 TileW=1 TileH=1 File=20
2026-08-21 01:42:30 [INFO] Grh=1516 Frame=367 X=448 Y=192 W=32 H=32 TileW=1 TileH=1 File=20
2026-08-21 01:42:30 [INFO] Grh=1513 Frame=364 X=480 Y=192 W=32 H=32 TileW=1 TileH=1 File=20
2026-08-21 01:42:30 [INFO] Grh=1514 Frame=365 X=512 Y=192 W=32 H=32 TileW=1 TileH=1 File=20
2026-08-21 01:42:30 [INFO] Grh=1515 Frame=366 X=544 Y=192 W=32 H=32 TileW=1 TileH=1 File=20
2026-08-21 01:42:30 [INFO] Grh=6000 Frame=6000 X=-32 Y=-32 W=32 H=32 TileW=1 TileH=1 File=6000
2026-08-21 01:42:30 [INFO] Grh=6001 Frame=6001 X=0 Y=-32 W=32 H=32 TileW=1 TileH=1 File=6000
2026-08-21 01:42:30 [INFO] Grh=6002 Frame=6002 X=32 Y=-32 W=32 H=32 TileW=1 TileH=1 File=6000
2026-08-21 01:42:30 [INFO] Grh=6003 Frame=6003 X=64 Y=-32 W=32 H=32 TileW=1 TileH=1 File=6000
2026-08-21 01:42:30 [INFO] Grh=6000 Frame=6000 X=96 Y=-32 W=32 H=32 TileW=1 TileH=1 File=6000
2026-08-21 01:42:30 [INFO] Grh=6001 Frame=6001 X=128 Y=-32 W=32 H=32 TileW=1 TileH=1 File=6000
2026-08-21 01:42:30 [INFO] Grh=6002 Frame=6002 X=160 Y=-32 W=32 H=32 TileW=1 TileH=1 File=6000
2026-08-21 01:42:30 [INFO] Grh=6003 Frame=6003 X=192 Y=-32 W=32 H=32 TileW=1 TileH=1 File=6000
2026-08-21 01:42:30 [INFO] Grh=6000 Frame=6000 X=224 Y=-32 W=32 H=32 TileW=1 TileH=1 File=6000
2026-08-21 01:42:30 [INFO] Grh=6001 Frame=6001 X=256 Y=-32 W=32 H=32 TileW=1 TileH=1 File=6000
2026-08-21 01:42:30 [INFO] Grh=6002 Frame=6002 X=288 Y=-32 W=32 H=32 TileW=1 TileH=1 File=6000
2026-08-21 01:42:30 [INFO] Grh=6003 Frame=6003 X=320 Y=-32 W=32 H=32 TileW=1 TileH=1 File=6000
2026-08-21 01:42:30 [INFO] Grh=6000 Frame=6000 X=352 Y=-32 W=32 H=32 TileW=1 TileH=1 File=6000
2026-08-21 01:42:30 [INFO] Grh=6001 Frame=6001 X=384 Y=-32 W=32 H=32 TileW=1 TileH=1 File=6000
2026-08-21 01:42:30 [INFO] Grh=6002 Frame=6002 X=416 Y=-32 W=32 H=32 TileW=1 TileH=1 File=6000
2026-08-21 01:42:30 [INFO] Grh=6003 Frame=6003 X=448 Y=-32 W=32 H=32 TileW=1 TileH=1 File=6000
2026-08-21 01:42:30 [INFO] Grh=6000 Frame=6000 X=480 Y=-32 W=32 H=32 TileW=1 TileH=1 File=6000
2026-08-21 01:42:30 [INFO] Grh=6001 Frame=6001 X=512 Y=-32 W=32 H=32 TileW=1 TileH=1 File=6000
2026-08-21 01:42:30 [INFO] Grh=6002 Frame=6002 X=544 Y=-32 W=32 H=32 TileW=1 TileH=1 File=6000
2026-08-21 01:42:31 [INFO] Grh=6008 Frame=6008 X=-32 Y=0 W=32 H=32 TileW=1 TileH=1 File=6000
2026-08-21 01:42:31 [INFO] Grh=6009 Frame=6009 X=0 Y=0 W=32 H=32 TileW=1 TileH=1 File=6000
2026-08-21 01:42:31 [INFO] Grh=6010 Frame=6010 X=32 Y=0 W=32 H=32 TileW=1 TileH=1 File=6000
2026-08-21 01:42:31 [INFO] Grh=6011 Frame=6011 X=64 Y=0 W=32 H=32 TileW=1 TileH=1 File=6000
2026-08-21 01:42:31 [INFO] Grh=6008 Frame=6008 X=96 Y=0 W=32 H=32 TileW=1 TileH=1 File=6000
2026-08-21 01:42:31 [INFO] Grh=6009 Frame=6009 X=128 Y=0 W=32 H=32 TileW=1 TileH=1 File=6000
2026-08-21 01:42:31 [INFO] Grh=6010 Frame=6010 X=160 Y=0 W=32 H=32 TileW=1 TileH=1 File=6000
2026-08-21 01:42:31 [INFO] Grh=6011 Frame=6011 X=192 Y=0 W=32 H=32 TileW=1 TileH=1 File=6000
2026-08-21 01:42:31 [INFO] Grh=6008 Frame=6008 X=224 Y=0 W=32 H=32 TileW=1 TileH=1 File=6000
2026-08-21 01:42:31 [INFO] Grh=6009 Frame=6009 X=256 Y=0 W=32 H=32 TileW=1 TileH=1 File=6000
2026-08-21 01:42:31 [INFO] Grh=6010 Frame=6010 X=288 Y=0 W=32 H=32 TileW=1 TileH=1 File=6000
2026-08-21 01:42:31 [INFO] Grh=6011 Frame=6011 X=320 Y=0 W=32 H=32 TileW=1 TileH=1 File=6000
2026-08-21 01:42:31 [INFO] Grh=6008 Frame=6008 X=352 Y=0 W=32 H=32 TileW=1 TileH=1 File=6000
2026-08-21 01:42:31 [INFO] Grh=6009 Frame=6009 X=384 Y=0 W=32 H=32 TileW=1 TileH=1 File=6000
2026-08-21 01:42:31 [INFO] Grh=6010 Frame=6010 X=416 Y=0 W=32 H=32 TileW=1 TileH=1 File=6000
2026-08-21 01:42:31 [INFO] Grh=6011 Frame=6011 X=448 Y=0 W=32 H=32 TileW=1 TileH=1 File=6000
2026-08-21 01:42:31 [INFO] Grh=6008 Frame=6008 X=480 Y=0 W=32 H=32 TileW=1 TileH=1 File=6000
2026-08-21 01:42:31 [INFO] Grh=6009 Frame=6009 X=512 Y=0 W=32 H=32 TileW=1 TileH=1 File=6000
2026-08-21 01:42:31 [INFO] Grh=6010 Frame=6010 X=544 Y=0 W=32 H=32 TileW=1 TileH=1 File=6000
2026-08-21 01:42:31 [INFO] Grh=1505 Frame=372 X=-32 Y=32 W=32 H=32 TileW=1 TileH=1 File=20
2026-08-21 01:42:31 [INFO] Grh=1506 Frame=373 X=0 Y=32 W=32 H=32 TileW=1 TileH=1 File=20
2026-08-21 01:42:31 [INFO] Grh=1507 Frame=374 X=32 Y=32 W=32 H=32 TileW=1 TileH=1 File=20
2026-08-21 01:42:31 [INFO] Grh=1508 Frame=375 X=64 Y=32 W=32 H=32 TileW=1 TileH=1 File=20
2026-08-21 01:42:31 [INFO] Grh=1505 Frame=372 X=96 Y=32 W=32 H=32 TileW=1 TileH=1 File=20
2026-08-21 01:42:31 [INFO] Grh=1506 Frame=373 X=128 Y=32 W=32 H=32 TileW=1 TileH=1 File=20
2026-08-21 01:42:31 [INFO] Grh=1507 Frame=374 X=160 Y=32 W=32 H=32 TileW=1 TileH=1 File=20
2026-08-21 01:42:31 [INFO] Grh=1508 Frame=375 X=192 Y=32 W=32 H=32 TileW=1 TileH=1 File=20
2026-08-21 01:42:31 [INFO] Grh=1505 Frame=372 X=224 Y=32 W=32 H=32 TileW=1 TileH=1 File=20
2026-08-21 01:42:31 [INFO] Grh=1506 Frame=373 X=256 Y=32 W=32 H=32 TileW=1 TileH=1 File=20
2026-08-21 01:42:31 [INFO] Grh=1507 Frame=374 X=288 Y=32 W=32 H=32 TileW=1 TileH=1 File=20
2026-08-21 01:42:31 [INFO] Grh=1508 Frame=375 X=320 Y=32 W=32 H=32 TileW=1 TileH=1 File=20
2026-08-21 01:42:31 [INFO] Grh=1505 Frame=372 X=352 Y=32 W=32 H=32 TileW=1 TileH=1 File=20
2026-08-21 01:42:31 [INFO] Grh=1506 Frame=373 X=384 Y=32 W=32 H=32 TileW=1 TileH=1 File=20
2026-08-21 01:42:31 [INFO] Grh=1507 Frame=374 X=416 Y=32 W=32 H=32 TileW=1 TileH=1 File=20
2026-08-21 01:42:31 [INFO] Grh=1508 Frame=375 X=448 Y=32 W=32 H=32 TileW=1 TileH=1 File=20
2026-08-21 01:42:31 [INFO] Grh=1505 Frame=372 X=480 Y=32 W=32 H=32 TileW=1 TileH=1 File=20
2026-08-21 01:42:31 [INFO] Grh=1506 Frame=373 X=512 Y=32 W=32 H=32 TileW=1 TileH=1 File=20
2026-08-21 01:42:31 [INFO] Grh=1507 Frame=374 X=544 Y=32 W=32 H=32 TileW=1 TileH=1 File=20
2026-08-21 01:42:31 [INFO] Grh=1513 Frame=380 X=-32 Y=64 W=32 H=32 TileW=1 TileH=1 File=20
2026-08-21 01:42:31 [INFO] Grh=1514 Frame=381 X=0 Y=64 W=32 H=32 TileW=1 TileH=1 File=20
2026-08-21 01:42:31 [INFO] Grh=1515 Frame=382 X=32 Y=64 W=32 H=32 TileW=1 TileH=1 File=20
2026-08-21 01:42:31 [INFO] Grh=1516 Frame=383 X=64 Y=64 W=32 H=32 TileW=1 TileH=1 File=20
2026-08-21 01:42:31 [INFO] Grh=1513 Frame=380 X=96 Y=64 W=32 H=32 TileW=1 TileH=1 File=20
2026-08-21 01:42:31 [INFO] Grh=1514 Frame=381 X=128 Y=64 W=32 H=32 TileW=1 TileH=1 File=20
2026-08-21 01:42:31 [INFO] Grh=1515 Frame=382 X=160 Y=64 W=32 H=32 TileW=1 TileH=1 File=20
2026-08-21 01:42:31 [INFO] Grh=1516 Frame=383 X=192 Y=64 W=32 H=32 TileW=1 TileH=1 File=20
2026-08-21 01:42:31 [INFO] Grh=1513 Frame=380 X=224 Y=64 W=32 H=32 TileW=1 TileH=1 File=20
2026-08-21 01:42:31 [INFO] Grh=1514 Frame=381 X=256 Y=64 W=32 H=32 TileW=1 TileH=1 File=20
2026-08-21 01:42:31 [INFO] Grh=1515 Frame=382 X=288 Y=64 W=32 H=32 TileW=1 TileH=1 File=20
2026-08-21 01:42:31 [INFO] Grh=1516 Frame=383 X=320 Y=64 W=32 H=32 TileW=1 TileH=1 File=20
2026-08-21 01:42:31 [INFO] Grh=1513 Frame=380 X=352 Y=64 W=32 H=32 TileW=1 TileH=1 File=20
2026-08-21 01:42:31 [INFO] Grh=1514 Frame=381 X=384 Y=64 W=32 H=32 TileW=1 TileH=1 File=20
2026-08-21 01:42:31 [INFO] Grh=1515 Frame=382 X=416 Y=64 W=32 H=32 TileW=1 TileH=1 File=20
2026-08-21 01:42:31 [INFO] Grh=1516 Frame=383 X=448 Y=64 W=32 H=32 TileW=1 TileH=1 File=20
2026-08-21 01:42:31 [INFO] Grh=1513 Frame=380 X=480 Y=64 W=32 H=32 TileW=1 TileH=1 File=20
2026-08-21 01:42:31 [INFO] Grh=1514 Frame=381 X=512 Y=64 W=32 H=32 TileW=1 TileH=1 File=20
2026-08-21 01:42:31 [INFO] Grh=1515 Frame=382 X=544 Y=64 W=32 H=32 TileW=1 TileH=1 File=20
2026-08-21 01:42:31 [INFO] Grh=1505 Frame=372 X=-32 Y=96 W=32 H=32 TileW=1 TileH=1 File=20
2026-08-21 01:42:31 [INFO] Grh=1506 Frame=373 X=0 Y=96 W=32 H=32 TileW=1 TileH=1 File=20
2026-08-21 01:42:31 [INFO] Grh=1507 Frame=374 X=32 Y=96 W=32 H=32 TileW=1 TileH=1 File=20
2026-08-21 01:42:31 [INFO] Grh=1508 Frame=375 X=64 Y=96 W=32 H=32 TileW=1 TileH=1 File=20
2026-08-21 01:42:31 [INFO] Grh=1505 Frame=372 X=96 Y=96 W=32 H=32 TileW=1 TileH=1 File=20
2026-08-21 01:42:31 [INFO] Grh=1506 Frame=373 X=128 Y=96 W=32 H=32 TileW=1 TileH=1 File=20
2026-08-21 01:42:31 [INFO] Grh=1507 Frame=374 X=160 Y=96 W=32 H=32 TileW=1 TileH=1 File=20
2026-08-21 01:42:31 [INFO] Grh=1508 Frame=375 X=192 Y=96 W=32 H=32 TileW=1 TileH=1 File=20
2026-08-21 01:42:31 [INFO] Grh=1505 Frame=372 X=224 Y=96 W=32 H=32 TileW=1 TileH=1 File=20
2026-08-21 01:42:31 [INFO] Grh=1506 Frame=373 X=256 Y=96 W=32 H=32 TileW=1 TileH=1 File=20
2026-08-21 01:42:31 [INFO] Grh=1507 Frame=374 X=288 Y=96 W=32 H=32 TileW=1 TileH=1 File=20
2026-08-21 01:42:31 [INFO] Grh=1508 Frame=375 X=320 Y=96 W=32 H=32 TileW=1 TileH=1 File=20
2026-08-21 01:42:31 [INFO] Grh=1505 Frame=372 X=352 Y=96 W=32 H=32 TileW=1 TileH=1 File=20
2026-08-21 01:42:31 [INFO] Grh=1506 Frame=373 X=384 Y=96 W=32 H=32 TileW=1 TileH=1 File=20
2026-08-21 01:42:31 [INFO] Grh=1507 Frame=374 X=416 Y=96 W=32 H=32 TileW=1 TileH=1 File=20
2026-08-21 01:42:31 [INFO] Grh=1508 Frame=375 X=448 Y=96 W=32 H=32 TileW=1 TileH=1 File=20
2026-08-21 01:42:31 [INFO] Grh=1505 Frame=372 X=480 Y=96 W=32 H=32 TileW=1 TileH=1 File=20
2026-08-21 01:42:31 [INFO] Grh=1506 Frame=373 X=512 Y=96 W=32 H=32 TileW=1 TileH=1 File=20
2026-08-21 01:42:31 [INFO] Grh=1507 Frame=374 X=544 Y=96 W=32 H=32 TileW=1 TileH=1 File=20
2026-08-21 01:42:31 [INFO] Grh=1513 Frame=380 X=-32 Y=128 W=32 H=32 TileW=1 TileH=1 File=20
2026-08-21 01:42:31 [INFO] Grh=1514 Frame=381 X=0 Y=128 W=32 H=32 TileW=1 TileH=1 File=20
2026-08-21 01:42:31 [INFO] Grh=1515 Frame=382 X=32 Y=128 W=32 H=32 TileW=1 TileH=1 File=20
2026-08-21 01:42:31 [INFO] Grh=1516 Frame=383 X=64 Y=128 W=32 H=32 TileW=1 TileH=1 File=20
2026-08-21 01:42:31 [INFO] Grh=1513 Frame=380 X=96 Y=128 W=32 H=32 TileW=1 TileH=1 File=20
2026-08-21 01:42:31 [INFO] Grh=1514 Frame=381 X=128 Y=128 W=32 H=32 TileW=1 TileH=1 File=20
2026-08-21 01:42:31 [INFO] Grh=1515 Frame=382 X=160 Y=128 W=32 H=32 TileW=1 TileH=1 File=20
2026-08-21 01:42:31 [INFO] Grh=1516 Frame=383 X=192 Y=128 W=32 H=32 TileW=1 TileH=1 File=20
2026-08-21 01:42:31 [INFO] Grh=1513 Frame=380 X=224 Y=128 W=32 H=32 TileW=1 TileH=1 File=20
2026-08-21 01:42:31 [INFO] Grh=1514 Frame=381 X=256 Y=128 W=32 H=32 TileW=1 TileH=1 File=20
2026-08-21 01:42:31 [INFO] Grh=1515 Frame=382 X=288 Y=128 W=32 H=32 TileW=1 TileH=1 File=20
2026-08-21 01:42:31 [INFO] Grh=1516 Frame=383 X=320 Y=128 W=32 H=32 TileW=1 TileH=1 File=20
2026-08-21 01:42:31 [INFO] Grh=1513 Frame=380 X=352 Y=128 W=32 H=32 TileW=1 TileH=1 File=20
2026-08-21 01:42:31 [INFO] Grh=1514 Frame=381 X=384 Y=128 W=32 H=32 TileW=1 TileH=1 File=20
2026-08-21 01:42:31 [INFO] Grh=1515 Frame=382 X=416 Y=128 W=32 H=32 TileW=1 TileH=1 File=20
2026-08-21 01:42:31 [INFO] Grh=1516 Frame=383 X=448 Y=128 W=32 H=32 TileW=1 TileH=1 File=20
2026-08-21 01:42:31 [INFO] Grh=1513 Frame=380 X=480 Y=128 W=32 H=32 TileW=1 TileH=1 File=20
2026-08-21 01:42:31 [INFO] Grh=1514 Frame=381 X=512 Y=128 W=32 H=32 TileW=1 TileH=1 File=20
2026-08-21 01:42:31 [INFO] Grh=1515 Frame=382 X=544 Y=128 W=32 H=32 TileW=1 TileH=1 File=20
2026-08-21 01:42:31 [INFO] Grh=1505 Frame=372 X=-32 Y=160 W=32 H=32 TileW=1 TileH=1 File=20
2026-08-21 01:42:31 [INFO] Grh=1506 Frame=373 X=0 Y=160 W=32 H=32 TileW=1 TileH=1 File=20
2026-08-21 01:42:31 [INFO] Grh=1507 Frame=374 X=32 Y=160 W=32 H=32 TileW=1 TileH=1 File=20
2026-08-21 01:42:31 [INFO] Grh=1508 Frame=375 X=64 Y=160 W=32 H=32 TileW=1 TileH=1 File=20
2026-08-21 01:42:31 [INFO] Grh=1505 Frame=372 X=96 Y=160 W=32 H=32 TileW=1 TileH=1 File=20
2026-08-21 01:42:31 [INFO] Grh=1506 Frame=373 X=128 Y=160 W=32 H=32 TileW=1 TileH=1 File=20
2026-08-21 01:42:31 [INFO] Grh=1507 Frame=374 X=160 Y=160 W=32 H=32 TileW=1 TileH=1 File=20
2026-08-21 01:42:31 [INFO] Grh=1508 Frame=375 X=192 Y=160 W=32 H=32 TileW=1 TileH=1 File=20
2026-08-21 01:42:31 [INFO] Grh=1505 Frame=372 X=224 Y=160 W=32 H=32 TileW=1 TileH=1 File=20
2026-08-21 01:42:32 [INFO] Grh=1506 Frame=373 X=256 Y=160 W=32 H=32 TileW=1 TileH=1 File=20
2026-08-21 01:42:32 [INFO] Grh=1507 Frame=374 X=288 Y=160 W=32 H=32 TileW=1 TileH=1 File=20
2026-08-21 01:42:32 [INFO] Grh=1508 Frame=375 X=320 Y=160 W=32 H=32 TileW=1 TileH=1 File=20
2026-08-21 01:42:32 [INFO] Grh=1505 Frame=372 X=352 Y=160 W=32 H=32 TileW=1 TileH=1 File=20
2026-08-21 01:42:32 [INFO] Grh=1506 Frame=373 X=384 Y=160 W=32 H=32 TileW=1 TileH=1 File=20
2026-08-21 01:42:32 [INFO] Grh=1507 Frame=374 X=416 Y=160 W=32 H=32 TileW=1 TileH=1 File=20
2026-08-21 01:42:32 [INFO] Grh=1508 Frame=375 X=448 Y=160 W=32 H=32 TileW=1 TileH=1 File=20
2026-08-21 01:42:32 [INFO] Grh=1505 Frame=372 X=480 Y=160 W=32 H=32 TileW=1 TileH=1 File=20
2026-08-21 01:42:32 [INFO] Grh=1506 Frame=373 X=512 Y=160 W=32 H=32 TileW=1 TileH=1 File=20
2026-08-21 01:42:32 [INFO] Grh=1507 Frame=374 X=544 Y=160 W=32 H=32 TileW=1 TileH=1 File=20
2026-08-21 01:42:32 [INFO] Grh=1513 Frame=380 X=-32 Y=192 W=32 H=32 TileW=1 TileH=1 File=20
2026-08-21 01:42:32 [INFO] Grh=1514 Frame=381 X=0 Y=192 W=32 H=32 TileW=1 TileH=1 File=20
2026-08-21 01:42:32 [INFO] Grh=1515 Frame=382 X=32 Y=192 W=32 H=32 TileW=1 TileH=1 File=20
2026-08-21 01:42:32 [INFO] Grh=1516 Frame=383 X=64 Y=192 W=32 H=32 TileW=1 TileH=1 File=20
2026-08-21 01:42:32 [INFO] Grh=1513 Frame=380 X=96 Y=192 W=32 H=32 TileW=1 TileH=1 File=20
2026-08-21 01:42:32 [INFO] Grh=1514 Frame=381 X=128 Y=192 W=32 H=32 TileW=1 TileH=1 File=20
2026-08-21 01:42:32 [INFO] Grh=1515 Frame=382 X=160 Y=192 W=32 H=32 TileW=1 TileH=1 File=20
2026-08-21 01:42:32 [INFO] Grh=1516 Frame=383 X=192 Y=192 W=32 H=32 TileW=1 TileH=1 File=20
2026-08-21 01:42:32 [INFO] Grh=1513 Frame=380 X=224 Y=192 W=32 H=32 TileW=1 TileH=1 File=20
2026-08-21 01:42:32 [INFO] Grh=1514 Frame=381 X=256 Y=192 W=32 H=32 TileW=1 TileH=1 File=20
2026-08-21 01:42:32 [INFO] Grh=1515 Frame=382 X=288 Y=192 W=32 H=32 TileW=1 TileH=1 File=20
2026-08-21 01:42:32 [INFO] Grh=1516 Frame=383 X=320 Y=192 W=32 H=32 TileW=1 TileH=1 File=20
2026-08-21 01:42:32 [INFO] Grh=1513 Frame=380 X=352 Y=192 W=32 H=32 TileW=1 TileH=1 File=20
2026-08-21 01:42:32 [INFO] Grh=1514 Frame=381 X=384 Y=192 W=32 H=32 TileW=1 TileH=1 File=20
2026-08-21 01:42:32 [INFO] Grh=1515 Frame=382 X=416 Y=192 W=32 H=32 TileW=1 TileH=1 File=20
2026-08-21 01:42:32 [INFO] Grh=1516 Frame=383 X=448 Y=192 W=32 H=32 TileW=1 TileH=1 File=20
2026-08-21 01:42:32 [INFO] Grh=1513 Frame=380 X=480 Y=192 W=32 H=32 TileW=1 TileH=1 File=20
2026-08-21 01:42:32 [INFO] Grh=1514 Frame=381 X=512 Y=192 W=32 H=32 TileW=1 TileH=1 File=20
2026-08-21 01:42:32 [INFO] Grh=1515 Frame=382 X=544 Y=192 W=32 H=32 TileW=1 TileH=1 File=20
2026-08-21 01:42:32 [INFO] Grh=6000 Frame=6000 X=-32 Y=-32 W=32 H=32 TileW=1 TileH=1 File=6000
2026-08-21 01:42:32 [INFO] Grh=6001 Frame=6001 X=0 Y=-32 W=32 H=32 TileW=1 TileH=1 File=6000
2026-08-21 01:42:32 [INFO] Grh=6002 Frame=6002 X=32 Y=-32 W=32 H=32 TileW=1 TileH=1 File=6000
2026-08-21 01:42:32 [INFO] Grh=6003 Frame=6003 X=64 Y=-32 W=32 H=32 TileW=1 TileH=1 File=6000
2026-08-21 01:42:32 [INFO] Grh=6000 Frame=6000 X=96 Y=-32 W=32 H=32 TileW=1 TileH=1 File=6000
2026-08-21 01:42:32 [INFO] Grh=6001 Frame=6001 X=128 Y=-32 W=32 H=32 TileW=1 TileH=1 File=6000
2026-08-21 01:42:32 [INFO] Grh=6002 Frame=6002 X=160 Y=-32 W=32 H=32 TileW=1 TileH=1 File=6000
2026-08-21 01:42:32 [INFO] Grh=6003 Frame=6003 X=192 Y=-32 W=32 H=32 TileW=1 TileH=1 File=6000
2026-08-21 01:42:32 [INFO] Grh=6000 Frame=6000 X=224 Y=-32 W=32 H=32 TileW=1 TileH=1 File=6000
2026-08-21 01:42:32 [INFO] Grh=6001 Frame=6001 X=256 Y=-32 W=32 H=32 TileW=1 TileH=1 File=6000
2026-08-21 01:42:32 [INFO] Grh=6002 Frame=6002 X=288 Y=-32 W=32 H=32 TileW=1 TileH=1 File=6000
2026-08-21 01:42:32 [INFO] Grh=6003 Frame=6003 X=320 Y=-32 W=32 H=32 TileW=1 TileH=1 File=6000
2026-08-21 01:42:32 [INFO] Grh=6000 Frame=6000 X=352 Y=-32 W=32 H=32 TileW=1 TileH=1 File=6000
2026-08-21 01:42:32 [INFO] Grh=6001 Frame=6001 X=384 Y=-32 W=32 H=32 TileW=1 TileH=1 File=6000
2026-08-21 01:42:32 [INFO] Grh=6002 Frame=6002 X=416 Y=-32 W=32 H=32 TileW=1 TileH=1 File=6000
2026-08-21 01:42:32 [INFO] Grh=6003 Frame=6003 X=448 Y=-32 W=32 H=32 TileW=1 TileH=1 File=6000
2026-08-21 01:42:32 [INFO] Grh=6000 Frame=6000 X=480 Y=-32 W=32 H=32 TileW=1 TileH=1 File=6000
2026-08-21 01:42:32 [INFO] Grh=6001 Frame=6001 X=512 Y=-32 W=32 H=32 TileW=1 TileH=1 File=6000
2026-08-21 01:42:32 [INFO] Grh=6002 Frame=6002 X=544 Y=-32 W=32 H=32 TileW=1 TileH=1 File=6000
2026-08-21 01:42:32 [INFO] Grh=6008 Frame=6008 X=-32 Y=0 W=32 H=32 TileW=1 TileH=1 File=6000
2026-08-21 01:42:32 [INFO] Grh=6009 Frame=6009 X=0 Y=0 W=32 H=32 TileW=1 TileH=1 File=6000
2026-08-21 01:42:32 [INFO] Grh=6010 Frame=6010 X=32 Y=0 W=32 H=32 TileW=1 TileH=1 File=6000
2026-08-21 01:42:32 [INFO] Grh=6011 Frame=6011 X=64 Y=0 W=32 H=32 TileW=1 TileH=1 File=6000
2026-08-21 01:42:32 [INFO] Grh=6008 Frame=6008 X=96 Y=0 W=32 H=32 TileW=1 TileH=1 File=6000
2026-08-21 01:42:32 [INFO] Grh=6009 Frame=6009 X=128 Y=0 W=32 H=32 TileW=1 TileH=1 File=6000
2026-08-21 01:42:32 [INFO] Grh=6010 Frame=6010 X=160 Y=0 W=32 H=32 TileW=1 TileH=1 File=6000
2026-08-21 01:42:32 [INFO] Grh=6011 Frame=6011 X=192 Y=0 W=32 H=32 TileW=1 TileH=1 File=6000
2026-08-21 01:42:32 [INFO] Grh=6008 Frame=6008 X=224 Y=0 W=32 H=32 TileW=1 TileH=1 File=6000
2026-08-21 01:42:32 [INFO] Grh=6009 Frame=6009 X=256 Y=0 W=32 H=32 TileW=1 TileH=1 File=6000
2026-08-21 01:42:32 [INFO] Grh=6010 Frame=6010 X=288 Y=0 W=32 H=32 TileW=1 TileH=1 File=6000
2026-08-21 01:42:32 [INFO] Grh=6011 Frame=6011 X=320 Y=0 W=32 H=32 TileW=1 TileH=1 File=6000
2026-08-21 01:42:32 [INFO] Grh=6008 Frame=6008 X=352 Y=0 W=32 H=32 TileW=1 TileH=1 File=6000
2026-08-21 01:42:32 [INFO] Grh=6009 Frame=6009 X=384 Y=0 W=32 H=32 TileW=1 TileH=1 File=6000
2026-08-21 01:42:32 [INFO] Grh=6010 Frame=6010 X=416 Y=0 W=32 H=32 TileW=1 TileH=1 File=6000
2026-08-21 01:42:32 [INFO] Grh=6011 Frame=6011 X=448 Y=0 W=32 H=32 TileW=1 TileH=1 File=6000
2026-08-21 01:42:32 [INFO] Grh=6008 Frame=6008 X=480 Y=0 W=32 H=32 TileW=1 TileH=1 File=6000
2026-08-21 01:42:32 [INFO] Grh=6009 Frame=6009 X=512 Y=0 W=32 H=32 TileW=1 TileH=1 File=6000
2026-08-21 01:42:32 [INFO] Grh=6010 Frame=6010 X=544 Y=0 W=32 H=32 TileW=1 TileH=1 File=6000
2026-08-21 01:42:32 [INFO] Grh=1505 Frame=356 X=-32 Y=32 W=32 H=32 TileW=1 TileH=1 File=20
2026-08-21 01:42:32 [INFO] Grh=1506 Frame=357 X=0 Y=32 W=32 H=32 TileW=1 TileH=1 File=20
2026-08-21 01:42:32 [INFO] Grh=1507 Frame=358 X=32 Y=32 W=32 H=32 TileW=1 TileH=1 File=20
2026-08-21 01:42:32 [INFO] Grh=1508 Frame=359 X=64 Y=32 W=32 H=32 TileW=1 TileH=1 File=20
2026-08-21 01:42:32 [INFO] Grh=1505 Frame=356 X=96 Y=32 W=32 H=32 TileW=1 TileH=1 File=20
2026-08-21 01:42:32 [INFO] Grh=1506 Frame=357 X=128 Y=32 W=32 H=32 TileW=1 TileH=1 File=20
2026-08-21 01:42:32 [INFO] Grh=1507 Frame=358 X=160 Y=32 W=32 H=32 TileW=1 TileH=1 File=20
2026-08-21 01:42:32 [INFO] Grh=1508 Frame=359 X=192 Y=32 W=32 H=32 TileW=1 TileH=1 File=20
2026-08-21 01:42:32 [INFO] Grh=1505 Frame=356 X=224 Y=32 W=32 H=32 TileW=1 TileH=1 File=20
2026-08-21 01:42:32 [INFO] Grh=1506 Frame=357 X=256 Y=32 W=32 H=32 TileW=1 TileH=1 File=20
2026-08-21 01:42:32 [INFO] Grh=1507 Frame=358 X=288 Y=32 W=32 H=32 TileW=1 TileH=1 File=20
2026-08-21 01:42:32 [INFO] Grh=1508 Frame=359 X=320 Y=32 W=32 H=32 TileW=1 TileH=1 File=20
2026-08-21 01:42:32 [INFO] Grh=1505 Frame=356 X=352 Y=32 W=32 H=32 TileW=1 TileH=1 File=20
2026-08-21 01:42:32 [INFO] Grh=1506 Frame=357 X=384 Y=32 W=32 H=32 TileW=1 TileH=1 File=20
2026-08-21 01:42:32 [INFO] Grh=1507 Frame=358 X=416 Y=32 W=32 H=32 TileW=1 TileH=1 File=20
2026-08-21 01:42:32 [INFO] Grh=1508 Frame=359 X=448 Y=32 W=32 H=32 TileW=1 TileH=1 File=20
2026-08-21 01:42:32 [INFO] Grh=1505 Frame=356 X=480 Y=32 W=32 H=32 TileW=1 TileH=1 File=20
2026-08-21 01:42:32 [INFO] Grh=1506 Frame=357 X=512 Y=32 W=32 H=32 TileW=1 TileH=1 File=20
2026-08-21 01:42:32 [INFO] Grh=1507 Frame=358 X=544 Y=32 W=32 H=32 TileW=1 TileH=1 File=20
2026-08-21 01:42:32 [INFO] Grh=1513 Frame=364 X=-32 Y=64 W=32 H=32 TileW=1 TileH=1 File=20
2026-08-21 01:42:32 [INFO] Grh=1514 Frame=365 X=0 Y=64 W=32 H=32 TileW=1 TileH=1 File=20
2026-08-21 01:42:32 [INFO] Grh=1515 Frame=366 X=32 Y=64 W=32 H=32 TileW=1 TileH=1 File=20
2026-08-21 01:42:32 [INFO] Grh=1516 Frame=367 X=64 Y=64 W=32 H=32 TileW=1 TileH=1 File=20
2026-08-21 01:42:32 [INFO] Grh=1513 Frame=364 X=96 Y=64 W=32 H=32 TileW=1 TileH=1 File=20
2026-08-21 01:42:32 [INFO] Grh=1514 Frame=365 X=128 Y=64 W=32 H=32 TileW=1 TileH=1 File=20
2026-08-21 01:42:32 [INFO] Grh=1515 Frame=366 X=160 Y=64 W=32 H=32 TileW=1 TileH=1 File=20
2026-08-21 01:42:32 [INFO] Grh=1516 Frame=367 X=192 Y=64 W=32 H=32 TileW=1 TileH=1 File=20
2026-08-21 01:42:32 [INFO] Grh=1513 Frame=364 X=224 Y=64 W=32 H=32 TileW=1 TileH=1 File=20
2026-08-21 01:42:32 [INFO] Grh=1514 Frame=365 X=256 Y=64 W=32 H=32 TileW=1 TileH=1 File=20
2026-08-21 01:42:32 [INFO] Grh=1515 Frame=366 X=288 Y=64 W=32 H=32 TileW=1 TileH=1 File=20
2026-08-21 01:42:32 [INFO] Grh=1516 Frame=367 X=320 Y=64 W=32 H=32 TileW=1 TileH=1 File=20
2026-08-21 01:42:32 [INFO] Grh=1513 Frame=364 X=352 Y=64 W=32 H=32 TileW=1 TileH=1 File=20
2026-08-21 01:42:32 [INFO] Grh=1514 Frame=365 X=384 Y=64 W=32 H=32 TileW=1 TileH=1 File=20
2026-08-21 01:42:32 [INFO] Grh=1515 Frame=366 X=416 Y=64 W=32 H=32 TileW=1 TileH=1 File=20
2026-08-21 01:42:32 [INFO] Grh=1516 Frame=367 X=448 Y=64 W=32 H=32 TileW=1 TileH=1 File=20
2026-08-21 01:42:32 [INFO] Grh=1513 Frame=364 X=480 Y=64 W=32 H=32 TileW=1 TileH=1 File=20
2026-08-21 01:42:32 [INFO] Grh=1514 Frame=365 X=512 Y=64 W=32 H=32 TileW=1 TileH=1 File=20
2026-08-21 01:42:32 [INFO] Grh=1515 Frame=366 X=544 Y=64 W=32 H=32 TileW=1 TileH=1 File=20
2026-08-21 01:42:32 [INFO] Grh=1505 Frame=356 X=-32 Y=96 W=32 H=32 TileW=1 TileH=1 File=20
2026-08-21 01:42:32 [INFO] Grh=1506 Frame=357 X=0 Y=96 W=32 H=32 TileW=1 TileH=1 File=20
2026-08-21 01:42:32 [INFO] Grh=1507 Frame=358 X=32 Y=96 W=32 H=32 TileW=1 TileH=1 File=20
2026-08-21 01:42:32 [INFO] Grh=1508 Frame=359 X=64 Y=96 W=32 H=32 TileW=1 TileH=1 File=20
2026-08-21 01:42:32 [INFO] Grh=1505 Frame=356 X=96 Y=96 W=32 H=32 TileW=1 TileH=1 File=20
2026-08-21 01:42:32 [INFO] Grh=1506 Frame=357 X=128 Y=96 W=32 H=32 TileW=1 TileH=1 File=20
2026-08-21 01:42:32 [INFO] Grh=1507 Frame=358 X=160 Y=96 W=32 H=32 TileW=1 TileH=1 File=20
2026-08-21 01:42:32 [INFO] Grh=1508 Frame=359 X=192 Y=96 W=32 H=32 TileW=1 TileH=1 File=20
2026-08-21 01:42:32 [INFO] Grh=1505 Frame=356 X=224 Y=96 W=32 H=32 TileW=1 TileH=1 File=20
2026-08-21 01:42:32 [INFO] Grh=1506 Frame=357 X=256 Y=96 W=32 H=32 TileW=1 TileH=1 File=20
2026-08-21 01:42:32 [INFO] Grh=1507 Frame=358 X=288 Y=96 W=32 H=32 TileW=1 TileH=1 File=20
2026-08-21 01:42:32 [INFO] Grh=1508 Frame=359 X=320 Y=96 W=32 H=32 TileW=1 TileH=1 File=20
2026-08-21 01:42:32 [INFO] Grh=1505 Frame=356 X=352 Y=96 W=32 H=32 TileW=1 TileH=1 File=20
2026-08-21 01:42:32 [INFO] Grh=1506 Frame=357 X=384 Y=96 W=32 H=32 TileW=1 TileH=1 File=20
2026-08-21 01:42:32 [INFO] Grh=1507 Frame=358 X=416 Y=96 W=32 H=32 TileW=1 TileH=1 File=20
2026-08-21 01:42:32 [INFO] Grh=1508 Frame=359 X=448 Y=96 W=32 H=32 TileW=1 TileH=1 File=20
2026-08-21 01:42:32 [INFO] Grh=1505 Frame=356 X=480 Y=96 W=32 H=32 TileW=1 TileH=1 File=20
2026-08-21 01:42:32 [INFO] Grh=1506 Frame=357 X=512 Y=96 W=32 H=32 TileW=1 TileH=1 File=20
2026-08-21 01:42:32 [INFO] Grh=1507 Frame=358 X=544 Y=96 W=32 H=32 TileW=1 TileH=1 File=20
2026-08-21 01:42:32 [INFO] Grh=1513 Frame=364 X=-32 Y=128 W=32 H=32 TileW=1 TileH=1 File=20
2026-08-21 01:42:32 [INFO] Grh=1514 Frame=365 X=0 Y=128 W=32 H=32 TileW=1 TileH=1 File=20
2026-08-21 01:42:32 [INFO] Grh=1515 Frame=366 X=32 Y=128 W=32 H=32 TileW=1 TileH=1 File=20
2026-08-21 01:42:32 [INFO] Grh=1516 Frame=367 X=64 Y=128 W=32 H=32 TileW=1 TileH=1 File=20
2026-08-21 01:42:32 [INFO] Grh=1513 Frame=364 X=96 Y=128 W=32 H=32 TileW=1 TileH=1 File=20
2026-08-21 01:42:32 [INFO] Grh=1514 Frame=365 X=128 Y=128 W=32 H=32 TileW=1 TileH=1 File=20
2026-08-21 01:42:32 [INFO] Grh=1515 Frame=366 X=160 Y=128 W=32 H=32 TileW=1 TileH=1 File=20
2026-08-21 01:42:32 [INFO] Grh=1516 Frame=367 X=192 Y=128 W=32 H=32 TileW=1 TileH=1 File=20
2026-08-21 01:42:32 [INFO] Grh=1513 Frame=364 X=224 Y=128 W=32 H=32 TileW=1 TileH=1 File=20
2026-08-21 01:42:32 [INFO] Grh=1514 Frame=365 X=256 Y=128 W=32 H=32 TileW=1 TileH=1 File=20
2026-08-21 01:42:32 [INFO] Grh=1515 Frame=366 X=288 Y=128 W=32 H=32 TileW=1 TileH=1 File=20
2026-08-21 01:42:32 [INFO] Grh=1516 Frame=367 X=320 Y=128 W=32 H=32 TileW=1 TileH=1 File=20
2026-08-21 01:42:32 [INFO] Grh=1513 Frame=364 X=352 Y=128 W=32 H=32 TileW=1 TileH=1 File=20
2026-08-21 01:42:32 [INFO] Grh=1514 Frame=365 X=384 Y=128 W=32 H=32 TileW=1 TileH=1 File=20
2026-08-21 01:42:32 [INFO] Grh=1515 Frame=366 X=416 Y=128 W=32 H=32 TileW=1 TileH=1 File=20
2026-08-21 01:42:32 [INFO] Grh=1516 Frame=367 X=448 Y=128 W=32 H=32 TileW=1 TileH=1 File=20
2026-08-21 01:42:32 [INFO] Grh=1513 Frame=364 X=480 Y=128 W=32 H=32 TileW=1 TileH=1 File=20
2026-08-21 01:42:32 [INFO] Grh=1514 Frame=365 X=512 Y=128 W=32 H=32 TileW=1 TileH=1 File=20
2026-08-21 01:42:32 [INFO] Grh=1515 Frame=366 X=544 Y=128 W=32 H=32 TileW=1 TileH=1 File=20
2026-08-21 01:42:32 [INFO] Grh=1505 Frame=356 X=-32 Y=160 W=32 H=32 TileW=1 TileH=1 File=20
2026-08-21 01:42:32 [INFO] Grh=1506 Frame=357 X=0 Y=160 W=32 H=32 TileW=1 TileH=1 File=20
2026-08-21 01:42:32 [INFO] Grh=1507 Frame=358 X=32 Y=160 W=32 H=32 TileW=1 TileH=1 File=20
2026-08-21 01:42:32 [INFO] Grh=1508 Frame=359 X=64 Y=160 W=32 H=32 TileW=1 TileH=1 File=20
2026-08-21 01:42:32 [INFO] Grh=1505 Frame=356 X=96 Y=160 W=32 H=32 TileW=1 TileH=1 File=20
2026-08-21 01:42:32 [INFO] Grh=1506 Frame=357 X=128 Y=160 W=32 H=32 TileW=1 TileH=1 File=20
2026-08-21 01:42:32 [INFO] Grh=1507 Frame=358 X=160 Y=160 W=32 H=32 TileW=1 TileH=1 File=20
2026-08-21 01:42:32 [INFO] Grh=1508 Frame=359 X=192 Y=160 W=32 H=32 TileW=1 TileH=1 File=20
2026-08-21 01:42:32 [INFO] Grh=1505 Frame=356 X=224 Y=160 W=32 H=32 TileW=1 TileH=1 File=20
2026-08-21 01:42:32 [INFO] Grh=1506 Frame=357 X=256 Y=160 W=32 H=32 TileW=1 TileH=1 File=20
2026-08-21 01:42:32 [INFO] Grh=1507 Frame=358 X=288 Y=160 W=32 H=32 TileW=1 TileH=1 File=20
2026-08-21 01:42:32 [INFO] Grh=1508 Frame=359 X=320 Y=160 W=32 H=32 TileW=1 TileH=1 File=20
2026-08-21 01:42:32 [INFO] Grh=1505 Frame=356 X=352 Y=160 W=32 H=32 TileW=1 TileH=1 File=20
2026-08-21 01:42:32 [INFO] Grh=1506 Frame=357 X=384 Y=160 W=32 H=32 TileW=1 TileH=1 File=20
2026-08-21 01:42:32 [INFO] Grh=1507 Frame=358 X=416 Y=160 W=32 H=32 TileW=1 TileH=1 File=20
2026-08-21 01:42:32 [INFO] Grh=1508 Frame=359 X=448 Y=160 W=32 H=32 TileW=1 TileH=1 File=20
2026-08-21 01:42:32 [INFO] Grh=1505 Frame=356 X=480 Y=160 W=32 H=32 TileW=1 TileH=1 File=20
2026-08-21 01:42:32 [INFO] Grh=1506 Frame=357 X=512 Y=160 W=32 H=32 TileW=1 TileH=1 File=20
2026-08-21 01:42:32 [INFO] Grh=1507 Frame=358 X=544 Y=160 W=32 H=32 TileW=1 TileH=1 File=20
2026-08-21 01:42:32 [INFO] Grh=1513 Frame=364 X=-32 Y=192 W=32 H=32 TileW=1 TileH=1 File=20
2026-08-21 01:42:32 [INFO] Grh=1514 Frame=365 X=0 Y=192 W=32 H=32 TileW=1 TileH=1 File=20
2026-08-21 01:42:32 [INFO] Grh=1515 Frame=366 X=32 Y=192 W=32 H=32 TileW=1 TileH=1 File=20
2026-08-21 01:42:32 [INFO] Grh=1516 Frame=367 X=64 Y=192 W=32 H=32 TileW=1 TileH=1 File=20
2026-08-21 01:42:32 [INFO] Grh=1513 Frame=364 X=96 Y=192 W=32 H=32 TileW=1 TileH=1 File=20
2026-08-21 01:42:32 [INFO] Grh=1514 Frame=365 X=128 Y=192 W=32 H=32 TileW=1 TileH=1 File=20
2026-08-21 01:42:32 [INFO] Grh=1515 Frame=366 X=160 Y=192 W=32 H=32 TileW=1 TileH=1 File=20
2026-08-21 01:42:32 [INFO] Grh=1516 Frame=367 X=192 Y=192 W=32 H=32 TileW=1 TileH=1 File=20
2026-08-21 01:42:32 [INFO] Grh=1513 Frame=364 X=224 Y=192 W=32 H=32 TileW=1 TileH=1 File=20
2026-08-21 01:42:32 [INFO] Grh=1514 Frame=365 X=256 Y=192 W=32 H=32 TileW=1 TileH=1 File=20
2026-08-21 01:42:32 [INFO] Grh=1515 Frame=366 X=288 Y=192 W=32 H=32 TileW=1 TileH=1 File=20
2026-08-21 01:42:32 [INFO] Grh=1516 Frame=367 X=320 Y=192 W=32 H=32 TileW=1 TileH=1 File=20
2026-08-21 01:42:32 [INFO] Grh=1513 Frame=364 X=352 Y=192 W=32 H=32 TileW=1 TileH=1 File=20
2026-08-21 01:42:32 [INFO] Grh=1514 Frame=365 X=384 Y=192 W=32 H=32 TileW=1 TileH=1 File=20
2026-08-21 01:42:32 [INFO] Grh=1515 Frame=366 X=416 Y=192 W=32 H=32 TileW=1 TileH=1 File=20
2026-08-21 01:42:32 [INFO] Grh=1516 Frame=367 X=448 Y=192 W=32 H=32 TileW=1 TileH=1 File=20
2026-08-21 01:42:32 [INFO] Grh=1513 Frame=364 X=480 Y=192 W=32 H=32 TileW=1 TileH=1 File=20
2026-08-21 01:42:32 [INFO] Grh=1514 Frame=365 X=512 Y=192 W=32 H=32 TileW=1 TileH=1 File=20
2026-08-21 01:42:32 [INFO] Grh=1515 Frame=366 X=544 Y=192 W=32 H=32 TileW=1 TileH=1 File=20
2026-08-21 01:42:32 [INFO] Grh=6000 Frame=6000 X=-32 Y=-32 W=32 H=32 TileW=1 TileH=1 File=6000
2026-08-21 01:42:32 [INFO] Grh=6001 Frame=6001 X=0 Y=-32 W=32 H=32 TileW=1 TileH=1 File=6000
2026-08-21 01:42:32 [INFO] Grh=6002 Frame=6002 X=32 Y=-32 W=32 H=32 TileW=1 TileH=1 File=6000
2026-08-21 01:42:32 [INFO] Grh=6003 Frame=6003 X=64 Y=-32 W=32 H=32 TileW=1 TileH=1 File=6000
2026-08-21 01:42:32 [INFO] Grh=6000 Frame=6000 X=96 Y=-32 W=32 H=32 TileW=1 TileH=1 File=6000
2026-08-21 01:42:32 [INFO] Grh=6001 Frame=6001 X=128 Y=-32 W=32 H=32 TileW=1 TileH=1 File=6000
2026-08-21 01:42:32 [INFO] Grh=6002 Frame=6002 X=160 Y=-32 W=32 H=32 TileW=1 TileH=1 File=6000
2026-08-21 01:42:32 [INFO] Grh=6003 Frame=6003 X=192 Y=-32 W=32 H=32 TileW=1 TileH=1 File=6000
2026-08-21 01:42:32 [INFO] Grh=6000 Frame=6000 X=224 Y=-32 W=32 H=32 TileW=1 TileH=1 File=6000
2026-08-21 01:42:32 [INFO] Grh=6001 Frame=6001 X=256 Y=-32 W=32 H=32 TileW=1 TileH=1 File=6000
2026-08-21 01:42:32 [INFO] Grh=6002 Frame=6002 X=288 Y=-32 W=32 H=32 TileW=1 TileH=1 File=6000
2026-08-21 01:42:32 [INFO] Grh=6003 Frame=6003 X=320 Y=-32 W=32 H=32 TileW=1 TileH=1 File=6000
2026-08-21 01:42:32 [INFO] Grh=6000 Frame=6000 X=352 Y=-32 W=32 H=32 TileW=1 TileH=1 File=6000
2026-08-21 01:42:32 [INFO] Grh=6001 Frame=6001 X=384 Y=-32 W=32 H=32 TileW=1 TileH=1 File=6000
2026-08-21 01:42:32 [INFO] Grh=6002 Frame=6002 X=416 Y=-32 W=32 H=32 TileW=1 TileH=1 File=6000
2026-08-21 01:42:32 [INFO] Grh=6003 Frame=6003 X=448 Y=-32 W=32 H=32 TileW=1 TileH=1 File=6000
2026-08-21 01:42:32 [INFO] Grh=6000 Frame=6000 X=480 Y=-32 W=32 H=32 TileW=1 TileH=1 File=6000
2026-08-21 01:42:32 [INFO] Grh=6001 Frame=6001 X=512 Y=-32 W=32 H=32 TileW=1 TileH=1 File=6000
2026-08-21 01:42:32 [INFO] Grh=6002 Frame=6002 X=544 Y=-32 W=32 H=32 TileW=1 TileH=1 File=6000
2026-08-21 01:42:32 [INFO] Grh=6008 Frame=6008 X=-32 Y=0 W=32 H=32 TileW=1 TileH=1 File=6000
2026-08-21 01:42:32 [INFO] Grh=6009 Frame=6009 X=0 Y=0 W=32 H=32 TileW=1 TileH=1 File=6000
2026-08-21 01:42:32 [INFO] Grh=6010 Frame=6010 X=32 Y=0 W=32 H=32 TileW=1 TileH=1 File=6000
2026-08-21 01:42:32 [INFO] Grh=6011 Frame=6011 X=64 Y=0 W=32 H=32 TileW=1 TileH=1 File=6000
2026-08-21 01:42:32 [INFO] Grh=6008 Frame=6008 X=96 Y=0 W=32 H=32 TileW=1 TileH=1 File=6000
2026-08-21 01:42:32 [INFO] Grh=6009 Frame=6009 X=128 Y=0 W=32 H=32 TileW=1 TileH=1 File=6000
2026-08-21 01:42:32 [INFO] Grh=6010 Frame=6010 X=160 Y=0 W=32 H=32 TileW=1 TileH=1 File=6000
2026-08-21 01:42:32 [INFO] Grh=6011 Frame=6011 X=192 Y=0 W=32 H=32 TileW=1 TileH=1 File=6000
2026-08-21 01:42:32 [INFO] Grh=6008 Frame=6008 X=224 Y=0 W=32 H=32 TileW=1 TileH=1 File=6000
2026-08-21 01:42:32 [INFO] Grh=6009 Frame=6009 X=256 Y=0 W=32 H=32 TileW=1 TileH=1 File=6000
2026-08-21 01:42:32 [INFO] Grh=6010 Frame=6010 X=288 Y=0 W=32 H=32 TileW=1 TileH=1 File=6000
2026-08-21 01:42:32 [INFO] Grh=6011 Frame=6011 X=320 Y=0 W=32 H=32 TileW=1 TileH=1 File=6000
2026-08-21 01:42:32 [INFO] Grh=6008 Frame=6008 X=352 Y=0 W=32 H=32 TileW=1 TileH=1 File=6000
2026-08-21 01:42:32 [INFO] Grh=6009 Frame=6009 X=384 Y=0 W=32 H=32 TileW=1 TileH=1 File=6000
2026-08-21 01:42:32 [INFO] Grh=6010 Frame=6010 X=416 Y=0 W=32 H=32 TileW=1 TileH=1 File=6000
2026-08-21 01:42:32 [INFO] Grh=6011 Frame=6011 X=448 Y=0 W=32 H=32 TileW=1 TileH=1 File=6000
2026-08-21 01:42:32 [INFO] Grh=6008 Frame=6008 X=480 Y=0 W=32 H=32 TileW=1 TileH=1 File=6000
2026-08-21 01:42:32 [INFO] Grh=6009 Frame=6009 X=512 Y=0 W=32 H=32 TileW=1 TileH=1 File=6000
2026-08-21 01:42:32 [INFO] Grh=6010 Frame=6010 X=544 Y=0 W=32 H=32 TileW=1 TileH=1 File=6000
2026-08-21 01:42:32 [INFO] Grh=1505 Frame=356 X=-32 Y=32 W=32 H=32 TileW=1 TileH=1 File=20
2026-08-21 01:42:32 [INFO] Grh=1506 Frame=357 X=0 Y=32 W=32 H=32 TileW=1 TileH=1 File=20
2026-08-21 01:42:33 [INFO] Grh=1507 Frame=358 X=32 Y=32 W=32 H=32 TileW=1 TileH=1 File=20
2026-08-21 01:42:33 [INFO] Grh=1508 Frame=359 X=64 Y=32 W=32 H=32 TileW=1 TileH=1 File=20
2026-08-21 01:42:33 [INFO] Grh=1505 Frame=356 X=96 Y=32 W=32 H=32 TileW=1 TileH=1 File=20
2026-08-21 01:42:33 [INFO] Grh=1506 Frame=357 X=128 Y=32 W=32 H=32 TileW=1 TileH=1 File=20
2026-08-21 01:42:33 [INFO] Grh=1507 Frame=358 X=160 Y=32 W=32 H=32 TileW=1 TileH=1 File=20
2026-08-21 01:42:33 [INFO] Grh=1508 Frame=359 X=192 Y=32 W=32 H=32 TileW=1 TileH=1 File=20
2026-08-21 01:42:33 [INFO] Grh=1505 Frame=356 X=224 Y=32 W=32 H=32 TileW=1 TileH=1 File=20
2026-08-21 01:42:33 [INFO] Grh=1506 Frame=357 X=256 Y=32 W=32 H=32 TileW=1 TileH=1 File=20
2026-08-21 01:42:33 [INFO] Grh=1507 Frame=358 X=288 Y=32 W=32 H=32 TileW=1 TileH=1 File=20
2026-08-21 01:42:33 [INFO] Grh=1508 Frame=359 X=320 Y=32 W=32 H=32 TileW=1 TileH=1 File=20
2026-08-21 01:42:33 [INFO] Grh=1505 Frame=356 X=352 Y=32 W=32 H=32 TileW=1 TileH=1 File=20
2026-08-21 01:42:33 [INFO] Grh=1506 Frame=357 X=384 Y=32 W=32 H=32 TileW=1 TileH=1 File=20
2026-08-21 01:42:33 [INFO] Grh=1507 Frame=358 X=416 Y=32 W=32 H=32 TileW=1 TileH=1 File=20
2026-08-21 01:42:33 [INFO] Grh=1508 Frame=359 X=448 Y=32 W=32 H=32 TileW=1 TileH=1 File=20
2026-08-21 01:42:33 [INFO] Grh=1505 Frame=356 X=480 Y=32 W=32 H=32 TileW=1 TileH=1 File=20
2026-08-21 01:42:33 [INFO] Grh=1506 Frame=357 X=512 Y=32 W=32 H=32 TileW=1 TileH=1 File=20
2026-08-21 01:42:33 [INFO] Grh=1507 Frame=358 X=544 Y=32 W=32 H=32 TileW=1 TileH=1 File=20
2026-08-21 01:42:33 [INFO] Grh=1513 Frame=364 X=-32 Y=64 W=32 H=32 TileW=1 TileH=1 File=20
2026-08-21 01:42:33 [INFO] Grh=1514 Frame=365 X=0 Y=64 W=32 H=32 TileW=1 TileH=1 File=20
2026-08-21 01:42:33 [INFO] Grh=1515 Frame=366 X=32 Y=64 W=32 H=32 TileW=1 TileH=1 File=20
2026-08-21 01:42:33 [INFO] Grh=1516 Frame=367 X=64 Y=64 W=32 H=32 TileW=1 TileH=1 File=20
2026-08-21 01:42:33 [INFO] Grh=1513 Frame=364 X=96 Y=64 W=32 H=32 TileW=1 TileH=1 File=20
2026-08-21 01:42:33 [INFO] Grh=1514 Frame=365 X=128 Y=64 W=32 H=32 TileW=1 TileH=1 File=20
2026-08-21 01:42:33 [INFO] Grh=1515 Frame=366 X=160 Y=64 W=32 H=32 TileW=1 TileH=1 File=20
2026-08-21 01:42:33 [INFO] Grh=1516 Frame=367 X=192 Y=64 W=32 H=32 TileW=1 TileH=1 File=20
2026-08-21 01:42:33 [INFO] Grh=1513 Frame=364 X=224 Y=64 W=32 H=32 TileW=1 TileH=1 File=20
2026-08-21 01:42:33 [INFO] Grh=1514 Frame=365 X=256 Y=64 W=32 H=32 TileW=1 TileH=1 File=20
2026-08-21 01:42:33 [INFO] Grh=1515 Frame=366 X=288 Y=64 W=32 H=32 TileW=1 TileH=1 File=20
2026-08-21 01:42:33 [INFO] Grh=1516 Frame=367 X=320 Y=64 W=32 H=32 TileW=1 TileH=1 File=20
2026-08-21 01:42:33 [INFO] Grh=1513 Frame=364 X=352 Y=64 W=32 H=32 TileW=1 TileH=1 File=20
2026-08-21 01:42:33 [INFO] Grh=1514 Frame=365 X=384 Y=64 W=32 H=32 TileW=1 TileH=1 File=20
2026-08-21 01:42:33 [INFO] Grh=1515 Frame=366 X=416 Y=64 W=32 H=32 TileW=1 TileH=1 File=20
2026-08-21 01:42:33 [INFO] Grh=1516 Frame=367 X=448 Y=64 W=32 H=32 TileW=1 TileH=1 File=20
2026-08-21 01:42:33 [INFO] Grh=1513 Frame=364 X=480 Y=64 W=32 H=32 TileW=1 TileH=1 File=20
2026-08-21 01:42:33 [INFO] Grh=1514 Frame=365 X=512 Y=64 W=32 H=32 TileW=1 TileH=1 File=20
2026-08-21 01:42:33 [INFO] Grh=1515 Frame=366 X=544 Y=64 W=32 H=32 TileW=1 TileH=1 File=20
2026-08-21 01:42:33 [INFO] Grh=1505 Frame=356 X=-32 Y=96 W=32 H=32 TileW=1 TileH=1 File=20
2026-08-21 01:42:33 [INFO] Grh=1506 Frame=357 X=0 Y=96 W=32 H=32 TileW=1 TileH=1 File=20
2026-08-21 01:42:33 [INFO] Grh=1507 Frame=358 X=32 Y=96 W=32 H=32 TileW=1 TileH=1 File=20
2026-08-21 01:42:33 [INFO] Grh=1508 Frame=359 X=64 Y=96 W=32 H=32 TileW=1 TileH=1 File=20
2026-08-21 01:42:33 [INFO] Grh=1505 Frame=356 X=96 Y=96 W=32 H=32 TileW=1 TileH=1 File=20
2026-08-21 01:42:33 [INFO] Grh=1506 Frame=357 X=128 Y=96 W=32 H=32 TileW=1 TileH=1 File=20
2026-08-21 01:42:33 [INFO] Grh=1507 Frame=358 X=160 Y=96 W=32 H=32 TileW=1 TileH=1 File=20
2026-08-21 01:42:33 [INFO] Grh=1508 Frame=359 X=192 Y=96 W=32 H=32 TileW=1 TileH=1 File=20
2026-08-21 01:42:33 [INFO] Grh=1505 Frame=356 X=224 Y=96 W=32 H=32 TileW=1 TileH=1 File=20
2026-08-21 01:42:33 [INFO] Grh=1506 Frame=357 X=256 Y=96 W=32 H=32 TileW=1 TileH=1 File=20
2026-08-21 01:42:33 [INFO] Grh=1507 Frame=358 X=288 Y=96 W=32 H=32 TileW=1 TileH=1 File=20
2026-08-21 01:42:33 [INFO] Grh=1508 Frame=359 X=320 Y=96 W=32 H=32 TileW=1 TileH=1 File=20
2026-08-21 01:42:33 [INFO] Grh=1505 Frame=356 X=352 Y=96 W=32 H=32 TileW=1 TileH=1 File=20
2026-08-21 01:42:33 [INFO] Grh=1506 Frame=357 X=384 Y=96 W=32 H=32 TileW=1 TileH=1 File=20
2026-08-21 01:42:33 [INFO] Grh=1507 Frame=358 X=416 Y=96 W=32 H=32 TileW=1 TileH=1 File=20
2026-08-21 01:42:33 [INFO] Grh=1508 Frame=359 X=448 Y=96 W=32 H=32 TileW=1 TileH=1 File=20
2026-08-21 01:42:33 [INFO] Grh=1505 Frame=356 X=480 Y=96 W=32 H=32 TileW=1 TileH=1 File=20
2026-08-21 01:42:33 [INFO] Grh=1506 Frame=357 X=512 Y=96 W=32 H=32 TileW=1 TileH=1 File=20
2026-08-21 01:42:33 [INFO] Grh=1507 Frame=358 X=544 Y=96 W=32 H=32 TileW=1 TileH=1 File=20
2026-08-21 01:42:33 [INFO] Grh=1513 Frame=364 X=-32 Y=128 W=32 H=32 TileW=1 TileH=1 File=20
2026-08-21 01:42:33 [INFO] Grh=1514 Frame=365 X=0 Y=128 W=32 H=32 TileW=1 TileH=1 File=20
2026-08-21 01:42:33 [INFO] Grh=1515 Frame=366 X=32 Y=128 W=32 H=32 TileW=1 TileH=1 File=20
2026-08-21 01:42:33 [INFO] Grh=1516 Frame=367 X=64 Y=128 W=32 H=32 TileW=1 TileH=1 File=20
2026-08-21 01:42:33 [INFO] Grh=1513 Frame=364 X=96 Y=128 W=32 H=32 TileW=1 TileH=1 File=20
2026-08-21 01:42:33 [INFO] Grh=1514 Frame=365 X=128 Y=128 W=32 H=32 TileW=1 TileH=1 File=20
2026-08-21 01:42:33 [INFO] Grh=1515 Frame=366 X=160 Y=128 W=32 H=32 TileW=1 TileH=1 File=20
2026-08-21 01:42:33 [INFO] Grh=1516 Frame=367 X=192 Y=128 W=32 H=32 TileW=1 TileH=1 File=20
2026-08-21 01:42:33 [INFO] Grh=1513 Frame=364 X=224 Y=128 W=32 H=32 TileW=1 TileH=1 File=20
2026-08-21 01:42:33 [INFO] Grh=1514 Frame=365 X=256 Y=128 W=32 H=32 TileW=1 TileH=1 File=20
2026-08-21 01:42:33 [INFO] Grh=1515 Frame=366 X=288 Y=128 W=32 H=32 TileW=1 TileH=1 File=20
2026-08-21 01:42:33 [INFO] Grh=1516 Frame=367 X=320 Y=128 W=32 H=32 TileW=1 TileH=1 File=20
2026-08-21 01:42:33 [INFO] Grh=1513 Frame=364 X=352 Y=128 W=32 H=32 TileW=1 TileH=1 File=20
2026-08-21 01:42:33 [INFO] Grh=1514 Frame=365 X=384 Y=128 W=32 H=32 TileW=1 TileH=1 File=20
2026-08-21 01:42:33 [INFO] Grh=1515 Frame=366 X=416 Y=128 W=32 H=32 TileW=1 TileH=1 File=20
2026-08-21 01:42:33 [INFO] Grh=1516 Frame=367 X=448 Y=128 W=32 H=32 TileW=1 TileH=1 File=20
2026-08-21 01:42:33 [INFO] Grh=1513 Frame=364 X=480 Y=128 W=32 H=32 TileW=1 TileH=1 File=20
2026-08-21 01:42:33 [INFO] Grh=1514 Frame=365 X=512 Y=128 W=32 H=32 TileW=1 TileH=1 File=20
2026-08-21 01:42:33 [INFO] Grh=1515 Frame=366 X=544 Y=128 W=32 H=32 TileW=1 TileH=1 File=20
2026-08-21 01:42:33 [INFO] Grh=1505 Frame=356 X=-32 Y=160 W=32 H=32 TileW=1 TileH=1 File=20
2026-08-21 01:42:33 [INFO] Grh=1506 Frame=357 X=0 Y=160 W=32 H=32 TileW=1 TileH=1 File=20
2026-08-21 01:42:33 [INFO] Grh=1507 Frame=358 X=32 Y=160 W=32 H=32 TileW=1 TileH=1 File=20
2026-08-21 01:42:33 [INFO] Grh=1508 Frame=359 X=64 Y=160 W=32 H=32 TileW=1 TileH=1 File=20
2026-08-21 01:42:33 [INFO] Grh=1505 Frame=356 X=96 Y=160 W=32 H=32 TileW=1 TileH=1 File=20
2026-08-21 01:42:33 [INFO] Grh=1506 Frame=357 X=128 Y=160 W=32 H=32 TileW=1 TileH=1 File=20
2026-08-21 01:42:33 [INFO] Grh=1507 Frame=358 X=160 Y=160 W=32 H=32 TileW=1 TileH=1 File=20
2026-08-21 01:42:33 [INFO] Grh=1508 Frame=359 X=192 Y=160 W=32 H=32 TileW=1 TileH=1 File=20
2026-08-21 01:42:33 [INFO] Grh=1505 Frame=356 X=224 Y=160 W=32 H=32 TileW=1 TileH=1 File=20
2026-08-21 01:42:33 [INFO] Grh=1506 Frame=357 X=256 Y=160 W=32 H=32 TileW=1 TileH=1 File=20
2026-08-21 01:42:33 [INFO] Grh=1507 Frame=358 X=288 Y=160 W=32 H=32 TileW=1 TileH=1 File=20
2026-08-21 01:42:33 [INFO] Grh=1508 Frame=359 X=320 Y=160 W=32 H=32 TileW=1 TileH=1 File=20
2026-08-21 01:42:33 [INFO] Grh=1505 Frame=356 X=352 Y=160 W=32 H=32 TileW=1 TileH=1 File=20
2026-08-21 01:42:33 [INFO] Grh=1506 Frame=357 X=384 Y=160 W=32 H=32 TileW=1 TileH=1 File=20
2026-08-21 01:42:33 [INFO] Grh=1507 Frame=358 X=416 Y=160 W=32 H=32 TileW=1 TileH=1 File=20
2026-08-21 01:42:33 [INFO] Grh=1508 Frame=359 X=448 Y=160 W=32 H=32 TileW=1 TileH=1 File=20
2026-08-21 01:42:33 [INFO] Grh=1505 Frame=356 X=480 Y=160 W=32 H=32 TileW=1 TileH=1 File=20
2026-08-21 01:42:33 [INFO] Grh=1506 Frame=357 X=512 Y=160 W=32 H=32 TileW=1 TileH=1 File=20
2026-08-21 01:42:33 [INFO] Grh=1507 Frame=358 X=544 Y=160 W=32 H=32 TileW=1 TileH=1 File=20
2026-08-21 01:42:33 [INFO] Grh=1513 Frame=364 X=-32 Y=192 W=32 H=32 TileW=1 TileH=1 File=20
2026-08-21 01:42:33 [INFO] Grh=1514 Frame=365 X=0 Y=192 W=32 H=32 TileW=1 TileH=1 File=20
2026-08-21 01:42:33 [INFO] Grh=1515 Frame=366 X=32 Y=192 W=32 H=32 TileW=1 TileH=1 File=20
2026-08-21 01:42:33 [INFO] Grh=1516 Frame=367 X=64 Y=192 W=32 H=32 TileW=1 TileH=1 File=20
2026-08-21 01:42:33 [INFO] Grh=1513 Frame=364 X=96 Y=192 W=32 H=32 TileW=1 TileH=1 File=20
2026-08-21 01:42:33 [INFO] Grh=1514 Frame=365 X=128 Y=192 W=32 H=32 TileW=1 TileH=1 File=20
2026-08-21 01:42:33 [INFO] Grh=1515 Frame=366 X=160 Y=192 W=32 H=32 TileW=1 TileH=1 File=20
2026-08-21 01:42:33 [INFO] Grh=1516 Frame=367 X=192 Y=192 W=32 H=32 TileW=1 TileH=1 File=20
2026-08-21 01:42:33 [INFO] Grh=1513 Frame=364 X=224 Y=192 W=32 H=32 TileW=1 TileH=1 File=20
2026-08-21 01:42:33 [INFO] Grh=1514 Frame=365 X=256 Y=192 W=32 H=32 TileW=1 TileH=1 File=20
2026-08-21 01:42:33 [INFO] Grh=1515 Frame=366 X=288 Y=192 W=32 H=32 TileW=1 TileH=1 File=20
2026-08-21 01:42:33 [INFO] Grh=1516 Frame=367 X=320 Y=192 W=32 H=32 TileW=1 TileH=1 File=20
2026-08-21 01:42:33 [INFO] Grh=1513 Frame=364 X=352 Y=192 W=32 H=32 TileW=1 TileH=1 File=20
2026-08-21 01:42:33 [INFO] Grh=1514 Frame=365 X=384 Y=192 W=32 H=32 TileW=1 TileH=1 File=20
2026-08-21 01:42:33 [INFO] Grh=1515 Frame=366 X=416 Y=192 W=32 H=32 TileW=1 TileH=1 File=20
2026-08-21 01:42:33 [INFO] Grh=1516 Frame=367 X=448 Y=192 W=32 H=32 TileW=1 TileH=1 File=20
2026-08-21 01:42:33 [INFO] Grh=1513 Frame=364 X=480 Y=192 W=32 H=32 TileW=1 TileH=1 File=20
2026-08-21 01:42:33 [INFO] Grh=1514 Frame=365 X=512 Y=192 W=32 H=32 TileW=1 TileH=1 File=20
2026-08-21 01:42:33 [INFO] Grh=1515 Frame=366 X=544 Y=192 W=32 H=32 TileW=1 TileH=1 File=20
2026-08-21 01:42:33 [INFO] Grh=6000 Frame=6000 X=-32 Y=-32 W=32 H=32 TileW=1 TileH=1 File=6000
2026-08-21 01:42:33 [INFO] Grh=6001 Frame=6001 X=0 Y=-32 W=32 H=32 TileW=1 TileH=1 File=6000
2026-08-21 01:42:33 [INFO] Grh=6002 Frame=6002 X=32 Y=-32 W=32 H=32 TileW=1 TileH=1 File=6000
2026-08-21 01:42:33 [INFO] Grh=6003 Frame=6003 X=64 Y=-32 W=32 H=32 TileW=1 TileH=1 File=6000
2026-08-21 01:42:33 [INFO] Grh=6000 Frame=6000 X=96 Y=-32 W=32 H=32 TileW=1 TileH=1 File=6000
2026-08-21 01:42:33 [INFO] Grh=6001 Frame=6001 X=128 Y=-32 W=32 H=32 TileW=1 TileH=1 File=6000
2026-08-21 01:42:33 [INFO] Grh=6002 Frame=6002 X=160 Y=-32 W=32 H=32 TileW=1 TileH=1 File=6000
2026-08-21 01:42:33 [INFO] Grh=6003 Frame=6003 X=192 Y=-32 W=32 H=32 TileW=1 TileH=1 File=6000
2026-08-21 01:42:33 [INFO] Grh=6000 Frame=6000 X=224 Y=-32 W=32 H=32 TileW=1 TileH=1 File=6000
2026-08-21 01:42:33 [INFO] Grh=6001 Frame=6001 X=256 Y=-32 W=32 H=32 TileW=1 TileH=1 File=6000
2026-08-21 01:42:33 [INFO] Grh=6002 Frame=6002 X=288 Y=-32 W=32 H=32 TileW=1 TileH=1 File=6000
2026-08-21 01:42:33 [INFO] Grh=6003 Frame=6003 X=320 Y=-32 W=32 H=32 TileW=1 TileH=1 File=6000
2026-08-21 01:42:33 [INFO] Grh=6000 Frame=6000 X=352 Y=-32 W=32 H=32 TileW=1 TileH=1 File=6000
2026-08-21 01:42:33 [INFO] Grh=6001 Frame=6001 X=384 Y=-32 W=32 H=32 TileW=1 TileH=1 File=6000
2026-08-21 01:42:33 [INFO] Grh=6002 Frame=6002 X=416 Y=-32 W=32 H=32 TileW=1 TileH=1 File=6000
2026-08-21 01:42:33 [INFO] Grh=6003 Frame=6003 X=448 Y=-32 W=32 H=32 TileW=1 TileH=1 File=6000
2026-08-21 01:42:33 [INFO] Grh=6000 Frame=6000 X=480 Y=-32 W=32 H=32 TileW=1 TileH=1 File=6000
2026-08-21 01:42:33 [INFO] Grh=6001 Frame=6001 X=512 Y=-32 W=32 H=32 TileW=1 TileH=1 File=6000
2026-08-21 01:42:33 [INFO] Grh=6002 Frame=6002 X=544 Y=-32 W=32 H=32 TileW=1 TileH=1 File=6000
2026-08-21 01:42:33 [INFO] Grh=6008 Frame=6008 X=-32 Y=0 W=32 H=32 TileW=1 TileH=1 File=6000
2026-08-21 01:42:33 [INFO] Grh=6009 Frame=6009 X=0 Y=0 W=32 H=32 TileW=1 TileH=1 File=6000
2026-08-21 01:42:33 [INFO] Grh=6010 Frame=6010 X=32 Y=0 W=32 H=32 TileW=1 TileH=1 File=6000
2026-08-21 01:42:33 [INFO] Grh=6011 Frame=6011 X=64 Y=0 W=32 H=32 TileW=1 TileH=1 File=6000
2026-08-21 01:42:33 [INFO] Grh=6008 Frame=6008 X=96 Y=0 W=32 H=32 TileW=1 TileH=1 File=6000
2026-08-21 01:42:33 [INFO] Grh=6009 Frame=6009 X=128 Y=0 W=32 H=32 TileW=1 TileH=1 File=6000
2026-08-21 01:42:33 [INFO] Grh=6010 Frame=6010 X=160 Y=0 W=32 H=32 TileW=1 TileH=1 File=6000
2026-08-21 01:42:33 [INFO] Grh=6011 Frame=6011 X=192 Y=0 W=32 H=32 TileW=1 TileH=1 File=6000
2026-08-21 01:42:33 [INFO] Grh=6008 Frame=6008 X=224 Y=0 W=32 H=32 TileW=1 TileH=1 File=6000
2026-08-21 01:42:33 [INFO] Grh=6009 Frame=6009 X=256 Y=0 W=32 H=32 TileW=1 TileH=1 File=6000
2026-08-21 01:42:33 [INFO] Grh=6010 Frame=6010 X=288 Y=0 W=32 H=32 TileW=1 TileH=1 File=6000
2026-08-21 01:42:33 [INFO] Grh=6011 Frame=6011 X=320 Y=0 W=32 H=32 TileW=1 TileH=1 File=6000
2026-08-21 01:42:33 [INFO] Grh=6008 Frame=6008 X=352 Y=0 W=32 H=32 TileW=1 TileH=1 File=6000
2026-08-21 01:42:33 [INFO] Grh=6009 Frame=6009 X=384 Y=0 W=32 H=32 TileW=1 TileH=1 File=6000
2026-08-21 01:42:33 [INFO] Grh=6010 Frame=6010 X=416 Y=0 W=32 H=32 TileW=1 TileH=1 File=6000
2026-08-21 01:42:33 [INFO] Grh=6011 Frame=6011 X=448 Y=0 W=32 H=32 TileW=1 TileH=1 File=6000
2026-08-21 01:42:33 [INFO] Grh=6008 Frame=6008 X=480 Y=0 W=32 H=32 TileW=1 TileH=1 File=6000
2026-08-21 01:42:33 [INFO] Grh=6009 Frame=6009 X=512 Y=0 W=32 H=32 TileW=1 TileH=1 File=6000
2026-08-21 01:42:33 [INFO] Grh=6010 Frame=6010 X=544 Y=0 W=32 H=32 TileW=1 TileH=1 File=6000
2026-08-21 01:42:33 [INFO] Grh=1505 Frame=356 X=-32 Y=32 W=32 H=32 TileW=1 TileH=1 File=20
2026-08-21 01:42:33 [INFO] Grh=1506 Frame=357 X=0 Y=32 W=32 H=32 TileW=1 TileH=1 File=20
2026-08-21 01:42:33 [INFO] Grh=1507 Frame=358 X=32 Y=32 W=32 H=32 TileW=1 TileH=1 File=20
2026-08-21 01:42:33 [INFO] Grh=1508 Frame=359 X=64 Y=32 W=32 H=32 TileW=1 TileH=1 File=20
2026-08-21 01:42:33 [INFO] Grh=1505 Frame=356 X=96 Y=32 W=32 H=32 TileW=1 TileH=1 File=20
2026-08-21 01:42:33 [INFO] Grh=1506 Frame=357 X=128 Y=32 W=32 H=32 TileW=1 TileH=1 File=20
2026-08-21 01:42:33 [INFO] Grh=1507 Frame=358 X=160 Y=32 W=32 H=32 TileW=1 TileH=1 File=20
2026-08-21 01:42:33 [INFO] Grh=1508 Frame=359 X=192 Y=32 W=32 H=32 TileW=1 TileH=1 File=20
2026-08-21 01:42:33 [INFO] Grh=1505 Frame=356 X=224 Y=32 W=32 H=32 TileW=1 TileH=1 File=20
2026-08-21 01:42:33 [INFO] Grh=1506 Frame=357 X=256 Y=32 W=32 H=32 TileW=1 TileH=1 File=20
2026-08-21 01:42:33 [INFO] Grh=1507 Frame=358 X=288 Y=32 W=32 H=32 TileW=1 TileH=1 File=20
2026-08-21 01:42:33 [INFO] Grh=1508 Frame=359 X=320 Y=32 W=32 H=32 TileW=1 TileH=1 File=20
2026-08-21 01:42:33 [INFO] Grh=1505 Frame=356 X=352 Y=32 W=32 H=32 TileW=1 TileH=1 File=20
2026-08-21 01:42:33 [INFO] Grh=1506 Frame=357 X=384 Y=32 W=32 H=32 TileW=1 TileH=1 File=20
2026-08-21 01:42:33 [INFO] Grh=1507 Frame=358 X=416 Y=32 W=32 H=32 TileW=1 TileH=1 File=20
2026-08-21 01:42:33 [INFO] Grh=1508 Frame=359 X=448 Y=32 W=32 H=32 TileW=1 TileH=1 File=20
2026-08-21 01:42:33 [INFO] Grh=1505 Frame=356 X=480 Y=32 W=32 H=32 TileW=1 TileH=1 File=20
2026-08-21 01:42:33 [INFO] Grh=1506 Frame=357 X=512 Y=32 W=32 H=32 TileW=1 TileH=1 File=20
2026-08-21 01:42:33 [INFO] Grh=1507 Frame=358 X=544 Y=32 W=32 H=32 TileW=1 TileH=1 File=20
2026-08-21 01:42:33 [INFO] Grh=1513 Frame=364 X=-32 Y=64 W=32 H=32 TileW=1 TileH=1 File=20
2026-08-21 01:42:33 [INFO] Grh=1514 Frame=365 X=0 Y=64 W=32 H=32 TileW=1 TileH=1 File=20
2026-08-21 01:42:33 [INFO] Grh=1515 Frame=366 X=32 Y=64 W=32 H=32 TileW=1 TileH=1 File=20
2026-08-21 01:42:33 [INFO] Grh=1516 Frame=367 X=64 Y=64 W=32 H=32 TileW=1 TileH=1 File=20
2026-08-21 01:42:33 [INFO] Grh=1513 Frame=364 X=96 Y=64 W=32 H=32 TileW=1 TileH=1 File=20
2026-08-21 01:42:33 [INFO] Grh=1514 Frame=365 X=128 Y=64 W=32 H=32 TileW=1 TileH=1 File=20
2026-08-21 01:42:33 [INFO] Grh=1515 Frame=366 X=160 Y=64 W=32 H=32 TileW=1 TileH=1 File=20
2026-08-21 01:42:33 [INFO] Grh=1516 Frame=367 X=192 Y=64 W=32 H=32 TileW=1 TileH=1 File=20
2026-08-21 01:42:33 [INFO] Grh=1513 Frame=364 X=224 Y=64 W=32 H=32 TileW=1 TileH=1 File=20
2026-08-21 01:42:33 [INFO] Grh=1514 Frame=365 X=256 Y=64 W=32 H=32 TileW=1 TileH=1 File=20
2026-08-21 01:42:33 [INFO] Grh=1515 Frame=366 X=288 Y=64 W=32 H=32 TileW=1 TileH=1 File=20
2026-08-21 01:42:33 [INFO] Grh=1516 Frame=367 X=320 Y=64 W=32 H=32 TileW=1 TileH=1 File=20
2026-08-21 01:42:33 [INFO] Grh=1513 Frame=364 X=352 Y=64 W=32 H=32 TileW=1 TileH=1 File=20
2026-08-21 01:42:33 [INFO] Grh=1514 Frame=365 X=384 Y=64 W=32 H=32 TileW=1 TileH=1 File=20
2026-08-21 01:42:33 [INFO] Grh=1515 Frame=366 X=416 Y=64 W=32 H=32 TileW=1 TileH=1 File=20
2026-08-21 01:42:33 [INFO] Grh=1516 Frame=367 X=448 Y=64 W=32 H=32 TileW=1 TileH=1 File=20
2026-08-21 01:42:33 [INFO] Grh=1513 Frame=364 X=480 Y=64 W=32 H=32 TileW=1 TileH=1 File=20
2026-08-21 01:42:33 [INFO] Grh=1514 Frame=365 X=512 Y=64 W=32 H=32 TileW=1 TileH=1 File=20
2026-08-21 01:42:33 [INFO] Grh=1515 Frame=366 X=544 Y=64 W=32 H=32 TileW=1 TileH=1 File=20
2026-08-21 01:42:33 [INFO] Grh=1505 Frame=356 X=-32 Y=96 W=32 H=32 TileW=1 TileH=1 File=20
2026-08-21 01:42:33 [INFO] Grh=1506 Frame=357 X=0 Y=96 W=32 H=32 TileW=1 TileH=1 File=20
2026-08-21 01:42:33 [INFO] Grh=1507 Frame=358 X=32 Y=96 W=32 H=32 TileW=1 TileH=1 File=20
2026-08-21 01:42:33 [INFO] Grh=1508 Frame=359 X=64 Y=96 W=32 H=32 TileW=1 TileH=1 File=20
2026-08-21 01:42:33 [INFO] Grh=1505 Frame=356 X=96 Y=96 W=32 H=32 TileW=1 TileH=1 File=20
2026-08-21 01:42:33 [INFO] Grh=1506 Frame=357 X=128 Y=96 W=32 H=32 TileW=1 TileH=1 File=20
2026-08-21 01:42:33 [INFO] Grh=1507 Frame=358 X=160 Y=96 W=32 H=32 TileW=1 TileH=1 File=20
2026-08-21 01:42:33 [INFO] Grh=1508 Frame=359 X=192 Y=96 W=32 H=32 TileW=1 TileH=1 File=20
2026-08-21 01:42:33 [INFO] Grh=1505 Frame=356 X=224 Y=96 W=32 H=32 TileW=1 TileH=1 File=20
2026-08-21 01:42:33 [INFO] Grh=1506 Frame=357 X=256 Y=96 W=32 H=32 TileW=1 TileH=1 File=20
2026-08-21 01:42:33 [INFO] Grh=1507 Frame=358 X=288 Y=96 W=32 H=32 TileW=1 TileH=1 File=20
2026-08-21 01:42:33 [INFO] Grh=1508 Frame=359 X=320 Y=96 W=32 H=32 TileW=1 TileH=1 File=20
2026-08-21 01:42:33 [INFO] Grh=1505 Frame=356 X=352 Y=96 W=32 H=32 TileW=1 TileH=1 File=20
2026-08-21 01:42:33 [INFO] Grh=1506 Frame=357 X=384 Y=96 W=32 H=32 TileW=1 TileH=1 File=20
2026-08-21 01:42:33 [INFO] Grh=1507 Frame=358 X=416 Y=96 W=32 H=32 TileW=1 TileH=1 File=20
2026-08-21 01:42:33 [INFO] Grh=1508 Frame=359 X=448 Y=96 W=32 H=32 TileW=1 TileH=1 File=20
2026-08-21 01:42:33 [INFO] Grh=1505 Frame=356 X=480 Y=96 W=32 H=32 TileW=1 TileH=1 File=20
2026-08-21 01:42:33 [INFO] Grh=1506 Frame=357 X=512 Y=96 W=32 H=32 TileW=1 TileH=1 File=20
2026-08-21 01:42:33 [INFO] Grh=1507 Frame=358 X=544 Y=96 W=32 H=32 TileW=1 TileH=1 File=20
2026-08-21 01:42:33 [INFO] Grh=1513 Frame=364 X=-32 Y=128 W=32 H=32 TileW=1 TileH=1 File=20
2026-08-21 01:42:33 [INFO] Grh=1514 Frame=365 X=0 Y=128 W=32 H=32 TileW=1 TileH=1 File=20
2026-08-21 01:42:33 [INFO] Grh=1515 Frame=366 X=32 Y=128 W=32 H=32 TileW=1 TileH=1 File=20
2026-08-21 01:42:33 [INFO] Grh=1516 Frame=367 X=64 Y=128 W=32 H=32 TileW=1 TileH=1 File=20
2026-08-21 01:42:33 [INFO] Grh=1513 Frame=364 X=96 Y=128 W=32 H=32 TileW=1 TileH=1 File=20
2026-08-21 01:42:33 [INFO] Grh=1514 Frame=365 X=128 Y=128 W=32 H=32 TileW=1 TileH=1 File=20
2026-08-21 01:42:33 [INFO] Grh=1515 Frame=366 X=160 Y=128 W=32 H=32 TileW=1 TileH=1 File=20
2026-08-21 01:42:33 [INFO] Grh=1516 Frame=367 X=192 Y=128 W=32 H=32 TileW=1 TileH=1 File=20
2026-08-21 01:42:33 [INFO] Grh=1513 Frame=364 X=224 Y=128 W=32 H=32 TileW=1 TileH=1 File=20
2026-08-21 01:42:33 [INFO] Grh=1514 Frame=365 X=256 Y=128 W=32 H=32 TileW=1 TileH=1 File=20
2026-08-21 01:42:33 [INFO] Grh=1515 Frame=366 X=288 Y=128 W=32 H=32 TileW=1 TileH=1 File=20
2026-08-21 01:42:33 [INFO] Grh=1516 Frame=367 X=320 Y=128 W=32 H=32 TileW=1 TileH=1 File=20
2026-08-21 01:42:33 [INFO] Grh=1513 Frame=364 X=352 Y=128 W=32 H=32 TileW=1 TileH=1 File=20
2026-08-21 01:42:33 [INFO] Grh=1514 Frame=365 X=384 Y=128 W=32 H=32 TileW=1 TileH=1 File=20
2026-08-21 01:42:33 [INFO] Grh=1515 Frame=366 X=416 Y=128 W=32 H=32 TileW=1 TileH=1 File=20
2026-08-21 01:42:33 [INFO] Grh=1516 Frame=367 X=448 Y=128 W=32 H=32 TileW=1 TileH=1 File=20
2026-08-21 01:42:33 [INFO] Grh=1513 Frame=364 X=480 Y=128 W=32 H=32 TileW=1 TileH=1 File=20
2026-08-21 01:42:33 [INFO] Grh=1514 Frame=365 X=512 Y=128 W=32 H=32 TileW=1 TileH=1 File=20
2026-08-21 01:42:33 [INFO] Grh=1515 Frame=366 X=544 Y=128 W=32 H=32 TileW=1 TileH=1 File=20
2026-08-21 01:42:33 [INFO] Grh=1505 Frame=356 X=-32 Y=160 W=32 H=32 TileW=1 TileH=1 File=20
2026-08-21 01:42:33 [INFO] Grh=1506 Frame=357 X=0 Y=160 W=32 H=32 TileW=1 TileH=1 File=20
2026-08-21 01:42:33 [INFO] Grh=1507 Frame=358 X=32 Y=160 W=32 H=32 TileW=1 TileH=1 File=20
2026-08-21 01:42:33 [INFO] Grh=1508 Frame=359 X=64 Y=160 W=32 H=32 TileW=1 TileH=1 File=20
2026-08-21 01:42:33 [INFO] Grh=1505 Frame=356 X=96 Y=160 W=32 H=32 TileW=1 TileH=1 File=20
2026-08-21 01:42:33 [INFO] Grh=1506 Frame=357 X=128 Y=160 W=32 H=32 TileW=1 TileH=1 File=20
2026-08-21 01:42:33 [INFO] Grh=1507 Frame=358 X=160 Y=160 W=32 H=32 TileW=1 TileH=1 File=20
2026-08-21 01:42:33 [INFO] Grh=1508 Frame=359 X=192 Y=160 W=32 H=32 TileW=1 TileH=1 File=20
2026-08-21 01:42:33 [INFO] Grh=1505 Frame=356 X=224 Y=160 W=32 H=32 TileW=1 TileH=1 File=20
2026-08-21 01:42:33 [INFO] Grh=1506 Frame=357 X=256 Y=160 W=32 H=32 TileW=1 TileH=1 File=20
2026-08-21 01:42:33 [INFO] Grh=1507 Frame=358 X=288 Y=160 W=32 H=32 TileW=1 TileH=1 File=20
2026-08-21 01:42:33 [INFO] Grh=1508 Frame=359 X=320 Y=160 W=32 H=32 TileW=1 TileH=1 File=20
2026-08-21 01:42:33 [INFO] Grh=1505 Frame=356 X=352 Y=160 W=32 H=32 TileW=1 TileH=1 File=20
2026-08-21 01:42:33 [INFO] Grh=1506 Frame=357 X=384 Y=160 W=32 H=32 TileW=1 TileH=1 File=20
2026-08-21 01:42:33 [INFO] Grh=1507 Frame=358 X=416 Y=160 W=32 H=32 TileW=1 TileH=1 File=20
2026-08-21 01:42:33 [INFO] Grh=1508 Frame=359 X=448 Y=160 W=32 H=32 TileW=1 TileH=1 File=20
2026-08-21 01:42:33 [INFO] Grh=1505 Frame=356 X=480 Y=160 W=32 H=32 TileW=1 TileH=1 File=20
2026-08-21 01:42:33 [INFO] Grh=1506 Frame=357 X=512 Y=160 W=32 H=32 TileW=1 TileH=1 File=20
2026-08-21 01:42:33 [INFO] Grh=1507 Frame=358 X=544 Y=160 W=32 H=32 TileW=1 TileH=1 File=20
2026-08-21 01:42:33 [INFO] Grh=1513 Frame=364 X=-32 Y=192 W=32 H=32 TileW=1 TileH=1 File=20
2026-08-21 01:42:33 [INFO] Grh=1514 Frame=365 X=0 Y=192 W=32 H=32 TileW=1 TileH=1 File=20
2026-08-21 01:42:33 [INFO] Grh=1515 Frame=366 X=32 Y=192 W=32 H=32 TileW=1 TileH=1 File=20
2026-08-21 01:42:33 [INFO] Grh=1516 Frame=367 X=64 Y=192 W=32 H=32 TileW=1 TileH=1 File=20
2026-08-21 01:42:33 [INFO] Grh=1513 Frame=364 X=96 Y=192 W=32 H=32 TileW=1 TileH=1 File=20
2026-08-21 01:42:33 [INFO] Grh=1514 Frame=365 X=128 Y=192 W=32 H=32 TileW=1 TileH=1 File=20
2026-08-21 01:42:33 [INFO] Grh=1515 Frame=366 X=160 Y=192 W=32 H=32 TileW=1 TileH=1 File=20
2026-08-21 01:42:33 [INFO] Grh=1516 Frame=367 X=192 Y=192 W=32 H=32 TileW=1 TileH=1 File=20
2026-08-21 01:42:33 [INFO] Grh=1513 Frame=364 X=224 Y=192 W=32 H=32 TileW=1 TileH=1 File=20
2026-08-21 01:42:33 [INFO] Grh=1514 Frame=365 X=256 Y=192 W=32 H=32 TileW=1 TileH=1 File=20
2026-08-21 01:42:33 [INFO] Grh=1515 Frame=366 X=288 Y=192 W=32 H=32 TileW=1 TileH=1 File=20
2026-08-21 01:42:33 [INFO] Grh=1516 Frame=367 X=320 Y=192 W=32 H=32 TileW=1 TileH=1 File=20
2026-08-21 01:42:33 [INFO] Grh=1513 Frame=364 X=352 Y=192 W=32 H=32 TileW=1 TileH=1 File=20
2026-08-21 01:42:33 [INFO] Grh=1514 Frame=365 X=384 Y=192 W=32 H=32 TileW=1 TileH=1 File=20
2026-08-21 01:42:33 [INFO] Grh=1515 Frame=366 X=416 Y=192 W=32 H=32 TileW=1 TileH=1 File=20
2026-08-21 01:42:33 [INFO] Grh=1516 Frame=367 X=448 Y=192 W=32 H=32 TileW=1 TileH=1 File=20
2026-08-21 01:42:33 [INFO] Grh=1513 Frame=364 X=480 Y=192 W=32 H=32 TileW=1 TileH=1 File=20
2026-08-21 01:42:33 [INFO] Grh=1514 Frame=365 X=512 Y=192 W=32 H=32 TileW=1 TileH=1 File=20
2026-08-21 01:42:33 [INFO] Grh=1515 Frame=366 X=544 Y=192 W=32 H=32 TileW=1 TileH=1 File=20
2026-08-21 01:42:33 [INFO] Grh=6000 Frame=6000 X=-32 Y=-32 W=32 H=32 TileW=1 TileH=1 File=6000
2026-08-21 01:42:33 [INFO] Grh=6001 Frame=6001 X=0 Y=-32 W=32 H=32 TileW=1 TileH=1 File=6000
2026-08-21 01:42:33 [INFO] Grh=6002 Frame=6002 X=32 Y=-32 W=32 H=32 TileW=1 TileH=1 File=6000
2026-08-21 01:42:33 [INFO] Grh=6003 Frame=6003 X=64 Y=-32 W=32 H=32 TileW=1 TileH=1 File=6000
2026-08-21 01:42:33 [INFO] Grh=6000 Frame=6000 X=96 Y=-32 W=32 H=32 TileW=1 TileH=1 File=6000
2026-08-21 01:42:33 [INFO] Grh=6001 Frame=6001 X=128 Y=-32 W=32 H=32 TileW=1 TileH=1 File=6000
2026-08-21 01:42:33 [INFO] Grh=6002 Frame=6002 X=160 Y=-32 W=32 H=32 TileW=1 TileH=1 File=6000
2026-08-21 01:42:33 [INFO] Grh=6003 Frame=6003 X=192 Y=-32 W=32 H=32 TileW=1 TileH=1 File=6000
2026-08-21 01:42:33 [INFO] Grh=6000 Frame=6000 X=224 Y=-32 W=32 H=32 TileW=1 TileH=1 File=6000
2026-08-21 01:42:33 [INFO] Grh=6001 Frame=6001 X=256 Y=-32 W=32 H=32 TileW=1 TileH=1 File=6000
2026-08-21 01:42:33 [INFO] Grh=6002 Frame=6002 X=288 Y=-32 W=32 H=32 TileW=1 TileH=1 File=6000
2026-08-21 01:42:33 [INFO] Grh=6003 Frame=6003 X=320 Y=-32 W=32 H=32 TileW=1 TileH=1 File=6000
2026-08-21 01:42:33 [INFO] Grh=6000 Frame=6000 X=352 Y=-32 W=32 H=32 TileW=1 TileH=1 File=6000
2026-08-21 01:42:33 [INFO] Grh=6001 Frame=6001 X=384 Y=-32 W=32 H=32 TileW=1 TileH=1 File=6000
2026-08-21 01:42:33 [INFO] Grh=6002 Frame=6002 X=416 Y=-32 W=32 H=32 TileW=1 TileH=1 File=6000
2026-08-21 01:42:33 [INFO] Grh=6003 Frame=6003 X=448 Y=-32 W=32 H=32 TileW=1 TileH=1 File=6000
2026-08-21 01:42:33 [INFO] Grh=6000 Frame=6000 X=480 Y=-32 W=32 H=32 TileW=1 TileH=1 File=6000
2026-08-21 01:42:33 [INFO] Grh=6001 Frame=6001 X=512 Y=-32 W=32 H=32 TileW=1 TileH=1 File=6000
2026-08-21 01:42:33 [INFO] Grh=6002 Frame=6002 X=544 Y=-32 W=32 H=32 TileW=1 TileH=1 File=6000
2026-08-21 01:42:33 [INFO] Grh=6008 Frame=6008 X=-32 Y=0 W=32 H=32 TileW=1 TileH=1 File=6000
2026-08-21 01:42:33 [INFO] Grh=6009 Frame=6009 X=0 Y=0 W=32 H=32 TileW=1 TileH=1 File=6000
2026-08-21 01:42:33 [INFO] Grh=6010 Frame=6010 X=32 Y=0 W=32 H=32 TileW=1 TileH=1 File=6000
2026-08-21 01:42:33 [INFO] Grh=6011 Frame=6011 X=64 Y=0 W=32 H=32 TileW=1 TileH=1 File=6000
2026-08-21 01:42:33 [INFO] Grh=6008 Frame=6008 X=96 Y=0 W=32 H=32 TileW=1 TileH=1 File=6000
2026-08-21 01:42:33 [INFO] Grh=6009 Frame=6009 X=128 Y=0 W=32 H=32 TileW=1 TileH=1 File=6000
2026-08-21 01:42:33 [INFO] Grh=6010 Frame=6010 X=160 Y=0 W=32 H=32 TileW=1 TileH=1 File=6000
2026-08-21 01:42:33 [INFO] Grh=6011 Frame=6011 X=192 Y=0 W=32 H=32 TileW=1 TileH=1 File=6000
2026-08-21 01:42:33 [INFO] Grh=6008 Frame=6008 X=224 Y=0 W=32 H=32 TileW=1 TileH=1 File=6000
2026-08-21 01:42:33 [INFO] Grh=6009 Frame=6009 X=256 Y=0 W=32 H=32 TileW=1 TileH=1 File=6000
2026-08-21 01:42:33 [INFO] Grh=6010 Frame=6010 X=288 Y=0 W=32 H=32 TileW=1 TileH=1 File=6000
2026-08-21 01:42:33 [INFO] Grh=6011 Frame=6011 X=320 Y=0 W=32 H=32 TileW=1 TileH=1 File=6000
2026-08-21 01:42:33 [INFO] Grh=6008 Frame=6008 X=352 Y=0 W=32 H=32 TileW=1 TileH=1 File=6000
2026-08-21 01:42:33 [INFO] Grh=6009 Frame=6009 X=384 Y=0 W=32 H=32 TileW=1 TileH=1 File=6000
2026-08-21 01:42:33 [INFO] Grh=6010 Frame=6010 X=416 Y=0 W=32 H=32 TileW=1 TileH=1 File=6000
2026-08-21 01:42:33 [INFO] Grh=6011 Frame=6011 X=448 Y=0 W=32 H=32 TileW=1 TileH=1 File=6000
2026-08-21 01:42:33 [INFO] Grh=6008 Frame=6008 X=480 Y=0 W=32 H=32 TileW=1 TileH=1 File=6000
2026-08-21 01:42:33 [INFO] Grh=6009 Frame=6009 X=512 Y=0 W=32 H=32 TileW=1 TileH=1 File=6000
2026-08-21 01:42:33 [INFO] Grh=6010 Frame=6010 X=544 Y=0 W=32 H=32 TileW=1 TileH=1 File=6000
2026-08-21 01:42:33 [INFO] Grh=1505 Frame=324 X=-32 Y=32 W=32 H=32 TileW=1 TileH=1 File=20
2026-08-21 01:42:33 [INFO] Grh=1506 Frame=325 X=0 Y=32 W=32 H=32 TileW=1 TileH=1 File=20
2026-08-21 01:42:33 [INFO] Grh=1507 Frame=326 X=32 Y=32 W=32 H=32 TileW=1 TileH=1 File=20
2026-08-21 01:42:33 [INFO] Grh=1508 Frame=327 X=64 Y=32 W=32 H=32 TileW=1 TileH=1 File=20
2026-08-21 01:42:33 [INFO] Grh=1505 Frame=324 X=96 Y=32 W=32 H=32 TileW=1 TileH=1 File=20
2026-08-21 01:42:33 [INFO] Grh=1506 Frame=325 X=128 Y=32 W=32 H=32 TileW=1 TileH=1 File=20
2026-08-21 01:42:33 [INFO] Grh=1507 Frame=326 X=160 Y=32 W=32 H=32 TileW=1 TileH=1 File=20
2026-08-21 01:42:33 [INFO] Grh=1508 Frame=327 X=192 Y=32 W=32 H=32 TileW=1 TileH=1 File=20
2026-08-21 01:42:33 [INFO] Grh=1505 Frame=324 X=224 Y=32 W=32 H=32 TileW=1 TileH=1 File=20
2026-08-21 01:42:33 [INFO] Grh=1506 Frame=325 X=256 Y=32 W=32 H=32 TileW=1 TileH=1 File=20
2026-08-21 01:42:33 [INFO] Grh=1507 Frame=326 X=288 Y=32 W=32 H=32 TileW=1 TileH=1 File=20
2026-08-21 01:42:33 [INFO] Grh=1508 Frame=327 X=320 Y=32 W=32 H=32 TileW=1 TileH=1 File=20
2026-08-21 01:42:33 [INFO] Grh=1505 Frame=324 X=352 Y=32 W=32 H=32 TileW=1 TileH=1 File=20
2026-08-21 01:42:33 [INFO] Grh=1506 Frame=325 X=384 Y=32 W=32 H=32 TileW=1 TileH=1 File=20
2026-08-21 01:42:33 [INFO] Grh=1507 Frame=326 X=416 Y=32 W=32 H=32 TileW=1 TileH=1 File=20
2026-08-21 01:42:33 [INFO] Grh=1508 Frame=327 X=448 Y=32 W=32 H=32 TileW=1 TileH=1 File=20
2026-08-21 01:42:33 [INFO] Grh=1505 Frame=324 X=480 Y=32 W=32 H=32 TileW=1 TileH=1 File=20
2026-08-21 01:42:33 [INFO] Grh=1506 Frame=325 X=512 Y=32 W=32 H=32 TileW=1 TileH=1 File=20
2026-08-21 01:42:33 [INFO] Grh=1507 Frame=326 X=544 Y=32 W=32 H=32 TileW=1 TileH=1 File=20
2026-08-21 01:42:33 [INFO] Grh=1513 Frame=332 X=-32 Y=64 W=32 H=32 TileW=1 TileH=1 File=20
2026-08-21 01:42:33 [INFO] Grh=1514 Frame=333 X=0 Y=64 W=32 H=32 TileW=1 TileH=1 File=20
2026-08-21 01:42:33 [INFO] Grh=1515 Frame=334 X=32 Y=64 W=32 H=32 TileW=1 TileH=1 File=20
2026-08-21 01:42:33 [INFO] Grh=1516 Frame=335 X=64 Y=64 W=32 H=32 TileW=1 TileH=1 File=20
2026-08-21 01:42:33 [INFO] Grh=1513 Frame=332 X=96 Y=64 W=32 H=32 TileW=1 TileH=1 File=20
2026-08-21 01:42:33 [INFO] Grh=1514 Frame=333 X=128 Y=64 W=32 H=32 TileW=1 TileH=1 File=20
2026-08-21 01:42:33 [INFO] Grh=1515 Frame=334 X=160 Y=64 W=32 H=32 TileW=1 TileH=1 File=20
2026-08-21 01:42:33 [INFO] Grh=1516 Frame=335 X=192 Y=64 W=32 H=32 TileW=1 TileH=1 File=20
2026-08-21 01:42:33 [INFO] Grh=1513 Frame=332 X=224 Y=64 W=32 H=32 TileW=1 TileH=1 File=20
2026-08-21 01:42:33 [INFO] Grh=1514 Frame=333 X=256 Y=64 W=32 H=32 TileW=1 TileH=1 File=20
2026-08-21 01:42:33 [INFO] Grh=1515 Frame=334 X=288 Y=64 W=32 H=32 TileW=1 TileH=1 File=20
2026-08-21 01:42:33 [INFO] Grh=1516 Frame=335 X=320 Y=64 W=32 H=32 TileW=1 TileH=1 File=20
2026-08-21 01:42:33 [INFO] Grh=1513 Frame=332 X=352 Y=64 W=32 H=32 TileW=1 TileH=1 File=20
2026-08-21 01:42:33 [INFO] Grh=1514 Frame=333 X=384 Y=64 W=32 H=32 TileW=1 TileH=1 File=20
2026-08-21 01:42:33 [INFO] Grh=1515 Frame=334 X=416 Y=64 W=32 H=32 TileW=1 TileH=1 File=20
2026-08-21 01:42:33 [INFO] Grh=1516 Frame=335 X=448 Y=64 W=32 H=32 TileW=1 TileH=1 File=20
2026-08-21 01:42:33 [INFO] Grh=1513 Frame=332 X=480 Y=64 W=32 H=32 TileW=1 TileH=1 File=20
2026-08-21 01:42:33 [INFO] Grh=1514 Frame=333 X=512 Y=64 W=32 H=32 TileW=1 TileH=1 File=20
2026-08-21 01:42:33 [INFO] Grh=1515 Frame=334 X=544 Y=64 W=32 H=32 TileW=1 TileH=1 File=20
2026-08-21 01:42:33 [INFO] Grh=1505 Frame=324 X=-32 Y=96 W=32 H=32 TileW=1 TileH=1 File=20
2026-08-21 01:42:33 [INFO] Grh=1506 Frame=325 X=0 Y=96 W=32 H=32 TileW=1 TileH=1 File=20
2026-08-21 01:42:33 [INFO] Grh=1507 Frame=326 X=32 Y=96 W=32 H=32 TileW=1 TileH=1 File=20
2026-08-21 01:42:34 [INFO] Grh=1508 Frame=327 X=64 Y=96 W=32 H=32 TileW=1 TileH=1 File=20
2026-08-21 01:42:34 [INFO] Grh=1505 Frame=324 X=96 Y=96 W=32 H=32 TileW=1 TileH=1 File=20
2026-08-21 01:42:34 [INFO] Grh=1506 Frame=325 X=128 Y=96 W=32 H=32 TileW=1 TileH=1 File=20
2026-08-21 01:42:34 [INFO] Grh=1507 Frame=326 X=160 Y=96 W=32 H=32 TileW=1 TileH=1 File=20
2026-08-21 01:42:34 [INFO] Grh=1508 Frame=327 X=192 Y=96 W=32 H=32 TileW=1 TileH=1 File=20
2026-08-21 01:42:34 [INFO] Grh=1505 Frame=324 X=224 Y=96 W=32 H=32 TileW=1 TileH=1 File=20
2026-08-21 01:42:34 [INFO] Grh=1506 Frame=325 X=256 Y=96 W=32 H=32 TileW=1 TileH=1 File=20
2026-08-21 01:42:34 [INFO] Grh=1507 Frame=326 X=288 Y=96 W=32 H=32 TileW=1 TileH=1 File=20
2026-08-21 01:42:34 [INFO] Grh=1508 Frame=327 X=320 Y=96 W=32 H=32 TileW=1 TileH=1 File=20
2026-08-21 01:42:34 [INFO] Grh=1505 Frame=324 X=352 Y=96 W=32 H=32 TileW=1 TileH=1 File=20
2026-08-21 01:42:34 [INFO] Grh=1506 Frame=325 X=384 Y=96 W=32 H=32 TileW=1 TileH=1 File=20
2026-08-21 01:42:34 [INFO] Grh=1507 Frame=326 X=416 Y=96 W=32 H=32 TileW=1 TileH=1 File=20
2026-08-21 01:42:34 [INFO] Grh=1508 Frame=327 X=448 Y=96 W=32 H=32 TileW=1 TileH=1 File=20
2026-08-21 01:42:34 [INFO] Grh=1505 Frame=324 X=480 Y=96 W=32 H=32 TileW=1 TileH=1 File=20
2026-08-21 01:42:34 [INFO] Grh=1506 Frame=325 X=512 Y=96 W=32 H=32 TileW=1 TileH=1 File=20
2026-08-21 01:42:34 [INFO] Grh=1507 Frame=326 X=544 Y=96 W=32 H=32 TileW=1 TileH=1 File=20
2026-08-21 01:42:34 [INFO] Grh=1513 Frame=332 X=-32 Y=128 W=32 H=32 TileW=1 TileH=1 File=20
2026-08-21 01:42:34 [INFO] Grh=1514 Frame=333 X=0 Y=128 W=32 H=32 TileW=1 TileH=1 File=20
2026-08-21 01:42:34 [INFO] Grh=1515 Frame=334 X=32 Y=128 W=32 H=32 TileW=1 TileH=1 File=20
2026-08-21 01:42:34 [INFO] Grh=1516 Frame=335 X=64 Y=128 W=32 H=32 TileW=1 TileH=1 File=20
2026-08-21 01:42:34 [INFO] Grh=1513 Frame=332 X=96 Y=128 W=32 H=32 TileW=1 TileH=1 File=20
2026-08-21 01:42:34 [INFO] Grh=1514 Frame=333 X=128 Y=128 W=32 H=32 TileW=1 TileH=1 File=20
2026-08-21 01:42:34 [INFO] Grh=1515 Frame=334 X=160 Y=128 W=32 H=32 TileW=1 TileH=1 File=20
2026-08-21 01:42:34 [INFO] Grh=1516 Frame=335 X=192 Y=128 W=32 H=32 TileW=1 TileH=1 File=20
2026-08-21 01:42:34 [INFO] Grh=1513 Frame=332 X=224 Y=128 W=32 H=32 TileW=1 TileH=1 File=20
2026-08-21 01:42:34 [INFO] Grh=1514 Frame=333 X=256 Y=128 W=32 H=32 TileW=1 TileH=1 File=20
2026-08-21 01:42:34 [INFO] Grh=1515 Frame=334 X=288 Y=128 W=32 H=32 TileW=1 TileH=1 File=20
2026-08-21 01:42:34 [INFO] Grh=1516 Frame=335 X=320 Y=128 W=32 H=32 TileW=1 TileH=1 File=20
2026-08-21 01:42:34 [INFO] Grh=1513 Frame=332 X=352 Y=128 W=32 H=32 TileW=1 TileH=1 File=20
2026-08-21 01:42:34 [INFO] Grh=1514 Frame=333 X=384 Y=128 W=32 H=32 TileW=1 TileH=1 File=20
2026-08-21 01:42:34 [INFO] Grh=1515 Frame=334 X=416 Y=128 W=32 H=32 TileW=1 TileH=1 File=20
2026-08-21 01:42:34 [INFO] Grh=1516 Frame=335 X=448 Y=128 W=32 H=32 TileW=1 TileH=1 File=20
2026-08-21 01:42:34 [INFO] Grh=1513 Frame=332 X=480 Y=128 W=32 H=32 TileW=1 TileH=1 File=20
2026-08-21 01:42:34 [INFO] Grh=1514 Frame=333 X=512 Y=128 W=32 H=32 TileW=1 TileH=1 File=20
2026-08-21 01:42:34 [INFO] Grh=1515 Frame=334 X=544 Y=128 W=32 H=32 TileW=1 TileH=1 File=20
2026-08-21 01:42:34 [INFO] Grh=1505 Frame=324 X=-32 Y=160 W=32 H=32 TileW=1 TileH=1 File=20
2026-08-21 01:42:34 [INFO] Grh=1506 Frame=325 X=0 Y=160 W=32 H=32 TileW=1 TileH=1 File=20
2026-08-21 01:42:34 [INFO] Grh=1507 Frame=326 X=32 Y=160 W=32 H=32 TileW=1 TileH=1 File=20
2026-08-21 01:42:34 [INFO] Grh=1508 Frame=327 X=64 Y=160 W=32 H=32 TileW=1 TileH=1 File=20
2026-08-21 01:42:34 [INFO] Grh=1505 Frame=324 X=96 Y=160 W=32 H=32 TileW=1 TileH=1 File=20
2026-08-21 01:42:34 [INFO] Grh=1506 Frame=325 X=128 Y=160 W=32 H=32 TileW=1 TileH=1 File=20
2026-08-21 01:42:34 [INFO] Grh=1507 Frame=326 X=160 Y=160 W=32 H=32 TileW=1 TileH=1 File=20
2026-08-21 01:42:34 [INFO] Grh=1508 Frame=327 X=192 Y=160 W=32 H=32 TileW=1 TileH=1 File=20
2026-08-21 01:42:34 [INFO] Grh=1505 Frame=324 X=224 Y=160 W=32 H=32 TileW=1 TileH=1 File=20
2026-08-21 01:42:34 [INFO] Grh=1506 Frame=325 X=256 Y=160 W=32 H=32 TileW=1 TileH=1 File=20
2026-08-21 01:42:34 [INFO] Grh=1507 Frame=326 X=288 Y=160 W=32 H=32 TileW=1 TileH=1 File=20
2026-08-21 01:42:34 [INFO] Grh=1508 Frame=327 X=320 Y=160 W=32 H=32 TileW=1 TileH=1 File=20
2026-08-21 01:42:34 [INFO] Grh=1505 Frame=324 X=352 Y=160 W=32 H=32 TileW=1 TileH=1 File=20
2026-08-21 01:42:34 [INFO] Grh=1506 Frame=325 X=384 Y=160 W=32 H=32 TileW=1 TileH=1 File=20
2026-08-21 01:42:34 [INFO] Grh=1507 Frame=326 X=416 Y=160 W=32 H=32 TileW=1 TileH=1 File=20
2026-08-21 01:42:34 [INFO] Grh=1508 Frame=327 X=448 Y=160 W=32 H=32 TileW=1 TileH=1 File=20
2026-08-21 01:42:34 [INFO] Grh=1505 Frame=324 X=480 Y=160 W=32 H=32 TileW=1 TileH=1 File=20
2026-08-21 01:42:34 [INFO] Grh=1506 Frame=325 X=512 Y=160 W=32 H=32 TileW=1 TileH=1 File=20
2026-08-21 01:42:34 [INFO] Grh=1507 Frame=326 X=544 Y=160 W=32 H=32 TileW=1 TileH=1 File=20
2026-08-21 01:42:34 [INFO] Grh=1513 Frame=332 X=-32 Y=192 W=32 H=32 TileW=1 TileH=1 File=20
2026-08-21 01:42:34 [INFO] Grh=1514 Frame=333 X=0 Y=192 W=32 H=32 TileW=1 TileH=1 File=20
2026-08-21 01:42:34 [INFO] Grh=1515 Frame=334 X=32 Y=192 W=32 H=32 TileW=1 TileH=1 File=20
2026-08-21 01:42:34 [INFO] Grh=1516 Frame=335 X=64 Y=192 W=32 H=32 TileW=1 TileH=1 File=20
2026-08-21 01:42:34 [INFO] Grh=1513 Frame=332 X=96 Y=192 W=32 H=32 TileW=1 TileH=1 File=20
2026-08-21 01:42:34 [INFO] Grh=1514 Frame=333 X=128 Y=192 W=32 H=32 TileW=1 TileH=1 File=20
2026-08-21 01:42:34 [INFO] Grh=1515 Frame=334 X=160 Y=192 W=32 H=32 TileW=1 TileH=1 File=20
2026-08-21 01:42:34 [INFO] Grh=1516 Frame=335 X=192 Y=192 W=32 H=32 TileW=1 TileH=1 File=20
2026-08-21 01:42:34 [INFO] Grh=1513 Frame=332 X=224 Y=192 W=32 H=32 TileW=1 TileH=1 File=20
2026-08-21 01:42:34 [INFO] Grh=1514 Frame=333 X=256 Y=192 W=32 H=32 TileW=1 TileH=1 File=20
2026-08-21 01:42:34 [INFO] Grh=1515 Frame=334 X=288 Y=192 W=32 H=32 TileW=1 TileH=1 File=20
2026-08-21 01:42:34 [INFO] Grh=1516 Frame=335 X=320 Y=192 W=32 H=32 TileW=1 TileH=1 File=20
2026-08-21 01:42:34 [INFO] Grh=1513 Frame=332 X=352 Y=192 W=32 H=32 TileW=1 TileH=1 File=20
2026-08-21 01:42:34 [INFO] Grh=1514 Frame=333 X=384 Y=192 W=32 H=32 TileW=1 TileH=1 File=20
2026-08-21 01:42:34 [INFO] Grh=1515 Frame=334 X=416 Y=192 W=32 H=32 TileW=1 TileH=1 File=20
2026-08-21 01:42:34 [INFO] Grh=1516 Frame=335 X=448 Y=192 W=32 H=32 TileW=1 TileH=1 File=20
2026-08-21 01:42:34 [INFO] Grh=1513 Frame=332 X=480 Y=192 W=32 H=32 TileW=1 TileH=1 File=20
2026-08-21 01:42:34 [INFO] Grh=1514 Frame=333 X=512 Y=192 W=32 H=32 TileW=1 TileH=1 File=20
2026-08-21 01:42:34 [INFO] Grh=1515 Frame=334 X=544 Y=192 W=32 H=32 TileW=1 TileH=1 File=20
2026-08-21 01:42:34 [INFO] Grh=6000 Frame=6000 X=-32 Y=-32 W=32 H=32 TileW=1 TileH=1 File=6000
2026-08-21 01:42:34 [INFO] Grh=6001 Frame=6001 X=0 Y=-32 W=32 H=32 TileW=1 TileH=1 File=6000
2026-08-21 01:42:34 [INFO] Grh=6002 Frame=6002 X=32 Y=-32 W=32 H=32 TileW=1 TileH=1 File=6000
2026-08-21 01:42:34 [INFO] Grh=6003 Frame=6003 X=64 Y=-32 W=32 H=32 TileW=1 TileH=1 File=6000
2026-08-21 01:42:34 [INFO] Grh=6000 Frame=6000 X=96 Y=-32 W=32 H=32 TileW=1 TileH=1 File=6000
2026-08-21 01:42:34 [INFO] Grh=6001 Frame=6001 X=128 Y=-32 W=32 H=32 TileW=1 TileH=1 File=6000
2026-08-21 01:42:34 [INFO] Grh=6002 Frame=6002 X=160 Y=-32 W=32 H=32 TileW=1 TileH=1 File=6000
2026-08-21 01:42:34 [INFO] Grh=6003 Frame=6003 X=192 Y=-32 W=32 H=32 TileW=1 TileH=1 File=6000
2026-08-21 01:42:34 [INFO] Grh=6000 Frame=6000 X=224 Y=-32 W=32 H=32 TileW=1 TileH=1 File=6000
2026-08-21 01:42:34 [INFO] Grh=6001 Frame=6001 X=256 Y=-32 W=32 H=32 TileW=1 TileH=1 File=6000
2026-08-21 01:42:34 [INFO] Grh=6002 Frame=6002 X=288 Y=-32 W=32 H=32 TileW=1 TileH=1 File=6000
2026-08-21 01:42:34 [INFO] Grh=6003 Frame=6003 X=320 Y=-32 W=32 H=32 TileW=1 TileH=1 File=6000
2026-08-21 01:42:34 [INFO] Grh=6000 Frame=6000 X=352 Y=-32 W=32 H=32 TileW=1 TileH=1 File=6000
2026-08-21 01:42:34 [INFO] Grh=6001 Frame=6001 X=384 Y=-32 W=32 H=32 TileW=1 TileH=1 File=6000
2026-08-21 01:42:34 [INFO] Grh=6002 Frame=6002 X=416 Y=-32 W=32 H=32 TileW=1 TileH=1 File=6000
2026-08-21 01:42:34 [INFO] Grh=6003 Frame=6003 X=448 Y=-32 W=32 H=32 TileW=1 TileH=1 File=6000
2026-08-21 01:42:34 [INFO] Grh=6000 Frame=6000 X=480 Y=-32 W=32 H=32 TileW=1 TileH=1 File=6000
2026-08-21 01:42:34 [INFO] Grh=6001 Frame=6001 X=512 Y=-32 W=32 H=32 TileW=1 TileH=1 File=6000
2026-08-21 01:42:34 [INFO] Grh=6002 Frame=6002 X=544 Y=-32 W=32 H=32 TileW=1 TileH=1 File=6000
2026-08-21 01:42:34 [INFO] Grh=6008 Frame=6008 X=-32 Y=0 W=32 H=32 TileW=1 TileH=1 File=6000
2026-08-21 01:42:34 [INFO] Grh=6009 Frame=6009 X=0 Y=0 W=32 H=32 TileW=1 TileH=1 File=6000
2026-08-21 01:42:34 [INFO] Grh=6010 Frame=6010 X=32 Y=0 W=32 H=32 TileW=1 TileH=1 File=6000
2026-08-21 01:42:34 [INFO] Grh=6011 Frame=6011 X=64 Y=0 W=32 H=32 TileW=1 TileH=1 File=6000
2026-08-21 01:42:34 [INFO] Grh=6008 Frame=6008 X=96 Y=0 W=32 H=32 TileW=1 TileH=1 File=6000
2026-08-21 01:42:34 [INFO] Grh=6009 Frame=6009 X=128 Y=0 W=32 H=32 TileW=1 TileH=1 File=6000
2026-08-21 01:42:34 [INFO] Grh=6010 Frame=6010 X=160 Y=0 W=32 H=32 TileW=1 TileH=1 File=6000
2026-08-21 01:42:34 [INFO] Grh=6011 Frame=6011 X=192 Y=0 W=32 H=32 TileW=1 TileH=1 File=6000
2026-08-21 01:42:34 [INFO] Grh=6008 Frame=6008 X=224 Y=0 W=32 H=32 TileW=1 TileH=1 File=6000
2026-08-21 01:42:34 [INFO] Grh=6009 Frame=6009 X=256 Y=0 W=32 H=32 TileW=1 TileH=1 File=6000
2026-08-21 01:42:34 [INFO] Grh=6010 Frame=6010 X=288 Y=0 W=32 H=32 TileW=1 TileH=1 File=6000
2026-08-21 01:42:34 [INFO] Grh=6011 Frame=6011 X=320 Y=0 W=32 H=32 TileW=1 TileH=1 File=6000
2026-08-21 01:42:34 [INFO] Grh=6008 Frame=6008 X=352 Y=0 W=32 H=32 TileW=1 TileH=1 File=6000
2026-08-21 01:42:34 [INFO] Grh=6009 Frame=6009 X=384 Y=0 W=32 H=32 TileW=1 TileH=1 File=6000
2026-08-21 01:42:34 [INFO] Grh=6010 Frame=6010 X=416 Y=0 W=32 H=32 TileW=1 TileH=1 File=6000
2026-08-21 01:42:34 [INFO] Grh=6011 Frame=6011 X=448 Y=0 W=32 H=32 TileW=1 TileH=1 File=6000
2026-08-21 01:42:34 [INFO] Grh=6008 Frame=6008 X=480 Y=0 W=32 H=32 TileW=1 TileH=1 File=6000
2026-08-21 01:42:34 [INFO] Grh=6009 Frame=6009 X=512 Y=0 W=32 H=32 TileW=1 TileH=1 File=6000
2026-08-21 01:42:34 [INFO] Grh=6010 Frame=6010 X=544 Y=0 W=32 H=32 TileW=1 TileH=1 File=6000
2026-08-21 01:42:34 [INFO] Grh=1505 Frame=356 X=-32 Y=32 W=32 H=32 TileW=1 TileH=1 File=20
2026-08-21 01:42:34 [INFO] Grh=1506 Frame=357 X=0 Y=32 W=32 H=32 TileW=1 TileH=1 File=20
2026-08-21 01:42:34 [INFO] Grh=1507 Frame=358 X=32 Y=32 W=32 H=32 TileW=1 TileH=1 File=20
2026-08-21 01:42:34 [INFO] Grh=1508 Frame=359 X=64 Y=32 W=32 H=32 TileW=1 TileH=1 File=20
2026-08-21 01:42:34 [INFO] Grh=1505 Frame=356 X=96 Y=32 W=32 H=32 TileW=1 TileH=1 File=20
2026-08-21 01:42:34 [INFO] Grh=1506 Frame=357 X=128 Y=32 W=32 H=32 TileW=1 TileH=1 File=20
2026-08-21 01:42:34 [INFO] Grh=1507 Frame=358 X=160 Y=32 W=32 H=32 TileW=1 TileH=1 File=20
2026-08-21 01:42:34 [INFO] Grh=1508 Frame=359 X=192 Y=32 W=32 H=32 TileW=1 TileH=1 File=20
2026-08-21 01:42:34 [INFO] Grh=1505 Frame=356 X=224 Y=32 W=32 H=32 TileW=1 TileH=1 File=20
2026-08-21 01:42:34 [INFO] Grh=1506 Frame=357 X=256 Y=32 W=32 H=32 TileW=1 TileH=1 File=20
2026-08-21 01:42:34 [INFO] Grh=1507 Frame=358 X=288 Y=32 W=32 H=32 TileW=1 TileH=1 File=20
2026-08-21 01:42:34 [INFO] Grh=1508 Frame=359 X=320 Y=32 W=32 H=32 TileW=1 TileH=1 File=20
2026-08-21 01:42:34 [INFO] Grh=1505 Frame=356 X=352 Y=32 W=32 H=32 TileW=1 TileH=1 File=20
2026-08-21 01:42:34 [INFO] Grh=1506 Frame=357 X=384 Y=32 W=32 H=32 TileW=1 TileH=1 File=20
2026-08-21 01:42:34 [INFO] Grh=1507 Frame=358 X=416 Y=32 W=32 H=32 TileW=1 TileH=1 File=20
2026-08-21 01:42:34 [INFO] Grh=1508 Frame=359 X=448 Y=32 W=32 H=32 TileW=1 TileH=1 File=20
2026-08-21 01:42:34 [INFO] Grh=1505 Frame=356 X=480 Y=32 W=32 H=32 TileW=1 TileH=1 File=20
2026-08-21 01:42:34 [INFO] Grh=1506 Frame=357 X=512 Y=32 W=32 H=32 TileW=1 TileH=1 File=20
2026-08-21 01:42:34 [INFO] Grh=1507 Frame=358 X=544 Y=32 W=32 H=32 TileW=1 TileH=1 File=20
2026-08-21 01:42:34 [INFO] Grh=1513 Frame=364 X=-32 Y=64 W=32 H=32 TileW=1 TileH=1 File=20
2026-08-21 01:42:34 [INFO] Grh=1514 Frame=365 X=0 Y=64 W=32 H=32 TileW=1 TileH=1 File=20
2026-08-21 01:42:34 [INFO] Grh=1515 Frame=366 X=32 Y=64 W=32 H=32 TileW=1 TileH=1 File=20
2026-08-21 01:42:34 [INFO] Grh=1516 Frame=367 X=64 Y=64 W=32 H=32 TileW=1 TileH=1 File=20
2026-08-21 01:42:34 [INFO] Grh=1513 Frame=364 X=96 Y=64 W=32 H=32 TileW=1 TileH=1 File=20
2026-08-21 01:42:34 [INFO] Grh=1514 Frame=365 X=128 Y=64 W=32 H=32 TileW=1 TileH=1 File=20
2026-08-21 01:42:34 [INFO] Grh=1515 Frame=366 X=160 Y=64 W=32 H=32 TileW=1 TileH=1 File=20
2026-08-21 01:42:34 [INFO] Grh=1516 Frame=367 X=192 Y=64 W=32 H=32 TileW=1 TileH=1 File=20
2026-08-21 01:42:34 [INFO] Grh=1513 Frame=364 X=224 Y=64 W=32 H=32 TileW=1 TileH=1 File=20
2026-08-21 01:42:34 [INFO] Grh=1514 Frame=365 X=256 Y=64 W=32 H=32 TileW=1 TileH=1 File=20
2026-08-21 01:42:34 [INFO] Grh=1515 Frame=366 X=288 Y=64 W=32 H=32 TileW=1 TileH=1 File=20
2026-08-21 01:42:34 [INFO] Grh=1516 Frame=367 X=320 Y=64 W=32 H=32 TileW=1 TileH=1 File=20
2026-08-21 01:42:34 [INFO] Grh=1513 Frame=364 X=352 Y=64 W=32 H=32 TileW=1 TileH=1 File=20
2026-08-21 01:42:34 [INFO] Grh=1514 Frame=365 X=384 Y=64 W=32 H=32 TileW=1 TileH=1 File=20
2026-08-21 01:42:34 [INFO] Grh=1515 Frame=366 X=416 Y=64 W=32 H=32 TileW=1 TileH=1 File=20
2026-08-21 01:42:34 [INFO] Grh=1516 Frame=367 X=448 Y=64 W=32 H=32 TileW=1 TileH=1 File=20
2026-08-21 01:42:34 [INFO] Grh=1513 Frame=364 X=480 Y=64 W=32 H=32 TileW=1 TileH=1 File=20
2026-08-21 01:42:34 [INFO] Grh=1514 Frame=365 X=512 Y=64 W=32 H=32 TileW=1 TileH=1 File=20
2026-08-21 01:42:34 [INFO] Grh=1515 Frame=366 X=544 Y=64 W=32 H=32 TileW=1 TileH=1 File=20
2026-08-21 01:42:34 [INFO] Grh=1505 Frame=356 X=-32 Y=96 W=32 H=32 TileW=1 TileH=1 File=20
2026-08-21 01:42:34 [INFO] Grh=1506 Frame=357 X=0 Y=96 W=32 H=32 TileW=1 TileH=1 File=20
2026-08-21 01:42:34 [INFO] Grh=1507 Frame=358 X=32 Y=96 W=32 H=32 TileW=1 TileH=1 File=20
2026-08-21 01:42:34 [INFO] Grh=1508 Frame=359 X=64 Y=96 W=32 H=32 TileW=1 TileH=1 File=20
2026-08-21 01:42:34 [INFO] Grh=1505 Frame=356 X=96 Y=96 W=32 H=32 TileW=1 TileH=1 File=20
2026-08-21 01:42:34 [INFO] Grh=1506 Frame=357 X=128 Y=96 W=32 H=32 TileW=1 TileH=1 File=20
2026-08-21 01:42:34 [INFO] Grh=1507 Frame=358 X=160 Y=96 W=32 H=32 TileW=1 TileH=1 File=20
2026-08-21 01:42:34 [INFO] Grh=1508 Frame=359 X=192 Y=96 W=32 H=32 TileW=1 TileH=1 File=20
2026-08-21 01:42:34 [INFO] Grh=1505 Frame=356 X=224 Y=96 W=32 H=32 TileW=1 TileH=1 File=20
2026-08-21 01:42:34 [INFO] Grh=1506 Frame=357 X=256 Y=96 W=32 H=32 TileW=1 TileH=1 File=20
2026-08-21 01:42:34 [INFO] Grh=1507 Frame=358 X=288 Y=96 W=32 H=32 TileW=1 TileH=1 File=20
2026-08-21 01:42:34 [INFO] Grh=1508 Frame=359 X=320 Y=96 W=32 H=32 TileW=1 TileH=1 File=20
2026-08-21 01:42:34 [INFO] Grh=1505 Frame=356 X=352 Y=96 W=32 H=32 TileW=1 TileH=1 File=20
2026-08-21 01:42:34 [INFO] Grh=1506 Frame=357 X=384 Y=96 W=32 H=32 TileW=1 TileH=1 File=20
2026-08-21 01:42:34 [INFO] Grh=1507 Frame=358 X=416 Y=96 W=32 H=32 TileW=1 TileH=1 File=20
2026-08-21 01:42:34 [INFO] Grh=1508 Frame=359 X=448 Y=96 W=32 H=32 TileW=1 TileH=1 File=20
2026-08-21 01:42:34 [INFO] Grh=1505 Frame=356 X=480 Y=96 W=32 H=32 TileW=1 TileH=1 File=20
2026-08-21 01:42:34 [INFO] Grh=1506 Frame=357 X=512 Y=96 W=32 H=32 TileW=1 TileH=1 File=20
2026-08-21 01:42:34 [INFO] Grh=1507 Frame=358 X=544 Y=96 W=32 H=32 TileW=1 TileH=1 File=20
2026-08-21 01:42:34 [INFO] Grh=1513 Frame=364 X=-32 Y=128 W=32 H=32 TileW=1 TileH=1 File=20
2026-08-21 01:42:34 [INFO] Grh=1514 Frame=365 X=0 Y=128 W=32 H=32 TileW=1 TileH=1 File=20
2026-08-21 01:42:34 [INFO] Grh=1515 Frame=366 X=32 Y=128 W=32 H=32 TileW=1 TileH=1 File=20
2026-08-21 01:42:34 [INFO] Grh=1516 Frame=367 X=64 Y=128 W=32 H=32 TileW=1 TileH=1 File=20
2026-08-21 01:42:34 [INFO] Grh=1513 Frame=364 X=96 Y=128 W=32 H=32 TileW=1 TileH=1 File=20
2026-08-21 01:42:34 [INFO] Grh=1514 Frame=365 X=128 Y=128 W=32 H=32 TileW=1 TileH=1 File=20
2026-08-21 01:42:34 [INFO] Grh=1515 Frame=366 X=160 Y=128 W=32 H=32 TileW=1 TileH=1 File=20
2026-08-21 01:42:34 [INFO] Grh=1516 Frame=367 X=192 Y=128 W=32 H=32 TileW=1 TileH=1 File=20
2026-08-21 01:42:34 [INFO] Grh=1513 Frame=364 X=224 Y=128 W=32 H=32 TileW=1 TileH=1 File=20
2026-08-21 01:42:34 [INFO] Grh=1514 Frame=365 X=256 Y=128 W=32 H=32 TileW=1 TileH=1 File=20
2026-08-21 01:42:34 [INFO] Grh=1515 Frame=366 X=288 Y=128 W=32 H=32 TileW=1 TileH=1 File=20
2026-08-21 01:42:34 [INFO] Grh=1516 Frame=367 X=320 Y=128 W=32 H=32 TileW=1 TileH=1 File=20
2026-08-21 01:42:34 [INFO] Grh=1513 Frame=364 X=352 Y=128 W=32 H=32 TileW=1 TileH=1 File=20
2026-08-21 01:42:34 [INFO] Grh=1514 Frame=365 X=384 Y=128 W=32 H=32 TileW=1 TileH=1 File=20
2026-08-21 01:42:34 [INFO] Grh=1515 Frame=366 X=416 Y=128 W=32 H=32 TileW=1 TileH=1 File=20
2026-08-21 01:42:34 [INFO] Grh=1516 Frame=367 X=448 Y=128 W=32 H=32 TileW=1 TileH=1 File=20
2026-08-21 01:42:34 [INFO] Grh=1513 Frame=364 X=480 Y=128 W=32 H=32 TileW=1 TileH=1 File=20
2026-08-21 01:42:34 [INFO] Grh=1514 Frame=365 X=512 Y=128 W=32 H=32 TileW=1 TileH=1 File=20
2026-08-21 01:42:34 [INFO] Grh=1515 Frame=366 X=544 Y=128 W=32 H=32 TileW=1 TileH=1 File=20
2026-08-21 01:42:34 [INFO] Grh=1505 Frame=356 X=-32 Y=160 W=32 H=32 TileW=1 TileH=1 File=20
2026-08-21 01:42:34 [INFO] Grh=1506 Frame=357 X=0 Y=160 W=32 H=32 TileW=1 TileH=1 File=20
2026-08-21 01:42:34 [INFO] Grh=1507 Frame=358 X=32 Y=160 W=32 H=32 TileW=1 TileH=1 File=20
2026-08-21 01:42:34 [INFO] Grh=1508 Frame=359 X=64 Y=160 W=32 H=32 TileW=1 TileH=1 File=20
2026-08-21 01:42:34 [INFO] Grh=1505 Frame=356 X=96 Y=160 W=32 H=32 TileW=1 TileH=1 File=20
2026-08-21 01:42:34 [INFO] Grh=1506 Frame=357 X=128 Y=160 W=32 H=32 TileW=1 TileH=1 File=20
2026-08-21 01:42:34 [INFO] Grh=1507 Frame=358 X=160 Y=160 W=32 H=32 TileW=1 TileH=1 File=20
2026-08-21 01:42:34 [INFO] Grh=1508 Frame=359 X=192 Y=160 W=32 H=32 TileW=1 TileH=1 File=20
2026-08-21 01:42:34 [INFO] Grh=1505 Frame=356 X=224 Y=160 W=32 H=32 TileW=1 TileH=1 File=20
2026-08-21 01:42:34 [INFO] Grh=1506 Frame=357 X=256 Y=160 W=32 H=32 TileW=1 TileH=1 File=20
2026-08-21 01:42:34 [INFO] Grh=1507 Frame=358 X=288 Y=160 W=32 H=32 TileW=1 TileH=1 File=20
2026-08-21 01:42:34 [INFO] Grh=1508 Frame=359 X=320 Y=160 W=32 H=32 TileW=1 TileH=1 File=20
2026-08-21 01:42:34 [INFO] Grh=1505 Frame=356 X=352 Y=160 W=32 H=32 TileW=1 TileH=1 File=20
2026-08-21 01:42:34 [INFO] Grh=1506 Frame=357 X=384 Y=160 W=32 H=32 TileW=1 TileH=1 File=20
2026-08-21 01:42:34 [INFO] Grh=1507 Frame=358 X=416 Y=160 W=32 H=32 TileW=1 TileH=1 File=20
2026-08-21 01:42:34 [INFO] Grh=1508 Frame=359 X=448 Y=160 W=32 H=32 TileW=1 TileH=1 File=20
2026-08-21 01:42:34 [INFO] Grh=1505 Frame=356 X=480 Y=160 W=32 H=32 TileW=1 TileH=1 File=20
2026-08-21 01:42:34 [INFO] Grh=1506 Frame=357 X=512 Y=160 W=32 H=32 TileW=1 TileH=1 File=20
2026-08-21 01:42:34 [INFO] Grh=1507 Frame=358 X=544 Y=160 W=32 H=32 TileW=1 TileH=1 File=20
2026-08-21 01:42:34 [INFO] Grh=1513 Frame=364 X=-32 Y=192 W=32 H=32 TileW=1 TileH=1 File=20
2026-08-21 01:42:34 [INFO] Grh=1514 Frame=365 X=0 Y=192 W=32 H=32 TileW=1 TileH=1 File=20
2026-08-21 01:42:34 [INFO] Grh=1515 Frame=366 X=32 Y=192 W=32 H=32 TileW=1 TileH=1 File=20
2026-08-21 01:42:34 [INFO] Grh=1516 Frame=367 X=64 Y=192 W=32 H=32 TileW=1 TileH=1 File=20
2026-08-21 01:42:34 [INFO] Grh=1513 Frame=364 X=96 Y=192 W=32 H=32 TileW=1 TileH=1 File=20
2026-08-21 01:42:34 [INFO] Grh=1514 Frame=365 X=128 Y=192 W=32 H=32 TileW=1 TileH=1 File=20
2026-08-21 01:42:34 [INFO] Grh=1515 Frame=366 X=160 Y=192 W=32 H=32 TileW=1 TileH=1 File=20
2026-08-21 01:42:34 [INFO] Grh=1516 Frame=367 X=192 Y=192 W=32 H=32 TileW=1 TileH=1 File=20
2026-08-21 01:42:34 [INFO] Grh=1513 Frame=364 X=224 Y=192 W=32 H=32 TileW=1 TileH=1 File=20
2026-08-21 01:42:34 [INFO] Grh=1514 Frame=365 X=256 Y=192 W=32 H=32 TileW=1 TileH=1 File=20
2026-08-21 01:42:34 [INFO] Grh=1515 Frame=366 X=288 Y=192 W=32 H=32 TileW=1 TileH=1 File=20
2026-08-21 01:42:34 [INFO] Grh=1516 Frame=367 X=320 Y=192 W=32 H=32 TileW=1 TileH=1 File=20
2026-08-21 01:42:34 [INFO] Grh=1513 Frame=364 X=352 Y=192 W=32 H=32 TileW=1 TileH=1 File=20
2026-08-21 01:42:34 [INFO] Grh=1514 Frame=365 X=384 Y=192 W=32 H=32 TileW=1 TileH=1 File=20
2026-08-21 01:42:34 [INFO] Grh=1515 Frame=366 X=416 Y=192 W=32 H=32 TileW=1 TileH=1 File=20
2026-08-21 01:42:34 [INFO] Grh=1516 Frame=367 X=448 Y=192 W=32 H=32 TileW=1 TileH=1 File=20
2026-08-21 01:42:34 [INFO] Grh=1513 Frame=364 X=480 Y=192 W=32 H=32 TileW=1 TileH=1 File=20
2026-08-21 01:42:34 [INFO] Grh=1514 Frame=365 X=512 Y=192 W=32 H=32 TileW=1 TileH=1 File=20
2026-08-21 01:42:34 [INFO] Grh=1515 Frame=366 X=544 Y=192 W=32 H=32 TileW=1 TileH=1 File=20
2026-08-21 01:42:34 [INFO] Grh=6000 Frame=6000 X=-32 Y=-32 W=32 H=32 TileW=1 TileH=1 File=6000
2026-08-21 01:42:34 [INFO] Grh=6001 Frame=6001 X=0 Y=-32 W=32 H=32 TileW=1 TileH=1 File=6000
2026-08-21 01:42:34 [INFO] Grh=6002 Frame=6002 X=32 Y=-32 W=32 H=32 TileW=1 TileH=1 File=6000
2026-08-21 01:42:34 [INFO] Grh=6003 Frame=6003 X=64 Y=-32 W=32 H=32 TileW=1 TileH=1 File=6000
2026-08-21 01:42:34 [INFO] Grh=6000 Frame=6000 X=96 Y=-32 W=32 H=32 TileW=1 TileH=1 File=6000
2026-08-21 01:42:34 [INFO] Grh=6001 Frame=6001 X=128 Y=-32 W=32 H=32 TileW=1 TileH=1 File=6000
2026-08-21 01:42:34 [INFO] Grh=6002 Frame=6002 X=160 Y=-32 W=32 H=32 TileW=1 TileH=1 File=6000
2026-08-21 01:42:34 [INFO] Grh=6003 Frame=6003 X=192 Y=-32 W=32 H=32 TileW=1 TileH=1 File=6000
2026-08-21 01:42:34 [INFO] Grh=6000 Frame=6000 X=224 Y=-32 W=32 H=32 TileW=1 TileH=1 File=6000
2026-08-21 01:42:34 [INFO] Grh=6001 Frame=6001 X=256 Y=-32 W=32 H=32 TileW=1 TileH=1 File=6000
2026-08-21 01:42:34 [INFO] Grh=6002 Frame=6002 X=288 Y=-32 W=32 H=32 TileW=1 TileH=1 File=6000
2026-08-21 01:42:34 [INFO] Grh=6003 Frame=6003 X=320 Y=-32 W=32 H=32 TileW=1 TileH=1 File=6000
2026-08-21 01:42:34 [INFO] Grh=6000 Frame=6000 X=352 Y=-32 W=32 H=32 TileW=1 TileH=1 File=6000
2026-08-21 01:42:34 [INFO] Grh=6001 Frame=6001 X=384 Y=-32 W=32 H=32 TileW=1 TileH=1 File=6000
2026-08-21 01:42:34 [INFO] Grh=6002 Frame=6002 X=416 Y=-32 W=32 H=32 TileW=1 TileH=1 File=6000
2026-08-21 01:42:34 [INFO] Grh=6003 Frame=6003 X=448 Y=-32 W=32 H=32 TileW=1 TileH=1 File=6000
2026-08-21 01:42:34 [INFO] Grh=6000 Frame=6000 X=480 Y=-32 W=32 H=32 TileW=1 TileH=1 File=6000
2026-08-21 01:42:34 [INFO] Grh=6001 Frame=6001 X=512 Y=-32 W=32 H=32 TileW=1 TileH=1 File=6000
2026-08-21 01:42:34 [INFO] Grh=6002 Frame=6002 X=544 Y=-32 W=32 H=32 TileW=1 TileH=1 File=6000
2026-08-21 01:42:34 [INFO] Grh=6008 Frame=6008 X=-32 Y=0 W=32 H=32 TileW=1 TileH=1 File=6000
2026-08-21 01:42:34 [INFO] Grh=6009 Frame=6009 X=0 Y=0 W=32 H=32 TileW=1 TileH=1 File=6000
2026-08-21 01:42:34 [INFO] Grh=6010 Frame=6010 X=32 Y=0 W=32 H=32 TileW=1 TileH=1 File=6000
2026-08-21 01:42:34 [INFO] Grh=6011 Frame=6011 X=64 Y=0 W=32 H=32 TileW=1 TileH=1 File=6000
2026-08-21 01:42:34 [INFO] Grh=6008 Frame=6008 X=96 Y=0 W=32 H=32 TileW=1 TileH=1 File=6000
2026-08-21 01:42:34 [INFO] Grh=6009 Frame=6009 X=128 Y=0 W=32 H=32 TileW=1 TileH=1 File=6000
2026-08-21 01:42:34 [INFO] Grh=6010 Frame=6010 X=160 Y=0 W=32 H=32 TileW=1 TileH=1 File=6000
2026-08-21 01:42:34 [INFO] Grh=6011 Frame=6011 X=192 Y=0 W=32 H=32 TileW=1 TileH=1 File=6000
2026-08-21 01:42:34 [INFO] Grh=6008 Frame=6008 X=224 Y=0 W=32 H=32 TileW=1 TileH=1 File=6000
2026-08-21 01:42:34 [INFO] Grh=6009 Frame=6009 X=256 Y=0 W=32 H=32 TileW=1 TileH=1 File=6000
2026-08-21 01:42:34 [INFO] Grh=6010 Frame=6010 X=288 Y=0 W=32 H=32 TileW=1 TileH=1 File=6000
2026-08-21 01:42:34 [INFO] Grh=6011 Frame=6011 X=320 Y=0 W=32 H=32 TileW=1 TileH=1 File=6000
2026-08-21 01:42:34 [INFO] Grh=6008 Frame=6008 X=352 Y=0 W=32 H=32 TileW=1 TileH=1 File=6000
2026-08-21 01:42:34 [INFO] Grh=6009 Frame=6009 X=384 Y=0 W=32 H=32 TileW=1 TileH=1 File=6000
2026-08-21 01:42:34 [INFO] Grh=6010 Frame=6010 X=416 Y=0 W=32 H=32 TileW=1 TileH=1 File=6000
2026-08-21 01:42:34 [INFO] Grh=6011 Frame=6011 X=448 Y=0 W=32 H=32 TileW=1 TileH=1 File=6000
2026-08-21 01:42:34 [INFO] Grh=6008 Frame=6008 X=480 Y=0 W=32 H=32 TileW=1 TileH=1 File=6000
2026-08-21 01:42:34 [INFO] Grh=6009 Frame=6009 X=512 Y=0 W=32 H=32 TileW=1 TileH=1 File=6000
2026-08-21 01:42:34 [INFO] Grh=6010 Frame=6010 X=544 Y=0 W=32 H=32 TileW=1 TileH=1 File=6000
2026-08-21 01:42:34 [INFO] Grh=1505 Frame=340 X=-32 Y=32 W=32 H=32 TileW=1 TileH=1 File=20
2026-08-21 01:42:34 [INFO] Grh=1506 Frame=341 X=0 Y=32 W=32 H=32 TileW=1 TileH=1 File=20
2026-08-21 01:42:34 [INFO] Grh=1507 Frame=342 X=32 Y=32 W=32 H=32 TileW=1 TileH=1 File=20
2026-08-21 01:42:34 [INFO] Grh=1508 Frame=343 X=64 Y=32 W=32 H=32 TileW=1 TileH=1 File=20
2026-08-21 01:42:34 [INFO] Grh=1505 Frame=340 X=96 Y=32 W=32 H=32 TileW=1 TileH=1 File=20
2026-08-21 01:42:34 [INFO] Grh=1506 Frame=341 X=128 Y=32 W=32 H=32 TileW=1 TileH=1 File=20
2026-08-21 01:42:34 [INFO] Grh=1507 Frame=342 X=160 Y=32 W=32 H=32 TileW=1 TileH=1 File=20
2026-08-21 01:42:34 [INFO] Grh=1508 Frame=343 X=192 Y=32 W=32 H=32 TileW=1 TileH=1 File=20
2026-08-21 01:42:34 [INFO] Grh=1505 Frame=340 X=224 Y=32 W=32 H=32 TileW=1 TileH=1 File=20
2026-08-21 01:42:34 [INFO] Grh=1506 Frame=341 X=256 Y=32 W=32 H=32 TileW=1 TileH=1 File=20
2026-08-21 01:42:34 [INFO] Grh=1507 Frame=342 X=288 Y=32 W=32 H=32 TileW=1 TileH=1 File=20
2026-08-21 01:42:34 [INFO] Grh=1508 Frame=343 X=320 Y=32 W=32 H=32 TileW=1 TileH=1 File=20
2026-08-21 01:42:34 [INFO] Grh=1505 Frame=340 X=352 Y=32 W=32 H=32 TileW=1 TileH=1 File=20
2026-08-21 01:42:34 [INFO] Grh=1506 Frame=341 X=384 Y=32 W=32 H=32 TileW=1 TileH=1 File=20
2026-08-21 01:42:34 [INFO] Grh=1507 Frame=342 X=416 Y=32 W=32 H=32 TileW=1 TileH=1 File=20
2026-08-21 01:42:34 [INFO] Grh=1508 Frame=343 X=448 Y=32 W=32 H=32 TileW=1 TileH=1 File=20
2026-08-21 01:42:34 [INFO] Grh=1505 Frame=340 X=480 Y=32 W=32 H=32 TileW=1 TileH=1 File=20
2026-08-21 01:42:34 [INFO] Grh=1506 Frame=341 X=512 Y=32 W=32 H=32 TileW=1 TileH=1 File=20
2026-08-21 01:42:34 [INFO] Grh=1507 Frame=342 X=544 Y=32 W=32 H=32 TileW=1 TileH=1 File=20
2026-08-21 01:42:34 [INFO] Grh=1513 Frame=348 X=-32 Y=64 W=32 H=32 TileW=1 TileH=1 File=20
2026-08-21 01:42:34 [INFO] Grh=1514 Frame=349 X=0 Y=64 W=32 H=32 TileW=1 TileH=1 File=20
2026-08-21 01:42:34 [INFO] Grh=1515 Frame=350 X=32 Y=64 W=32 H=32 TileW=1 TileH=1 File=20
2026-08-21 01:42:34 [INFO] Grh=1516 Frame=351 X=64 Y=64 W=32 H=32 TileW=1 TileH=1 File=20
2026-08-21 01:42:34 [INFO] Grh=1513 Frame=348 X=96 Y=64 W=32 H=32 TileW=1 TileH=1 File=20
2026-08-21 01:42:34 [INFO] Grh=1514 Frame=349 X=128 Y=64 W=32 H=32 TileW=1 TileH=1 File=20
2026-08-21 01:42:34 [INFO] Grh=1515 Frame=350 X=160 Y=64 W=32 H=32 TileW=1 TileH=1 File=20
2026-08-21 01:42:34 [INFO] Grh=1516 Frame=351 X=192 Y=64 W=32 H=32 TileW=1 TileH=1 File=20
2026-08-21 01:42:34 [INFO] Grh=1513 Frame=348 X=224 Y=64 W=32 H=32 TileW=1 TileH=1 File=20
2026-08-21 01:42:34 [INFO] Grh=1514 Frame=349 X=256 Y=64 W=32 H=32 TileW=1 TileH=1 File=20
2026-08-21 01:42:34 [INFO] Grh=1515 Frame=350 X=288 Y=64 W=32 H=32 TileW=1 TileH=1 File=20
2026-08-21 01:42:34 [INFO] Grh=1516 Frame=351 X=320 Y=64 W=32 H=32 TileW=1 TileH=1 File=20
2026-08-21 01:42:34 [INFO] Grh=1513 Frame=348 X=352 Y=64 W=32 H=32 TileW=1 TileH=1 File=20
2026-08-21 01:42:34 [INFO] Grh=1514 Frame=349 X=384 Y=64 W=32 H=32 TileW=1 TileH=1 File=20
2026-08-21 01:42:34 [INFO] Grh=1515 Frame=350 X=416 Y=64 W=32 H=32 TileW=1 TileH=1 File=20
2026-08-21 01:42:34 [INFO] Grh=1516 Frame=351 X=448 Y=64 W=32 H=32 TileW=1 TileH=1 File=20
2026-08-21 01:42:34 [INFO] Grh=1513 Frame=348 X=480 Y=64 W=32 H=32 TileW=1 TileH=1 File=20
2026-08-21 01:42:34 [INFO] Grh=1514 Frame=349 X=512 Y=64 W=32 H=32 TileW=1 TileH=1 File=20
2026-08-21 01:42:34 [INFO] Grh=1515 Frame=350 X=544 Y=64 W=32 H=32 TileW=1 TileH=1 File=20
2026-08-21 01:42:34 [INFO] Grh=1505 Frame=340 X=-32 Y=96 W=32 H=32 TileW=1 TileH=1 File=20
2026-08-21 01:42:34 [INFO] Grh=1506 Frame=341 X=0 Y=96 W=32 H=32 TileW=1 TileH=1 File=20
2026-08-21 01:42:34 [INFO] Grh=1507 Frame=342 X=32 Y=96 W=32 H=32 TileW=1 TileH=1 File=20
2026-08-21 01:42:34 [INFO] Grh=1508 Frame=343 X=64 Y=96 W=32 H=32 TileW=1 TileH=1 File=20
2026-08-21 01:42:34 [INFO] Grh=1505 Frame=340 X=96 Y=96 W=32 H=32 TileW=1 TileH=1 File=20
2026-08-21 01:42:34 [INFO] Grh=1506 Frame=341 X=128 Y=96 W=32 H=32 TileW=1 TileH=1 File=20
2026-08-21 01:42:34 [INFO] Grh=1507 Frame=342 X=160 Y=96 W=32 H=32 TileW=1 TileH=1 File=20
2026-08-21 01:42:34 [INFO] Grh=1508 Frame=343 X=192 Y=96 W=32 H=32 TileW=1 TileH=1 File=20
2026-08-21 01:42:34 [INFO] Grh=1505 Frame=340 X=224 Y=96 W=32 H=32 TileW=1 TileH=1 File=20
2026-08-21 01:42:34 [INFO] Grh=1506 Frame=341 X=256 Y=96 W=32 H=32 TileW=1 TileH=1 File=20
2026-08-21 01:42:34 [INFO] Grh=1507 Frame=342 X=288 Y=96 W=32 H=32 TileW=1 TileH=1 File=20
2026-08-21 01:42:34 [INFO] Grh=1508 Frame=343 X=320 Y=96 W=32 H=32 TileW=1 TileH=1 File=20
2026-08-21 01:42:34 [INFO] Grh=1505 Frame=340 X=352 Y=96 W=32 H=32 TileW=1 TileH=1 File=20
2026-08-21 01:42:34 [INFO] Grh=1506 Frame=341 X=384 Y=96 W=32 H=32 TileW=1 TileH=1 File=20
2026-08-21 01:42:34 [INFO] Grh=1507 Frame=342 X=416 Y=96 W=32 H=32 TileW=1 TileH=1 File=20
2026-08-21 01:42:34 [INFO] Grh=1508 Frame=343 X=448 Y=96 W=32 H=32 TileW=1 TileH=1 File=20
2026-08-21 01:42:34 [INFO] Grh=1505 Frame=340 X=480 Y=96 W=32 H=32 TileW=1 TileH=1 File=20
2026-08-21 01:42:34 [INFO] Grh=1506 Frame=341 X=512 Y=96 W=32 H=32 TileW=1 TileH=1 File=20
2026-08-21 01:42:34 [INFO] Grh=1507 Frame=342 X=544 Y=96 W=32 H=32 TileW=1 TileH=1 File=20
2026-08-21 01:42:34 [INFO] Grh=1513 Frame=348 X=-32 Y=128 W=32 H=32 TileW=1 TileH=1 File=20
2026-08-21 01:42:34 [INFO] Grh=1514 Frame=349 X=0 Y=128 W=32 H=32 TileW=1 TileH=1 File=20
2026-08-21 01:42:34 [INFO] Grh=1515 Frame=350 X=32 Y=128 W=32 H=32 TileW=1 TileH=1 File=20
2026-08-21 01:42:34 [INFO] Grh=1516 Frame=351 X=64 Y=128 W=32 H=32 TileW=1 TileH=1 File=20
2026-08-21 01:42:34 [INFO] Grh=1513 Frame=348 X=96 Y=128 W=32 H=32 TileW=1 TileH=1 File=20
2026-08-21 01:42:34 [INFO] Grh=1514 Frame=349 X=128 Y=128 W=32 H=32 TileW=1 TileH=1 File=20
2026-08-21 01:42:34 [INFO] Grh=1515 Frame=350 X=160 Y=128 W=32 H=32 TileW=1 TileH=1 File=20
2026-08-21 01:42:34 [INFO] Grh=1516 Frame=351 X=192 Y=128 W=32 H=32 TileW=1 TileH=1 File=20
2026-08-21 01:42:34 [INFO] Grh=1513 Frame=348 X=224 Y=128 W=32 H=32 TileW=1 TileH=1 File=20
2026-08-21 01:42:34 [INFO] Grh=1514 Frame=349 X=256 Y=128 W=32 H=32 TileW=1 TileH=1 File=20
2026-08-21 01:42:34 [INFO] Grh=1515 Frame=350 X=288 Y=128 W=32 H=32 TileW=1 TileH=1 File=20
2026-08-21 01:42:34 [INFO] Grh=1516 Frame=351 X=320 Y=128 W=32 H=32 TileW=1 TileH=1 File=20
2026-08-21 01:42:34 [INFO] Grh=1513 Frame=348 X=352 Y=128 W=32 H=32 TileW=1 TileH=1 File=20
2026-08-21 01:42:34 [INFO] Grh=1514 Frame=349 X=384 Y=128 W=32 H=32 TileW=1 TileH=1 File=20
2026-08-21 01:42:34 [INFO] Grh=1515 Frame=350 X=416 Y=128 W=32 H=32 TileW=1 TileH=1 File=20
2026-08-21 01:42:34 [INFO] Grh=1516 Frame=351 X=448 Y=128 W=32 H=32 TileW=1 TileH=1 File=20
2026-08-21 01:42:34 [INFO] Grh=1513 Frame=348 X=480 Y=128 W=32 H=32 TileW=1 TileH=1 File=20
2026-08-21 01:42:34 [INFO] Grh=1514 Frame=349 X=512 Y=128 W=32 H=32 TileW=1 TileH=1 File=20
2026-08-21 01:42:34 [INFO] Grh=1515 Frame=350 X=544 Y=128 W=32 H=32 TileW=1 TileH=1 File=20
2026-08-21 01:42:34 [INFO] Grh=1505 Frame=340 X=-32 Y=160 W=32 H=32 TileW=1 TileH=1 File=20
2026-08-21 01:42:34 [INFO] Grh=1506 Frame=341 X=0 Y=160 W=32 H=32 TileW=1 TileH=1 File=20
2026-08-21 01:42:34 [INFO] Grh=1507 Frame=342 X=32 Y=160 W=32 H=32 TileW=1 TileH=1 File=20
2026-08-21 01:42:34 [INFO] Grh=1508 Frame=343 X=64 Y=160 W=32 H=32 TileW=1 TileH=1 File=20
2026-08-21 01:42:34 [INFO] Grh=1505 Frame=340 X=96 Y=160 W=32 H=32 TileW=1 TileH=1 File=20
2026-08-21 01:42:34 [INFO] Grh=1506 Frame=341 X=128 Y=160 W=32 H=32 TileW=1 TileH=1 File=20
2026-08-21 01:42:34 [INFO] Grh=1507 Frame=342 X=160 Y=160 W=32 H=32 TileW=1 TileH=1 File=20
2026-08-21 01:42:34 [INFO] Grh=1508 Frame=343 X=192 Y=160 W=32 H=32 TileW=1 TileH=1 File=20
2026-08-21 01:42:34 [INFO] Grh=1505 Frame=340 X=224 Y=160 W=32 H=32 TileW=1 TileH=1 File=20
2026-08-21 01:42:35 [INFO] Grh=1506 Frame=341 X=256 Y=160 W=32 H=32 TileW=1 TileH=1 File=20
2026-08-21 01:42:35 [INFO] Grh=1507 Frame=342 X=288 Y=160 W=32 H=32 TileW=1 TileH=1 File=20
2026-08-21 01:42:35 [INFO] Grh=1508 Frame=343 X=320 Y=160 W=32 H=32 TileW=1 TileH=1 File=20
2026-08-21 01:42:35 [INFO] Grh=1505 Frame=340 X=352 Y=160 W=32 H=32 TileW=1 TileH=1 File=20
2026-08-21 01:42:35 [INFO] Grh=1506 Frame=341 X=384 Y=160 W=32 H=32 TileW=1 TileH=1 File=20
2026-08-21 01:42:35 [INFO] Grh=1507 Frame=342 X=416 Y=160 W=32 H=32 TileW=1 TileH=1 File=20
2026-08-21 01:42:35 [INFO] Grh=1508 Frame=343 X=448 Y=160 W=32 H=32 TileW=1 TileH=1 File=20
2026-08-21 01:42:35 [INFO] Grh=1505 Frame=340 X=480 Y=160 W=32 H=32 TileW=1 TileH=1 File=20
2026-08-21 01:42:35 [INFO] Grh=1506 Frame=341 X=512 Y=160 W=32 H=32 TileW=1 TileH=1 File=20
2026-08-21 01:42:35 [INFO] Grh=1507 Frame=342 X=544 Y=160 W=32 H=32 TileW=1 TileH=1 File=20
2026-08-21 01:42:35 [INFO] Grh=1513 Frame=348 X=-32 Y=192 W=32 H=32 TileW=1 TileH=1 File=20
2026-08-21 01:42:35 [INFO] Grh=1514 Frame=349 X=0 Y=192 W=32 H=32 TileW=1 TileH=1 File=20
2026-08-21 01:42:35 [INFO] Grh=1515 Frame=350 X=32 Y=192 W=32 H=32 TileW=1 TileH=1 File=20
2026-08-21 01:42:35 [INFO] Grh=1516 Frame=351 X=64 Y=192 W=32 H=32 TileW=1 TileH=1 File=20
2026-08-21 01:42:35 [INFO] Grh=1513 Frame=348 X=96 Y=192 W=32 H=32 TileW=1 TileH=1 File=20
2026-08-21 01:42:35 [INFO] Grh=1514 Frame=349 X=128 Y=192 W=32 H=32 TileW=1 TileH=1 File=20
2026-08-21 01:42:35 [INFO] Grh=1515 Frame=350 X=160 Y=192 W=32 H=32 TileW=1 TileH=1 File=20
2026-08-21 01:42:35 [INFO] Grh=1516 Frame=351 X=192 Y=192 W=32 H=32 TileW=1 TileH=1 File=20
2026-08-21 01:42:35 [INFO] Grh=1513 Frame=348 X=224 Y=192 W=32 H=32 TileW=1 TileH=1 File=20
2026-08-21 01:42:35 [INFO] Grh=1514 Frame=349 X=256 Y=192 W=32 H=32 TileW=1 TileH=1 File=20
2026-08-21 01:42:35 [INFO] Grh=1515 Frame=350 X=288 Y=192 W=32 H=32 TileW=1 TileH=1 File=20
2026-08-21 01:42:35 [INFO] Grh=1516 Frame=351 X=320 Y=192 W=32 H=32 TileW=1 TileH=1 File=20
2026-08-21 01:42:35 [INFO] Grh=1513 Frame=348 X=352 Y=192 W=32 H=32 TileW=1 TileH=1 File=20
2026-08-21 01:42:35 [INFO] Grh=1514 Frame=349 X=384 Y=192 W=32 H=32 TileW=1 TileH=1 File=20
2026-08-21 01:42:35 [INFO] Grh=1515 Frame=350 X=416 Y=192 W=32 H=32 TileW=1 TileH=1 File=20
2026-08-21 01:42:35 [INFO] Grh=1516 Frame=351 X=448 Y=192 W=32 H=32 TileW=1 TileH=1 File=20
2026-08-21 01:42:35 [INFO] Grh=1513 Frame=348 X=480 Y=192 W=32 H=32 TileW=1 TileH=1 File=20
2026-08-21 01:42:35 [INFO] Grh=1514 Frame=349 X=512 Y=192 W=32 H=32 TileW=1 TileH=1 File=20
2026-08-21 01:42:35 [INFO] Grh=1515 Frame=350 X=544 Y=192 W=32 H=32 TileW=1 TileH=1 File=20
2026-08-21 01:42:35 [INFO] Grh=6000 Frame=6000 X=-32 Y=-32 W=32 H=32 TileW=1 TileH=1 File=6000
2026-08-21 01:42:35 [INFO] Grh=6001 Frame=6001 X=0 Y=-32 W=32 H=32 TileW=1 TileH=1 File=6000
2026-08-21 01:42:35 [INFO] Grh=6002 Frame=6002 X=32 Y=-32 W=32 H=32 TileW=1 TileH=1 File=6000
2026-08-21 01:42:35 [INFO] Grh=6003 Frame=6003 X=64 Y=-32 W=32 H=32 TileW=1 TileH=1 File=6000
2026-08-21 01:42:35 [INFO] Grh=6000 Frame=6000 X=96 Y=-32 W=32 H=32 TileW=1 TileH=1 File=6000
2026-08-21 01:42:35 [INFO] Grh=6001 Frame=6001 X=128 Y=-32 W=32 H=32 TileW=1 TileH=1 File=6000
2026-08-21 01:42:35 [INFO] Grh=6002 Frame=6002 X=160 Y=-32 W=32 H=32 TileW=1 TileH=1 File=6000
2026-08-21 01:42:35 [INFO] Grh=6003 Frame=6003 X=192 Y=-32 W=32 H=32 TileW=1 TileH=1 File=6000
2026-08-21 01:42:35 [INFO] Grh=6000 Frame=6000 X=224 Y=-32 W=32 H=32 TileW=1 TileH=1 File=6000
2026-08-21 01:42:35 [INFO] Grh=6001 Frame=6001 X=256 Y=-32 W=32 H=32 TileW=1 TileH=1 File=6000
2026-08-21 01:42:35 [INFO] Grh=6002 Frame=6002 X=288 Y=-32 W=32 H=32 TileW=1 TileH=1 File=6000
2026-08-21 01:42:35 [INFO] Grh=6003 Frame=6003 X=320 Y=-32 W=32 H=32 TileW=1 TileH=1 File=6000
2026-08-21 01:42:35 [INFO] Grh=6000 Frame=6000 X=352 Y=-32 W=32 H=32 TileW=1 TileH=1 File=6000
2026-08-21 01:42:35 [INFO] Grh=6001 Frame=6001 X=384 Y=-32 W=32 H=32 TileW=1 TileH=1 File=6000
2026-08-21 01:42:35 [INFO] Grh=6002 Frame=6002 X=416 Y=-32 W=32 H=32 TileW=1 TileH=1 File=6000
2026-08-21 01:42:35 [INFO] Grh=6003 Frame=6003 X=448 Y=-32 W=32 H=32 TileW=1 TileH=1 File=6000
2026-08-21 01:42:35 [INFO] Grh=6000 Frame=6000 X=480 Y=-32 W=32 H=32 TileW=1 TileH=1 File=6000
2026-08-21 01:42:35 [INFO] Grh=6001 Frame=6001 X=512 Y=-32 W=32 H=32 TileW=1 TileH=1 File=6000
2026-08-21 01:42:35 [INFO] Grh=6002 Frame=6002 X=544 Y=-32 W=32 H=32 TileW=1 TileH=1 File=6000
2026-08-21 01:42:35 [INFO] Grh=6008 Frame=6008 X=-32 Y=0 W=32 H=32 TileW=1 TileH=1 File=6000
2026-08-21 01:42:35 [INFO] Grh=6009 Frame=6009 X=0 Y=0 W=32 H=32 TileW=1 TileH=1 File=6000
2026-08-21 01:42:35 [INFO] Grh=6010 Frame=6010 X=32 Y=0 W=32 H=32 TileW=1 TileH=1 File=6000
2026-08-21 01:42:35 [INFO] Grh=6011 Frame=6011 X=64 Y=0 W=32 H=32 TileW=1 TileH=1 File=6000
2026-08-21 01:42:35 [INFO] Grh=6008 Frame=6008 X=96 Y=0 W=32 H=32 TileW=1 TileH=1 File=6000
2026-08-21 01:42:35 [INFO] Grh=6009 Frame=6009 X=128 Y=0 W=32 H=32 TileW=1 TileH=1 File=6000
2026-08-21 01:42:35 [INFO] Grh=6010 Frame=6010 X=160 Y=0 W=32 H=32 TileW=1 TileH=1 File=6000
2026-08-21 01:42:35 [INFO] Grh=6011 Frame=6011 X=192 Y=0 W=32 H=32 TileW=1 TileH=1 File=6000
2026-08-21 01:42:35 [INFO] Grh=6008 Frame=6008 X=224 Y=0 W=32 H=32 TileW=1 TileH=1 File=6000
2026-08-21 01:42:35 [INFO] Grh=6009 Frame=6009 X=256 Y=0 W=32 H=32 TileW=1 TileH=1 File=6000
2026-08-21 01:42:35 [INFO] Grh=6010 Frame=6010 X=288 Y=0 W=32 H=32 TileW=1 TileH=1 File=6000
2026-08-21 01:42:35 [INFO] Grh=6011 Frame=6011 X=320 Y=0 W=32 H=32 TileW=1 TileH=1 File=6000
2026-08-21 01:42:35 [INFO] Grh=6008 Frame=6008 X=352 Y=0 W=32 H=32 TileW=1 TileH=1 File=6000
2026-08-21 01:42:35 [INFO] Grh=6009 Frame=6009 X=384 Y=0 W=32 H=32 TileW=1 TileH=1 File=6000
2026-08-21 01:42:35 [INFO] Grh=6010 Frame=6010 X=416 Y=0 W=32 H=32 TileW=1 TileH=1 File=6000
2026-08-21 01:42:35 [INFO] Grh=6011 Frame=6011 X=448 Y=0 W=32 H=32 TileW=1 TileH=1 File=6000
2026-08-21 01:42:35 [INFO] Grh=6008 Frame=6008 X=480 Y=0 W=32 H=32 TileW=1 TileH=1 File=6000
2026-08-21 01:42:35 [INFO] Grh=6009 Frame=6009 X=512 Y=0 W=32 H=32 TileW=1 TileH=1 File=6000
2026-08-21 01:42:35 [INFO] Grh=6010 Frame=6010 X=544 Y=0 W=32 H=32 TileW=1 TileH=1 File=6000
2026-08-21 01:42:35 [INFO] Grh=1505 Frame=356 X=-32 Y=32 W=32 H=32 TileW=1 TileH=1 File=20
2026-08-21 01:42:35 [INFO] Grh=1506 Frame=357 X=0 Y=32 W=32 H=32 TileW=1 TileH=1 File=20
2026-08-21 01:42:35 [INFO] Grh=1507 Frame=358 X=32 Y=32 W=32 H=32 TileW=1 TileH=1 File=20
2026-08-21 01:42:35 [INFO] Grh=1508 Frame=359 X=64 Y=32 W=32 H=32 TileW=1 TileH=1 File=20
2026-08-21 01:42:35 [INFO] Grh=1505 Frame=356 X=96 Y=32 W=32 H=32 TileW=1 TileH=1 File=20
2026-08-21 01:42:35 [INFO] Grh=1506 Frame=357 X=128 Y=32 W=32 H=32 TileW=1 TileH=1 File=20
2026-08-21 01:42:35 [INFO] Grh=1507 Frame=358 X=160 Y=32 W=32 H=32 TileW=1 TileH=1 File=20
2026-08-21 01:42:35 [INFO] Grh=1508 Frame=359 X=192 Y=32 W=32 H=32 TileW=1 TileH=1 File=20
2026-08-21 01:42:35 [INFO] Grh=1505 Frame=356 X=224 Y=32 W=32 H=32 TileW=1 TileH=1 File=20
2026-08-21 01:42:35 [INFO] Grh=1506 Frame=357 X=256 Y=32 W=32 H=32 TileW=1 TileH=1 File=20
2026-08-21 01:42:35 [INFO] Grh=1507 Frame=358 X=288 Y=32 W=32 H=32 TileW=1 TileH=1 File=20
2026-08-21 01:42:35 [INFO] Grh=1508 Frame=359 X=320 Y=32 W=32 H=32 TileW=1 TileH=1 File=20
2026-08-21 01:42:35 [INFO] Grh=1505 Frame=356 X=352 Y=32 W=32 H=32 TileW=1 TileH=1 File=20
2026-08-21 01:42:35 [INFO] Grh=1506 Frame=357 X=384 Y=32 W=32 H=32 TileW=1 TileH=1 File=20
2026-08-21 01:42:35 [INFO] Grh=1507 Frame=358 X=416 Y=32 W=32 H=32 TileW=1 TileH=1 File=20
2026-08-21 01:42:35 [INFO] Grh=1508 Frame=359 X=448 Y=32 W=32 H=32 TileW=1 TileH=1 File=20
2026-08-21 01:42:35 [INFO] Grh=1505 Frame=356 X=480 Y=32 W=32 H=32 TileW=1 TileH=1 File=20
2026-08-21 01:42:35 [INFO] Grh=1506 Frame=357 X=512 Y=32 W=32 H=32 TileW=1 TileH=1 File=20
2026-08-21 01:42:35 [INFO] Grh=1507 Frame=358 X=544 Y=32 W=32 H=32 TileW=1 TileH=1 File=20
2026-08-21 01:42:35 [INFO] Grh=1513 Frame=364 X=-32 Y=64 W=32 H=32 TileW=1 TileH=1 File=20
2026-08-21 01:42:35 [INFO] Grh=1514 Frame=365 X=0 Y=64 W=32 H=32 TileW=1 TileH=1 File=20
2026-08-21 01:42:35 [INFO] Grh=1515 Frame=366 X=32 Y=64 W=32 H=32 TileW=1 TileH=1 File=20
2026-08-21 01:42:35 [INFO] Grh=1516 Frame=367 X=64 Y=64 W=32 H=32 TileW=1 TileH=1 File=20
2026-08-21 01:42:35 [INFO] Grh=1513 Frame=364 X=96 Y=64 W=32 H=32 TileW=1 TileH=1 File=20
2026-08-21 01:42:35 [INFO] Grh=1514 Frame=365 X=128 Y=64 W=32 H=32 TileW=1 TileH=1 File=20
2026-08-21 01:42:35 [INFO] Grh=1515 Frame=366 X=160 Y=64 W=32 H=32 TileW=1 TileH=1 File=20
2026-08-21 01:42:35 [INFO] Grh=1516 Frame=367 X=192 Y=64 W=32 H=32 TileW=1 TileH=1 File=20
2026-08-21 01:42:35 [INFO] Grh=1513 Frame=364 X=224 Y=64 W=32 H=32 TileW=1 TileH=1 File=20
2026-08-21 01:42:35 [INFO] Grh=1514 Frame=365 X=256 Y=64 W=32 H=32 TileW=1 TileH=1 File=20
2026-08-21 01:42:35 [INFO] Grh=1515 Frame=366 X=288 Y=64 W=32 H=32 TileW=1 TileH=1 File=20
2026-08-21 01:42:35 [INFO] Grh=1516 Frame=367 X=320 Y=64 W=32 H=32 TileW=1 TileH=1 File=20
2026-08-21 01:42:35 [INFO] Grh=1513 Frame=364 X=352 Y=64 W=32 H=32 TileW=1 TileH=1 File=20
2026-08-21 01:42:35 [INFO] Grh=1514 Frame=365 X=384 Y=64 W=32 H=32 TileW=1 TileH=1 File=20
2026-08-21 01:42:35 [INFO] Grh=1515 Frame=366 X=416 Y=64 W=32 H=32 TileW=1 TileH=1 File=20
2026-08-21 01:42:35 [INFO] Grh=1516 Frame=367 X=448 Y=64 W=32 H=32 TileW=1 TileH=1 File=20
2026-08-21 01:42:35 [INFO] Grh=1513 Frame=364 X=480 Y=64 W=32 H=32 TileW=1 TileH=1 File=20
2026-08-21 01:42:35 [INFO] Grh=1514 Frame=365 X=512 Y=64 W=32 H=32 TileW=1 TileH=1 File=20
2026-08-21 01:42:35 [INFO] Grh=1515 Frame=366 X=544 Y=64 W=32 H=32 TileW=1 TileH=1 File=20
2026-08-21 01:42:35 [INFO] Grh=1505 Frame=356 X=-32 Y=96 W=32 H=32 TileW=1 TileH=1 File=20
2026-08-21 01:42:35 [INFO] Grh=1506 Frame=357 X=0 Y=96 W=32 H=32 TileW=1 TileH=1 File=20
2026-08-21 01:42:35 [INFO] Grh=1507 Frame=358 X=32 Y=96 W=32 H=32 TileW=1 TileH=1 File=20
2026-08-21 01:42:35 [INFO] Grh=1508 Frame=359 X=64 Y=96 W=32 H=32 TileW=1 TileH=1 File=20
2026-08-21 01:42:35 [INFO] Grh=1505 Frame=356 X=96 Y=96 W=32 H=32 TileW=1 TileH=1 File=20
2026-08-21 01:42:35 [INFO] Grh=1506 Frame=357 X=128 Y=96 W=32 H=32 TileW=1 TileH=1 File=20
2026-08-21 01:42:35 [INFO] Grh=1507 Frame=358 X=160 Y=96 W=32 H=32 TileW=1 TileH=1 File=20
2026-08-21 01:42:35 [INFO] Grh=1508 Frame=359 X=192 Y=96 W=32 H=32 TileW=1 TileH=1 File=20
2026-08-21 01:42:35 [INFO] Grh=1505 Frame=356 X=224 Y=96 W=32 H=32 TileW=1 TileH=1 File=20
2026-08-21 01:42:35 [INFO] Grh=1506 Frame=357 X=256 Y=96 W=32 H=32 TileW=1 TileH=1 File=20
2026-08-21 01:42:35 [INFO] Grh=1507 Frame=358 X=288 Y=96 W=32 H=32 TileW=1 TileH=1 File=20
2026-08-21 01:42:35 [INFO] Grh=1508 Frame=359 X=320 Y=96 W=32 H=32 TileW=1 TileH=1 File=20
2026-08-21 01:42:35 [INFO] Grh=1505 Frame=356 X=352 Y=96 W=32 H=32 TileW=1 TileH=1 File=20
2026-08-21 01:42:35 [INFO] Grh=1506 Frame=357 X=384 Y=96 W=32 H=32 TileW=1 TileH=1 File=20
2026-08-21 01:42:35 [INFO] Grh=1507 Frame=358 X=416 Y=96 W=32 H=32 TileW=1 TileH=1 File=20
2026-08-21 01:42:35 [INFO] Grh=1508 Frame=359 X=448 Y=96 W=32 H=32 TileW=1 TileH=1 File=20
2026-08-21 01:42:35 [INFO] Grh=1505 Frame=356 X=480 Y=96 W=32 H=32 TileW=1 TileH=1 File=20
2026-08-21 01:42:35 [INFO] Grh=1506 Frame=357 X=512 Y=96 W=32 H=32 TileW=1 TileH=1 File=20
2026-08-21 01:42:35 [INFO] Grh=1507 Frame=358 X=544 Y=96 W=32 H=32 TileW=1 TileH=1 File=20
2026-08-21 01:42:35 [INFO] Grh=1513 Frame=364 X=-32 Y=128 W=32 H=32 TileW=1 TileH=1 File=20
2026-08-21 01:42:35 [INFO] Grh=1514 Frame=365 X=0 Y=128 W=32 H=32 TileW=1 TileH=1 File=20
2026-08-21 01:42:35 [INFO] Grh=1515 Frame=366 X=32 Y=128 W=32 H=32 TileW=1 TileH=1 File=20
2026-08-21 01:42:35 [INFO] Grh=1516 Frame=367 X=64 Y=128 W=32 H=32 TileW=1 TileH=1 File=20
2026-08-21 01:42:35 [INFO] Grh=1513 Frame=364 X=96 Y=128 W=32 H=32 TileW=1 TileH=1 File=20
2026-08-21 01:42:35 [INFO] Grh=1514 Frame=365 X=128 Y=128 W=32 H=32 TileW=1 TileH=1 File=20
2026-08-21 01:42:35 [INFO] Grh=1515 Frame=366 X=160 Y=128 W=32 H=32 TileW=1 TileH=1 File=20
2026-08-21 01:42:35 [INFO] Grh=1516 Frame=367 X=192 Y=128 W=32 H=32 TileW=1 TileH=1 File=20
2026-08-21 01:42:35 [INFO] Grh=1513 Frame=364 X=224 Y=128 W=32 H=32 TileW=1 TileH=1 File=20
2026-08-21 01:42:35 [INFO] Grh=1514 Frame=365 X=256 Y=128 W=32 H=32 TileW=1 TileH=1 File=20
2026-08-21 01:42:35 [INFO] Grh=1515 Frame=366 X=288 Y=128 W=32 H=32 TileW=1 TileH=1 File=20
2026-08-21 01:42:35 [INFO] Grh=1516 Frame=367 X=320 Y=128 W=32 H=32 TileW=1 TileH=1 File=20
2026-08-21 01:42:35 [INFO] Grh=1513 Frame=364 X=352 Y=128 W=32 H=32 TileW=1 TileH=1 File=20
2026-08-21 01:42:35 [INFO] Grh=1514 Frame=365 X=384 Y=128 W=32 H=32 TileW=1 TileH=1 File=20
2026-08-21 01:42:35 [INFO] Grh=1515 Frame=366 X=416 Y=128 W=32 H=32 TileW=1 TileH=1 File=20
2026-08-21 01:42:35 [INFO] Grh=1516 Frame=367 X=448 Y=128 W=32 H=32 TileW=1 TileH=1 File=20
2026-08-21 01:42:35 [INFO] Grh=1513 Frame=364 X=480 Y=128 W=32 H=32 TileW=1 TileH=1 File=20
2026-08-21 01:42:35 [INFO] Grh=1514 Frame=365 X=512 Y=128 W=32 H=32 TileW=1 TileH=1 File=20
2026-08-21 01:42:35 [INFO] Grh=1515 Frame=366 X=544 Y=128 W=32 H=32 TileW=1 TileH=1 File=20
2026-08-21 01:42:35 [INFO] Grh=1505 Frame=356 X=-32 Y=160 W=32 H=32 TileW=1 TileH=1 File=20
2026-08-21 01:42:35 [INFO] Grh=1506 Frame=357 X=0 Y=160 W=32 H=32 TileW=1 TileH=1 File=20
2026-08-21 01:42:35 [INFO] Grh=1507 Frame=358 X=32 Y=160 W=32 H=32 TileW=1 TileH=1 File=20
2026-08-21 01:42:35 [INFO] Grh=1508 Frame=359 X=64 Y=160 W=32 H=32 TileW=1 TileH=1 File=20
2026-08-21 01:42:35 [INFO] Grh=1505 Frame=356 X=96 Y=160 W=32 H=32 TileW=1 TileH=1 File=20
2026-08-21 01:42:35 [INFO] Grh=1506 Frame=357 X=128 Y=160 W=32 H=32 TileW=1 TileH=1 File=20
2026-08-21 01:42:35 [INFO] Grh=1507 Frame=358 X=160 Y=160 W=32 H=32 TileW=1 TileH=1 File=20
2026-08-21 01:42:35 [INFO] Grh=1508 Frame=359 X=192 Y=160 W=32 H=32 TileW=1 TileH=1 File=20
2026-08-21 01:42:35 [INFO] Grh=1505 Frame=356 X=224 Y=160 W=32 H=32 TileW=1 TileH=1 File=20
2026-08-21 01:42:35 [INFO] Grh=1506 Frame=357 X=256 Y=160 W=32 H=32 TileW=1 TileH=1 File=20
2026-08-21 01:42:35 [INFO] Grh=1507 Frame=358 X=288 Y=160 W=32 H=32 TileW=1 TileH=1 File=20
2026-08-21 01:42:35 [INFO] Grh=1508 Frame=359 X=320 Y=160 W=32 H=32 TileW=1 TileH=1 File=20
2026-08-21 01:42:35 [INFO] Grh=1505 Frame=356 X=352 Y=160 W=32 H=32 TileW=1 TileH=1 File=20
2026-08-21 01:42:35 [INFO] Grh=1506 Frame=357 X=384 Y=160 W=32 H=32 TileW=1 TileH=1 File=20
2026-08-21 01:42:35 [INFO] Grh=1507 Frame=358 X=416 Y=160 W=32 H=32 TileW=1 TileH=1 File=20
2026-08-21 01:42:35 [INFO] Grh=1508 Frame=359 X=448 Y=160 W=32 H=32 TileW=1 TileH=1 File=20
2026-08-21 01:42:35 [INFO] Grh=1505 Frame=356 X=480 Y=160 W=32 H=32 TileW=1 TileH=1 File=20
2026-08-21 01:42:35 [INFO] Grh=1506 Frame=357 X=512 Y=160 W=32 H=32 TileW=1 TileH=1 File=20
2026-08-21 01:42:35 [INFO] Grh=1507 Frame=358 X=544 Y=160 W=32 H=32 TileW=1 TileH=1 File=20
2026-08-21 01:42:35 [INFO] Grh=1513 Frame=364 X=-32 Y=192 W=32 H=32 TileW=1 TileH=1 File=20
2026-08-21 01:42:35 [INFO] Grh=1514 Frame=365 X=0 Y=192 W=32 H=32 TileW=1 TileH=1 File=20
2026-08-21 01:42:35 [INFO] Grh=1515 Frame=366 X=32 Y=192 W=32 H=32 TileW=1 TileH=1 File=20
2026-08-21 01:42:35 [INFO] Grh=1516 Frame=367 X=64 Y=192 W=32 H=32 TileW=1 TileH=1 File=20
2026-08-21 01:42:35 [INFO] Grh=1513 Frame=364 X=96 Y=192 W=32 H=32 TileW=1 TileH=1 File=20
2026-08-21 01:42:35 [INFO] Grh=1514 Frame=365 X=128 Y=192 W=32 H=32 TileW=1 TileH=1 File=20
2026-08-21 01:42:35 [INFO] Grh=1515 Frame=366 X=160 Y=192 W=32 H=32 TileW=1 TileH=1 File=20
2026-08-21 01:42:35 [INFO] Grh=1516 Frame=367 X=192 Y=192 W=32 H=32 TileW=1 TileH=1 File=20
2026-08-21 01:42:35 [INFO] Grh=1513 Frame=364 X=224 Y=192 W=32 H=32 TileW=1 TileH=1 File=20
2026-08-21 01:42:35 [INFO] Grh=1514 Frame=365 X=256 Y=192 W=32 H=32 TileW=1 TileH=1 File=20
2026-08-21 01:42:35 [INFO] Grh=1515 Frame=366 X=288 Y=192 W=32 H=32 TileW=1 TileH=1 File=20
2026-08-21 01:42:35 [INFO] Grh=1516 Frame=367 X=320 Y=192 W=32 H=32 TileW=1 TileH=1 File=20
2026-08-21 01:42:35 [INFO] Grh=1513 Frame=364 X=352 Y=192 W=32 H=32 TileW=1 TileH=1 File=20
2026-08-21 01:42:35 [INFO] Grh=1514 Frame=365 X=384 Y=192 W=32 H=32 TileW=1 TileH=1 File=20
2026-08-21 01:42:35 [INFO] Grh=1515 Frame=366 X=416 Y=192 W=32 H=32 TileW=1 TileH=1 File=20
2026-08-21 01:42:35 [INFO] Grh=1516 Frame=367 X=448 Y=192 W=32 H=32 TileW=1 TileH=1 File=20
2026-08-21 01:42:35 [INFO] Grh=1513 Frame=364 X=480 Y=192 W=32 H=32 TileW=1 TileH=1 File=20
2026-08-21 01:42:35 [INFO] Grh=1514 Frame=365 X=512 Y=192 W=32 H=32 TileW=1 TileH=1 File=20
2026-08-21 01:42:35 [INFO] Grh=1515 Frame=366 X=544 Y=192 W=32 H=32 TileW=1 TileH=1 File=20
2026-08-21 01:42:35 [INFO] Grh=6000 Frame=6000 X=-32 Y=-32 W=32 H=32 TileW=1 TileH=1 File=6000
2026-08-21 01:42:35 [INFO] Grh=6001 Frame=6001 X=0 Y=-32 W=32 H=32 TileW=1 TileH=1 File=6000
2026-08-21 01:42:35 [INFO] Grh=6002 Frame=6002 X=32 Y=-32 W=32 H=32 TileW=1 TileH=1 File=6000
2026-08-21 01:42:35 [INFO] Grh=6003 Frame=6003 X=64 Y=-32 W=32 H=32 TileW=1 TileH=1 File=6000
2026-08-21 01:42:35 [INFO] Grh=6000 Frame=6000 X=96 Y=-32 W=32 H=32 TileW=1 TileH=1 File=6000
2026-08-21 01:42:35 [INFO] Grh=6001 Frame=6001 X=128 Y=-32 W=32 H=32 TileW=1 TileH=1 File=6000
2026-08-21 01:42:35 [INFO] Grh=6002 Frame=6002 X=160 Y=-32 W=32 H=32 TileW=1 TileH=1 File=6000
2026-08-21 01:42:35 [INFO] Grh=6003 Frame=6003 X=192 Y=-32 W=32 H=32 TileW=1 TileH=1 File=6000
2026-08-21 01:42:35 [INFO] Grh=6000 Frame=6000 X=224 Y=-32 W=32 H=32 TileW=1 TileH=1 File=6000
2026-08-21 01:42:35 [INFO] Grh=6001 Frame=6001 X=256 Y=-32 W=32 H=32 TileW=1 TileH=1 File=6000
2026-08-21 01:42:35 [INFO] Grh=6002 Frame=6002 X=288 Y=-32 W=32 H=32 TileW=1 TileH=1 File=6000
2026-08-21 01:42:35 [INFO] Grh=6003 Frame=6003 X=320 Y=-32 W=32 H=32 TileW=1 TileH=1 File=6000
2026-08-21 01:42:35 [INFO] Grh=6000 Frame=6000 X=352 Y=-32 W=32 H=32 TileW=1 TileH=1 File=6000
2026-08-21 01:42:35 [INFO] Grh=6001 Frame=6001 X=384 Y=-32 W=32 H=32 TileW=1 TileH=1 File=6000
2026-08-21 01:42:35 [INFO] Grh=6002 Frame=6002 X=416 Y=-32 W=32 H=32 TileW=1 TileH=1 File=6000
2026-08-21 01:42:35 [INFO] Grh=6003 Frame=6003 X=448 Y=-32 W=32 H=32 TileW=1 TileH=1 File=6000
2026-08-21 01:42:35 [INFO] Grh=6000 Frame=6000 X=480 Y=-32 W=32 H=32 TileW=1 TileH=1 File=6000
2026-08-21 01:42:35 [INFO] Grh=6001 Frame=6001 X=512 Y=-32 W=32 H=32 TileW=1 TileH=1 File=6000
2026-08-21 01:42:35 [INFO] Grh=6002 Frame=6002 X=544 Y=-32 W=32 H=32 TileW=1 TileH=1 File=6000
2026-08-21 01:42:35 [INFO] Grh=6008 Frame=6008 X=-32 Y=0 W=32 H=32 TileW=1 TileH=1 File=6000
2026-08-21 01:42:35 [INFO] Grh=6009 Frame=6009 X=0 Y=0 W=32 H=32 TileW=1 TileH=1 File=6000
2026-08-21 01:42:35 [INFO] Grh=6010 Frame=6010 X=32 Y=0 W=32 H=32 TileW=1 TileH=1 File=6000
2026-08-21 01:42:35 [INFO] Grh=6011 Frame=6011 X=64 Y=0 W=32 H=32 TileW=1 TileH=1 File=6000
2026-08-21 01:42:35 [INFO] Grh=6008 Frame=6008 X=96 Y=0 W=32 H=32 TileW=1 TileH=1 File=6000
2026-08-21 01:42:35 [INFO] Grh=6009 Frame=6009 X=128 Y=0 W=32 H=32 TileW=1 TileH=1 File=6000
2026-08-21 01:42:35 [INFO] Grh=6010 Frame=6010 X=160 Y=0 W=32 H=32 TileW=1 TileH=1 File=6000
2026-08-21 01:42:35 [INFO] Grh=6011 Frame=6011 X=192 Y=0 W=32 H=32 TileW=1 TileH=1 File=6000
2026-08-21 01:42:35 [INFO] Grh=6008 Frame=6008 X=224 Y=0 W=32 H=32 TileW=1 TileH=1 File=6000
2026-08-21 01:42:35 [INFO] Grh=6009 Frame=6009 X=256 Y=0 W=32 H=32 TileW=1 TileH=1 File=6000
2026-08-21 01:42:35 [INFO] Grh=6010 Frame=6010 X=288 Y=0 W=32 H=32 TileW=1 TileH=1 File=6000
2026-08-21 01:42:35 [INFO] Grh=6011 Frame=6011 X=320 Y=0 W=32 H=32 TileW=1 TileH=1 File=6000
2026-08-21 01:42:35 [INFO] Grh=6008 Frame=6008 X=352 Y=0 W=32 H=32 TileW=1 TileH=1 File=6000
2026-08-21 01:42:35 [INFO] Grh=6009 Frame=6009 X=384 Y=0 W=32 H=32 TileW=1 TileH=1 File=6000
2026-08-21 01:42:35 [INFO] Grh=6010 Frame=6010 X=416 Y=0 W=32 H=32 TileW=1 TileH=1 File=6000
2026-08-21 01:42:35 [INFO] Grh=6011 Frame=6011 X=448 Y=0 W=32 H=32 TileW=1 TileH=1 File=6000
2026-08-21 01:42:35 [INFO] Grh=6008 Frame=6008 X=480 Y=0 W=32 H=32 TileW=1 TileH=1 File=6000
2026-08-21 01:42:35 [INFO] Grh=6009 Frame=6009 X=512 Y=0 W=32 H=32 TileW=1 TileH=1 File=6000
2026-08-21 01:42:35 [INFO] Grh=6010 Frame=6010 X=544 Y=0 W=32 H=32 TileW=1 TileH=1 File=6000
2026-08-21 01:42:35 [INFO] Grh=1505 Frame=340 X=-32 Y=32 W=32 H=32 TileW=1 TileH=1 File=20
2026-08-21 01:42:35 [INFO] Grh=1506 Frame=341 X=0 Y=32 W=32 H=32 TileW=1 TileH=1 File=20
2026-08-21 01:42:35 [INFO] Grh=1507 Frame=342 X=32 Y=32 W=32 H=32 TileW=1 TileH=1 File=20
2026-08-21 01:42:35 [INFO] Grh=1508 Frame=343 X=64 Y=32 W=32 H=32 TileW=1 TileH=1 File=20
2026-08-21 01:42:35 [INFO] Grh=1505 Frame=340 X=96 Y=32 W=32 H=32 TileW=1 TileH=1 File=20
2026-08-21 01:42:35 [INFO] Grh=1506 Frame=341 X=128 Y=32 W=32 H=32 TileW=1 TileH=1 File=20
2026-08-21 01:42:35 [INFO] Grh=1507 Frame=342 X=160 Y=32 W=32 H=32 TileW=1 TileH=1 File=20
2026-08-21 01:42:35 [INFO] Grh=1508 Frame=343 X=192 Y=32 W=32 H=32 TileW=1 TileH=1 File=20
2026-08-21 01:42:35 [INFO] Grh=1505 Frame=340 X=224 Y=32 W=32 H=32 TileW=1 TileH=1 File=20
2026-08-21 01:42:35 [INFO] Grh=1506 Frame=341 X=256 Y=32 W=32 H=32 TileW=1 TileH=1 File=20
2026-08-21 01:42:35 [INFO] Grh=1507 Frame=342 X=288 Y=32 W=32 H=32 TileW=1 TileH=1 File=20
2026-08-21 01:42:35 [INFO] Grh=1508 Frame=343 X=320 Y=32 W=32 H=32 TileW=1 TileH=1 File=20
2026-08-21 01:42:35 [INFO] Grh=1505 Frame=340 X=352 Y=32 W=32 H=32 TileW=1 TileH=1 File=20
2026-08-21 01:42:35 [INFO] Grh=1506 Frame=341 X=384 Y=32 W=32 H=32 TileW=1 TileH=1 File=20
2026-08-21 01:42:35 [INFO] Grh=1507 Frame=342 X=416 Y=32 W=32 H=32 TileW=1 TileH=1 File=20
2026-08-21 01:42:35 [INFO] Grh=1508 Frame=343 X=448 Y=32 W=32 H=32 TileW=1 TileH=1 File=20
2026-08-21 01:42:35 [INFO] Grh=1505 Frame=340 X=480 Y=32 W=32 H=32 TileW=1 TileH=1 File=20
2026-08-21 01:42:35 [INFO] Grh=1506 Frame=341 X=512 Y=32 W=32 H=32 TileW=1 TileH=1 File=20
2026-08-21 01:42:35 [INFO] Grh=1507 Frame=342 X=544 Y=32 W=32 H=32 TileW=1 TileH=1 File=20
2026-08-21 01:42:35 [INFO] Grh=1513 Frame=348 X=-32 Y=64 W=32 H=32 TileW=1 TileH=1 File=20
2026-08-21 01:42:35 [INFO] Grh=1514 Frame=349 X=0 Y=64 W=32 H=32 TileW=1 TileH=1 File=20
2026-08-21 01:42:35 [INFO] Grh=1515 Frame=350 X=32 Y=64 W=32 H=32 TileW=1 TileH=1 File=20
2026-08-21 01:42:35 [INFO] Grh=1516 Frame=351 X=64 Y=64 W=32 H=32 TileW=1 TileH=1 File=20
2026-08-21 01:42:35 [INFO] Grh=1513 Frame=348 X=96 Y=64 W=32 H=32 TileW=1 TileH=1 File=20
2026-08-21 01:42:35 [INFO] Grh=1514 Frame=349 X=128 Y=64 W=32 H=32 TileW=1 TileH=1 File=20
2026-08-21 01:42:35 [INFO] Grh=1515 Frame=350 X=160 Y=64 W=32 H=32 TileW=1 TileH=1 File=20
2026-08-21 01:42:35 [INFO] Grh=1516 Frame=351 X=192 Y=64 W=32 H=32 TileW=1 TileH=1 File=20
2026-08-21 01:42:35 [INFO] Grh=1513 Frame=348 X=224 Y=64 W=32 H=32 TileW=1 TileH=1 File=20
2026-08-21 01:42:35 [INFO] Grh=1514 Frame=349 X=256 Y=64 W=32 H=32 TileW=1 TileH=1 File=20
2026-08-21 01:42:35 [INFO] Grh=1515 Frame=350 X=288 Y=64 W=32 H=32 TileW=1 TileH=1 File=20
2026-08-21 01:42:35 [INFO] Grh=1516 Frame=351 X=320 Y=64 W=32 H=32 TileW=1 TileH=1 File=20
2026-08-21 01:42:35 [INFO] Grh=1513 Frame=348 X=352 Y=64 W=32 H=32 TileW=1 TileH=1 File=20
2026-08-21 01:42:35 [INFO] Grh=1514 Frame=349 X=384 Y=64 W=32 H=32 TileW=1 TileH=1 File=20
2026-08-21 01:42:35 [INFO] Grh=1515 Frame=350 X=416 Y=64 W=32 H=32 TileW=1 TileH=1 File=20
2026-08-21 01:42:35 [INFO] Grh=1516 Frame=351 X=448 Y=64 W=32 H=32 TileW=1 TileH=1 File=20
2026-08-21 01:42:35 [INFO] Grh=1513 Frame=348 X=480 Y=64 W=32 H=32 TileW=1 TileH=1 File=20
2026-08-21 01:42:35 [INFO] Grh=1514 Frame=349 X=512 Y=64 W=32 H=32 TileW=1 TileH=1 File=20
2026-08-21 01:42:35 [INFO] Grh=1515 Frame=350 X=544 Y=64 W=32 H=32 TileW=1 TileH=1 File=20
2026-08-21 01:42:35 [INFO] Grh=1505 Frame=340 X=-32 Y=96 W=32 H=32 TileW=1 TileH=1 File=20
2026-08-21 01:42:35 [INFO] Grh=1506 Frame=341 X=0 Y=96 W=32 H=32 TileW=1 TileH=1 File=20
2026-08-21 01:42:35 [INFO] Grh=1507 Frame=342 X=32 Y=96 W=32 H=32 TileW=1 TileH=1 File=20
2026-08-21 01:42:35 [INFO] Grh=1508 Frame=343 X=64 Y=96 W=32 H=32 TileW=1 TileH=1 File=20
2026-08-21 01:42:35 [INFO] Grh=1505 Frame=340 X=96 Y=96 W=32 H=32 TileW=1 TileH=1 File=20
2026-08-21 01:42:35 [INFO] Grh=1506 Frame=341 X=128 Y=96 W=32 H=32 TileW=1 TileH=1 File=20
2026-08-21 01:42:35 [INFO] Grh=1507 Frame=342 X=160 Y=96 W=32 H=32 TileW=1 TileH=1 File=20
2026-08-21 01:42:35 [INFO] Grh=1508 Frame=343 X=192 Y=96 W=32 H=32 TileW=1 TileH=1 File=20
2026-08-21 01:42:35 [INFO] Grh=1505 Frame=340 X=224 Y=96 W=32 H=32 TileW=1 TileH=1 File=20
2026-08-21 01:42:35 [INFO] Grh=1506 Frame=341 X=256 Y=96 W=32 H=32 TileW=1 TileH=1 File=20
2026-08-21 01:42:35 [INFO] Grh=1507 Frame=342 X=288 Y=96 W=32 H=32 TileW=1 TileH=1 File=20
2026-08-21 01:42:35 [INFO] Grh=1508 Frame=343 X=320 Y=96 W=32 H=32 TileW=1 TileH=1 File=20
2026-08-21 01:42:35 [INFO] Grh=1505 Frame=340 X=352 Y=96 W=32 H=32 TileW=1 TileH=1 File=20
2026-08-21 01:42:35 [INFO] Grh=1506 Frame=341 X=384 Y=96 W=32 H=32 TileW=1 TileH=1 File=20
2026-08-21 01:42:35 [INFO] Grh=1507 Frame=342 X=416 Y=96 W=32 H=32 TileW=1 TileH=1 File=20
2026-08-21 01:42:35 [INFO] Grh=1508 Frame=343 X=448 Y=96 W=32 H=32 TileW=1 TileH=1 File=20
2026-08-21 01:42:35 [INFO] Grh=1505 Frame=340 X=480 Y=96 W=32 H=32 TileW=1 TileH=1 File=20
2026-08-21 01:42:35 [INFO] Grh=1506 Frame=341 X=512 Y=96 W=32 H=32 TileW=1 TileH=1 File=20
2026-08-21 01:42:35 [INFO] Grh=1507 Frame=342 X=544 Y=96 W=32 H=32 TileW=1 TileH=1 File=20
2026-08-21 01:42:35 [INFO] Grh=1513 Frame=348 X=-32 Y=128 W=32 H=32 TileW=1 TileH=1 File=20
2026-08-21 01:42:35 [INFO] Grh=1514 Frame=349 X=0 Y=128 W=32 H=32 TileW=1 TileH=1 File=20
2026-08-21 01:42:35 [INFO] Grh=1515 Frame=350 X=32 Y=128 W=32 H=32 TileW=1 TileH=1 File=20
2026-08-21 01:42:35 [INFO] Grh=1516 Frame=351 X=64 Y=128 W=32 H=32 TileW=1 TileH=1 File=20
2026-08-21 01:42:35 [INFO] Grh=1513 Frame=348 X=96 Y=128 W=32 H=32 TileW=1 TileH=1 File=20
2026-08-21 01:42:35 [INFO] Grh=1514 Frame=349 X=128 Y=128 W=32 H=32 TileW=1 TileH=1 File=20
2026-08-21 01:42:35 [INFO] Grh=1515 Frame=350 X=160 Y=128 W=32 H=32 TileW=1 TileH=1 File=20
2026-08-21 01:42:35 [INFO] Grh=1516 Frame=351 X=192 Y=128 W=32 H=32 TileW=1 TileH=1 File=20
2026-08-21 01:42:35 [INFO] Grh=1513 Frame=348 X=224 Y=128 W=32 H=32 TileW=1 TileH=1 File=20
2026-08-21 01:42:35 [INFO] Grh=1514 Frame=349 X=256 Y=128 W=32 H=32 TileW=1 TileH=1 File=20
2026-08-21 01:42:35 [INFO] Grh=1515 Frame=350 X=288 Y=128 W=32 H=32 TileW=1 TileH=1 File=20
2026-08-21 01:42:35 [INFO] Grh=1516 Frame=351 X=320 Y=128 W=32 H=32 TileW=1 TileH=1 File=20
2026-08-21 01:42:35 [INFO] Grh=1513 Frame=348 X=352 Y=128 W=32 H=32 TileW=1 TileH=1 File=20
2026-08-21 01:42:35 [INFO] Grh=1514 Frame=349 X=384 Y=128 W=32 H=32 TileW=1 TileH=1 File=20
2026-08-21 01:42:35 [INFO] Grh=1515 Frame=350 X=416 Y=128 W=32 H=32 TileW=1 TileH=1 File=20
2026-08-21 01:42:35 [INFO] Grh=1516 Frame=351 X=448 Y=128 W=32 H=32 TileW=1 TileH=1 File=20
2026-08-21 01:42:35 [INFO] Grh=1513 Frame=348 X=480 Y=128 W=32 H=32 TileW=1 TileH=1 File=20
2026-08-21 01:42:35 [INFO] Grh=1514 Frame=349 X=512 Y=128 W=32 H=32 TileW=1 TileH=1 File=20
2026-08-21 01:42:35 [INFO] Grh=1515 Frame=350 X=544 Y=128 W=32 H=32 TileW=1 TileH=1 File=20
2026-08-21 01:42:35 [INFO] Grh=1505 Frame=340 X=-32 Y=160 W=32 H=32 TileW=1 TileH=1 File=20
2026-08-21 01:42:35 [INFO] Grh=1506 Frame=341 X=0 Y=160 W=32 H=32 TileW=1 TileH=1 File=20
2026-08-21 01:42:35 [INFO] Grh=1507 Frame=342 X=32 Y=160 W=32 H=32 TileW=1 TileH=1 File=20
2026-08-21 01:42:35 [INFO] Grh=1508 Frame=343 X=64 Y=160 W=32 H=32 TileW=1 TileH=1 File=20
2026-08-21 01:42:35 [INFO] Grh=1505 Frame=340 X=96 Y=160 W=32 H=32 TileW=1 TileH=1 File=20
2026-08-21 01:42:35 [INFO] Grh=1506 Frame=341 X=128 Y=160 W=32 H=32 TileW=1 TileH=1 File=20
2026-08-21 01:42:35 [INFO] Grh=1507 Frame=342 X=160 Y=160 W=32 H=32 TileW=1 TileH=1 File=20
2026-08-21 01:42:35 [INFO] Grh=1508 Frame=343 X=192 Y=160 W=32 H=32 TileW=1 TileH=1 File=20
2026-08-21 01:42:35 [INFO] Grh=1505 Frame=340 X=224 Y=160 W=32 H=32 TileW=1 TileH=1 File=20
2026-08-21 01:42:35 [INFO] Grh=1506 Frame=341 X=256 Y=160 W=32 H=32 TileW=1 TileH=1 File=20
2026-08-21 01:42:35 [INFO] Grh=1507 Frame=342 X=288 Y=160 W=32 H=32 TileW=1 TileH=1 File=20
2026-08-21 01:42:35 [INFO] Grh=1508 Frame=343 X=320 Y=160 W=32 H=32 TileW=1 TileH=1 File=20
2026-08-21 01:42:35 [INFO] Grh=1505 Frame=340 X=352 Y=160 W=32 H=32 TileW=1 TileH=1 File=20
2026-08-21 01:42:35 [INFO] Grh=1506 Frame=341 X=384 Y=160 W=32 H=32 TileW=1 TileH=1 File=20
2026-08-21 01:42:35 [INFO] Grh=1507 Frame=342 X=416 Y=160 W=32 H=32 TileW=1 TileH=1 File=20
2026-08-21 01:42:35 [INFO] Grh=1508 Frame=343 X=448 Y=160 W=32 H=32 TileW=1 TileH=1 File=20
2026-08-21 01:42:35 [INFO] Grh=1505 Frame=340 X=480 Y=160 W=32 H=32 TileW=1 TileH=1 File=20
2026-08-21 01:42:35 [INFO] Grh=1506 Frame=341 X=512 Y=160 W=32 H=32 TileW=1 TileH=1 File=20
2026-08-21 01:42:35 [INFO] Grh=1507 Frame=342 X=544 Y=160 W=32 H=32 TileW=1 TileH=1 File=20
2026-08-21 01:42:35 [INFO] Grh=1513 Frame=348 X=-32 Y=192 W=32 H=32 TileW=1 TileH=1 File=20
2026-08-21 01:42:35 [INFO] Grh=1514 Frame=349 X=0 Y=192 W=32 H=32 TileW=1 TileH=1 File=20
2026-08-21 01:42:35 [INFO] Grh=1515 Frame=350 X=32 Y=192 W=32 H=32 TileW=1 TileH=1 File=20
2026-08-21 01:42:35 [INFO] Grh=1516 Frame=351 X=64 Y=192 W=32 H=32 TileW=1 TileH=1 File=20
2026-08-21 01:42:35 [INFO] Grh=1513 Frame=348 X=96 Y=192 W=32 H=32 TileW=1 TileH=1 File=20
2026-08-21 01:42:35 [INFO] Grh=1514 Frame=349 X=128 Y=192 W=32 H=32 TileW=1 TileH=1 File=20
2026-08-21 01:42:35 [INFO] Grh=1515 Frame=350 X=160 Y=192 W=32 H=32 TileW=1 TileH=1 File=20
2026-08-21 01:42:35 [INFO] Grh=1516 Frame=351 X=192 Y=192 W=32 H=32 TileW=1 TileH=1 File=20
2026-08-21 01:42:35 [INFO] Grh=1513 Frame=348 X=224 Y=192 W=32 H=32 TileW=1 TileH=1 File=20
2026-08-21 01:42:35 [INFO] Grh=1514 Frame=349 X=256 Y=192 W=32 H=32 TileW=1 TileH=1 File=20
2026-08-21 01:42:35 [INFO] Grh=1515 Frame=350 X=288 Y=192 W=32 H=32 TileW=1 TileH=1 File=20
2026-08-21 01:42:35 [INFO] Grh=1516 Frame=351 X=320 Y=192 W=32 H=32 TileW=1 TileH=1 File=20
2026-08-21 01:42:35 [INFO] Grh=1513 Frame=348 X=352 Y=192 W=32 H=32 TileW=1 TileH=1 File=20
2026-08-21 01:42:35 [INFO] Grh=1514 Frame=349 X=384 Y=192 W=32 H=32 TileW=1 TileH=1 File=20
2026-08-21 01:42:35 [INFO] Grh=1515 Frame=350 X=416 Y=192 W=32 H=32 TileW=1 TileH=1 File=20
2026-08-21 01:42:35 [INFO] Grh=1516 Frame=351 X=448 Y=192 W=32 H=32 TileW=1 TileH=1 File=20
2026-08-21 01:42:35 [INFO] Grh=1513 Frame=348 X=480 Y=192 W=32 H=32 TileW=1 TileH=1 File=20
2026-08-21 01:42:36 [INFO] Grh=1514 Frame=349 X=512 Y=192 W=32 H=32 TileW=1 TileH=1 File=20
2026-08-21 01:42:36 [INFO] Grh=1515 Frame=350 X=544 Y=192 W=32 H=32 TileW=1 TileH=1 File=20
2026-08-21 01:42:36 [INFO] Grh=6000 Frame=6000 X=-32 Y=-32 W=32 H=32 TileW=1 TileH=1 File=6000
2026-08-21 01:42:36 [INFO] Grh=6001 Frame=6001 X=0 Y=-32 W=32 H=32 TileW=1 TileH=1 File=6000
2026-08-21 01:42:36 [INFO] Grh=6002 Frame=6002 X=32 Y=-32 W=32 H=32 TileW=1 TileH=1 File=6000
2026-08-21 01:42:36 [INFO] Grh=6003 Frame=6003 X=64 Y=-32 W=32 H=32 TileW=1 TileH=1 File=6000
2026-08-21 01:42:36 [INFO] Grh=6000 Frame=6000 X=96 Y=-32 W=32 H=32 TileW=1 TileH=1 File=6000
2026-08-21 01:42:36 [INFO] Grh=6001 Frame=6001 X=128 Y=-32 W=32 H=32 TileW=1 TileH=1 File=6000
2026-08-21 01:42:36 [INFO] Grh=6002 Frame=6002 X=160 Y=-32 W=32 H=32 TileW=1 TileH=1 File=6000
2026-08-21 01:42:36 [INFO] Grh=6003 Frame=6003 X=192 Y=-32 W=32 H=32 TileW=1 TileH=1 File=6000
2026-08-21 01:42:36 [INFO] Grh=6000 Frame=6000 X=224 Y=-32 W=32 H=32 TileW=1 TileH=1 File=6000
2026-08-21 01:42:36 [INFO] Grh=6001 Frame=6001 X=256 Y=-32 W=32 H=32 TileW=1 TileH=1 File=6000
2026-08-21 01:42:36 [INFO] Grh=6002 Frame=6002 X=288 Y=-32 W=32 H=32 TileW=1 TileH=1 File=6000
2026-08-21 01:42:36 [INFO] Grh=6003 Frame=6003 X=320 Y=-32 W=32 H=32 TileW=1 TileH=1 File=6000
2026-08-21 01:42:36 [INFO] Grh=6000 Frame=6000 X=352 Y=-32 W=32 H=32 TileW=1 TileH=1 File=6000
2026-08-21 01:42:36 [INFO] Grh=6001 Frame=6001 X=384 Y=-32 W=32 H=32 TileW=1 TileH=1 File=6000
2026-08-21 01:42:36 [INFO] Grh=6002 Frame=6002 X=416 Y=-32 W=32 H=32 TileW=1 TileH=1 File=6000
2026-08-21 01:42:36 [INFO] Grh=6003 Frame=6003 X=448 Y=-32 W=32 H=32 TileW=1 TileH=1 File=6000
2026-08-21 01:42:36 [INFO] Grh=6000 Frame=6000 X=480 Y=-32 W=32 H=32 TileW=1 TileH=1 File=6000
2026-08-21 01:42:36 [INFO] Grh=6001 Frame=6001 X=512 Y=-32 W=32 H=32 TileW=1 TileH=1 File=6000
2026-08-21 01:42:36 [INFO] Grh=6002 Frame=6002 X=544 Y=-32 W=32 H=32 TileW=1 TileH=1 File=6000
2026-08-21 01:42:36 [INFO] Grh=6008 Frame=6008 X=-32 Y=0 W=32 H=32 TileW=1 TileH=1 File=6000
2026-08-21 01:42:36 [INFO] Grh=6009 Frame=6009 X=0 Y=0 W=32 H=32 TileW=1 TileH=1 File=6000
2026-08-21 01:42:36 [INFO] Grh=6010 Frame=6010 X=32 Y=0 W=32 H=32 TileW=1 TileH=1 File=6000
2026-08-21 01:42:36 [INFO] Grh=6011 Frame=6011 X=64 Y=0 W=32 H=32 TileW=1 TileH=1 File=6000
2026-08-21 01:42:36 [INFO] Grh=6008 Frame=6008 X=96 Y=0 W=32 H=32 TileW=1 TileH=1 File=6000
2026-08-21 01:42:36 [INFO] Grh=6009 Frame=6009 X=128 Y=0 W=32 H=32 TileW=1 TileH=1 File=6000
2026-08-21 01:42:36 [INFO] Grh=6010 Frame=6010 X=160 Y=0 W=32 H=32 TileW=1 TileH=1 File=6000
2026-08-21 01:42:36 [INFO] Grh=6011 Frame=6011 X=192 Y=0 W=32 H=32 TileW=1 TileH=1 File=6000
2026-08-21 01:42:36 [INFO] Grh=6008 Frame=6008 X=224 Y=0 W=32 H=32 TileW=1 TileH=1 File=6000
2026-08-21 01:42:36 [INFO] Grh=6009 Frame=6009 X=256 Y=0 W=32 H=32 TileW=1 TileH=1 File=6000
2026-08-21 01:42:36 [INFO] Grh=6010 Frame=6010 X=288 Y=0 W=32 H=32 TileW=1 TileH=1 File=6000
2026-08-21 01:42:36 [INFO] Grh=6011 Frame=6011 X=320 Y=0 W=32 H=32 TileW=1 TileH=1 File=6000
2026-08-21 01:42:36 [INFO] Grh=6008 Frame=6008 X=352 Y=0 W=32 H=32 TileW=1 TileH=1 File=6000
2026-08-21 01:42:36 [INFO] Grh=6009 Frame=6009 X=384 Y=0 W=32 H=32 TileW=1 TileH=1 File=6000
2026-08-21 01:42:36 [INFO] Grh=6010 Frame=6010 X=416 Y=0 W=32 H=32 TileW=1 TileH=1 File=6000
2026-08-21 01:42:36 [INFO] Grh=6011 Frame=6011 X=448 Y=0 W=32 H=32 TileW=1 TileH=1 File=6000
2026-08-21 01:42:36 [INFO] Grh=6008 Frame=6008 X=480 Y=0 W=32 H=32 TileW=1 TileH=1 File=6000
2026-08-21 01:42:36 [INFO] Grh=6009 Frame=6009 X=512 Y=0 W=32 H=32 TileW=1 TileH=1 File=6000
2026-08-21 01:42:36 [INFO] Grh=6010 Frame=6010 X=544 Y=0 W=32 H=32 TileW=1 TileH=1 File=6000
2026-08-21 01:42:36 [INFO] Grh=1505 Frame=356 X=-32 Y=32 W=32 H=32 TileW=1 TileH=1 File=20
2026-08-21 01:42:36 [INFO] Grh=1506 Frame=357 X=0 Y=32 W=32 H=32 TileW=1 TileH=1 File=20
2026-08-21 01:42:36 [INFO] Grh=1507 Frame=358 X=32 Y=32 W=32 H=32 TileW=1 TileH=1 File=20
2026-08-21 01:42:36 [INFO] Grh=1508 Frame=359 X=64 Y=32 W=32 H=32 TileW=1 TileH=1 File=20
2026-08-21 01:42:36 [INFO] Grh=1505 Frame=356 X=96 Y=32 W=32 H=32 TileW=1 TileH=1 File=20
2026-08-21 01:42:36 [INFO] Grh=1506 Frame=357 X=128 Y=32 W=32 H=32 TileW=1 TileH=1 File=20
2026-08-21 01:42:36 [INFO] Grh=1507 Frame=358 X=160 Y=32 W=32 H=32 TileW=1 TileH=1 File=20
2026-08-21 01:42:36 [INFO] Grh=1508 Frame=359 X=192 Y=32 W=32 H=32 TileW=1 TileH=1 File=20
2026-08-21 01:42:36 [INFO] Grh=1505 Frame=356 X=224 Y=32 W=32 H=32 TileW=1 TileH=1 File=20
2026-08-21 01:42:36 [INFO] Grh=1506 Frame=357 X=256 Y=32 W=32 H=32 TileW=1 TileH=1 File=20
2026-08-21 01:42:36 [INFO] Grh=1507 Frame=358 X=288 Y=32 W=32 H=32 TileW=1 TileH=1 File=20
2026-08-21 01:42:36 [INFO] Grh=1508 Frame=359 X=320 Y=32 W=32 H=32 TileW=1 TileH=1 File=20
2026-08-21 01:42:36 [INFO] Grh=1505 Frame=356 X=352 Y=32 W=32 H=32 TileW=1 TileH=1 File=20
2026-08-21 01:42:36 [INFO] Grh=1506 Frame=357 X=384 Y=32 W=32 H=32 TileW=1 TileH=1 File=20
2026-08-21 01:42:36 [INFO] Grh=1507 Frame=358 X=416 Y=32 W=32 H=32 TileW=1 TileH=1 File=20
2026-08-21 01:42:36 [INFO] Grh=1508 Frame=359 X=448 Y=32 W=32 H=32 TileW=1 TileH=1 File=20
2026-08-21 01:42:36 [INFO] Grh=1505 Frame=356 X=480 Y=32 W=32 H=32 TileW=1 TileH=1 File=20
2026-08-21 01:42:36 [INFO] Grh=1506 Frame=357 X=512 Y=32 W=32 H=32 TileW=1 TileH=1 File=20
2026-08-21 01:42:36 [INFO] Grh=1507 Frame=358 X=544 Y=32 W=32 H=32 TileW=1 TileH=1 File=20
2026-08-21 01:42:36 [INFO] Grh=1513 Frame=364 X=-32 Y=64 W=32 H=32 TileW=1 TileH=1 File=20
2026-08-21 01:42:36 [INFO] Grh=1514 Frame=365 X=0 Y=64 W=32 H=32 TileW=1 TileH=1 File=20
2026-08-21 01:42:36 [INFO] Grh=1515 Frame=366 X=32 Y=64 W=32 H=32 TileW=1 TileH=1 File=20
2026-08-21 01:42:36 [INFO] Grh=1516 Frame=367 X=64 Y=64 W=32 H=32 TileW=1 TileH=1 File=20
2026-08-21 01:42:36 [INFO] Grh=1513 Frame=364 X=96 Y=64 W=32 H=32 TileW=1 TileH=1 File=20
2026-08-21 01:42:36 [INFO] Grh=1514 Frame=365 X=128 Y=64 W=32 H=32 TileW=1 TileH=1 File=20
2026-08-21 01:42:36 [INFO] Grh=1515 Frame=366 X=160 Y=64 W=32 H=32 TileW=1 TileH=1 File=20
2026-08-21 01:42:36 [INFO] Grh=1516 Frame=367 X=192 Y=64 W=32 H=32 TileW=1 TileH=1 File=20
2026-08-21 01:42:36 [INFO] Grh=1513 Frame=364 X=224 Y=64 W=32 H=32 TileW=1 TileH=1 File=20
2026-08-21 01:42:36 [INFO] Grh=1514 Frame=365 X=256 Y=64 W=32 H=32 TileW=1 TileH=1 File=20
2026-08-21 01:42:36 [INFO] Grh=1515 Frame=366 X=288 Y=64 W=32 H=32 TileW=1 TileH=1 File=20
2026-08-21 01:42:36 [INFO] Grh=1516 Frame=367 X=320 Y=64 W=32 H=32 TileW=1 TileH=1 File=20
2026-08-21 01:42:36 [INFO] Grh=1513 Frame=364 X=352 Y=64 W=32 H=32 TileW=1 TileH=1 File=20
2026-08-21 01:42:36 [INFO] Grh=1514 Frame=365 X=384 Y=64 W=32 H=32 TileW=1 TileH=1 File=20
2026-08-21 01:42:36 [INFO] Grh=1515 Frame=366 X=416 Y=64 W=32 H=32 TileW=1 TileH=1 File=20
2026-08-21 01:42:36 [INFO] Grh=1516 Frame=367 X=448 Y=64 W=32 H=32 TileW=1 TileH=1 File=20
2026-08-21 01:42:36 [INFO] Grh=1513 Frame=364 X=480 Y=64 W=32 H=32 TileW=1 TileH=1 File=20
2026-08-21 01:42:36 [INFO] Grh=1514 Frame=365 X=512 Y=64 W=32 H=32 TileW=1 TileH=1 File=20
2026-08-21 01:42:36 [INFO] Grh=1515 Frame=366 X=544 Y=64 W=32 H=32 TileW=1 TileH=1 File=20
2026-08-21 01:42:36 [INFO] Grh=1505 Frame=356 X=-32 Y=96 W=32 H=32 TileW=1 TileH=1 File=20
2026-08-21 01:42:36 [INFO] Grh=1506 Frame=357 X=0 Y=96 W=32 H=32 TileW=1 TileH=1 File=20
2026-08-21 01:42:36 [INFO] Grh=1507 Frame=358 X=32 Y=96 W=32 H=32 TileW=1 TileH=1 File=20
2026-08-21 01:42:36 [INFO] Grh=1508 Frame=359 X=64 Y=96 W=32 H=32 TileW=1 TileH=1 File=20
2026-08-21 01:42:36 [INFO] Grh=1505 Frame=356 X=96 Y=96 W=32 H=32 TileW=1 TileH=1 File=20
2026-08-21 01:42:36 [INFO] Grh=1506 Frame=357 X=128 Y=96 W=32 H=32 TileW=1 TileH=1 File=20
2026-08-21 01:42:36 [INFO] Grh=1507 Frame=358 X=160 Y=96 W=32 H=32 TileW=1 TileH=1 File=20
2026-08-21 01:42:36 [INFO] Grh=1508 Frame=359 X=192 Y=96 W=32 H=32 TileW=1 TileH=1 File=20
2026-08-21 01:42:36 [INFO] Grh=1505 Frame=356 X=224 Y=96 W=32 H=32 TileW=1 TileH=1 File=20
2026-08-21 01:42:36 [INFO] Grh=1506 Frame=357 X=256 Y=96 W=32 H=32 TileW=1 TileH=1 File=20
2026-08-21 01:42:36 [INFO] Grh=1507 Frame=358 X=288 Y=96 W=32 H=32 TileW=1 TileH=1 File=20
2026-08-21 01:42:36 [INFO] Grh=1508 Frame=359 X=320 Y=96 W=32 H=32 TileW=1 TileH=1 File=20
2026-08-21 01:42:36 [INFO] Grh=1505 Frame=356 X=352 Y=96 W=32 H=32 TileW=1 TileH=1 File=20
2026-08-21 01:42:36 [INFO] Grh=1506 Frame=357 X=384 Y=96 W=32 H=32 TileW=1 TileH=1 File=20
2026-08-21 01:42:36 [INFO] Grh=1507 Frame=358 X=416 Y=96 W=32 H=32 TileW=1 TileH=1 File=20
2026-08-21 01:42:36 [INFO] Grh=1508 Frame=359 X=448 Y=96 W=32 H=32 TileW=1 TileH=1 File=20
2026-08-21 01:42:36 [INFO] Grh=1505 Frame=356 X=480 Y=96 W=32 H=32 TileW=1 TileH=1 File=20
2026-08-21 01:42:36 [INFO] Grh=1506 Frame=357 X=512 Y=96 W=32 H=32 TileW=1 TileH=1 File=20
2026-08-21 01:42:36 [INFO] Grh=1507 Frame=358 X=544 Y=96 W=32 H=32 TileW=1 TileH=1 File=20
2026-08-21 01:42:36 [INFO] Grh=1513 Frame=364 X=-32 Y=128 W=32 H=32 TileW=1 TileH=1 File=20
2026-08-21 01:42:36 [INFO] Grh=1514 Frame=365 X=0 Y=128 W=32 H=32 TileW=1 TileH=1 File=20
2026-08-21 01:42:36 [INFO] Grh=1515 Frame=366 X=32 Y=128 W=32 H=32 TileW=1 TileH=1 File=20
2026-08-21 01:42:36 [INFO] Grh=1516 Frame=367 X=64 Y=128 W=32 H=32 TileW=1 TileH=1 File=20
2026-08-21 01:42:36 [INFO] Grh=1513 Frame=364 X=96 Y=128 W=32 H=32 TileW=1 TileH=1 File=20
2026-08-21 01:42:36 [INFO] Grh=1514 Frame=365 X=128 Y=128 W=32 H=32 TileW=1 TileH=1 File=20
2026-08-21 01:42:36 [INFO] Grh=1515 Frame=366 X=160 Y=128 W=32 H=32 TileW=1 TileH=1 File=20
2026-08-21 01:42:36 [INFO] Grh=1516 Frame=367 X=192 Y=128 W=32 H=32 TileW=1 TileH=1 File=20
2026-08-21 01:42:36 [INFO] Grh=1513 Frame=364 X=224 Y=128 W=32 H=32 TileW=1 TileH=1 File=20
2026-08-21 01:42:36 [INFO] Grh=1514 Frame=365 X=256 Y=128 W=32 H=32 TileW=1 TileH=1 File=20
2026-08-21 01:42:36 [INFO] Grh=1515 Frame=366 X=288 Y=128 W=32 H=32 TileW=1 TileH=1 File=20
2026-08-21 01:42:36 [INFO] Grh=1516 Frame=367 X=320 Y=128 W=32 H=32 TileW=1 TileH=1 File=20
2026-08-21 01:42:36 [INFO] Grh=1513 Frame=364 X=352 Y=128 W=32 H=32 TileW=1 TileH=1 File=20
2026-08-21 01:42:36 [INFO] Grh=1514 Frame=365 X=384 Y=128 W=32 H=32 TileW=1 TileH=1 File=20
2026-08-21 01:42:36 [INFO] Grh=1515 Frame=366 X=416 Y=128 W=32 H=32 TileW=1 TileH=1 File=20
2026-08-21 01:42:36 [INFO] Grh=1516 Frame=367 X=448 Y=128 W=32 H=32 TileW=1 TileH=1 File=20
2026-08-21 01:42:36 [INFO] Grh=1513 Frame=364 X=480 Y=128 W=32 H=32 TileW=1 TileH=1 File=20
2026-08-21 01:42:36 [INFO] Grh=1514 Frame=365 X=512 Y=128 W=32 H=32 TileW=1 TileH=1 File=20
2026-08-21 01:42:36 [INFO] Grh=1515 Frame=366 X=544 Y=128 W=32 H=32 TileW=1 TileH=1 File=20
2026-08-21 01:42:36 [INFO] Grh=1505 Frame=356 X=-32 Y=160 W=32 H=32 TileW=1 TileH=1 File=20
2026-08-21 01:42:36 [INFO] Grh=1506 Frame=357 X=0 Y=160 W=32 H=32 TileW=1 TileH=1 File=20
2026-08-21 01:42:36 [INFO] Grh=1507 Frame=358 X=32 Y=160 W=32 H=32 TileW=1 TileH=1 File=20
2026-08-21 01:42:36 [INFO] Grh=1508 Frame=359 X=64 Y=160 W=32 H=32 TileW=1 TileH=1 File=20
2026-08-21 01:42:36 [INFO] Grh=1505 Frame=356 X=96 Y=160 W=32 H=32 TileW=1 TileH=1 File=20
2026-08-21 01:42:36 [INFO] Grh=1506 Frame=357 X=128 Y=160 W=32 H=32 TileW=1 TileH=1 File=20
2026-08-21 01:42:36 [INFO] Grh=1507 Frame=358 X=160 Y=160 W=32 H=32 TileW=1 TileH=1 File=20
2026-08-21 01:42:36 [INFO] Grh=1508 Frame=359 X=192 Y=160 W=32 H=32 TileW=1 TileH=1 File=20
2026-08-21 01:42:36 [INFO] Grh=1505 Frame=356 X=224 Y=160 W=32 H=32 TileW=1 TileH=1 File=20
2026-08-21 01:42:36 [INFO] Grh=1506 Frame=357 X=256 Y=160 W=32 H=32 TileW=1 TileH=1 File=20
2026-08-21 01:42:36 [INFO] Grh=1507 Frame=358 X=288 Y=160 W=32 H=32 TileW=1 TileH=1 File=20
2026-08-21 01:42:36 [INFO] Grh=1508 Frame=359 X=320 Y=160 W=32 H=32 TileW=1 TileH=1 File=20
2026-08-21 01:42:36 [INFO] Grh=1505 Frame=356 X=352 Y=160 W=32 H=32 TileW=1 TileH=1 File=20
2026-08-21 01:42:36 [INFO] Grh=1506 Frame=357 X=384 Y=160 W=32 H=32 TileW=1 TileH=1 File=20
2026-08-21 01:42:36 [INFO] Grh=1507 Frame=358 X=416 Y=160 W=32 H=32 TileW=1 TileH=1 File=20
2026-08-21 01:42:36 [INFO] Grh=1508 Frame=359 X=448 Y=160 W=32 H=32 TileW=1 TileH=1 File=20
2026-08-21 01:42:36 [INFO] Grh=1505 Frame=356 X=480 Y=160 W=32 H=32 TileW=1 TileH=1 File=20
2026-08-21 01:42:36 [INFO] Grh=1506 Frame=357 X=512 Y=160 W=32 H=32 TileW=1 TileH=1 File=20
2026-08-21 01:42:36 [INFO] Grh=1507 Frame=358 X=544 Y=160 W=32 H=32 TileW=1 TileH=1 File=20
2026-08-21 01:42:36 [INFO] Grh=1513 Frame=364 X=-32 Y=192 W=32 H=32 TileW=1 TileH=1 File=20
2026-08-21 01:42:36 [INFO] Grh=1514 Frame=365 X=0 Y=192 W=32 H=32 TileW=1 TileH=1 File=20
2026-08-21 01:42:36 [INFO] Grh=1515 Frame=366 X=32 Y=192 W=32 H=32 TileW=1 TileH=1 File=20
2026-08-21 01:42:36 [INFO] Grh=1516 Frame=367 X=64 Y=192 W=32 H=32 TileW=1 TileH=1 File=20
2026-08-21 01:42:36 [INFO] Grh=1513 Frame=364 X=96 Y=192 W=32 H=32 TileW=1 TileH=1 File=20
2026-08-21 01:42:36 [INFO] Grh=1514 Frame=365 X=128 Y=192 W=32 H=32 TileW=1 TileH=1 File=20
2026-08-21 01:42:36 [INFO] Grh=1515 Frame=366 X=160 Y=192 W=32 H=32 TileW=1 TileH=1 File=20
2026-08-21 01:42:36 [INFO] Grh=1516 Frame=367 X=192 Y=192 W=32 H=32 TileW=1 TileH=1 File=20
2026-08-21 01:42:36 [INFO] Grh=1513 Frame=364 X=224 Y=192 W=32 H=32 TileW=1 TileH=1 File=20
2026-08-21 01:42:36 [INFO] Grh=1514 Frame=365 X=256 Y=192 W=32 H=32 TileW=1 TileH=1 File=20
2026-08-21 01:42:36 [INFO] Grh=1515 Frame=366 X=288 Y=192 W=32 H=32 TileW=1 TileH=1 File=20
2026-08-21 01:42:36 [INFO] Grh=1516 Frame=367 X=320 Y=192 W=32 H=32 TileW=1 TileH=1 File=20
2026-08-21 01:42:36 [INFO] Grh=1513 Frame=364 X=352 Y=192 W=32 H=32 TileW=1 TileH=1 File=20
2026-08-21 01:42:36 [INFO] Grh=1514 Frame=365 X=384 Y=192 W=32 H=32 TileW=1 TileH=1 File=20
2026-08-21 01:42:36 [INFO] Grh=1515 Frame=366 X=416 Y=192 W=32 H=32 TileW=1 TileH=1 File=20
2026-08-21 01:42:36 [INFO] Grh=1516 Frame=367 X=448 Y=192 W=32 H=32 TileW=1 TileH=1 File=20
2026-08-21 01:42:36 [INFO] Grh=1513 Frame=364 X=480 Y=192 W=32 H=32 TileW=1 TileH=1 File=20
2026-08-21 01:42:36 [INFO] Grh=1514 Frame=365 X=512 Y=192 W=32 H=32 TileW=1 TileH=1 File=20
2026-08-21 01:42:36 [INFO] Grh=1515 Frame=366 X=544 Y=192 W=32 H=32 TileW=1 TileH=1 File=20
2026-08-21 01:42:36 [INFO] Grh=6000 Frame=6000 X=-32 Y=-32 W=32 H=32 TileW=1 TileH=1 File=6000
2026-08-21 01:42:36 [INFO] Grh=6001 Frame=6001 X=0 Y=-32 W=32 H=32 TileW=1 TileH=1 File=6000
2026-08-21 01:42:36 [INFO] Grh=6002 Frame=6002 X=32 Y=-32 W=32 H=32 TileW=1 TileH=1 File=6000
2026-08-21 01:42:36 [INFO] Grh=6003 Frame=6003 X=64 Y=-32 W=32 H=32 TileW=1 TileH=1 File=6000
2026-08-21 01:42:36 [INFO] Grh=6000 Frame=6000 X=96 Y=-32 W=32 H=32 TileW=1 TileH=1 File=6000
2026-08-21 01:42:36 [INFO] Grh=6001 Frame=6001 X=128 Y=-32 W=32 H=32 TileW=1 TileH=1 File=6000
2026-08-21 01:42:36 [INFO] Grh=6002 Frame=6002 X=160 Y=-32 W=32 H=32 TileW=1 TileH=1 File=6000
2026-08-21 01:42:36 [INFO] Grh=6003 Frame=6003 X=192 Y=-32 W=32 H=32 TileW=1 TileH=1 File=6000
2026-08-21 01:42:36 [INFO] Grh=6000 Frame=6000 X=224 Y=-32 W=32 H=32 TileW=1 TileH=1 File=6000
2026-08-21 01:42:36 [INFO] Grh=6001 Frame=6001 X=256 Y=-32 W=32 H=32 TileW=1 TileH=1 File=6000
2026-08-21 01:42:36 [INFO] Grh=6002 Frame=6002 X=288 Y=-32 W=32 H=32 TileW=1 TileH=1 File=6000
2026-08-21 01:42:36 [INFO] Grh=6003 Frame=6003 X=320 Y=-32 W=32 H=32 TileW=1 TileH=1 File=6000
2026-08-21 01:42:36 [INFO] Grh=6000 Frame=6000 X=352 Y=-32 W=32 H=32 TileW=1 TileH=1 File=6000
2026-08-21 01:42:36 [INFO] Grh=6001 Frame=6001 X=384 Y=-32 W=32 H=32 TileW=1 TileH=1 File=6000
2026-08-21 01:42:36 [INFO] Grh=6002 Frame=6002 X=416 Y=-32 W=32 H=32 TileW=1 TileH=1 File=6000
2026-08-21 01:42:36 [INFO] Grh=6003 Frame=6003 X=448 Y=-32 W=32 H=32 TileW=1 TileH=1 File=6000
2026-08-21 01:42:36 [INFO] Grh=6000 Frame=6000 X=480 Y=-32 W=32 H=32 TileW=1 TileH=1 File=6000
2026-08-21 01:42:36 [INFO] Grh=6001 Frame=6001 X=512 Y=-32 W=32 H=32 TileW=1 TileH=1 File=6000
2026-08-21 01:42:36 [INFO] Grh=6002 Frame=6002 X=544 Y=-32 W=32 H=32 TileW=1 TileH=1 File=6000
2026-08-21 01:42:36 [INFO] Grh=6008 Frame=6008 X=-32 Y=0 W=32 H=32 TileW=1 TileH=1 File=6000
2026-08-21 01:42:36 [INFO] Grh=6009 Frame=6009 X=0 Y=0 W=32 H=32 TileW=1 TileH=1 File=6000
2026-08-21 01:42:36 [INFO] Grh=6010 Frame=6010 X=32 Y=0 W=32 H=32 TileW=1 TileH=1 File=6000
2026-08-21 01:42:36 [INFO] Grh=6011 Frame=6011 X=64 Y=0 W=32 H=32 TileW=1 TileH=1 File=6000
2026-08-21 01:42:36 [INFO] Grh=6008 Frame=6008 X=96 Y=0 W=32 H=32 TileW=1 TileH=1 File=6000
2026-08-21 01:42:36 [INFO] Grh=6009 Frame=6009 X=128 Y=0 W=32 H=32 TileW=1 TileH=1 File=6000
2026-08-21 01:42:36 [INFO] Grh=6010 Frame=6010 X=160 Y=0 W=32 H=32 TileW=1 TileH=1 File=6000
2026-08-21 01:42:36 [INFO] Grh=6011 Frame=6011 X=192 Y=0 W=32 H=32 TileW=1 TileH=1 File=6000
2026-08-21 01:42:36 [INFO] Grh=6008 Frame=6008 X=224 Y=0 W=32 H=32 TileW=1 TileH=1 File=6000
2026-08-21 01:42:36 [INFO] Grh=6009 Frame=6009 X=256 Y=0 W=32 H=32 TileW=1 TileH=1 File=6000
2026-08-21 01:42:36 [INFO] Grh=6010 Frame=6010 X=288 Y=0 W=32 H=32 TileW=1 TileH=1 File=6000
2026-08-21 01:42:36 [INFO] Grh=6011 Frame=6011 X=320 Y=0 W=32 H=32 TileW=1 TileH=1 File=6000
2026-08-21 01:42:36 [INFO] Grh=6008 Frame=6008 X=352 Y=0 W=32 H=32 TileW=1 TileH=1 File=6000
2026-08-21 01:42:36 [INFO] Grh=6009 Frame=6009 X=384 Y=0 W=32 H=32 TileW=1 TileH=1 File=6000
2026-08-21 01:42:36 [INFO] Grh=6010 Frame=6010 X=416 Y=0 W=32 H=32 TileW=1 TileH=1 File=6000
2026-08-21 01:42:36 [INFO] Grh=6011 Frame=6011 X=448 Y=0 W=32 H=32 TileW=1 TileH=1 File=6000
2026-08-21 01:42:36 [INFO] Grh=6008 Frame=6008 X=480 Y=0 W=32 H=32 TileW=1 TileH=1 File=6000
2026-08-21 01:42:36 [INFO] Grh=6009 Frame=6009 X=512 Y=0 W=32 H=32 TileW=1 TileH=1 File=6000
2026-08-21 01:42:36 [INFO] Grh=6010 Frame=6010 X=544 Y=0 W=32 H=32 TileW=1 TileH=1 File=6000
2026-08-21 01:42:36 [INFO] Grh=1505 Frame=340 X=-32 Y=32 W=32 H=32 TileW=1 TileH=1 File=20
2026-08-21 01:42:36 [INFO] Grh=1506 Frame=341 X=0 Y=32 W=32 H=32 TileW=1 TileH=1 File=20
2026-08-21 01:42:36 [INFO] Grh=1507 Frame=342 X=32 Y=32 W=32 H=32 TileW=1 TileH=1 File=20
2026-08-21 01:42:36 [INFO] Grh=1508 Frame=343 X=64 Y=32 W=32 H=32 TileW=1 TileH=1 File=20
2026-08-21 01:42:36 [INFO] Grh=1505 Frame=340 X=96 Y=32 W=32 H=32 TileW=1 TileH=1 File=20
2026-08-21 01:42:36 [INFO] Grh=1506 Frame=341 X=128 Y=32 W=32 H=32 TileW=1 TileH=1 File=20
2026-08-21 01:42:36 [INFO] Grh=1507 Frame=342 X=160 Y=32 W=32 H=32 TileW=1 TileH=1 File=20
2026-08-21 01:42:36 [INFO] Grh=1508 Frame=343 X=192 Y=32 W=32 H=32 TileW=1 TileH=1 File=20
2026-08-21 01:42:36 [INFO] Grh=1505 Frame=340 X=224 Y=32 W=32 H=32 TileW=1 TileH=1 File=20
2026-08-21 01:42:36 [INFO] Grh=1506 Frame=341 X=256 Y=32 W=32 H=32 TileW=1 TileH=1 File=20
2026-08-21 01:42:36 [INFO] Grh=1507 Frame=342 X=288 Y=32 W=32 H=32 TileW=1 TileH=1 File=20
2026-08-21 01:42:36 [INFO] Grh=1508 Frame=343 X=320 Y=32 W=32 H=32 TileW=1 TileH=1 File=20
2026-08-21 01:42:36 [INFO] Grh=1505 Frame=340 X=352 Y=32 W=32 H=32 TileW=1 TileH=1 File=20
2026-08-21 01:42:36 [INFO] Grh=1506 Frame=341 X=384 Y=32 W=32 H=32 TileW=1 TileH=1 File=20
2026-08-21 01:42:36 [INFO] Grh=1507 Frame=342 X=416 Y=32 W=32 H=32 TileW=1 TileH=1 File=20
2026-08-21 01:42:36 [INFO] Grh=1508 Frame=343 X=448 Y=32 W=32 H=32 TileW=1 TileH=1 File=20
2026-08-21 01:42:36 [INFO] Grh=1505 Frame=340 X=480 Y=32 W=32 H=32 TileW=1 TileH=1 File=20
2026-08-21 01:42:36 [INFO] Grh=1506 Frame=341 X=512 Y=32 W=32 H=32 TileW=1 TileH=1 File=20
2026-08-21 01:42:36 [INFO] Grh=1507 Frame=342 X=544 Y=32 W=32 H=32 TileW=1 TileH=1 File=20
2026-08-21 01:42:36 [INFO] Grh=1513 Frame=348 X=-32 Y=64 W=32 H=32 TileW=1 TileH=1 File=20
2026-08-21 01:42:36 [INFO] Grh=1514 Frame=349 X=0 Y=64 W=32 H=32 TileW=1 TileH=1 File=20
2026-08-21 01:42:36 [INFO] Grh=1515 Frame=350 X=32 Y=64 W=32 H=32 TileW=1 TileH=1 File=20
2026-08-21 01:42:36 [INFO] Grh=1516 Frame=351 X=64 Y=64 W=32 H=32 TileW=1 TileH=1 File=20
2026-08-21 01:42:36 [INFO] Grh=1513 Frame=348 X=96 Y=64 W=32 H=32 TileW=1 TileH=1 File=20
2026-08-21 01:42:36 [INFO] Grh=1514 Frame=349 X=128 Y=64 W=32 H=32 TileW=1 TileH=1 File=20
2026-08-21 01:42:36 [INFO] Grh=1515 Frame=350 X=160 Y=64 W=32 H=32 TileW=1 TileH=1 File=20
2026-08-21 01:42:36 [INFO] Grh=1516 Frame=351 X=192 Y=64 W=32 H=32 TileW=1 TileH=1 File=20
2026-08-21 01:42:36 [INFO] Grh=1513 Frame=348 X=224 Y=64 W=32 H=32 TileW=1 TileH=1 File=20
2026-08-21 01:42:36 [INFO] Grh=1514 Frame=349 X=256 Y=64 W=32 H=32 TileW=1 TileH=1 File=20
2026-08-21 01:42:36 [INFO] Grh=1515 Frame=350 X=288 Y=64 W=32 H=32 TileW=1 TileH=1 File=20
2026-08-21 01:42:36 [INFO] Grh=1516 Frame=351 X=320 Y=64 W=32 H=32 TileW=1 TileH=1 File=20
2026-08-21 01:42:36 [INFO] Grh=1513 Frame=348 X=352 Y=64 W=32 H=32 TileW=1 TileH=1 File=20
2026-08-21 01:42:36 [INFO] Grh=1514 Frame=349 X=384 Y=64 W=32 H=32 TileW=1 TileH=1 File=20
2026-08-21 01:42:36 [INFO] Grh=1515 Frame=350 X=416 Y=64 W=32 H=32 TileW=1 TileH=1 File=20
2026-08-21 01:42:36 [INFO] Grh=1516 Frame=351 X=448 Y=64 W=32 H=32 TileW=1 TileH=1 File=20
2026-08-21 01:42:36 [INFO] Grh=1513 Frame=348 X=480 Y=64 W=32 H=32 TileW=1 TileH=1 File=20
2026-08-21 01:42:36 [INFO] Grh=1514 Frame=349 X=512 Y=64 W=32 H=32 TileW=1 TileH=1 File=20
2026-08-21 01:42:36 [INFO] Grh=1515 Frame=350 X=544 Y=64 W=32 H=32 TileW=1 TileH=1 File=20
2026-08-21 01:42:36 [INFO] Grh=1505 Frame=340 X=-32 Y=96 W=32 H=32 TileW=1 TileH=1 File=20
2026-08-21 01:42:36 [INFO] Grh=1506 Frame=341 X=0 Y=96 W=32 H=32 TileW=1 TileH=1 File=20
2026-08-21 01:42:36 [INFO] Grh=1507 Frame=342 X=32 Y=96 W=32 H=32 TileW=1 TileH=1 File=20
2026-08-21 01:42:36 [INFO] Grh=1508 Frame=343 X=64 Y=96 W=32 H=32 TileW=1 TileH=1 File=20
2026-08-21 01:42:36 [INFO] Grh=1505 Frame=340 X=96 Y=96 W=32 H=32 TileW=1 TileH=1 File=20
2026-08-21 01:42:36 [INFO] Grh=1506 Frame=341 X=128 Y=96 W=32 H=32 TileW=1 TileH=1 File=20
2026-08-21 01:42:36 [INFO] Grh=1507 Frame=342 X=160 Y=96 W=32 H=32 TileW=1 TileH=1 File=20
2026-08-21 01:42:36 [INFO] Grh=1508 Frame=343 X=192 Y=96 W=32 H=32 TileW=1 TileH=1 File=20
2026-08-21 01:42:36 [INFO] Grh=1505 Frame=340 X=224 Y=96 W=32 H=32 TileW=1 TileH=1 File=20
2026-08-21 01:42:36 [INFO] Grh=1506 Frame=341 X=256 Y=96 W=32 H=32 TileW=1 TileH=1 File=20
2026-08-21 01:42:36 [INFO] Grh=1507 Frame=342 X=288 Y=96 W=32 H=32 TileW=1 TileH=1 File=20
2026-08-21 01:42:36 [INFO] Grh=1508 Frame=343 X=320 Y=96 W=32 H=32 TileW=1 TileH=1 File=20
2026-08-21 01:42:36 [INFO] Grh=1505 Frame=340 X=352 Y=96 W=32 H=32 TileW=1 TileH=1 File=20
2026-08-21 01:42:36 [INFO] Grh=1506 Frame=341 X=384 Y=96 W=32 H=32 TileW=1 TileH=1 File=20
2026-08-21 01:42:36 [INFO] Grh=1507 Frame=342 X=416 Y=96 W=32 H=32 TileW=1 TileH=1 File=20
2026-08-21 01:42:36 [INFO] Grh=1508 Frame=343 X=448 Y=96 W=32 H=32 TileW=1 TileH=1 File=20
2026-08-21 01:42:36 [INFO] Grh=1505 Frame=340 X=480 Y=96 W=32 H=32 TileW=1 TileH=1 File=20
2026-08-21 01:42:36 [INFO] Grh=1506 Frame=341 X=512 Y=96 W=32 H=32 TileW=1 TileH=1 File=20
2026-08-21 01:42:36 [INFO] Grh=1507 Frame=342 X=544 Y=96 W=32 H=32 TileW=1 TileH=1 File=20
2026-08-21 01:42:36 [INFO] Grh=1513 Frame=348 X=-32 Y=128 W=32 H=32 TileW=1 TileH=1 File=20
2026-08-21 01:42:36 [INFO] Grh=1514 Frame=349 X=0 Y=128 W=32 H=32 TileW=1 TileH=1 File=20
2026-08-21 01:42:36 [INFO] Grh=1515 Frame=350 X=32 Y=128 W=32 H=32 TileW=1 TileH=1 File=20
2026-08-21 01:42:36 [INFO] Grh=1516 Frame=351 X=64 Y=128 W=32 H=32 TileW=1 TileH=1 File=20
2026-08-21 01:42:36 [INFO] Grh=1513 Frame=348 X=96 Y=128 W=32 H=32 TileW=1 TileH=1 File=20
2026-08-21 01:42:36 [INFO] Grh=1514 Frame=349 X=128 Y=128 W=32 H=32 TileW=1 TileH=1 File=20
2026-08-21 01:42:36 [INFO] Grh=1515 Frame=350 X=160 Y=128 W=32 H=32 TileW=1 TileH=1 File=20
2026-08-21 01:42:36 [INFO] Grh=1516 Frame=351 X=192 Y=128 W=32 H=32 TileW=1 TileH=1 File=20
2026-08-21 01:42:36 [INFO] Grh=1513 Frame=348 X=224 Y=128 W=32 H=32 TileW=1 TileH=1 File=20
2026-08-21 01:42:36 [INFO] Grh=1514 Frame=349 X=256 Y=128 W=32 H=32 TileW=1 TileH=1 File=20
2026-08-21 01:42:36 [INFO] Grh=1515 Frame=350 X=288 Y=128 W=32 H=32 TileW=1 TileH=1 File=20
2026-08-21 01:42:36 [INFO] Grh=1516 Frame=351 X=320 Y=128 W=32 H=32 TileW=1 TileH=1 File=20
2026-08-21 01:42:36 [INFO] Grh=1513 Frame=348 X=352 Y=128 W=32 H=32 TileW=1 TileH=1 File=20
2026-08-21 01:42:36 [INFO] Grh=1514 Frame=349 X=384 Y=128 W=32 H=32 TileW=1 TileH=1 File=20
2026-08-21 01:42:36 [INFO] Grh=1515 Frame=350 X=416 Y=128 W=32 H=32 TileW=1 TileH=1 File=20
2026-08-21 01:42:36 [INFO] Grh=1516 Frame=351 X=448 Y=128 W=32 H=32 TileW=1 TileH=1 File=20
2026-08-21 01:42:36 [INFO] Grh=1513 Frame=348 X=480 Y=128 W=32 H=32 TileW=1 TileH=1 File=20
2026-08-21 01:42:36 [INFO] Grh=1514 Frame=349 X=512 Y=128 W=32 H=32 TileW=1 TileH=1 File=20
2026-08-21 01:42:36 [INFO] Grh=1515 Frame=350 X=544 Y=128 W=32 H=32 TileW=1 TileH=1 File=20
2026-08-21 01:42:36 [INFO] Grh=1505 Frame=340 X=-32 Y=160 W=32 H=32 TileW=1 TileH=1 File=20
2026-08-21 01:42:36 [INFO] Grh=1506 Frame=341 X=0 Y=160 W=32 H=32 TileW=1 TileH=1 File=20
2026-08-21 01:42:36 [INFO] Grh=1507 Frame=342 X=32 Y=160 W=32 H=32 TileW=1 TileH=1 File=20
2026-08-21 01:42:36 [INFO] Grh=1508 Frame=343 X=64 Y=160 W=32 H=32 TileW=1 TileH=1 File=20
2026-08-21 01:42:36 [INFO] Grh=1505 Frame=340 X=96 Y=160 W=32 H=32 TileW=1 TileH=1 File=20
2026-08-21 01:42:36 [INFO] Grh=1506 Frame=341 X=128 Y=160 W=32 H=32 TileW=1 TileH=1 File=20
2026-08-21 01:42:36 [INFO] Grh=1507 Frame=342 X=160 Y=160 W=32 H=32 TileW=1 TileH=1 File=20
2026-08-21 01:42:36 [INFO] Grh=1508 Frame=343 X=192 Y=160 W=32 H=32 TileW=1 TileH=1 File=20
2026-08-21 01:42:36 [INFO] Grh=1505 Frame=340 X=224 Y=160 W=32 H=32 TileW=1 TileH=1 File=20
2026-08-21 01:42:36 [INFO] Grh=1506 Frame=341 X=256 Y=160 W=32 H=32 TileW=1 TileH=1 File=20
2026-08-21 01:42:36 [INFO] Grh=1507 Frame=342 X=288 Y=160 W=32 H=32 TileW=1 TileH=1 File=20
2026-08-21 01:42:36 [INFO] Grh=1508 Frame=343 X=320 Y=160 W=32 H=32 TileW=1 TileH=1 File=20
2026-08-21 01:42:36 [INFO] Grh=1505 Frame=340 X=352 Y=160 W=32 H=32 TileW=1 TileH=1 File=20
2026-08-21 01:42:36 [INFO] Grh=1506 Frame=341 X=384 Y=160 W=32 H=32 TileW=1 TileH=1 File=20
2026-08-21 01:42:36 [INFO] Grh=1507 Frame=342 X=416 Y=160 W=32 H=32 TileW=1 TileH=1 File=20
2026-08-21 01:42:36 [INFO] Grh=1508 Frame=343 X=448 Y=160 W=32 H=32 TileW=1 TileH=1 File=20
2026-08-21 01:42:36 [INFO] Grh=1505 Frame=340 X=480 Y=160 W=32 H=32 TileW=1 TileH=1 File=20
2026-08-21 01:42:36 [INFO] Grh=1506 Frame=341 X=512 Y=160 W=32 H=32 TileW=1 TileH=1 File=20
2026-08-21 01:42:36 [INFO] Grh=1507 Frame=342 X=544 Y=160 W=32 H=32 TileW=1 TileH=1 File=20
2026-08-21 01:42:37 [INFO] Grh=1513 Frame=348 X=-32 Y=192 W=32 H=32 TileW=1 TileH=1 File=20
2026-08-21 01:42:37 [INFO] Grh=1514 Frame=349 X=0 Y=192 W=32 H=32 TileW=1 TileH=1 File=20
2026-08-21 01:42:37 [INFO] Grh=1515 Frame=350 X=32 Y=192 W=32 H=32 TileW=1 TileH=1 File=20
2026-08-21 01:42:37 [INFO] Grh=1516 Frame=351 X=64 Y=192 W=32 H=32 TileW=1 TileH=1 File=20
2026-08-21 01:42:37 [INFO] Grh=1513 Frame=348 X=96 Y=192 W=32 H=32 TileW=1 TileH=1 File=20
2026-08-21 01:42:37 [INFO] Grh=1514 Frame=349 X=128 Y=192 W=32 H=32 TileW=1 TileH=1 File=20
2026-08-21 01:42:37 [INFO] Grh=1515 Frame=350 X=160 Y=192 W=32 H=32 TileW=1 TileH=1 File=20
2026-08-21 01:42:37 [INFO] Grh=1516 Frame=351 X=192 Y=192 W=32 H=32 TileW=1 TileH=1 File=20
2026-08-21 01:42:37 [INFO] Grh=1513 Frame=348 X=224 Y=192 W=32 H=32 TileW=1 TileH=1 File=20
2026-08-21 01:42:37 [INFO] Grh=1514 Frame=349 X=256 Y=192 W=32 H=32 TileW=1 TileH=1 File=20
2026-08-21 01:42:37 [INFO] Grh=1515 Frame=350 X=288 Y=192 W=32 H=32 TileW=1 TileH=1 File=20
2026-08-21 01:42:37 [INFO] Grh=1516 Frame=351 X=320 Y=192 W=32 H=32 TileW=1 TileH=1 File=20
2026-08-21 01:42:37 [INFO] Grh=1513 Frame=348 X=352 Y=192 W=32 H=32 TileW=1 TileH=1 File=20
2026-08-21 01:42:37 [INFO] Grh=1514 Frame=349 X=384 Y=192 W=32 H=32 TileW=1 TileH=1 File=20
2026-08-21 01:42:37 [INFO] Grh=1515 Frame=350 X=416 Y=192 W=32 H=32 TileW=1 TileH=1 File=20
2026-08-21 01:42:37 [INFO] Grh=1516 Frame=351 X=448 Y=192 W=32 H=32 TileW=1 TileH=1 File=20
2026-08-21 01:42:37 [INFO] Grh=1513 Frame=348 X=480 Y=192 W=32 H=32 TileW=1 TileH=1 File=20
2026-08-21 01:42:37 [INFO] Grh=1514 Frame=349 X=512 Y=192 W=32 H=32 TileW=1 TileH=1 File=20
2026-08-21 01:42:37 [INFO] Grh=1515 Frame=350 X=544 Y=192 W=32 H=32 TileW=1 TileH=1 File=20
2026-08-21 01:42:37 [INFO] Grh=6000 Frame=6000 X=-32 Y=-32 W=32 H=32 TileW=1 TileH=1 File=6000
2026-08-21 01:42:37 [INFO] Grh=6001 Frame=6001 X=0 Y=-32 W=32 H=32 TileW=1 TileH=1 File=6000
2026-08-21 01:42:37 [INFO] Grh=6002 Frame=6002 X=32 Y=-32 W=32 H=32 TileW=1 TileH=1 File=6000
2026-08-21 01:42:37 [INFO] Grh=6003 Frame=6003 X=64 Y=-32 W=32 H=32 TileW=1 TileH=1 File=6000
2026-08-21 01:42:37 [INFO] Grh=6000 Frame=6000 X=96 Y=-32 W=32 H=32 TileW=1 TileH=1 File=6000
2026-08-21 01:42:37 [INFO] Grh=6001 Frame=6001 X=128 Y=-32 W=32 H=32 TileW=1 TileH=1 File=6000
2026-08-21 01:42:37 [INFO] Grh=6002 Frame=6002 X=160 Y=-32 W=32 H=32 TileW=1 TileH=1 File=6000
2026-08-21 01:42:37 [INFO] Grh=6003 Frame=6003 X=192 Y=-32 W=32 H=32 TileW=1 TileH=1 File=6000
2026-08-21 01:42:37 [INFO] Grh=6000 Frame=6000 X=224 Y=-32 W=32 H=32 TileW=1 TileH=1 File=6000
2026-08-21 01:42:37 [INFO] Grh=6001 Frame=6001 X=256 Y=-32 W=32 H=32 TileW=1 TileH=1 File=6000
2026-08-21 01:42:37 [INFO] Grh=6002 Frame=6002 X=288 Y=-32 W=32 H=32 TileW=1 TileH=1 File=6000
2026-08-21 01:42:37 [INFO] Grh=6003 Frame=6003 X=320 Y=-32 W=32 H=32 TileW=1 TileH=1 File=6000
2026-08-21 01:42:37 [INFO] Grh=6000 Frame=6000 X=352 Y=-32 W=32 H=32 TileW=1 TileH=1 File=6000
2026-08-21 01:42:37 [INFO] Grh=6001 Frame=6001 X=384 Y=-32 W=32 H=32 TileW=1 TileH=1 File=6000
2026-08-21 01:42:37 [INFO] Grh=6002 Frame=6002 X=416 Y=-32 W=32 H=32 TileW=1 TileH=1 File=6000
2026-08-21 01:42:37 [INFO] Grh=6003 Frame=6003 X=448 Y=-32 W=32 H=32 TileW=1 TileH=1 File=6000
2026-08-21 01:42:37 [INFO] Grh=6000 Frame=6000 X=480 Y=-32 W=32 H=32 TileW=1 TileH=1 File=6000
2026-08-21 01:42:37 [INFO] Grh=6001 Frame=6001 X=512 Y=-32 W=32 H=32 TileW=1 TileH=1 File=6000
2026-08-21 01:42:37 [INFO] Grh=6002 Frame=6002 X=544 Y=-32 W=32 H=32 TileW=1 TileH=1 File=6000
2026-08-21 01:42:37 [INFO] Grh=6008 Frame=6008 X=-32 Y=0 W=32 H=32 TileW=1 TileH=1 File=6000
2026-08-21 01:42:37 [INFO] Grh=6009 Frame=6009 X=0 Y=0 W=32 H=32 TileW=1 TileH=1 File=6000
2026-08-21 01:42:37 [INFO] Grh=6010 Frame=6010 X=32 Y=0 W=32 H=32 TileW=1 TileH=1 File=6000
2026-08-21 01:42:37 [INFO] Grh=6011 Frame=6011 X=64 Y=0 W=32 H=32 TileW=1 TileH=1 File=6000
2026-08-21 01:42:37 [INFO] Grh=6008 Frame=6008 X=96 Y=0 W=32 H=32 TileW=1 TileH=1 File=6000
2026-08-21 01:42:37 [INFO] Grh=6009 Frame=6009 X=128 Y=0 W=32 H=32 TileW=1 TileH=1 File=6000
2026-08-21 01:42:37 [INFO] Grh=6010 Frame=6010 X=160 Y=0 W=32 H=32 TileW=1 TileH=1 File=6000
2026-08-21 01:42:37 [INFO] Grh=6011 Frame=6011 X=192 Y=0 W=32 H=32 TileW=1 TileH=1 File=6000
2026-08-21 01:42:37 [INFO] Grh=6008 Frame=6008 X=224 Y=0 W=32 H=32 TileW=1 TileH=1 File=6000
2026-08-21 01:42:37 [INFO] Grh=6009 Frame=6009 X=256 Y=0 W=32 H=32 TileW=1 TileH=1 File=6000
2026-08-21 01:42:37 [INFO] Grh=6010 Frame=6010 X=288 Y=0 W=32 H=32 TileW=1 TileH=1 File=6000
2026-08-21 01:42:37 [INFO] Grh=6011 Frame=6011 X=320 Y=0 W=32 H=32 TileW=1 TileH=1 File=6000
2026-08-21 01:42:37 [INFO] Grh=6008 Frame=6008 X=352 Y=0 W=32 H=32 TileW=1 TileH=1 File=6000
2026-08-21 01:42:37 [INFO] Grh=6009 Frame=6009 X=384 Y=0 W=32 H=32 TileW=1 TileH=1 File=6000
2026-08-21 01:42:37 [INFO] Grh=6010 Frame=6010 X=416 Y=0 W=32 H=32 TileW=1 TileH=1 File=6000
2026-08-21 01:42:37 [INFO] Grh=6011 Frame=6011 X=448 Y=0 W=32 H=32 TileW=1 TileH=1 File=6000
2026-08-21 01:42:37 [INFO] Grh=6008 Frame=6008 X=480 Y=0 W=32 H=32 TileW=1 TileH=1 File=6000
2026-08-21 01:42:37 [INFO] Grh=6009 Frame=6009 X=512 Y=0 W=32 H=32 TileW=1 TileH=1 File=6000
2026-08-21 01:42:37 [INFO] Grh=6010 Frame=6010 X=544 Y=0 W=32 H=32 TileW=1 TileH=1 File=6000
2026-08-21 01:42:37 [INFO] Grh=1505 Frame=340 X=-32 Y=32 W=32 H=32 TileW=1 TileH=1 File=20
2026-08-21 01:42:37 [INFO] Grh=1506 Frame=341 X=0 Y=32 W=32 H=32 TileW=1 TileH=1 File=20
2026-08-21 01:42:37 [INFO] Grh=1507 Frame=342 X=32 Y=32 W=32 H=32 TileW=1 TileH=1 File=20
2026-08-21 01:42:37 [INFO] Grh=1508 Frame=343 X=64 Y=32 W=32 H=32 TileW=1 TileH=1 File=20
2026-08-21 01:42:37 [INFO] Grh=1505 Frame=340 X=96 Y=32 W=32 H=32 TileW=1 TileH=1 File=20
2026-08-21 01:42:37 [INFO] Grh=1506 Frame=341 X=128 Y=32 W=32 H=32 TileW=1 TileH=1 File=20
2026-08-21 01:42:37 [INFO] Grh=1507 Frame=342 X=160 Y=32 W=32 H=32 TileW=1 TileH=1 File=20
2026-08-21 01:42:37 [INFO] Grh=1508 Frame=343 X=192 Y=32 W=32 H=32 TileW=1 TileH=1 File=20
2026-08-21 01:42:37 [INFO] Grh=1505 Frame=340 X=224 Y=32 W=32 H=32 TileW=1 TileH=1 File=20
2026-08-21 01:42:37 [INFO] Grh=1506 Frame=341 X=256 Y=32 W=32 H=32 TileW=1 TileH=1 File=20
2026-08-21 01:42:37 [INFO] Grh=1507 Frame=342 X=288 Y=32 W=32 H=32 TileW=1 TileH=1 File=20
2026-08-21 01:42:37 [INFO] Grh=1508 Frame=343 X=320 Y=32 W=32 H=32 TileW=1 TileH=1 File=20
2026-08-21 01:42:37 [INFO] Grh=1505 Frame=340 X=352 Y=32 W=32 H=32 TileW=1 TileH=1 File=20
2026-08-21 01:42:37 [INFO] Grh=1506 Frame=341 X=384 Y=32 W=32 H=32 TileW=1 TileH=1 File=20
2026-08-21 01:42:37 [INFO] Grh=1507 Frame=342 X=416 Y=32 W=32 H=32 TileW=1 TileH=1 File=20
2026-08-21 01:42:37 [INFO] Grh=1508 Frame=343 X=448 Y=32 W=32 H=32 TileW=1 TileH=1 File=20
2026-08-21 01:42:37 [INFO] Grh=1505 Frame=340 X=480 Y=32 W=32 H=32 TileW=1 TileH=1 File=20
2026-08-21 01:42:37 [INFO] Grh=1506 Frame=341 X=512 Y=32 W=32 H=32 TileW=1 TileH=1 File=20
2026-08-21 01:42:37 [INFO] Grh=1507 Frame=342 X=544 Y=32 W=32 H=32 TileW=1 TileH=1 File=20
2026-08-21 01:42:37 [INFO] Grh=1513 Frame=348 X=-32 Y=64 W=32 H=32 TileW=1 TileH=1 File=20
2026-08-21 01:42:37 [INFO] Grh=1514 Frame=349 X=0 Y=64 W=32 H=32 TileW=1 TileH=1 File=20
2026-08-21 01:42:37 [INFO] Grh=1515 Frame=350 X=32 Y=64 W=32 H=32 TileW=1 TileH=1 File=20
2026-08-21 01:42:37 [INFO] Grh=1516 Frame=351 X=64 Y=64 W=32 H=32 TileW=1 TileH=1 File=20
2026-08-21 01:42:37 [INFO] Grh=1513 Frame=348 X=96 Y=64 W=32 H=32 TileW=1 TileH=1 File=20
2026-08-21 01:42:37 [INFO] Grh=1514 Frame=349 X=128 Y=64 W=32 H=32 TileW=1 TileH=1 File=20
2026-08-21 01:42:37 [INFO] Grh=1515 Frame=350 X=160 Y=64 W=32 H=32 TileW=1 TileH=1 File=20
2026-08-21 01:42:37 [INFO] Grh=1516 Frame=351 X=192 Y=64 W=32 H=32 TileW=1 TileH=1 File=20
2026-08-21 01:42:37 [INFO] Grh=1513 Frame=348 X=224 Y=64 W=32 H=32 TileW=1 TileH=1 File=20
2026-08-21 01:42:37 [INFO] Grh=1514 Frame=349 X=256 Y=64 W=32 H=32 TileW=1 TileH=1 File=20
2026-08-21 01:42:37 [INFO] Grh=1515 Frame=350 X=288 Y=64 W=32 H=32 TileW=1 TileH=1 File=20
2026-08-21 01:42:37 [INFO] Grh=1516 Frame=351 X=320 Y=64 W=32 H=32 TileW=1 TileH=1 File=20
2026-08-21 01:42:37 [INFO] Grh=1513 Frame=348 X=352 Y=64 W=32 H=32 TileW=1 TileH=1 File=20
2026-08-21 01:42:37 [INFO] Grh=1514 Frame=349 X=384 Y=64 W=32 H=32 TileW=1 TileH=1 File=20
2026-08-21 01:42:37 [INFO] Grh=1515 Frame=350 X=416 Y=64 W=32 H=32 TileW=1 TileH=1 File=20
2026-08-21 01:42:37 [INFO] Grh=1516 Frame=351 X=448 Y=64 W=32 H=32 TileW=1 TileH=1 File=20
2026-08-21 01:42:37 [INFO] Grh=1513 Frame=348 X=480 Y=64 W=32 H=32 TileW=1 TileH=1 File=20
2026-08-21 01:42:37 [INFO] Grh=1514 Frame=349 X=512 Y=64 W=32 H=32 TileW=1 TileH=1 File=20
2026-08-21 01:42:37 [INFO] Grh=1515 Frame=350 X=544 Y=64 W=32 H=32 TileW=1 TileH=1 File=20
2026-08-21 01:42:37 [INFO] Grh=1505 Frame=340 X=-32 Y=96 W=32 H=32 TileW=1 TileH=1 File=20
2026-08-21 01:42:37 [INFO] Grh=1506 Frame=341 X=0 Y=96 W=32 H=32 TileW=1 TileH=1 File=20
2026-08-21 01:42:37 [INFO] Grh=1507 Frame=342 X=32 Y=96 W=32 H=32 TileW=1 TileH=1 File=20
2026-08-21 01:42:37 [INFO] Grh=1508 Frame=343 X=64 Y=96 W=32 H=32 TileW=1 TileH=1 File=20
2026-08-21 01:42:37 [INFO] Grh=1505 Frame=340 X=96 Y=96 W=32 H=32 TileW=1 TileH=1 File=20
2026-08-21 01:42:37 [INFO] Grh=1506 Frame=341 X=128 Y=96 W=32 H=32 TileW=1 TileH=1 File=20
2026-08-21 01:42:37 [INFO] Grh=1507 Frame=342 X=160 Y=96 W=32 H=32 TileW=1 TileH=1 File=20
2026-08-21 01:42:37 [INFO] Grh=1508 Frame=343 X=192 Y=96 W=32 H=32 TileW=1 TileH=1 File=20
2026-08-21 01:42:37 [INFO] Grh=1505 Frame=340 X=224 Y=96 W=32 H=32 TileW=1 TileH=1 File=20
2026-08-21 01:42:37 [INFO] Grh=1506 Frame=341 X=256 Y=96 W=32 H=32 TileW=1 TileH=1 File=20
2026-08-21 01:42:37 [INFO] Grh=1507 Frame=342 X=288 Y=96 W=32 H=32 TileW=1 TileH=1 File=20
2026-08-21 01:42:37 [INFO] Grh=1508 Frame=343 X=320 Y=96 W=32 H=32 TileW=1 TileH=1 File=20
2026-08-21 01:42:37 [INFO] Grh=1505 Frame=340 X=352 Y=96 W=32 H=32 TileW=1 TileH=1 File=20
2026-08-21 01:42:37 [INFO] Grh=1506 Frame=341 X=384 Y=96 W=32 H=32 TileW=1 TileH=1 File=20
2026-08-21 01:42:37 [INFO] Grh=1507 Frame=342 X=416 Y=96 W=32 H=32 TileW=1 TileH=1 File=20
2026-08-21 01:42:37 [INFO] Grh=1508 Frame=343 X=448 Y=96 W=32 H=32 TileW=1 TileH=1 File=20
2026-08-21 01:42:37 [INFO] Grh=1505 Frame=340 X=480 Y=96 W=32 H=32 TileW=1 TileH=1 File=20
2026-08-21 01:42:37 [INFO] Grh=1506 Frame=341 X=512 Y=96 W=32 H=32 TileW=1 TileH=1 File=20
2026-08-21 01:42:37 [INFO] Grh=1507 Frame=342 X=544 Y=96 W=32 H=32 TileW=1 TileH=1 File=20
2026-08-21 01:42:37 [INFO] Grh=1513 Frame=348 X=-32 Y=128 W=32 H=32 TileW=1 TileH=1 File=20
2026-08-21 01:42:37 [INFO] Grh=1514 Frame=349 X=0 Y=128 W=32 H=32 TileW=1 TileH=1 File=20
2026-08-21 01:42:37 [INFO] Grh=1515 Frame=350 X=32 Y=128 W=32 H=32 TileW=1 TileH=1 File=20
2026-08-21 01:42:37 [INFO] Grh=1516 Frame=351 X=64 Y=128 W=32 H=32 TileW=1 TileH=1 File=20
2026-08-21 01:42:37 [INFO] Grh=1513 Frame=348 X=96 Y=128 W=32 H=32 TileW=1 TileH=1 File=20
2026-08-21 01:42:37 [INFO] Grh=1514 Frame=349 X=128 Y=128 W=32 H=32 TileW=1 TileH=1 File=20
2026-08-21 01:42:37 [INFO] Grh=1515 Frame=350 X=160 Y=128 W=32 H=32 TileW=1 TileH=1 File=20
2026-08-21 01:42:37 [INFO] Grh=1516 Frame=351 X=192 Y=128 W=32 H=32 TileW=1 TileH=1 File=20
2026-08-21 01:42:37 [INFO] Grh=1513 Frame=348 X=224 Y=128 W=32 H=32 TileW=1 TileH=1 File=20
2026-08-21 01:42:37 [INFO] Grh=1514 Frame=349 X=256 Y=128 W=32 H=32 TileW=1 TileH=1 File=20
2026-08-21 01:42:37 [INFO] Grh=1515 Frame=350 X=288 Y=128 W=32 H=32 TileW=1 TileH=1 File=20
2026-08-21 01:42:37 [INFO] Grh=1516 Frame=351 X=320 Y=128 W=32 H=32 TileW=1 TileH=1 File=20
2026-08-21 01:42:37 [INFO] Grh=1513 Frame=348 X=352 Y=128 W=32 H=32 TileW=1 TileH=1 File=20
2026-08-21 01:42:37 [INFO] Grh=1514 Frame=349 X=384 Y=128 W=32 H=32 TileW=1 TileH=1 File=20
2026-08-21 01:42:37 [INFO] Grh=1515 Frame=350 X=416 Y=128 W=32 H=32 TileW=1 TileH=1 File=20
2026-08-21 01:42:37 [INFO] Grh=1516 Frame=351 X=448 Y=128 W=32 H=32 TileW=1 TileH=1 File=20
2026-08-21 01:42:37 [INFO] Grh=1513 Frame=348 X=480 Y=128 W=32 H=32 TileW=1 TileH=1 File=20
2026-08-21 01:42:37 [INFO] Grh=1514 Frame=349 X=512 Y=128 W=32 H=32 TileW=1 TileH=1 File=20
2026-08-21 01:42:37 [INFO] Grh=1515 Frame=350 X=544 Y=128 W=32 H=32 TileW=1 TileH=1 File=20
2026-08-21 01:42:37 [INFO] Grh=1505 Frame=340 X=-32 Y=160 W=32 H=32 TileW=1 TileH=1 File=20
2026-08-21 01:42:37 [INFO] Grh=1506 Frame=341 X=0 Y=160 W=32 H=32 TileW=1 TileH=1 File=20
2026-08-21 01:42:37 [INFO] Grh=1507 Frame=342 X=32 Y=160 W=32 H=32 TileW=1 TileH=1 File=20
2026-08-21 01:42:37 [INFO] Grh=1508 Frame=343 X=64 Y=160 W=32 H=32 TileW=1 TileH=1 File=20
2026-08-21 01:42:37 [INFO] Grh=1505 Frame=340 X=96 Y=160 W=32 H=32 TileW=1 TileH=1 File=20
2026-08-21 01:42:37 [INFO] Grh=1506 Frame=341 X=128 Y=160 W=32 H=32 TileW=1 TileH=1 File=20
2026-08-21 01:42:37 [INFO] Grh=1507 Frame=342 X=160 Y=160 W=32 H=32 TileW=1 TileH=1 File=20
2026-08-21 01:42:37 [INFO] Grh=1508 Frame=343 X=192 Y=160 W=32 H=32 TileW=1 TileH=1 File=20
2026-08-21 01:42:37 [INFO] Grh=1505 Frame=340 X=224 Y=160 W=32 H=32 TileW=1 TileH=1 File=20
2026-08-21 01:42:37 [INFO] Grh=1506 Frame=341 X=256 Y=160 W=32 H=32 TileW=1 TileH=1 File=20
2026-08-21 01:42:37 [INFO] Grh=1507 Frame=342 X=288 Y=160 W=32 H=32 TileW=1 TileH=1 File=20
2026-08-21 01:42:37 [INFO] Grh=1508 Frame=343 X=320 Y=160 W=32 H=32 TileW=1 TileH=1 File=20
2026-08-21 01:42:37 [INFO] Grh=1505 Frame=340 X=352 Y=160 W=32 H=32 TileW=1 TileH=1 File=20
2026-08-21 01:42:37 [INFO] Grh=1506 Frame=341 X=384 Y=160 W=32 H=32 TileW=1 TileH=1 File=20
2026-08-21 01:42:37 [INFO] Grh=1507 Frame=342 X=416 Y=160 W=32 H=32 TileW=1 TileH=1 File=20
2026-08-21 01:42:37 [INFO] Grh=1508 Frame=343 X=448 Y=160 W=32 H=32 TileW=1 TileH=1 File=20
2026-08-21 01:42:37 [INFO] Grh=1505 Frame=340 X=480 Y=160 W=32 H=32 TileW=1 TileH=1 File=20
2026-08-21 01:42:37 [INFO] Grh=1506 Frame=341 X=512 Y=160 W=32 H=32 TileW=1 TileH=1 File=20
2026-08-21 01:42:37 [INFO] Grh=1507 Frame=342 X=544 Y=160 W=32 H=32 TileW=1 TileH=1 File=20
2026-08-21 01:42:37 [INFO] Grh=1513 Frame=348 X=-32 Y=192 W=32 H=32 TileW=1 TileH=1 File=20
2026-08-21 01:42:37 [INFO] Grh=1514 Frame=349 X=0 Y=192 W=32 H=32 TileW=1 TileH=1 File=20
2026-08-21 01:42:37 [INFO] Grh=1515 Frame=350 X=32 Y=192 W=32 H=32 TileW=1 TileH=1 File=20
2026-08-21 01:42:37 [INFO] Grh=1516 Frame=351 X=64 Y=192 W=32 H=32 TileW=1 TileH=1 File=20
2026-08-21 01:42:37 [INFO] Grh=1513 Frame=348 X=96 Y=192 W=32 H=32 TileW=1 TileH=1 File=20
2026-08-21 01:42:37 [INFO] Grh=1514 Frame=349 X=128 Y=192 W=32 H=32 TileW=1 TileH=1 File=20
2026-08-21 01:42:37 [INFO] Grh=1515 Frame=350 X=160 Y=192 W=32 H=32 TileW=1 TileH=1 File=20
2026-08-21 01:42:37 [INFO] Grh=1516 Frame=351 X=192 Y=192 W=32 H=32 TileW=1 TileH=1 File=20
2026-08-21 01:42:37 [INFO] Grh=1513 Frame=348 X=224 Y=192 W=32 H=32 TileW=1 TileH=1 File=20
2026-08-21 01:42:37 [INFO] Grh=1514 Frame=349 X=256 Y=192 W=32 H=32 TileW=1 TileH=1 File=20
2026-08-21 01:42:37 [INFO] Grh=1515 Frame=350 X=288 Y=192 W=32 H=32 TileW=1 TileH=1 File=20
2026-08-21 01:42:37 [INFO] Grh=1516 Frame=351 X=320 Y=192 W=32 H=32 TileW=1 TileH=1 File=20
2026-08-21 01:42:37 [INFO] Grh=1513 Frame=348 X=352 Y=192 W=32 H=32 TileW=1 TileH=1 File=20
2026-08-21 01:42:37 [INFO] Grh=1514 Frame=349 X=384 Y=192 W=32 H=32 TileW=1 TileH=1 File=20
2026-08-21 01:42:37 [INFO] Grh=1515 Frame=350 X=416 Y=192 W=32 H=32 TileW=1 TileH=1 File=20
2026-08-21 01:42:37 [INFO] Grh=1516 Frame=351 X=448 Y=192 W=32 H=32 TileW=1 TileH=1 File=20
2026-08-21 01:42:37 [INFO] Grh=1513 Frame=348 X=480 Y=192 W=32 H=32 TileW=1 TileH=1 File=20
2026-08-21 01:42:37 [INFO] Grh=1514 Frame=349 X=512 Y=192 W=32 H=32 TileW=1 TileH=1 File=20
2026-08-21 01:42:37 [INFO] Grh=1515 Frame=350 X=544 Y=192 W=32 H=32 TileW=1 TileH=1 File=20
2026-08-21 01:42:37 [INFO] Grh=6000 Frame=6000 X=-32 Y=-32 W=32 H=32 TileW=1 TileH=1 File=6000
2026-08-21 01:42:37 [INFO] Grh=6001 Frame=6001 X=0 Y=-32 W=32 H=32 TileW=1 TileH=1 File=6000
2026-08-21 01:42:37 [INFO] Grh=6002 Frame=6002 X=32 Y=-32 W=32 H=32 TileW=1 TileH=1 File=6000
2026-08-21 01:42:37 [INFO] Grh=6003 Frame=6003 X=64 Y=-32 W=32 H=32 TileW=1 TileH=1 File=6000
2026-08-21 01:42:37 [INFO] Grh=6000 Frame=6000 X=96 Y=-32 W=32 H=32 TileW=1 TileH=1 File=6000
2026-08-21 01:42:37 [INFO] Grh=6001 Frame=6001 X=128 Y=-32 W=32 H=32 TileW=1 TileH=1 File=6000
2026-08-21 01:42:37 [INFO] Grh=6002 Frame=6002 X=160 Y=-32 W=32 H=32 TileW=1 TileH=1 File=6000
2026-08-21 01:42:37 [INFO] Grh=6003 Frame=6003 X=192 Y=-32 W=32 H=32 TileW=1 TileH=1 File=6000
2026-08-21 01:42:37 [INFO] Grh=6000 Frame=6000 X=224 Y=-32 W=32 H=32 TileW=1 TileH=1 File=6000
2026-08-21 01:42:37 [INFO] Grh=6001 Frame=6001 X=256 Y=-32 W=32 H=32 TileW=1 TileH=1 File=6000
2026-08-21 01:42:37 [INFO] Grh=6002 Frame=6002 X=288 Y=-32 W=32 H=32 TileW=1 TileH=1 File=6000
2026-08-21 01:42:37 [INFO] Grh=6003 Frame=6003 X=320 Y=-32 W=32 H=32 TileW=1 TileH=1 File=6000
2026-08-21 01:42:37 [INFO] Grh=6000 Frame=6000 X=352 Y=-32 W=32 H=32 TileW=1 TileH=1 File=6000
2026-08-21 01:42:37 [INFO] Grh=6001 Frame=6001 X=384 Y=-32 W=32 H=32 TileW=1 TileH=1 File=6000
2026-08-21 01:42:37 [INFO] Grh=6002 Frame=6002 X=416 Y=-32 W=32 H=32 TileW=1 TileH=1 File=6000
2026-08-21 01:42:37 [INFO] Grh=6003 Frame=6003 X=448 Y=-32 W=32 H=32 TileW=1 TileH=1 File=6000
2026-08-21 01:42:37 [INFO] Grh=6000 Frame=6000 X=480 Y=-32 W=32 H=32 TileW=1 TileH=1 File=6000
2026-08-21 01:42:37 [INFO] Grh=6001 Frame=6001 X=512 Y=-32 W=32 H=32 TileW=1 TileH=1 File=6000
2026-08-21 01:42:37 [INFO] Grh=6002 Frame=6002 X=544 Y=-32 W=32 H=32 TileW=1 TileH=1 File=6000
2026-08-21 01:42:37 [INFO] Grh=6008 Frame=6008 X=-32 Y=0 W=32 H=32 TileW=1 TileH=1 File=6000
2026-08-21 01:42:37 [INFO] Grh=6009 Frame=6009 X=0 Y=0 W=32 H=32 TileW=1 TileH=1 File=6000
2026-08-21 01:42:37 [INFO] Grh=6010 Frame=6010 X=32 Y=0 W=32 H=32 TileW=1 TileH=1 File=6000
2026-08-21 01:42:37 [INFO] Grh=6011 Frame=6011 X=64 Y=0 W=32 H=32 TileW=1 TileH=1 File=6000
2026-08-21 01:42:37 [INFO] Grh=6008 Frame=6008 X=96 Y=0 W=32 H=32 TileW=1 TileH=1 File=6000
2026-08-21 01:42:37 [INFO] Grh=6009 Frame=6009 X=128 Y=0 W=32 H=32 TileW=1 TileH=1 File=6000
2026-08-21 01:42:37 [INFO] Grh=6010 Frame=6010 X=160 Y=0 W=32 H=32 TileW=1 TileH=1 File=6000
2026-08-21 01:42:37 [INFO] Grh=6011 Frame=6011 X=192 Y=0 W=32 H=32 TileW=1 TileH=1 File=6000
2026-08-21 01:42:37 [INFO] Grh=6008 Frame=6008 X=224 Y=0 W=32 H=32 TileW=1 TileH=1 File=6000
2026-08-21 01:42:37 [INFO] Grh=6009 Frame=6009 X=256 Y=0 W=32 H=32 TileW=1 TileH=1 File=6000
2026-08-21 01:42:37 [INFO] Grh=6010 Frame=6010 X=288 Y=0 W=32 H=32 TileW=1 TileH=1 File=6000
2026-08-21 01:42:37 [INFO] Grh=6011 Frame=6011 X=320 Y=0 W=32 H=32 TileW=1 TileH=1 File=6000
2026-08-21 01:42:37 [INFO] Grh=6008 Frame=6008 X=352 Y=0 W=32 H=32 TileW=1 TileH=1 File=6000
2026-08-21 01:42:37 [INFO] Grh=6009 Frame=6009 X=384 Y=0 W=32 H=32 TileW=1 TileH=1 File=6000
2026-08-21 01:42:37 [INFO] Grh=6010 Frame=6010 X=416 Y=0 W=32 H=32 TileW=1 TileH=1 File=6000
2026-08-21 01:42:37 [INFO] Grh=6011 Frame=6011 X=448 Y=0 W=32 H=32 TileW=1 TileH=1 File=6000
2026-08-21 01:42:37 [INFO] Grh=6008 Frame=6008 X=480 Y=0 W=32 H=32 TileW=1 TileH=1 File=6000
2026-08-21 01:42:37 [INFO] Grh=6009 Frame=6009 X=512 Y=0 W=32 H=32 TileW=1 TileH=1 File=6000
2026-08-21 01:42:37 [INFO] Grh=6010 Frame=6010 X=544 Y=0 W=32 H=32 TileW=1 TileH=1 File=6000
2026-08-21 01:42:37 [INFO] Grh=1505 Frame=340 X=-32 Y=32 W=32 H=32 TileW=1 TileH=1 File=20
2026-08-21 01:42:37 [INFO] Grh=1506 Frame=341 X=0 Y=32 W=32 H=32 TileW=1 TileH=1 File=20
2026-08-21 01:42:37 [INFO] Grh=1507 Frame=342 X=32 Y=32 W=32 H=32 TileW=1 TileH=1 File=20
2026-08-21 01:42:37 [INFO] Grh=1508 Frame=343 X=64 Y=32 W=32 H=32 TileW=1 TileH=1 File=20
2026-08-21 01:42:37 [INFO] Grh=1505 Frame=340 X=96 Y=32 W=32 H=32 TileW=1 TileH=1 File=20
2026-08-21 01:42:37 [INFO] Grh=1506 Frame=341 X=128 Y=32 W=32 H=32 TileW=1 TileH=1 File=20
2026-08-21 01:42:37 [INFO] Grh=1507 Frame=342 X=160 Y=32 W=32 H=32 TileW=1 TileH=1 File=20
2026-08-21 01:42:37 [INFO] Grh=1508 Frame=343 X=192 Y=32 W=32 H=32 TileW=1 TileH=1 File=20
2026-08-21 01:42:37 [INFO] Grh=1505 Frame=340 X=224 Y=32 W=32 H=32 TileW=1 TileH=1 File=20
2026-08-21 01:42:37 [INFO] Grh=1506 Frame=341 X=256 Y=32 W=32 H=32 TileW=1 TileH=1 File=20
2026-08-21 01:42:37 [INFO] Grh=1507 Frame=342 X=288 Y=32 W=32 H=32 TileW=1 TileH=1 File=20
2026-08-21 01:42:37 [INFO] Grh=1508 Frame=343 X=320 Y=32 W=32 H=32 TileW=1 TileH=1 File=20
2026-08-21 01:42:37 [INFO] Grh=1505 Frame=340 X=352 Y=32 W=32 H=32 TileW=1 TileH=1 File=20
2026-08-21 01:42:37 [INFO] Grh=1506 Frame=341 X=384 Y=32 W=32 H=32 TileW=1 TileH=1 File=20
2026-08-21 01:42:37 [INFO] Grh=1507 Frame=342 X=416 Y=32 W=32 H=32 TileW=1 TileH=1 File=20
2026-08-21 01:42:37 [INFO] Grh=1508 Frame=343 X=448 Y=32 W=32 H=32 TileW=1 TileH=1 File=20
2026-08-21 01:42:37 [INFO] Grh=1505 Frame=340 X=480 Y=32 W=32 H=32 TileW=1 TileH=1 File=20
2026-08-21 01:42:37 [INFO] Grh=1506 Frame=341 X=512 Y=32 W=32 H=32 TileW=1 TileH=1 File=20
2026-08-21 01:42:37 [INFO] Grh=1507 Frame=342 X=544 Y=32 W=32 H=32 TileW=1 TileH=1 File=20
2026-08-21 01:42:37 [INFO] Grh=1513 Frame=348 X=-32 Y=64 W=32 H=32 TileW=1 TileH=1 File=20
2026-08-21 01:42:37 [INFO] Grh=1514 Frame=349 X=0 Y=64 W=32 H=32 TileW=1 TileH=1 File=20
2026-08-21 01:42:37 [INFO] Grh=1515 Frame=350 X=32 Y=64 W=32 H=32 TileW=1 TileH=1 File=20
2026-08-21 01:42:37 [INFO] Grh=1516 Frame=351 X=64 Y=64 W=32 H=32 TileW=1 TileH=1 File=20
2026-08-21 01:42:37 [INFO] Grh=1513 Frame=348 X=96 Y=64 W=32 H=32 TileW=1 TileH=1 File=20
2026-08-21 01:42:37 [INFO] Grh=1514 Frame=349 X=128 Y=64 W=32 H=32 TileW=1 TileH=1 File=20
2026-08-21 01:42:37 [INFO] Grh=1515 Frame=350 X=160 Y=64 W=32 H=32 TileW=1 TileH=1 File=20
2026-08-21 01:42:37 [INFO] Grh=1516 Frame=351 X=192 Y=64 W=32 H=32 TileW=1 TileH=1 File=20
2026-08-21 01:42:37 [INFO] Grh=1513 Frame=348 X=224 Y=64 W=32 H=32 TileW=1 TileH=1 File=20
2026-08-21 01:42:37 [INFO] Grh=1514 Frame=349 X=256 Y=64 W=32 H=32 TileW=1 TileH=1 File=20
2026-08-21 01:42:37 [INFO] Grh=1515 Frame=350 X=288 Y=64 W=32 H=32 TileW=1 TileH=1 File=20
2026-08-21 01:42:37 [INFO] Grh=1516 Frame=351 X=320 Y=64 W=32 H=32 TileW=1 TileH=1 File=20
2026-08-21 01:42:37 [INFO] Grh=1513 Frame=348 X=352 Y=64 W=32 H=32 TileW=1 TileH=1 File=20
2026-08-21 01:42:37 [INFO] Grh=1514 Frame=349 X=384 Y=64 W=32 H=32 TileW=1 TileH=1 File=20
2026-08-21 01:42:37 [INFO] Grh=1515 Frame=350 X=416 Y=64 W=32 H=32 TileW=1 TileH=1 File=20
2026-08-21 01:42:37 [INFO] Grh=1516 Frame=351 X=448 Y=64 W=32 H=32 TileW=1 TileH=1 File=20
2026-08-21 01:42:37 [INFO] Grh=1513 Frame=348 X=480 Y=64 W=32 H=32 TileW=1 TileH=1 File=20
2026-08-21 01:42:37 [INFO] Grh=1514 Frame=349 X=512 Y=64 W=32 H=32 TileW=1 TileH=1 File=20
2026-08-21 01:42:37 [INFO] Grh=1515 Frame=350 X=544 Y=64 W=32 H=32 TileW=1 TileH=1 File=20
2026-08-21 01:42:37 [INFO] Grh=1505 Frame=340 X=-32 Y=96 W=32 H=32 TileW=1 TileH=1 File=20
2026-08-21 01:42:37 [INFO] Grh=1506 Frame=341 X=0 Y=96 W=32 H=32 TileW=1 TileH=1 File=20
2026-08-21 01:42:37 [INFO] Grh=1507 Frame=342 X=32 Y=96 W=32 H=32 TileW=1 TileH=1 File=20
2026-08-21 01:42:37 [INFO] Grh=1508 Frame=343 X=64 Y=96 W=32 H=32 TileW=1 TileH=1 File=20
2026-08-21 01:42:37 [INFO] Grh=1505 Frame=340 X=96 Y=96 W=32 H=32 TileW=1 TileH=1 File=20
2026-08-21 01:42:37 [INFO] Grh=1506 Frame=341 X=128 Y=96 W=32 H=32 TileW=1 TileH=1 File=20
2026-08-21 01:42:37 [INFO] Grh=1507 Frame=342 X=160 Y=96 W=32 H=32 TileW=1 TileH=1 File=20
2026-08-21 01:42:37 [INFO] Grh=1508 Frame=343 X=192 Y=96 W=32 H=32 TileW=1 TileH=1 File=20
2026-08-21 01:42:37 [INFO] Grh=1505 Frame=340 X=224 Y=96 W=32 H=32 TileW=1 TileH=1 File=20
2026-08-21 01:42:37 [INFO] Grh=1506 Frame=341 X=256 Y=96 W=32 H=32 TileW=1 TileH=1 File=20
2026-08-21 01:42:37 [INFO] Grh=1507 Frame=342 X=288 Y=96 W=32 H=32 TileW=1 TileH=1 File=20
2026-08-21 01:42:37 [INFO] Grh=1508 Frame=343 X=320 Y=96 W=32 H=32 TileW=1 TileH=1 File=20
2026-08-21 01:42:37 [INFO] Grh=1505 Frame=340 X=352 Y=96 W=32 H=32 TileW=1 TileH=1 File=20
2026-08-21 01:42:37 [INFO] Grh=1506 Frame=341 X=384 Y=96 W=32 H=32 TileW=1 TileH=1 File=20
2026-08-21 01:42:37 [INFO] Grh=1507 Frame=342 X=416 Y=96 W=32 H=32 TileW=1 TileH=1 File=20
2026-08-21 01:42:37 [INFO] Grh=1508 Frame=343 X=448 Y=96 W=32 H=32 TileW=1 TileH=1 File=20
2026-08-21 01:42:37 [INFO] Grh=1505 Frame=340 X=480 Y=96 W=32 H=32 TileW=1 TileH=1 File=20
2026-08-21 01:42:37 [INFO] Grh=1506 Frame=341 X=512 Y=96 W=32 H=32 TileW=1 TileH=1 File=20
2026-08-21 01:42:37 [INFO] Grh=1507 Frame=342 X=544 Y=96 W=32 H=32 TileW=1 TileH=1 File=20
2026-08-21 01:42:38 [INFO] Grh=1513 Frame=348 X=-32 Y=128 W=32 H=32 TileW=1 TileH=1 File=20
2026-08-21 01:42:38 [INFO] Grh=1514 Frame=349 X=0 Y=128 W=32 H=32 TileW=1 TileH=1 File=20
2026-08-21 01:42:38 [INFO] Grh=1515 Frame=350 X=32 Y=128 W=32 H=32 TileW=1 TileH=1 File=20
2026-08-21 01:42:38 [INFO] Grh=1516 Frame=351 X=64 Y=128 W=32 H=32 TileW=1 TileH=1 File=20
2026-08-21 01:42:38 [INFO] Grh=1513 Frame=348 X=96 Y=128 W=32 H=32 TileW=1 TileH=1 File=20
2026-08-21 01:42:38 [INFO] Grh=1514 Frame=349 X=128 Y=128 W=32 H=32 TileW=1 TileH=1 File=20
2026-08-21 01:42:38 [INFO] Grh=1515 Frame=350 X=160 Y=128 W=32 H=32 TileW=1 TileH=1 File=20
2026-08-21 01:42:38 [INFO] Grh=1516 Frame=351 X=192 Y=128 W=32 H=32 TileW=1 TileH=1 File=20
2026-08-21 01:42:38 [INFO] Grh=1513 Frame=348 X=224 Y=128 W=32 H=32 TileW=1 TileH=1 File=20
2026-08-21 01:42:38 [INFO] Grh=1514 Frame=349 X=256 Y=128 W=32 H=32 TileW=1 TileH=1 File=20
2026-08-21 01:42:38 [INFO] Grh=1515 Frame=350 X=288 Y=128 W=32 H=32 TileW=1 TileH=1 File=20
2026-08-21 01:42:38 [INFO] Grh=1516 Frame=351 X=320 Y=128 W=32 H=32 TileW=1 TileH=1 File=20
2026-08-21 01:42:38 [INFO] Grh=1513 Frame=348 X=352 Y=128 W=32 H=32 TileW=1 TileH=1 File=20
2026-08-21 01:42:38 [INFO] Grh=1514 Frame=349 X=384 Y=128 W=32 H=32 TileW=1 TileH=1 File=20
2026-08-21 01:42:38 [INFO] Grh=1515 Frame=350 X=416 Y=128 W=32 H=32 TileW=1 TileH=1 File=20
2026-08-21 01:42:38 [INFO] Grh=1516 Frame=351 X=448 Y=128 W=32 H=32 TileW=1 TileH=1 File=20
2026-08-21 01:42:38 [INFO] Grh=1513 Frame=348 X=480 Y=128 W=32 H=32 TileW=1 TileH=1 File=20
2026-08-21 01:42:38 [INFO] Grh=1514 Frame=349 X=512 Y=128 W=32 H=32 TileW=1 TileH=1 File=20
2026-08-21 01:42:38 [INFO] Grh=1515 Frame=350 X=544 Y=128 W=32 H=32 TileW=1 TileH=1 File=20
2026-08-21 01:42:38 [INFO] Grh=1505 Frame=340 X=-32 Y=160 W=32 H=32 TileW=1 TileH=1 File=20
2026-08-21 01:42:38 [INFO] Grh=1506 Frame=341 X=0 Y=160 W=32 H=32 TileW=1 TileH=1 File=20
2026-08-21 01:42:38 [INFO] Grh=1507 Frame=342 X=32 Y=160 W=32 H=32 TileW=1 TileH=1 File=20
2026-08-21 01:42:38 [INFO] Grh=1508 Frame=343 X=64 Y=160 W=32 H=32 TileW=1 TileH=1 File=20
2026-08-21 01:42:38 [INFO] Grh=1505 Frame=340 X=96 Y=160 W=32 H=32 TileW=1 TileH=1 File=20
2026-08-21 01:42:38 [INFO] Grh=1506 Frame=341 X=128 Y=160 W=32 H=32 TileW=1 TileH=1 File=20
2026-08-21 01:42:38 [INFO] Grh=1507 Frame=342 X=160 Y=160 W=32 H=32 TileW=1 TileH=1 File=20
2026-08-21 01:42:38 [INFO] Grh=1508 Frame=343 X=192 Y=160 W=32 H=32 TileW=1 TileH=1 File=20
2026-08-21 01:42:38 [INFO] Grh=1505 Frame=340 X=224 Y=160 W=32 H=32 TileW=1 TileH=1 File=20
2026-08-21 01:42:38 [INFO] Grh=1506 Frame=341 X=256 Y=160 W=32 H=32 TileW=1 TileH=1 File=20
2026-08-21 01:42:38 [INFO] Grh=1507 Frame=342 X=288 Y=160 W=32 H=32 TileW=1 TileH=1 File=20
2026-08-21 01:42:38 [INFO] Grh=1508 Frame=343 X=320 Y=160 W=32 H=32 TileW=1 TileH=1 File=20
2026-08-21 01:42:38 [INFO] Grh=1505 Frame=340 X=352 Y=160 W=32 H=32 TileW=1 TileH=1 File=20
2026-08-21 01:42:38 [INFO] Grh=1506 Frame=341 X=384 Y=160 W=32 H=32 TileW=1 TileH=1 File=20
2026-08-21 01:42:38 [INFO] Grh=1507 Frame=342 X=416 Y=160 W=32 H=32 TileW=1 TileH=1 File=20
2026-08-21 01:42:38 [INFO] Grh=1508 Frame=343 X=448 Y=160 W=32 H=32 TileW=1 TileH=1 File=20
2026-08-21 01:42:38 [INFO] Grh=1505 Frame=340 X=480 Y=160 W=32 H=32 TileW=1 TileH=1 File=20
2026-08-21 01:42:38 [INFO] Grh=1506 Frame=341 X=512 Y=160 W=32 H=32 TileW=1 TileH=1 File=20
2026-08-21 01:42:38 [INFO] Grh=1507 Frame=342 X=544 Y=160 W=32 H=32 TileW=1 TileH=1 File=20
2026-08-21 01:42:38 [INFO] Grh=1513 Frame=348 X=-32 Y=192 W=32 H=32 TileW=1 TileH=1 File=20
2026-08-21 01:42:38 [INFO] Grh=1514 Frame=349 X=0 Y=192 W=32 H=32 TileW=1 TileH=1 File=20
2026-08-21 01:42:38 [INFO] Grh=1515 Frame=350 X=32 Y=192 W=32 H=32 TileW=1 TileH=1 File=20
2026-08-21 01:42:38 [INFO] Grh=1516 Frame=351 X=64 Y=192 W=32 H=32 TileW=1 TileH=1 File=20
2026-08-21 01:42:38 [INFO] Grh=1513 Frame=348 X=96 Y=192 W=32 H=32 TileW=1 TileH=1 File=20
2026-08-21 01:42:38 [INFO] Grh=1514 Frame=349 X=128 Y=192 W=32 H=32 TileW=1 TileH=1 File=20
2026-08-21 01:42:38 [INFO] Grh=1515 Frame=350 X=160 Y=192 W=32 H=32 TileW=1 TileH=1 File=20
2026-08-21 01:42:38 [INFO] Grh=1516 Frame=351 X=192 Y=192 W=32 H=32 TileW=1 TileH=1 File=20
2026-08-21 01:42:38 [INFO] Grh=1513 Frame=348 X=224 Y=192 W=32 H=32 TileW=1 TileH=1 File=20
2026-08-21 01:42:38 [INFO] Grh=1514 Frame=349 X=256 Y=192 W=32 H=32 TileW=1 TileH=1 File=20
2026-08-21 01:42:38 [INFO] Grh=1515 Frame=350 X=288 Y=192 W=32 H=32 TileW=1 TileH=1 File=20
2026-08-21 01:42:38 [INFO] Grh=1516 Frame=351 X=320 Y=192 W=32 H=32 TileW=1 TileH=1 File=20
2026-08-21 01:42:38 [INFO] Grh=1513 Frame=348 X=352 Y=192 W=32 H=32 TileW=1 TileH=1 File=20
2026-08-21 01:42:38 [INFO] Grh=1514 Frame=349 X=384 Y=192 W=32 H=32 TileW=1 TileH=1 File=20
2026-08-21 01:42:38 [INFO] Grh=1515 Frame=350 X=416 Y=192 W=32 H=32 TileW=1 TileH=1 File=20
2026-08-21 01:42:38 [INFO] Grh=1516 Frame=351 X=448 Y=192 W=32 H=32 TileW=1 TileH=1 File=20
2026-08-21 01:42:38 [INFO] Grh=1513 Frame=348 X=480 Y=192 W=32 H=32 TileW=1 TileH=1 File=20
2026-08-21 01:42:38 [INFO] Grh=1514 Frame=349 X=512 Y=192 W=32 H=32 TileW=1 TileH=1 File=20
2026-08-21 01:42:38 [INFO] Grh=1515 Frame=350 X=544 Y=192 W=32 H=32 TileW=1 TileH=1 File=20
2026-08-21 01:42:38 [INFO] Grh=6000 Frame=6000 X=-32 Y=-32 W=32 H=32 TileW=1 TileH=1 File=6000
2026-08-21 01:42:38 [INFO] Grh=6001 Frame=6001 X=0 Y=-32 W=32 H=32 TileW=1 TileH=1 File=6000
2026-08-21 01:42:38 [INFO] Grh=6002 Frame=6002 X=32 Y=-32 W=32 H=32 TileW=1 TileH=1 File=6000
2026-08-21 01:42:38 [INFO] Grh=6003 Frame=6003 X=64 Y=-32 W=32 H=32 TileW=1 TileH=1 File=6000
2026-08-21 01:42:38 [INFO] Grh=6000 Frame=6000 X=96 Y=-32 W=32 H=32 TileW=1 TileH=1 File=6000
2026-08-21 01:42:38 [INFO] Grh=6001 Frame=6001 X=128 Y=-32 W=32 H=32 TileW=1 TileH=1 File=6000
2026-08-21 01:42:38 [INFO] Grh=6002 Frame=6002 X=160 Y=-32 W=32 H=32 TileW=1 TileH=1 File=6000
2026-08-21 01:42:38 [INFO] Grh=6003 Frame=6003 X=192 Y=-32 W=32 H=32 TileW=1 TileH=1 File=6000
2026-08-21 01:42:38 [INFO] Grh=6000 Frame=6000 X=224 Y=-32 W=32 H=32 TileW=1 TileH=1 File=6000
2026-08-21 01:42:38 [INFO] Grh=6001 Frame=6001 X=256 Y=-32 W=32 H=32 TileW=1 TileH=1 File=6000
2026-08-21 01:42:38 [INFO] Grh=6002 Frame=6002 X=288 Y=-32 W=32 H=32 TileW=1 TileH=1 File=6000
2026-08-21 01:42:38 [INFO] Grh=6003 Frame=6003 X=320 Y=-32 W=32 H=32 TileW=1 TileH=1 File=6000
2026-08-21 01:42:38 [INFO] Grh=6000 Frame=6000 X=352 Y=-32 W=32 H=32 TileW=1 TileH=1 File=6000
2026-08-21 01:42:38 [INFO] Grh=6001 Frame=6001 X=384 Y=-32 W=32 H=32 TileW=1 TileH=1 File=6000
2026-08-21 01:42:38 [INFO] Grh=6002 Frame=6002 X=416 Y=-32 W=32 H=32 TileW=1 TileH=1 File=6000
2026-08-21 01:42:38 [INFO] Grh=6003 Frame=6003 X=448 Y=-32 W=32 H=32 TileW=1 TileH=1 File=6000
2026-08-21 01:42:38 [INFO] Grh=6000 Frame=6000 X=480 Y=-32 W=32 H=32 TileW=1 TileH=1 File=6000
2026-08-21 01:42:38 [INFO] Grh=6001 Frame=6001 X=512 Y=-32 W=32 H=32 TileW=1 TileH=1 File=6000
2026-08-21 01:42:38 [INFO] Grh=6002 Frame=6002 X=544 Y=-32 W=32 H=32 TileW=1 TileH=1 File=6000
2026-08-21 01:42:38 [INFO] Grh=6008 Frame=6008 X=-32 Y=0 W=32 H=32 TileW=1 TileH=1 File=6000
2026-08-21 01:42:38 [INFO] Grh=6009 Frame=6009 X=0 Y=0 W=32 H=32 TileW=1 TileH=1 File=6000
2026-08-21 01:42:38 [INFO] Grh=6010 Frame=6010 X=32 Y=0 W=32 H=32 TileW=1 TileH=1 File=6000
2026-08-21 01:42:38 [INFO] Grh=6011 Frame=6011 X=64 Y=0 W=32 H=32 TileW=1 TileH=1 File=6000
2026-08-21 01:42:38 [INFO] Grh=6008 Frame=6008 X=96 Y=0 W=32 H=32 TileW=1 TileH=1 File=6000
2026-08-21 01:42:38 [INFO] Grh=6009 Frame=6009 X=128 Y=0 W=32 H=32 TileW=1 TileH=1 File=6000
2026-08-21 01:42:38 [INFO] Grh=6010 Frame=6010 X=160 Y=0 W=32 H=32 TileW=1 TileH=1 File=6000
2026-08-21 01:42:38 [INFO] Grh=6011 Frame=6011 X=192 Y=0 W=32 H=32 TileW=1 TileH=1 File=6000
2026-08-21 01:42:38 [INFO] Grh=6008 Frame=6008 X=224 Y=0 W=32 H=32 TileW=1 TileH=1 File=6000
2026-08-21 01:42:38 [INFO] Grh=6009 Frame=6009 X=256 Y=0 W=32 H=32 TileW=1 TileH=1 File=6000
2026-08-21 01:42:38 [INFO] Grh=6010 Frame=6010 X=288 Y=0 W=32 H=32 TileW=1 TileH=1 File=6000
2026-08-21 01:42:38 [INFO] Grh=6011 Frame=6011 X=320 Y=0 W=32 H=32 TileW=1 TileH=1 File=6000
2026-08-21 01:42:38 [INFO] Grh=6008 Frame=6008 X=352 Y=0 W=32 H=32 TileW=1 TileH=1 File=6000
2026-08-21 01:42:38 [INFO] Grh=6009 Frame=6009 X=384 Y=0 W=32 H=32 TileW=1 TileH=1 File=6000
2026-08-21 01:42:38 [INFO] Grh=6010 Frame=6010 X=416 Y=0 W=32 H=32 TileW=1 TileH=1 File=6000
2026-08-21 01:42:38 [INFO] Grh=6011 Frame=6011 X=448 Y=0 W=32 H=32 TileW=1 TileH=1 File=6000
2026-08-21 01:42:38 [INFO] Grh=6008 Frame=6008 X=480 Y=0 W=32 H=32 TileW=1 TileH=1 File=6000
2026-08-21 01:42:38 [INFO] Grh=6009 Frame=6009 X=512 Y=0 W=32 H=32 TileW=1 TileH=1 File=6000
2026-08-21 01:42:38 [INFO] Grh=6010 Frame=6010 X=544 Y=0 W=32 H=32 TileW=1 TileH=1 File=6000
2026-08-21 01:42:38 [INFO] Grh=1505 Frame=324 X=-32 Y=32 W=32 H=32 TileW=1 TileH=1 File=20
2026-08-21 01:42:38 [INFO] Grh=1506 Frame=325 X=0 Y=32 W=32 H=32 TileW=1 TileH=1 File=20
2026-08-21 01:42:38 [INFO] Grh=1507 Frame=326 X=32 Y=32 W=32 H=32 TileW=1 TileH=1 File=20
2026-08-21 01:42:38 [INFO] Grh=1508 Frame=327 X=64 Y=32 W=32 H=32 TileW=1 TileH=1 File=20
2026-08-21 01:42:38 [INFO] Grh=1505 Frame=324 X=96 Y=32 W=32 H=32 TileW=1 TileH=1 File=20
2026-08-21 01:42:38 [INFO] Grh=1506 Frame=325 X=128 Y=32 W=32 H=32 TileW=1 TileH=1 File=20
2026-08-21 01:42:38 [INFO] Grh=1507 Frame=326 X=160 Y=32 W=32 H=32 TileW=1 TileH=1 File=20
2026-08-21 01:42:38 [INFO] Grh=1508 Frame=327 X=192 Y=32 W=32 H=32 TileW=1 TileH=1 File=20
2026-08-21 01:42:38 [INFO] Grh=1505 Frame=324 X=224 Y=32 W=32 H=32 TileW=1 TileH=1 File=20
2026-08-21 01:42:38 [INFO] Grh=1506 Frame=325 X=256 Y=32 W=32 H=32 TileW=1 TileH=1 File=20
2026-08-21 01:42:38 [INFO] Grh=1507 Frame=326 X=288 Y=32 W=32 H=32 TileW=1 TileH=1 File=20
2026-08-21 01:42:38 [INFO] Grh=1508 Frame=327 X=320 Y=32 W=32 H=32 TileW=1 TileH=1 File=20
2026-08-21 01:42:38 [INFO] Grh=1505 Frame=324 X=352 Y=32 W=32 H=32 TileW=1 TileH=1 File=20
2026-08-21 01:42:38 [INFO] Grh=1506 Frame=325 X=384 Y=32 W=32 H=32 TileW=1 TileH=1 File=20
2026-08-21 01:42:38 [INFO] Grh=1507 Frame=326 X=416 Y=32 W=32 H=32 TileW=1 TileH=1 File=20
2026-08-21 01:42:38 [INFO] Grh=1508 Frame=327 X=448 Y=32 W=32 H=32 TileW=1 TileH=1 File=20
2026-08-21 01:42:38 [INFO] Grh=1505 Frame=324 X=480 Y=32 W=32 H=32 TileW=1 TileH=1 File=20
2026-08-21 01:42:38 [INFO] Grh=1506 Frame=325 X=512 Y=32 W=32 H=32 TileW=1 TileH=1 File=20
2026-08-21 01:42:38 [INFO] Grh=1507 Frame=326 X=544 Y=32 W=32 H=32 TileW=1 TileH=1 File=20
2026-08-21 01:42:38 [INFO] Grh=1513 Frame=332 X=-32 Y=64 W=32 H=32 TileW=1 TileH=1 File=20
2026-08-21 01:42:38 [INFO] Grh=1514 Frame=333 X=0 Y=64 W=32 H=32 TileW=1 TileH=1 File=20
2026-08-21 01:42:38 [INFO] Grh=1515 Frame=334 X=32 Y=64 W=32 H=32 TileW=1 TileH=1 File=20
2026-08-21 01:42:38 [INFO] Grh=1516 Frame=335 X=64 Y=64 W=32 H=32 TileW=1 TileH=1 File=20
2026-08-21 01:42:38 [INFO] Grh=1513 Frame=332 X=96 Y=64 W=32 H=32 TileW=1 TileH=1 File=20
2026-08-21 01:42:38 [INFO] Grh=1514 Frame=333 X=128 Y=64 W=32 H=32 TileW=1 TileH=1 File=20
2026-08-21 01:42:38 [INFO] Grh=1515 Frame=334 X=160 Y=64 W=32 H=32 TileW=1 TileH=1 File=20
2026-08-21 01:42:38 [INFO] Grh=1516 Frame=335 X=192 Y=64 W=32 H=32 TileW=1 TileH=1 File=20
2026-08-21 01:42:38 [INFO] Grh=1513 Frame=332 X=224 Y=64 W=32 H=32 TileW=1 TileH=1 File=20
2026-08-21 01:42:38 [INFO] Grh=1514 Frame=333 X=256 Y=64 W=32 H=32 TileW=1 TileH=1 File=20
2026-08-21 01:42:38 [INFO] Grh=1515 Frame=334 X=288 Y=64 W=32 H=32 TileW=1 TileH=1 File=20
2026-08-21 01:42:38 [INFO] Grh=1516 Frame=335 X=320 Y=64 W=32 H=32 TileW=1 TileH=1 File=20
2026-08-21 01:42:38 [INFO] Grh=1513 Frame=332 X=352 Y=64 W=32 H=32 TileW=1 TileH=1 File=20
2026-08-21 01:42:38 [INFO] Grh=1514 Frame=333 X=384 Y=64 W=32 H=32 TileW=1 TileH=1 File=20
2026-08-21 01:42:38 [INFO] Grh=1515 Frame=334 X=416 Y=64 W=32 H=32 TileW=1 TileH=1 File=20
2026-08-21 01:42:38 [INFO] Grh=1516 Frame=335 X=448 Y=64 W=32 H=32 TileW=1 TileH=1 File=20
2026-08-21 01:42:38 [INFO] Grh=1513 Frame=332 X=480 Y=64 W=32 H=32 TileW=1 TileH=1 File=20
2026-08-21 01:42:38 [INFO] Grh=1514 Frame=333 X=512 Y=64 W=32 H=32 TileW=1 TileH=1 File=20
2026-08-21 01:42:38 [INFO] Grh=1515 Frame=334 X=544 Y=64 W=32 H=32 TileW=1 TileH=1 File=20
2026-08-21 01:42:38 [INFO] Grh=1505 Frame=324 X=-32 Y=96 W=32 H=32 TileW=1 TileH=1 File=20
2026-08-21 01:42:38 [INFO] Grh=1506 Frame=325 X=0 Y=96 W=32 H=32 TileW=1 TileH=1 File=20
2026-08-21 01:42:38 [INFO] Grh=1507 Frame=326 X=32 Y=96 W=32 H=32 TileW=1 TileH=1 File=20
2026-08-21 01:42:38 [INFO] Grh=1508 Frame=327 X=64 Y=96 W=32 H=32 TileW=1 TileH=1 File=20
2026-08-21 01:42:38 [INFO] Grh=1505 Frame=324 X=96 Y=96 W=32 H=32 TileW=1 TileH=1 File=20
2026-08-21 01:42:38 [INFO] Grh=1506 Frame=325 X=128 Y=96 W=32 H=32 TileW=1 TileH=1 File=20
2026-08-21 01:42:38 [INFO] Grh=1507 Frame=326 X=160 Y=96 W=32 H=32 TileW=1 TileH=1 File=20
2026-08-21 01:42:38 [INFO] Grh=1508 Frame=327 X=192 Y=96 W=32 H=32 TileW=1 TileH=1 File=20
2026-08-21 01:42:38 [INFO] Grh=1505 Frame=324 X=224 Y=96 W=32 H=32 TileW=1 TileH=1 File=20
2026-08-21 01:42:38 [INFO] Grh=1506 Frame=325 X=256 Y=96 W=32 H=32 TileW=1 TileH=1 File=20
2026-08-21 01:42:38 [INFO] Grh=1507 Frame=326 X=288 Y=96 W=32 H=32 TileW=1 TileH=1 File=20
2026-08-21 01:42:38 [INFO] Grh=1508 Frame=327 X=320 Y=96 W=32 H=32 TileW=1 TileH=1 File=20
2026-08-21 01:42:38 [INFO] Grh=1505 Frame=324 X=352 Y=96 W=32 H=32 TileW=1 TileH=1 File=20
2026-08-21 01:42:38 [INFO] Grh=1506 Frame=325 X=384 Y=96 W=32 H=32 TileW=1 TileH=1 File=20
2026-08-21 01:42:38 [INFO] Grh=1507 Frame=326 X=416 Y=96 W=32 H=32 TileW=1 TileH=1 File=20
2026-08-21 01:42:38 [INFO] Grh=1508 Frame=327 X=448 Y=96 W=32 H=32 TileW=1 TileH=1 File=20
2026-08-21 01:42:38 [INFO] Grh=1505 Frame=324 X=480 Y=96 W=32 H=32 TileW=1 TileH=1 File=20
2026-08-21 01:42:38 [INFO] Grh=1506 Frame=325 X=512 Y=96 W=32 H=32 TileW=1 TileH=1 File=20
2026-08-21 01:42:38 [INFO] Grh=1507 Frame=326 X=544 Y=96 W=32 H=32 TileW=1 TileH=1 File=20
2026-08-21 01:42:38 [INFO] Grh=1513 Frame=332 X=-32 Y=128 W=32 H=32 TileW=1 TileH=1 File=20
2026-08-21 01:42:38 [INFO] Grh=1514 Frame=333 X=0 Y=128 W=32 H=32 TileW=1 TileH=1 File=20
2026-08-21 01:42:38 [INFO] Grh=1515 Frame=334 X=32 Y=128 W=32 H=32 TileW=1 TileH=1 File=20
2026-08-21 01:42:38 [INFO] Grh=1516 Frame=335 X=64 Y=128 W=32 H=32 TileW=1 TileH=1 File=20
2026-08-21 01:42:38 [INFO] Grh=1513 Frame=332 X=96 Y=128 W=32 H=32 TileW=1 TileH=1 File=20
2026-08-21 01:42:38 [INFO] Grh=1514 Frame=333 X=128 Y=128 W=32 H=32 TileW=1 TileH=1 File=20
2026-08-21 01:42:38 [INFO] Grh=1515 Frame=334 X=160 Y=128 W=32 H=32 TileW=1 TileH=1 File=20
2026-08-21 01:42:38 [INFO] Grh=1516 Frame=335 X=192 Y=128 W=32 H=32 TileW=1 TileH=1 File=20
2026-08-21 01:42:38 [INFO] Grh=1513 Frame=332 X=224 Y=128 W=32 H=32 TileW=1 TileH=1 File=20
2026-08-21 01:42:38 [INFO] Grh=1514 Frame=333 X=256 Y=128 W=32 H=32 TileW=1 TileH=1 File=20
2026-08-21 01:42:38 [INFO] Grh=1515 Frame=334 X=288 Y=128 W=32 H=32 TileW=1 TileH=1 File=20
2026-08-21 01:42:38 [INFO] Grh=1516 Frame=335 X=320 Y=128 W=32 H=32 TileW=1 TileH=1 File=20
2026-08-21 01:42:38 [INFO] Grh=1513 Frame=332 X=352 Y=128 W=32 H=32 TileW=1 TileH=1 File=20
2026-08-21 01:42:38 [INFO] Grh=1514 Frame=333 X=384 Y=128 W=32 H=32 TileW=1 TileH=1 File=20
2026-08-21 01:42:38 [INFO] Grh=1515 Frame=334 X=416 Y=128 W=32 H=32 TileW=1 TileH=1 File=20
2026-08-21 01:42:38 [INFO] Grh=1516 Frame=335 X=448 Y=128 W=32 H=32 TileW=1 TileH=1 File=20
2026-08-21 01:42:38 [INFO] Grh=1513 Frame=332 X=480 Y=128 W=32 H=32 TileW=1 TileH=1 File=20
2026-08-21 01:42:38 [INFO] Grh=1514 Frame=333 X=512 Y=128 W=32 H=32 TileW=1 TileH=1 File=20
2026-08-21 01:42:38 [INFO] Grh=1515 Frame=334 X=544 Y=128 W=32 H=32 TileW=1 TileH=1 File=20
2026-08-21 01:42:38 [INFO] Grh=1505 Frame=324 X=-32 Y=160 W=32 H=32 TileW=1 TileH=1 File=20
2026-08-21 01:42:38 [INFO] Grh=1506 Frame=325 X=0 Y=160 W=32 H=32 TileW=1 TileH=1 File=20
2026-08-21 01:42:38 [INFO] Grh=1507 Frame=326 X=32 Y=160 W=32 H=32 TileW=1 TileH=1 File=20
2026-08-21 01:42:38 [INFO] Grh=1508 Frame=327 X=64 Y=160 W=32 H=32 TileW=1 TileH=1 File=20
2026-08-21 01:42:38 [INFO] Grh=1505 Frame=324 X=96 Y=160 W=32 H=32 TileW=1 TileH=1 File=20
2026-08-21 01:42:38 [INFO] Grh=1506 Frame=325 X=128 Y=160 W=32 H=32 TileW=1 TileH=1 File=20
2026-08-21 01:42:38 [INFO] Grh=1507 Frame=326 X=160 Y=160 W=32 H=32 TileW=1 TileH=1 File=20
2026-08-21 01:42:38 [INFO] Grh=1508 Frame=327 X=192 Y=160 W=32 H=32 TileW=1 TileH=1 File=20
2026-08-21 01:42:38 [INFO] Grh=1505 Frame=324 X=224 Y=160 W=32 H=32 TileW=1 TileH=1 File=20
2026-08-21 01:42:38 [INFO] Grh=1506 Frame=325 X=256 Y=160 W=32 H=32 TileW=1 TileH=1 File=20
2026-08-21 01:42:38 [INFO] Grh=1507 Frame=326 X=288 Y=160 W=32 H=32 TileW=1 TileH=1 File=20
2026-08-21 01:42:38 [INFO] Grh=1508 Frame=327 X=320 Y=160 W=32 H=32 TileW=1 TileH=1 File=20
2026-08-21 01:42:38 [INFO] Grh=1505 Frame=324 X=352 Y=160 W=32 H=32 TileW=1 TileH=1 File=20
2026-08-21 01:42:38 [INFO] Grh=1506 Frame=325 X=384 Y=160 W=32 H=32 TileW=1 TileH=1 File=20
2026-08-21 01:42:38 [INFO] Grh=1507 Frame=326 X=416 Y=160 W=32 H=32 TileW=1 TileH=1 File=20
2026-08-21 01:42:38 [INFO] Grh=1508 Frame=327 X=448 Y=160 W=32 H=32 TileW=1 TileH=1 File=20
2026-08-21 01:42:38 [INFO] Grh=1505 Frame=324 X=480 Y=160 W=32 H=32 TileW=1 TileH=1 File=20
2026-08-21 01:42:38 [INFO] Grh=1506 Frame=325 X=512 Y=160 W=32 H=32 TileW=1 TileH=1 File=20
2026-08-21 01:42:38 [INFO] Grh=1507 Frame=326 X=544 Y=160 W=32 H=32 TileW=1 TileH=1 File=20
2026-08-21 01:42:38 [INFO] Grh=1513 Frame=332 X=-32 Y=192 W=32 H=32 TileW=1 TileH=1 File=20
2026-08-21 01:42:38 [INFO] Grh=1514 Frame=333 X=0 Y=192 W=32 H=32 TileW=1 TileH=1 File=20
2026-08-21 01:42:38 [INFO] Grh=1515 Frame=334 X=32 Y=192 W=32 H=32 TileW=1 TileH=1 File=20
2026-08-21 01:42:38 [INFO] Grh=1516 Frame=335 X=64 Y=192 W=32 H=32 TileW=1 TileH=1 File=20
2026-08-21 01:42:38 [INFO] Grh=1513 Frame=332 X=96 Y=192 W=32 H=32 TileW=1 TileH=1 File=20
2026-08-21 01:42:38 [INFO] Grh=1514 Frame=333 X=128 Y=192 W=32 H=32 TileW=1 TileH=1 File=20
2026-08-21 01:42:38 [INFO] Grh=1515 Frame=334 X=160 Y=192 W=32 H=32 TileW=1 TileH=1 File=20
2026-08-21 01:42:38 [INFO] Grh=1516 Frame=335 X=192 Y=192 W=32 H=32 TileW=1 TileH=1 File=20
2026-08-21 01:42:38 [INFO] Grh=1513 Frame=332 X=224 Y=192 W=32 H=32 TileW=1 TileH=1 File=20
2026-08-21 01:42:38 [INFO] Grh=1514 Frame=333 X=256 Y=192 W=32 H=32 TileW=1 TileH=1 File=20
2026-08-21 01:42:38 [INFO] Grh=1515 Frame=334 X=288 Y=192 W=32 H=32 TileW=1 TileH=1 File=20
2026-08-21 01:42:38 [INFO] Grh=1516 Frame=335 X=320 Y=192 W=32 H=32 TileW=1 TileH=1 File=20
2026-08-21 01:42:38 [INFO] Grh=1513 Frame=332 X=352 Y=192 W=32 H=32 TileW=1 TileH=1 File=20
2026-08-21 01:42:38 [INFO] Grh=1514 Frame=333 X=384 Y=192 W=32 H=32 TileW=1 TileH=1 File=20
2026-08-21 01:42:38 [INFO] Grh=1515 Frame=334 X=416 Y=192 W=32 H=32 TileW=1 TileH=1 File=20
2026-08-21 01:42:38 [INFO] Grh=1516 Frame=335 X=448 Y=192 W=32 H=32 TileW=1 TileH=1 File=20
2026-08-21 01:42:38 [INFO] Grh=1513 Frame=332 X=480 Y=192 W=32 H=32 TileW=1 TileH=1 File=20
2026-08-21 01:42:38 [INFO] Grh=1514 Frame=333 X=512 Y=192 W=32 H=32 TileW=1 TileH=1 File=20
2026-08-21 01:42:38 [INFO] Grh=1515 Frame=334 X=544 Y=192 W=32 H=32 TileW=1 TileH=1 File=20
2026-08-21 01:42:38 [INFO] Grh=6000 Frame=6000 X=-32 Y=-32 W=32 H=32 TileW=1 TileH=1 File=6000
2026-08-21 01:42:38 [INFO] Grh=6001 Frame=6001 X=0 Y=-32 W=32 H=32 TileW=1 TileH=1 File=6000
2026-08-21 01:42:38 [INFO] Grh=6002 Frame=6002 X=32 Y=-32 W=32 H=32 TileW=1 TileH=1 File=6000
2026-08-21 01:42:38 [INFO] Grh=6003 Frame=6003 X=64 Y=-32 W=32 H=32 TileW=1 TileH=1 File=6000
2026-08-21 01:42:38 [INFO] Grh=6000 Frame=6000 X=96 Y=-32 W=32 H=32 TileW=1 TileH=1 File=6000
2026-08-21 01:42:38 [INFO] Grh=6001 Frame=6001 X=128 Y=-32 W=32 H=32 TileW=1 TileH=1 File=6000
2026-08-21 01:42:38 [INFO] Grh=6002 Frame=6002 X=160 Y=-32 W=32 H=32 TileW=1 TileH=1 File=6000
2026-08-21 01:42:38 [INFO] Grh=6003 Frame=6003 X=192 Y=-32 W=32 H=32 TileW=1 TileH=1 File=6000
2026-08-21 01:42:38 [INFO] Grh=6000 Frame=6000 X=224 Y=-32 W=32 H=32 TileW=1 TileH=1 File=6000
2026-08-21 01:42:38 [INFO] Grh=6001 Frame=6001 X=256 Y=-32 W=32 H=32 TileW=1 TileH=1 File=6000
2026-08-21 01:42:38 [INFO] Grh=6002 Frame=6002 X=288 Y=-32 W=32 H=32 TileW=1 TileH=1 File=6000
2026-08-21 01:42:38 [INFO] Grh=6003 Frame=6003 X=320 Y=-32 W=32 H=32 TileW=1 TileH=1 File=6000
2026-08-21 01:42:38 [INFO] Grh=6000 Frame=6000 X=352 Y=-32 W=32 H=32 TileW=1 TileH=1 File=6000
2026-08-21 01:42:38 [INFO] Grh=6001 Frame=6001 X=384 Y=-32 W=32 H=32 TileW=1 TileH=1 File=6000
2026-08-21 01:42:38 [INFO] Grh=6002 Frame=6002 X=416 Y=-32 W=32 H=32 TileW=1 TileH=1 File=6000
2026-08-21 01:42:38 [INFO] Grh=6003 Frame=6003 X=448 Y=-32 W=32 H=32 TileW=1 TileH=1 File=6000
2026-08-21 01:42:38 [INFO] Grh=6000 Frame=6000 X=480 Y=-32 W=32 H=32 TileW=1 TileH=1 File=6000
2026-08-21 01:42:38 [INFO] Grh=6001 Frame=6001 X=512 Y=-32 W=32 H=32 TileW=1 TileH=1 File=6000
2026-08-21 01:42:38 [INFO] Grh=6002 Frame=6002 X=544 Y=-32 W=32 H=32 TileW=1 TileH=1 File=6000
2026-08-21 01:42:38 [INFO] Grh=6008 Frame=6008 X=-32 Y=0 W=32 H=32 TileW=1 TileH=1 File=6000
2026-08-21 01:42:38 [INFO] Grh=6009 Frame=6009 X=0 Y=0 W=32 H=32 TileW=1 TileH=1 File=6000
2026-08-21 01:42:38 [INFO] Grh=6010 Frame=6010 X=32 Y=0 W=32 H=32 TileW=1 TileH=1 File=6000
2026-08-21 01:42:38 [INFO] Grh=6011 Frame=6011 X=64 Y=0 W=32 H=32 TileW=1 TileH=1 File=6000
2026-08-21 01:42:38 [INFO] Grh=6008 Frame=6008 X=96 Y=0 W=32 H=32 TileW=1 TileH=1 File=6000
2026-08-21 01:42:38 [INFO] Grh=6009 Frame=6009 X=128 Y=0 W=32 H=32 TileW=1 TileH=1 File=6000
2026-08-21 01:42:38 [INFO] Grh=6010 Frame=6010 X=160 Y=0 W=32 H=32 TileW=1 TileH=1 File=6000
2026-08-21 01:42:38 [INFO] Grh=6011 Frame=6011 X=192 Y=0 W=32 H=32 TileW=1 TileH=1 File=6000
2026-08-21 01:42:38 [INFO] Grh=6008 Frame=6008 X=224 Y=0 W=32 H=32 TileW=1 TileH=1 File=6000
2026-08-21 01:42:38 [INFO] Grh=6009 Frame=6009 X=256 Y=0 W=32 H=32 TileW=1 TileH=1 File=6000
2026-08-21 01:42:38 [INFO] Grh=6010 Frame=6010 X=288 Y=0 W=32 H=32 TileW=1 TileH=1 File=6000
2026-08-21 01:42:38 [INFO] Grh=6011 Frame=6011 X=320 Y=0 W=32 H=32 TileW=1 TileH=1 File=6000
2026-08-21 01:42:38 [INFO] Grh=6008 Frame=6008 X=352 Y=0 W=32 H=32 TileW=1 TileH=1 File=6000
2026-08-21 01:42:38 [INFO] Grh=6009 Frame=6009 X=384 Y=0 W=32 H=32 TileW=1 TileH=1 File=6000
2026-08-21 01:42:38 [INFO] Grh=6010 Frame=6010 X=416 Y=0 W=32 H=32 TileW=1 TileH=1 File=6000
2026-08-21 01:42:38 [INFO] Grh=6011 Frame=6011 X=448 Y=0 W=32 H=32 TileW=1 TileH=1 File=6000
2026-08-21 01:42:38 [INFO] Grh=6008 Frame=6008 X=480 Y=0 W=32 H=32 TileW=1 TileH=1 File=6000
2026-08-21 01:42:38 [INFO] Grh=6009 Frame=6009 X=512 Y=0 W=32 H=32 TileW=1 TileH=1 File=6000
2026-08-21 01:42:38 [INFO] Grh=6010 Frame=6010 X=544 Y=0 W=32 H=32 TileW=1 TileH=1 File=6000
2026-08-21 01:42:38 [INFO] Grh=1505 Frame=372 X=-32 Y=32 W=32 H=32 TileW=1 TileH=1 File=20
2026-08-21 01:42:38 [INFO] Grh=1506 Frame=373 X=0 Y=32 W=32 H=32 TileW=1 TileH=1 File=20
2026-08-21 01:42:38 [INFO] Grh=1507 Frame=374 X=32 Y=32 W=32 H=32 TileW=1 TileH=1 File=20
2026-08-21 01:42:38 [INFO] Grh=1508 Frame=375 X=64 Y=32 W=32 H=32 TileW=1 TileH=1 File=20
2026-08-21 01:42:38 [INFO] Grh=1505 Frame=372 X=96 Y=32 W=32 H=32 TileW=1 TileH=1 File=20
2026-08-21 01:42:38 [INFO] Grh=1506 Frame=373 X=128 Y=32 W=32 H=32 TileW=1 TileH=1 File=20
2026-08-21 01:42:39 [INFO] Grh=1507 Frame=374 X=160 Y=32 W=32 H=32 TileW=1 TileH=1 File=20
2026-08-21 01:42:39 [INFO] Grh=1508 Frame=375 X=192 Y=32 W=32 H=32 TileW=1 TileH=1 File=20
2026-08-21 01:42:39 [INFO] Grh=1505 Frame=372 X=224 Y=32 W=32 H=32 TileW=1 TileH=1 File=20
2026-08-21 01:42:39 [INFO] Grh=1506 Frame=373 X=256 Y=32 W=32 H=32 TileW=1 TileH=1 File=20
2026-08-21 01:42:39 [INFO] Grh=1507 Frame=374 X=288 Y=32 W=32 H=32 TileW=1 TileH=1 File=20
2026-08-21 01:42:39 [INFO] Grh=1508 Frame=375 X=320 Y=32 W=32 H=32 TileW=1 TileH=1 File=20
2026-08-21 01:42:39 [INFO] Grh=1505 Frame=372 X=352 Y=32 W=32 H=32 TileW=1 TileH=1 File=20
2026-08-21 01:42:39 [INFO] Grh=1506 Frame=373 X=384 Y=32 W=32 H=32 TileW=1 TileH=1 File=20
2026-08-21 01:42:39 [INFO] Grh=1507 Frame=374 X=416 Y=32 W=32 H=32 TileW=1 TileH=1 File=20
2026-08-21 01:42:39 [INFO] Grh=1508 Frame=375 X=448 Y=32 W=32 H=32 TileW=1 TileH=1 File=20
2026-08-21 01:42:39 [INFO] Grh=1505 Frame=372 X=480 Y=32 W=32 H=32 TileW=1 TileH=1 File=20
2026-08-21 01:42:39 [INFO] Grh=1506 Frame=373 X=512 Y=32 W=32 H=32 TileW=1 TileH=1 File=20
2026-08-21 01:42:39 [INFO] Grh=1507 Frame=374 X=544 Y=32 W=32 H=32 TileW=1 TileH=1 File=20
2026-08-21 01:42:39 [INFO] Grh=1513 Frame=380 X=-32 Y=64 W=32 H=32 TileW=1 TileH=1 File=20
2026-08-21 01:42:39 [INFO] Grh=1514 Frame=381 X=0 Y=64 W=32 H=32 TileW=1 TileH=1 File=20
2026-08-21 01:42:39 [INFO] Grh=1515 Frame=382 X=32 Y=64 W=32 H=32 TileW=1 TileH=1 File=20
2026-08-21 01:42:39 [INFO] Grh=1516 Frame=383 X=64 Y=64 W=32 H=32 TileW=1 TileH=1 File=20
2026-08-21 01:42:39 [INFO] Grh=1513 Frame=380 X=96 Y=64 W=32 H=32 TileW=1 TileH=1 File=20
2026-08-21 01:42:39 [INFO] Grh=1514 Frame=381 X=128 Y=64 W=32 H=32 TileW=1 TileH=1 File=20
2026-08-21 01:42:39 [INFO] Grh=1515 Frame=382 X=160 Y=64 W=32 H=32 TileW=1 TileH=1 File=20
2026-08-21 01:42:39 [INFO] Grh=1516 Frame=383 X=192 Y=64 W=32 H=32 TileW=1 TileH=1 File=20
2026-08-21 01:42:39 [INFO] Grh=1513 Frame=380 X=224 Y=64 W=32 H=32 TileW=1 TileH=1 File=20
2026-08-21 01:42:39 [INFO] Grh=1514 Frame=381 X=256 Y=64 W=32 H=32 TileW=1 TileH=1 File=20
2026-08-21 01:42:39 [INFO] Grh=1515 Frame=382 X=288 Y=64 W=32 H=32 TileW=1 TileH=1 File=20
2026-08-21 01:42:39 [INFO] Grh=1516 Frame=383 X=320 Y=64 W=32 H=32 TileW=1 TileH=1 File=20
2026-08-21 01:42:39 [INFO] Grh=1513 Frame=380 X=352 Y=64 W=32 H=32 TileW=1 TileH=1 File=20
2026-08-21 01:42:39 [INFO] Grh=1514 Frame=381 X=384 Y=64 W=32 H=32 TileW=1 TileH=1 File=20
2026-08-21 01:42:39 [INFO] Grh=1515 Frame=382 X=416 Y=64 W=32 H=32 TileW=1 TileH=1 File=20
2026-08-21 01:42:39 [INFO] Grh=1516 Frame=383 X=448 Y=64 W=32 H=32 TileW=1 TileH=1 File=20
2026-08-21 01:42:39 [INFO] Grh=1513 Frame=380 X=480 Y=64 W=32 H=32 TileW=1 TileH=1 File=20
2026-08-21 01:42:39 [INFO] Grh=1514 Frame=381 X=512 Y=64 W=32 H=32 TileW=1 TileH=1 File=20
2026-08-21 01:42:39 [INFO] Grh=1515 Frame=382 X=544 Y=64 W=32 H=32 TileW=1 TileH=1 File=20
2026-08-21 01:42:39 [INFO] Grh=1505 Frame=372 X=-32 Y=96 W=32 H=32 TileW=1 TileH=1 File=20
2026-08-21 01:42:39 [INFO] Grh=1506 Frame=373 X=0 Y=96 W=32 H=32 TileW=1 TileH=1 File=20
2026-08-21 01:42:39 [INFO] Grh=1507 Frame=374 X=32 Y=96 W=32 H=32 TileW=1 TileH=1 File=20
2026-08-21 01:42:39 [INFO] Grh=1508 Frame=375 X=64 Y=96 W=32 H=32 TileW=1 TileH=1 File=20
2026-08-21 01:42:39 [INFO] Grh=1505 Frame=372 X=96 Y=96 W=32 H=32 TileW=1 TileH=1 File=20
2026-08-21 01:42:39 [INFO] Grh=1506 Frame=373 X=128 Y=96 W=32 H=32 TileW=1 TileH=1 File=20
2026-08-21 01:42:39 [INFO] Grh=1507 Frame=374 X=160 Y=96 W=32 H=32 TileW=1 TileH=1 File=20
2026-08-21 01:42:39 [INFO] Grh=1508 Frame=375 X=192 Y=96 W=32 H=32 TileW=1 TileH=1 File=20
2026-08-21 01:42:39 [INFO] Grh=1505 Frame=372 X=224 Y=96 W=32 H=32 TileW=1 TileH=1 File=20
2026-08-21 01:42:39 [INFO] Grh=1506 Frame=373 X=256 Y=96 W=32 H=32 TileW=1 TileH=1 File=20
2026-08-21 01:42:39 [INFO] Grh=1507 Frame=374 X=288 Y=96 W=32 H=32 TileW=1 TileH=1 File=20
2026-08-21 01:42:39 [INFO] Grh=1508 Frame=375 X=320 Y=96 W=32 H=32 TileW=1 TileH=1 File=20
2026-08-21 01:42:39 [INFO] Grh=1505 Frame=372 X=352 Y=96 W=32 H=32 TileW=1 TileH=1 File=20
2026-08-21 01:42:39 [INFO] Grh=1506 Frame=373 X=384 Y=96 W=32 H=32 TileW=1 TileH=1 File=20
2026-08-21 01:42:39 [INFO] Grh=1507 Frame=374 X=416 Y=96 W=32 H=32 TileW=1 TileH=1 File=20
2026-08-21 01:42:39 [INFO] Grh=1508 Frame=375 X=448 Y=96 W=32 H=32 TileW=1 TileH=1 File=20
2026-08-21 01:42:39 [INFO] Grh=1505 Frame=372 X=480 Y=96 W=32 H=32 TileW=1 TileH=1 File=20
2026-08-21 01:42:39 [INFO] Grh=1506 Frame=373 X=512 Y=96 W=32 H=32 TileW=1 TileH=1 File=20
2026-08-21 01:42:39 [INFO] Grh=1507 Frame=374 X=544 Y=96 W=32 H=32 TileW=1 TileH=1 File=20
2026-08-21 01:42:39 [INFO] Grh=1513 Frame=380 X=-32 Y=128 W=32 H=32 TileW=1 TileH=1 File=20
2026-08-21 01:42:39 [INFO] Grh=1514 Frame=381 X=0 Y=128 W=32 H=32 TileW=1 TileH=1 File=20
2026-08-21 01:42:39 [INFO] Grh=1515 Frame=382 X=32 Y=128 W=32 H=32 TileW=1 TileH=1 File=20
2026-08-21 01:42:39 [INFO] Grh=1516 Frame=383 X=64 Y=128 W=32 H=32 TileW=1 TileH=1 File=20
2026-08-21 01:42:39 [INFO] Grh=1513 Frame=380 X=96 Y=128 W=32 H=32 TileW=1 TileH=1 File=20
2026-08-21 01:42:39 [INFO] Grh=1514 Frame=381 X=128 Y=128 W=32 H=32 TileW=1 TileH=1 File=20
2026-08-21 01:42:39 [INFO] Grh=1515 Frame=382 X=160 Y=128 W=32 H=32 TileW=1 TileH=1 File=20
2026-08-21 01:42:39 [INFO] Grh=1516 Frame=383 X=192 Y=128 W=32 H=32 TileW=1 TileH=1 File=20
2026-08-21 01:42:39 [INFO] Grh=1513 Frame=380 X=224 Y=128 W=32 H=32 TileW=1 TileH=1 File=20
2026-08-21 01:42:39 [INFO] Grh=1514 Frame=381 X=256 Y=128 W=32 H=32 TileW=1 TileH=1 File=20
2026-08-21 01:42:39 [INFO] Grh=1515 Frame=382 X=288 Y=128 W=32 H=32 TileW=1 TileH=1 File=20
2026-08-21 01:42:39 [INFO] Grh=1516 Frame=383 X=320 Y=128 W=32 H=32 TileW=1 TileH=1 File=20
2026-08-21 01:42:39 [INFO] Grh=1513 Frame=380 X=352 Y=128 W=32 H=32 TileW=1 TileH=1 File=20
2026-08-21 01:42:39 [INFO] Grh=1514 Frame=381 X=384 Y=128 W=32 H=32 TileW=1 TileH=1 File=20
2026-08-21 01:42:39 [INFO] Grh=1515 Frame=382 X=416 Y=128 W=32 H=32 TileW=1 TileH=1 File=20
2026-08-21 01:42:39 [INFO] Grh=1516 Frame=383 X=448 Y=128 W=32 H=32 TileW=1 TileH=1 File=20
2026-08-21 01:42:39 [INFO] Grh=1513 Frame=380 X=480 Y=128 W=32 H=32 TileW=1 TileH=1 File=20
2026-08-21 01:42:39 [INFO] Grh=1514 Frame=381 X=512 Y=128 W=32 H=32 TileW=1 TileH=1 File=20
2026-08-21 01:42:39 [INFO] Grh=1515 Frame=382 X=544 Y=128 W=32 H=32 TileW=1 TileH=1 File=20
2026-08-21 01:42:39 [INFO] Grh=1505 Frame=372 X=-32 Y=160 W=32 H=32 TileW=1 TileH=1 File=20
2026-08-21 01:42:39 [INFO] Grh=1506 Frame=373 X=0 Y=160 W=32 H=32 TileW=1 TileH=1 File=20
2026-08-21 01:42:39 [INFO] Grh=1507 Frame=374 X=32 Y=160 W=32 H=32 TileW=1 TileH=1 File=20
2026-08-21 01:42:39 [INFO] Grh=1508 Frame=375 X=64 Y=160 W=32 H=32 TileW=1 TileH=1 File=20
2026-08-21 01:42:39 [INFO] Grh=1505 Frame=372 X=96 Y=160 W=32 H=32 TileW=1 TileH=1 File=20
2026-08-21 01:42:39 [INFO] Grh=1506 Frame=373 X=128 Y=160 W=32 H=32 TileW=1 TileH=1 File=20
2026-08-21 01:42:39 [INFO] Grh=1507 Frame=374 X=160 Y=160 W=32 H=32 TileW=1 TileH=1 File=20
2026-08-21 01:42:39 [INFO] Grh=1508 Frame=375 X=192 Y=160 W=32 H=32 TileW=1 TileH=1 File=20
2026-08-21 01:42:39 [INFO] Grh=1505 Frame=372 X=224 Y=160 W=32 H=32 TileW=1 TileH=1 File=20
2026-08-21 01:42:39 [INFO] Grh=1506 Frame=373 X=256 Y=160 W=32 H=32 TileW=1 TileH=1 File=20
2026-08-21 01:42:39 [INFO] Grh=1507 Frame=374 X=288 Y=160 W=32 H=32 TileW=1 TileH=1 File=20
2026-08-21 01:42:39 [INFO] Grh=1508 Frame=375 X=320 Y=160 W=32 H=32 TileW=1 TileH=1 File=20
2026-08-21 01:42:39 [INFO] Grh=1505 Frame=372 X=352 Y=160 W=32 H=32 TileW=1 TileH=1 File=20
2026-08-21 01:42:39 [INFO] Grh=1506 Frame=373 X=384 Y=160 W=32 H=32 TileW=1 TileH=1 File=20
2026-08-21 01:42:39 [INFO] Grh=1507 Frame=374 X=416 Y=160 W=32 H=32 TileW=1 TileH=1 File=20
2026-08-21 01:42:39 [INFO] Grh=1508 Frame=375 X=448 Y=160 W=32 H=32 TileW=1 TileH=1 File=20
2026-08-21 01:42:39 [INFO] Grh=1505 Frame=372 X=480 Y=160 W=32 H=32 TileW=1 TileH=1 File=20
2026-08-21 01:42:39 [INFO] Grh=1506 Frame=373 X=512 Y=160 W=32 H=32 TileW=1 TileH=1 File=20
2026-08-21 01:42:39 [INFO] Grh=1507 Frame=374 X=544 Y=160 W=32 H=32 TileW=1 TileH=1 File=20
2026-08-21 01:42:39 [INFO] Grh=1513 Frame=380 X=-32 Y=192 W=32 H=32 TileW=1 TileH=1 File=20
2026-08-21 01:42:39 [INFO] Grh=1514 Frame=381 X=0 Y=192 W=32 H=32 TileW=1 TileH=1 File=20
2026-08-21 01:42:39 [INFO] Grh=1515 Frame=382 X=32 Y=192 W=32 H=32 TileW=1 TileH=1 File=20
2026-08-21 01:42:39 [INFO] Grh=1516 Frame=383 X=64 Y=192 W=32 H=32 TileW=1 TileH=1 File=20
2026-08-21 01:42:39 [INFO] Grh=1513 Frame=380 X=96 Y=192 W=32 H=32 TileW=1 TileH=1 File=20
2026-08-21 01:42:39 [INFO] Grh=1514 Frame=381 X=128 Y=192 W=32 H=32 TileW=1 TileH=1 File=20
2026-08-21 01:42:39 [INFO] Grh=1515 Frame=382 X=160 Y=192 W=32 H=32 TileW=1 TileH=1 File=20
2026-08-21 01:42:39 [INFO] Grh=1516 Frame=383 X=192 Y=192 W=32 H=32 TileW=1 TileH=1 File=20
2026-08-21 01:42:39 [INFO] Grh=1513 Frame=380 X=224 Y=192 W=32 H=32 TileW=1 TileH=1 File=20
2026-08-21 01:42:39 [INFO] Grh=1514 Frame=381 X=256 Y=192 W=32 H=32 TileW=1 TileH=1 File=20
2026-08-21 01:42:39 [INFO] Grh=1515 Frame=382 X=288 Y=192 W=32 H=32 TileW=1 TileH=1 File=20
2026-08-21 01:42:39 [INFO] Grh=1516 Frame=383 X=320 Y=192 W=32 H=32 TileW=1 TileH=1 File=20
2026-08-21 01:42:39 [INFO] Grh=1513 Frame=380 X=352 Y=192 W=32 H=32 TileW=1 TileH=1 File=20
2026-08-21 01:42:39 [INFO] Grh=1514 Frame=381 X=384 Y=192 W=32 H=32 TileW=1 TileH=1 File=20
2026-08-21 01:42:39 [INFO] Grh=1515 Frame=382 X=416 Y=192 W=32 H=32 TileW=1 TileH=1 File=20
2026-08-21 01:42:39 [INFO] Grh=1516 Frame=383 X=448 Y=192 W=32 H=32 TileW=1 TileH=1 File=20
2026-08-21 01:42:39 [INFO] Grh=1513 Frame=380 X=480 Y=192 W=32 H=32 TileW=1 TileH=1 File=20
2026-08-21 01:42:39 [INFO] Grh=1514 Frame=381 X=512 Y=192 W=32 H=32 TileW=1 TileH=1 File=20
2026-08-21 01:42:39 [INFO] Grh=1515 Frame=382 X=544 Y=192 W=32 H=32 TileW=1 TileH=1 File=20
2026-08-21 01:42:39 [INFO] Grh=6000 Frame=6000 X=-32 Y=-32 W=32 H=32 TileW=1 TileH=1 File=6000
2026-08-21 01:42:39 [INFO] Grh=6001 Frame=6001 X=0 Y=-32 W=32 H=32 TileW=1 TileH=1 File=6000
2026-08-21 01:42:39 [INFO] Grh=6002 Frame=6002 X=32 Y=-32 W=32 H=32 TileW=1 TileH=1 File=6000
2026-08-21 01:42:39 [INFO] Grh=6003 Frame=6003 X=64 Y=-32 W=32 H=32 TileW=1 TileH=1 File=6000
2026-08-21 01:42:39 [INFO] Grh=6000 Frame=6000 X=96 Y=-32 W=32 H=32 TileW=1 TileH=1 File=6000
2026-08-21 01:42:39 [INFO] Grh=6001 Frame=6001 X=128 Y=-32 W=32 H=32 TileW=1 TileH=1 File=6000
2026-08-21 01:42:39 [INFO] Grh=6002 Frame=6002 X=160 Y=-32 W=32 H=32 TileW=1 TileH=1 File=6000
2026-08-21 01:42:39 [INFO] Grh=6003 Frame=6003 X=192 Y=-32 W=32 H=32 TileW=1 TileH=1 File=6000
2026-08-21 01:42:39 [INFO] Grh=6000 Frame=6000 X=224 Y=-32 W=32 H=32 TileW=1 TileH=1 File=6000
2026-08-21 01:42:39 [INFO] Grh=6001 Frame=6001 X=256 Y=-32 W=32 H=32 TileW=1 TileH=1 File=6000
2026-08-21 01:42:39 [INFO] Grh=6002 Frame=6002 X=288 Y=-32 W=32 H=32 TileW=1 TileH=1 File=6000
2026-08-21 01:42:39 [INFO] Grh=6003 Frame=6003 X=320 Y=-32 W=32 H=32 TileW=1 TileH=1 File=6000
2026-08-21 01:42:39 [INFO] Grh=6000 Frame=6000 X=352 Y=-32 W=32 H=32 TileW=1 TileH=1 File=6000
2026-08-21 01:42:39 [INFO] Grh=6001 Frame=6001 X=384 Y=-32 W=32 H=32 TileW=1 TileH=1 File=6000
2026-08-21 01:42:39 [INFO] Grh=6002 Frame=6002 X=416 Y=-32 W=32 H=32 TileW=1 TileH=1 File=6000
2026-08-21 01:42:39 [INFO] Grh=6003 Frame=6003 X=448 Y=-32 W=32 H=32 TileW=1 TileH=1 File=6000
2026-08-21 01:42:39 [INFO] Grh=6000 Frame=6000 X=480 Y=-32 W=32 H=32 TileW=1 TileH=1 File=6000
2026-08-21 01:42:39 [INFO] Grh=6001 Frame=6001 X=512 Y=-32 W=32 H=32 TileW=1 TileH=1 File=6000
2026-08-21 01:42:39 [INFO] Grh=6002 Frame=6002 X=544 Y=-32 W=32 H=32 TileW=1 TileH=1 File=6000
2026-08-21 01:42:39 [INFO] Grh=6008 Frame=6008 X=-32 Y=0 W=32 H=32 TileW=1 TileH=1 File=6000
2026-08-21 01:42:39 [INFO] Grh=6009 Frame=6009 X=0 Y=0 W=32 H=32 TileW=1 TileH=1 File=6000
2026-08-21 01:42:39 [INFO] Grh=6010 Frame=6010 X=32 Y=0 W=32 H=32 TileW=1 TileH=1 File=6000
2026-08-21 01:42:39 [INFO] Grh=6011 Frame=6011 X=64 Y=0 W=32 H=32 TileW=1 TileH=1 File=6000
2026-08-21 01:42:39 [INFO] Grh=6008 Frame=6008 X=96 Y=0 W=32 H=32 TileW=1 TileH=1 File=6000
2026-08-21 01:42:39 [INFO] Grh=6009 Frame=6009 X=128 Y=0 W=32 H=32 TileW=1 TileH=1 File=6000
2026-08-21 01:42:39 [INFO] Grh=6010 Frame=6010 X=160 Y=0 W=32 H=32 TileW=1 TileH=1 File=6000
2026-08-21 01:42:39 [INFO] Grh=6011 Frame=6011 X=192 Y=0 W=32 H=32 TileW=1 TileH=1 File=6000
2026-08-21 01:42:39 [INFO] Grh=6008 Frame=6008 X=224 Y=0 W=32 H=32 TileW=1 TileH=1 File=6000
2026-08-21 01:42:39 [INFO] Grh=6009 Frame=6009 X=256 Y=0 W=32 H=32 TileW=1 TileH=1 File=6000
2026-08-21 01:42:39 [INFO] Grh=6010 Frame=6010 X=288 Y=0 W=32 H=32 TileW=1 TileH=1 File=6000
2026-08-21 01:42:39 [INFO] Grh=6011 Frame=6011 X=320 Y=0 W=32 H=32 TileW=1 TileH=1 File=6000
2026-08-21 01:42:39 [INFO] Grh=6008 Frame=6008 X=352 Y=0 W=32 H=32 TileW=1 TileH=1 File=6000
2026-08-21 01:42:39 [INFO] Grh=6009 Frame=6009 X=384 Y=0 W=32 H=32 TileW=1 TileH=1 File=6000
2026-08-21 01:42:39 [INFO] Grh=6010 Frame=6010 X=416 Y=0 W=32 H=32 TileW=1 TileH=1 File=6000
2026-08-21 01:42:39 [INFO] Grh=6011 Frame=6011 X=448 Y=0 W=32 H=32 TileW=1 TileH=1 File=6000
2026-08-21 01:42:39 [INFO] Grh=6008 Frame=6008 X=480 Y=0 W=32 H=32 TileW=1 TileH=1 File=6000
2026-08-21 01:42:39 [INFO] Grh=6009 Frame=6009 X=512 Y=0 W=32 H=32 TileW=1 TileH=1 File=6000
2026-08-21 01:42:39 [INFO] Grh=6010 Frame=6010 X=544 Y=0 W=32 H=32 TileW=1 TileH=1 File=6000
2026-08-21 01:42:39 [INFO] Grh=1505 Frame=372 X=-32 Y=32 W=32 H=32 TileW=1 TileH=1 File=20
2026-08-21 01:42:39 [INFO] Grh=1506 Frame=373 X=0 Y=32 W=32 H=32 TileW=1 TileH=1 File=20
2026-08-21 01:42:39 [INFO] Grh=1507 Frame=374 X=32 Y=32 W=32 H=32 TileW=1 TileH=1 File=20
2026-08-21 01:42:39 [INFO] Grh=1508 Frame=375 X=64 Y=32 W=32 H=32 TileW=1 TileH=1 File=20
2026-08-21 01:42:39 [INFO] Grh=1505 Frame=372 X=96 Y=32 W=32 H=32 TileW=1 TileH=1 File=20
2026-08-21 01:42:39 [INFO] Grh=1506 Frame=373 X=128 Y=32 W=32 H=32 TileW=1 TileH=1 File=20
2026-08-21 01:42:39 [INFO] Grh=1507 Frame=374 X=160 Y=32 W=32 H=32 TileW=1 TileH=1 File=20
2026-08-21 01:42:39 [INFO] Grh=1508 Frame=375 X=192 Y=32 W=32 H=32 TileW=1 TileH=1 File=20
2026-08-21 01:42:39 [INFO] Grh=1505 Frame=372 X=224 Y=32 W=32 H=32 TileW=1 TileH=1 File=20
2026-08-21 01:42:39 [INFO] Grh=1506 Frame=373 X=256 Y=32 W=32 H=32 TileW=1 TileH=1 File=20
2026-08-21 01:42:39 [INFO] Grh=1507 Frame=374 X=288 Y=32 W=32 H=32 TileW=1 TileH=1 File=20
2026-08-21 01:42:39 [INFO] Grh=1508 Frame=375 X=320 Y=32 W=32 H=32 TileW=1 TileH=1 File=20
2026-08-21 01:42:39 [INFO] Grh=1505 Frame=372 X=352 Y=32 W=32 H=32 TileW=1 TileH=1 File=20
2026-08-21 01:42:39 [INFO] Grh=1506 Frame=373 X=384 Y=32 W=32 H=32 TileW=1 TileH=1 File=20
2026-08-21 01:42:39 [INFO] Grh=1507 Frame=374 X=416 Y=32 W=32 H=32 TileW=1 TileH=1 File=20
2026-08-21 01:42:39 [INFO] Grh=1508 Frame=375 X=448 Y=32 W=32 H=32 TileW=1 TileH=1 File=20
2026-08-21 01:42:39 [INFO] Grh=1505 Frame=372 X=480 Y=32 W=32 H=32 TileW=1 TileH=1 File=20
2026-08-21 01:42:39 [INFO] Grh=1506 Frame=373 X=512 Y=32 W=32 H=32 TileW=1 TileH=1 File=20
2026-08-21 01:42:39 [INFO] Grh=1507 Frame=374 X=544 Y=32 W=32 H=32 TileW=1 TileH=1 File=20
2026-08-21 01:42:39 [INFO] Grh=1513 Frame=380 X=-32 Y=64 W=32 H=32 TileW=1 TileH=1 File=20
2026-08-21 01:42:39 [INFO] Grh=1514 Frame=381 X=0 Y=64 W=32 H=32 TileW=1 TileH=1 File=20
2026-08-21 01:42:39 [INFO] Grh=1515 Frame=382 X=32 Y=64 W=32 H=32 TileW=1 TileH=1 File=20
2026-08-21 01:42:39 [INFO] Grh=1516 Frame=383 X=64 Y=64 W=32 H=32 TileW=1 TileH=1 File=20
2026-08-21 01:42:39 [INFO] Grh=1513 Frame=380 X=96 Y=64 W=32 H=32 TileW=1 TileH=1 File=20
2026-08-21 01:42:39 [INFO] Grh=1514 Frame=381 X=128 Y=64 W=32 H=32 TileW=1 TileH=1 File=20
2026-08-21 01:42:39 [INFO] Grh=1515 Frame=382 X=160 Y=64 W=32 H=32 TileW=1 TileH=1 File=20
2026-08-21 01:42:39 [INFO] Grh=1516 Frame=383 X=192 Y=64 W=32 H=32 TileW=1 TileH=1 File=20
2026-08-21 01:42:39 [INFO] Grh=1513 Frame=380 X=224 Y=64 W=32 H=32 TileW=1 TileH=1 File=20
2026-08-21 01:42:39 [INFO] Grh=1514 Frame=381 X=256 Y=64 W=32 H=32 TileW=1 TileH=1 File=20
2026-08-21 01:42:39 [INFO] Grh=1515 Frame=382 X=288 Y=64 W=32 H=32 TileW=1 TileH=1 File=20
2026-08-21 01:42:39 [INFO] Grh=1516 Frame=383 X=320 Y=64 W=32 H=32 TileW=1 TileH=1 File=20
2026-08-21 01:42:39 [INFO] Grh=1513 Frame=380 X=352 Y=64 W=32 H=32 TileW=1 TileH=1 File=20
2026-08-21 01:42:39 [INFO] Grh=1514 Frame=381 X=384 Y=64 W=32 H=32 TileW=1 TileH=1 File=20
2026-08-21 01:42:39 [INFO] Grh=1515 Frame=382 X=416 Y=64 W=32 H=32 TileW=1 TileH=1 File=20
2026-08-21 01:42:39 [INFO] Grh=1516 Frame=383 X=448 Y=64 W=32 H=32 TileW=1 TileH=1 File=20
2026-08-21 01:42:39 [INFO] Grh=1513 Frame=380 X=480 Y=64 W=32 H=32 TileW=1 TileH=1 File=20
2026-08-21 01:42:39 [INFO] Grh=1514 Frame=381 X=512 Y=64 W=32 H=32 TileW=1 TileH=1 File=20
2026-08-21 01:42:39 [INFO] Grh=1515 Frame=382 X=544 Y=64 W=32 H=32 TileW=1 TileH=1 File=20
2026-08-21 01:42:39 [INFO] Grh=1505 Frame=372 X=-32 Y=96 W=32 H=32 TileW=1 TileH=1 File=20
2026-08-21 01:42:39 [INFO] Grh=1506 Frame=373 X=0 Y=96 W=32 H=32 TileW=1 TileH=1 File=20
2026-08-21 01:42:39 [INFO] Grh=1507 Frame=374 X=32 Y=96 W=32 H=32 TileW=1 TileH=1 File=20
2026-08-21 01:42:39 [INFO] Grh=1508 Frame=375 X=64 Y=96 W=32 H=32 TileW=1 TileH=1 File=20
2026-08-21 01:42:39 [INFO] Grh=1505 Frame=372 X=96 Y=96 W=32 H=32 TileW=1 TileH=1 File=20
2026-08-21 01:42:39 [INFO] Grh=1506 Frame=373 X=128 Y=96 W=32 H=32 TileW=1 TileH=1 File=20
2026-08-21 01:42:39 [INFO] Grh=1507 Frame=374 X=160 Y=96 W=32 H=32 TileW=1 TileH=1 File=20
2026-08-21 01:42:39 [INFO] Grh=1508 Frame=375 X=192 Y=96 W=32 H=32 TileW=1 TileH=1 File=20
2026-08-21 01:42:39 [INFO] Grh=1505 Frame=372 X=224 Y=96 W=32 H=32 TileW=1 TileH=1 File=20
2026-08-21 01:42:39 [INFO] Grh=1506 Frame=373 X=256 Y=96 W=32 H=32 TileW=1 TileH=1 File=20
2026-08-21 01:42:39 [INFO] Grh=1507 Frame=374 X=288 Y=96 W=32 H=32 TileW=1 TileH=1 File=20
2026-08-21 01:42:39 [INFO] Grh=1508 Frame=375 X=320 Y=96 W=32 H=32 TileW=1 TileH=1 File=20
2026-08-21 01:42:39 [INFO] Grh=1505 Frame=372 X=352 Y=96 W=32 H=32 TileW=1 TileH=1 File=20
2026-08-21 01:42:39 [INFO] Grh=1506 Frame=373 X=384 Y=96 W=32 H=32 TileW=1 TileH=1 File=20
2026-08-21 01:42:39 [INFO] Grh=1507 Frame=374 X=416 Y=96 W=32 H=32 TileW=1 TileH=1 File=20
2026-08-21 01:42:39 [INFO] Grh=1508 Frame=375 X=448 Y=96 W=32 H=32 TileW=1 TileH=1 File=20
2026-08-21 01:42:39 [INFO] Grh=1505 Frame=372 X=480 Y=96 W=32 H=32 TileW=1 TileH=1 File=20
2026-08-21 01:42:39 [INFO] Grh=1506 Frame=373 X=512 Y=96 W=32 H=32 TileW=1 TileH=1 File=20
2026-08-21 01:42:39 [INFO] Grh=1507 Frame=374 X=544 Y=96 W=32 H=32 TileW=1 TileH=1 File=20
2026-08-21 01:42:39 [INFO] Grh=1513 Frame=380 X=-32 Y=128 W=32 H=32 TileW=1 TileH=1 File=20
2026-08-21 01:42:39 [INFO] Grh=1514 Frame=381 X=0 Y=128 W=32 H=32 TileW=1 TileH=1 File=20
2026-08-21 01:42:39 [INFO] Grh=1515 Frame=382 X=32 Y=128 W=32 H=32 TileW=1 TileH=1 File=20
2026-08-21 01:42:39 [INFO] Grh=1516 Frame=383 X=64 Y=128 W=32 H=32 TileW=1 TileH=1 File=20
2026-08-21 01:42:39 [INFO] Grh=1513 Frame=380 X=96 Y=128 W=32 H=32 TileW=1 TileH=1 File=20
2026-08-21 01:42:39 [INFO] Grh=1514 Frame=381 X=128 Y=128 W=32 H=32 TileW=1 TileH=1 File=20
2026-08-21 01:42:39 [INFO] Grh=1515 Frame=382 X=160 Y=128 W=32 H=32 TileW=1 TileH=1 File=20
2026-08-21 01:42:39 [INFO] Grh=1516 Frame=383 X=192 Y=128 W=32 H=32 TileW=1 TileH=1 File=20
2026-08-21 01:42:39 [INFO] Grh=1513 Frame=380 X=224 Y=128 W=32 H=32 TileW=1 TileH=1 File=20
2026-08-21 01:42:39 [INFO] Grh=1514 Frame=381 X=256 Y=128 W=32 H=32 TileW=1 TileH=1 File=20
2026-08-21 01:42:39 [INFO] Grh=1515 Frame=382 X=288 Y=128 W=32 H=32 TileW=1 TileH=1 File=20
2026-08-21 01:42:39 [INFO] Grh=1516 Frame=383 X=320 Y=128 W=32 H=32 TileW=1 TileH=1 File=20
2026-08-21 01:42:39 [INFO] Grh=1513 Frame=380 X=352 Y=128 W=32 H=32 TileW=1 TileH=1 File=20
2026-08-21 01:42:39 [INFO] Grh=1514 Frame=381 X=384 Y=128 W=32 H=32 TileW=1 TileH=1 File=20
2026-08-21 01:42:39 [INFO] Grh=1515 Frame=382 X=416 Y=128 W=32 H=32 TileW=1 TileH=1 File=20
2026-08-21 01:42:39 [INFO] Grh=1516 Frame=383 X=448 Y=128 W=32 H=32 TileW=1 TileH=1 File=20
2026-08-21 01:42:39 [INFO] Grh=1513 Frame=380 X=480 Y=128 W=32 H=32 TileW=1 TileH=1 File=20
2026-08-21 01:42:39 [INFO] Grh=1514 Frame=381 X=512 Y=128 W=32 H=32 TileW=1 TileH=1 File=20
2026-08-21 01:42:39 [INFO] Grh=1515 Frame=382 X=544 Y=128 W=32 H=32 TileW=1 TileH=1 File=20
2026-08-21 01:42:39 [INFO] Grh=1505 Frame=372 X=-32 Y=160 W=32 H=32 TileW=1 TileH=1 File=20
2026-08-21 01:42:39 [INFO] Grh=1506 Frame=373 X=0 Y=160 W=32 H=32 TileW=1 TileH=1 File=20
2026-08-21 01:42:39 [INFO] Grh=1507 Frame=374 X=32 Y=160 W=32 H=32 TileW=1 TileH=1 File=20
2026-08-21 01:42:39 [INFO] Grh=1508 Frame=375 X=64 Y=160 W=32 H=32 TileW=1 TileH=1 File=20
2026-08-21 01:42:39 [INFO] Grh=1505 Frame=372 X=96 Y=160 W=32 H=32 TileW=1 TileH=1 File=20
2026-08-21 01:42:39 [INFO] Grh=1506 Frame=373 X=128 Y=160 W=32 H=32 TileW=1 TileH=1 File=20
2026-08-21 01:42:39 [INFO] Grh=1507 Frame=374 X=160 Y=160 W=32 H=32 TileW=1 TileH=1 File=20
2026-08-21 01:42:39 [INFO] Grh=1508 Frame=375 X=192 Y=160 W=32 H=32 TileW=1 TileH=1 File=20
2026-08-21 01:42:39 [INFO] Grh=1505 Frame=372 X=224 Y=160 W=32 H=32 TileW=1 TileH=1 File=20
2026-08-21 01:42:39 [INFO] Grh=1506 Frame=373 X=256 Y=160 W=32 H=32 TileW=1 TileH=1 File=20
2026-08-21 01:42:39 [INFO] Grh=1507 Frame=374 X=288 Y=160 W=32 H=32 TileW=1 TileH=1 File=20
2026-08-21 01:42:39 [INFO] Grh=1508 Frame=375 X=320 Y=160 W=32 H=32 TileW=1 TileH=1 File=20
2026-08-21 01:42:39 [INFO] Grh=1505 Frame=372 X=352 Y=160 W=32 H=32 TileW=1 TileH=1 File=20
2026-08-21 01:42:39 [INFO] Grh=1506 Frame=373 X=384 Y=160 W=32 H=32 TileW=1 TileH=1 File=20
2026-08-21 01:42:39 [INFO] Grh=1507 Frame=374 X=416 Y=160 W=32 H=32 TileW=1 TileH=1 File=20
2026-08-21 01:42:39 [INFO] Grh=1508 Frame=375 X=448 Y=160 W=32 H=32 TileW=1 TileH=1 File=20
2026-08-21 01:42:39 [INFO] Grh=1505 Frame=372 X=480 Y=160 W=32 H=32 TileW=1 TileH=1 File=20
2026-08-21 01:42:39 [INFO] Grh=1506 Frame=373 X=512 Y=160 W=32 H=32 TileW=1 TileH=1 File=20
2026-08-21 01:42:39 [INFO] Grh=1507 Frame=374 X=544 Y=160 W=32 H=32 TileW=1 TileH=1 File=20
2026-08-21 01:42:39 [INFO] Grh=1513 Frame=380 X=-32 Y=192 W=32 H=32 TileW=1 TileH=1 File=20
2026-08-21 01:42:39 [INFO] Grh=1514 Frame=381 X=0 Y=192 W=32 H=32 TileW=1 TileH=1 File=20
2026-08-21 01:42:39 [INFO] Grh=1515 Frame=382 X=32 Y=192 W=32 H=32 TileW=1 TileH=1 File=20
2026-08-21 01:42:39 [INFO] Grh=1516 Frame=383 X=64 Y=192 W=32 H=32 TileW=1 TileH=1 File=20
2026-08-21 01:42:39 [INFO] Grh=1513 Frame=380 X=96 Y=192 W=32 H=32 TileW=1 TileH=1 File=20
2026-08-21 01:42:39 [INFO] Grh=1514 Frame=381 X=128 Y=192 W=32 H=32 TileW=1 TileH=1 File=20
2026-08-21 01:42:39 [INFO] Grh=1515 Frame=382 X=160 Y=192 W=32 H=32 TileW=1 TileH=1 File=20
2026-08-21 01:42:39 [INFO] Grh=1516 Frame=383 X=192 Y=192 W=32 H=32 TileW=1 TileH=1 File=20
2026-08-21 01:42:39 [INFO] Grh=1513 Frame=380 X=224 Y=192 W=32 H=32 TileW=1 TileH=1 File=20
2026-08-21 01:42:39 [INFO] Grh=1514 Frame=381 X=256 Y=192 W=32 H=32 TileW=1 TileH=1 File=20
2026-08-21 01:42:39 [INFO] Grh=1515 Frame=382 X=288 Y=192 W=32 H=32 TileW=1 TileH=1 File=20
2026-08-21 01:42:39 [INFO] Grh=1516 Frame=383 X=320 Y=192 W=32 H=32 TileW=1 TileH=1 File=20
2026-08-21 01:42:39 [INFO] Grh=1513 Frame=380 X=352 Y=192 W=32 H=32 TileW=1 TileH=1 File=20
2026-08-21 01:42:39 [INFO] Grh=1514 Frame=381 X=384 Y=192 W=32 H=32 TileW=1 TileH=1 File=20
2026-08-21 01:42:39 [INFO] Grh=1515 Frame=382 X=416 Y=192 W=32 H=32 TileW=1 TileH=1 File=20
2026-08-21 01:42:39 [INFO] Grh=1516 Frame=383 X=448 Y=192 W=32 H=32 TileW=1 TileH=1 File=20
2026-08-21 01:42:39 [INFO] Grh=1513 Frame=380 X=480 Y=192 W=32 H=32 TileW=1 TileH=1 File=20
2026-08-21 01:42:39 [INFO] Grh=1514 Frame=381 X=512 Y=192 W=32 H=32 TileW=1 TileH=1 File=20
2026-08-21 01:42:39 [INFO] Grh=1515 Frame=382 X=544 Y=192 W=32 H=32 TileW=1 TileH=1 File=20
2026-08-21 01:42:40 [INFO] Grh=6000 Frame=6000 X=-32 Y=-32 W=32 H=32 TileW=1 TileH=1 File=6000
2026-08-21 01:42:40 [INFO] Grh=6001 Frame=6001 X=0 Y=-32 W=32 H=32 TileW=1 TileH=1 File=6000
2026-08-21 01:42:40 [INFO] Grh=6002 Frame=6002 X=32 Y=-32 W=32 H=32 TileW=1 TileH=1 File=6000
2026-08-21 01:42:40 [INFO] Grh=6003 Frame=6003 X=64 Y=-32 W=32 H=32 TileW=1 TileH=1 File=6000
2026-08-21 01:42:40 [INFO] Grh=6000 Frame=6000 X=96 Y=-32 W=32 H=32 TileW=1 TileH=1 File=6000
2026-08-21 01:42:40 [INFO] Grh=6001 Frame=6001 X=128 Y=-32 W=32 H=32 TileW=1 TileH=1 File=6000
2026-08-21 01:42:40 [INFO] Grh=6002 Frame=6002 X=160 Y=-32 W=32 H=32 TileW=1 TileH=1 File=6000
2026-08-21 01:42:40 [INFO] Grh=6003 Frame=6003 X=192 Y=-32 W=32 H=32 TileW=1 TileH=1 File=6000
2026-08-21 01:42:40 [INFO] Grh=6000 Frame=6000 X=224 Y=-32 W=32 H=32 TileW=1 TileH=1 File=6000
2026-08-21 01:42:40 [INFO] Grh=6001 Frame=6001 X=256 Y=-32 W=32 H=32 TileW=1 TileH=1 File=6000
2026-08-21 01:42:40 [INFO] Grh=6002 Frame=6002 X=288 Y=-32 W=32 H=32 TileW=1 TileH=1 File=6000
2026-08-21 01:42:40 [INFO] Grh=6003 Frame=6003 X=320 Y=-32 W=32 H=32 TileW=1 TileH=1 File=6000
2026-08-21 01:42:40 [INFO] Grh=6000 Frame=6000 X=352 Y=-32 W=32 H=32 TileW=1 TileH=1 File=6000
2026-08-21 01:42:40 [INFO] Grh=6001 Frame=6001 X=384 Y=-32 W=32 H=32 TileW=1 TileH=1 File=6000
2026-08-21 01:42:40 [INFO] Grh=6002 Frame=6002 X=416 Y=-32 W=32 H=32 TileW=1 TileH=1 File=6000
2026-08-21 01:42:40 [INFO] Grh=6003 Frame=6003 X=448 Y=-32 W=32 H=32 TileW=1 TileH=1 File=6000
2026-08-21 01:42:40 [INFO] Grh=6000 Frame=6000 X=480 Y=-32 W=32 H=32 TileW=1 TileH=1 File=6000
2026-08-21 01:42:40 [INFO] Grh=6001 Frame=6001 X=512 Y=-32 W=32 H=32 TileW=1 TileH=1 File=6000
2026-08-21 01:42:40 [INFO] Grh=6002 Frame=6002 X=544 Y=-32 W=32 H=32 TileW=1 TileH=1 File=6000
2026-08-21 01:42:40 [INFO] Grh=6008 Frame=6008 X=-32 Y=0 W=32 H=32 TileW=1 TileH=1 File=6000
2026-08-21 01:42:40 [INFO] Grh=6009 Frame=6009 X=0 Y=0 W=32 H=32 TileW=1 TileH=1 File=6000
2026-08-21 01:42:40 [INFO] Grh=6010 Frame=6010 X=32 Y=0 W=32 H=32 TileW=1 TileH=1 File=6000
2026-08-21 01:42:40 [INFO] Grh=6011 Frame=6011 X=64 Y=0 W=32 H=32 TileW=1 TileH=1 File=6000
2026-08-21 01:42:40 [INFO] Grh=6008 Frame=6008 X=96 Y=0 W=32 H=32 TileW=1 TileH=1 File=6000
2026-08-21 01:42:40 [INFO] Grh=6009 Frame=6009 X=128 Y=0 W=32 H=32 TileW=1 TileH=1 File=6000
2026-08-21 01:42:40 [INFO] Grh=6010 Frame=6010 X=160 Y=0 W=32 H=32 TileW=1 TileH=1 File=6000
2026-08-21 01:42:40 [INFO] Grh=6011 Frame=6011 X=192 Y=0 W=32 H=32 TileW=1 TileH=1 File=6000
2026-08-21 01:42:40 [INFO] Grh=6008 Frame=6008 X=224 Y=0 W=32 H=32 TileW=1 TileH=1 File=6000
2026-08-21 01:42:40 [INFO] Grh=6009 Frame=6009 X=256 Y=0 W=32 H=32 TileW=1 TileH=1 File=6000
2026-08-21 01:42:40 [INFO] Grh=6010 Frame=6010 X=288 Y=0 W=32 H=32 TileW=1 TileH=1 File=6000
2026-08-21 01:42:40 [INFO] Grh=6011 Frame=6011 X=320 Y=0 W=32 H=32 TileW=1 TileH=1 File=6000
2026-08-21 01:42:40 [INFO] Grh=6008 Frame=6008 X=352 Y=0 W=32 H=32 TileW=1 TileH=1 File=6000
2026-08-21 01:42:40 [INFO] Grh=6009 Frame=6009 X=384 Y=0 W=32 H=32 TileW=1 TileH=1 File=6000
2026-08-21 01:42:40 [INFO] Grh=6010 Frame=6010 X=416 Y=0 W=32 H=32 TileW=1 TileH=1 File=6000
2026-08-21 01:42:40 [INFO] Grh=6011 Frame=6011 X=448 Y=0 W=32 H=32 TileW=1 TileH=1 File=6000
2026-08-21 01:42:40 [INFO] Grh=6008 Frame=6008 X=480 Y=0 W=32 H=32 TileW=1 TileH=1 File=6000
2026-08-21 01:42:40 [INFO] Grh=6009 Frame=6009 X=512 Y=0 W=32 H=32 TileW=1 TileH=1 File=6000
2026-08-21 01:42:40 [INFO] Grh=6010 Frame=6010 X=544 Y=0 W=32 H=32 TileW=1 TileH=1 File=6000
2026-08-21 01:42:40 [INFO] Grh=1505 Frame=356 X=-32 Y=32 W=32 H=32 TileW=1 TileH=1 File=20
2026-08-21 01:42:40 [INFO] Grh=1506 Frame=357 X=0 Y=32 W=32 H=32 TileW=1 TileH=1 File=20
2026-08-21 01:42:40 [INFO] Grh=1507 Frame=358 X=32 Y=32 W=32 H=32 TileW=1 TileH=1 File=20
2026-08-21 01:42:40 [INFO] Grh=1508 Frame=359 X=64 Y=32 W=32 H=32 TileW=1 TileH=1 File=20
2026-08-21 01:42:40 [INFO] Grh=1505 Frame=356 X=96 Y=32 W=32 H=32 TileW=1 TileH=1 File=20
2026-08-21 01:42:40 [INFO] Grh=1506 Frame=357 X=128 Y=32 W=32 H=32 TileW=1 TileH=1 File=20
2026-08-21 01:42:40 [INFO] Grh=1507 Frame=358 X=160 Y=32 W=32 H=32 TileW=1 TileH=1 File=20
2026-08-21 01:42:40 [INFO] Grh=1508 Frame=359 X=192 Y=32 W=32 H=32 TileW=1 TileH=1 File=20
2026-08-21 01:42:40 [INFO] Grh=1505 Frame=356 X=224 Y=32 W=32 H=32 TileW=1 TileH=1 File=20
2026-08-21 01:42:40 [INFO] Grh=1506 Frame=357 X=256 Y=32 W=32 H=32 TileW=1 TileH=1 File=20
2026-08-21 01:42:40 [INFO] Grh=1507 Frame=358 X=288 Y=32 W=32 H=32 TileW=1 TileH=1 File=20
2026-08-21 01:42:40 [INFO] Grh=1508 Frame=359 X=320 Y=32 W=32 H=32 TileW=1 TileH=1 File=20
2026-08-21 01:42:40 [INFO] Grh=1505 Frame=356 X=352 Y=32 W=32 H=32 TileW=1 TileH=1 File=20
2026-08-21 01:42:40 [INFO] Grh=1506 Frame=357 X=384 Y=32 W=32 H=32 TileW=1 TileH=1 File=20
2026-08-21 01:42:40 [INFO] Grh=1507 Frame=358 X=416 Y=32 W=32 H=32 TileW=1 TileH=1 File=20
2026-08-21 01:42:40 [INFO] Grh=1508 Frame=359 X=448 Y=32 W=32 H=32 TileW=1 TileH=1 File=20
2026-08-21 01:42:40 [INFO] Grh=1505 Frame=356 X=480 Y=32 W=32 H=32 TileW=1 TileH=1 File=20
2026-08-21 01:42:40 [INFO] Grh=1506 Frame=357 X=512 Y=32 W=32 H=32 TileW=1 TileH=1 File=20
2026-08-21 01:42:40 [INFO] Grh=1507 Frame=358 X=544 Y=32 W=32 H=32 TileW=1 TileH=1 File=20
2026-08-21 01:42:40 [INFO] Grh=1513 Frame=364 X=-32 Y=64 W=32 H=32 TileW=1 TileH=1 File=20
2026-08-21 01:42:40 [INFO] Grh=1514 Frame=365 X=0 Y=64 W=32 H=32 TileW=1 TileH=1 File=20
2026-08-21 01:42:40 [INFO] Grh=1515 Frame=366 X=32 Y=64 W=32 H=32 TileW=1 TileH=1 File=20
2026-08-21 01:42:40 [INFO] Grh=1516 Frame=367 X=64 Y=64 W=32 H=32 TileW=1 TileH=1 File=20
2026-08-21 01:42:40 [INFO] Grh=1513 Frame=364 X=96 Y=64 W=32 H=32 TileW=1 TileH=1 File=20
2026-08-21 01:42:40 [INFO] Grh=1514 Frame=365 X=128 Y=64 W=32 H=32 TileW=1 TileH=1 File=20
2026-08-21 01:42:40 [INFO] Grh=1515 Frame=366 X=160 Y=64 W=32 H=32 TileW=1 TileH=1 File=20
2026-08-21 01:42:40 [INFO] Grh=1516 Frame=367 X=192 Y=64 W=32 H=32 TileW=1 TileH=1 File=20
2026-08-21 01:42:40 [INFO] Grh=1513 Frame=364 X=224 Y=64 W=32 H=32 TileW=1 TileH=1 File=20
2026-08-21 01:42:40 [INFO] Grh=1514 Frame=365 X=256 Y=64 W=32 H=32 TileW=1 TileH=1 File=20
2026-08-21 01:42:40 [INFO] Grh=1515 Frame=366 X=288 Y=64 W=32 H=32 TileW=1 TileH=1 File=20
2026-08-21 01:42:40 [INFO] Grh=1516 Frame=367 X=320 Y=64 W=32 H=32 TileW=1 TileH=1 File=20
2026-08-21 01:42:40 [INFO] Grh=1513 Frame=364 X=352 Y=64 W=32 H=32 TileW=1 TileH=1 File=20
2026-08-21 01:42:40 [INFO] Grh=1514 Frame=365 X=384 Y=64 W=32 H=32 TileW=1 TileH=1 File=20
2026-08-21 01:42:40 [INFO] Grh=1515 Frame=366 X=416 Y=64 W=32 H=32 TileW=1 TileH=1 File=20
2026-08-21 01:42:40 [INFO] Grh=1516 Frame=367 X=448 Y=64 W=32 H=32 TileW=1 TileH=1 File=20
2026-08-21 01:42:40 [INFO] Grh=1513 Frame=364 X=480 Y=64 W=32 H=32 TileW=1 TileH=1 File=20
2026-08-21 01:42:40 [INFO] Grh=1514 Frame=365 X=512 Y=64 W=32 H=32 TileW=1 TileH=1 File=20
2026-08-21 01:42:40 [INFO] Grh=1515 Frame=366 X=544 Y=64 W=32 H=32 TileW=1 TileH=1 File=20
2026-08-21 01:42:40 [INFO] Grh=1505 Frame=356 X=-32 Y=96 W=32 H=32 TileW=1 TileH=1 File=20
2026-08-21 01:42:40 [INFO] Grh=1506 Frame=357 X=0 Y=96 W=32 H=32 TileW=1 TileH=1 File=20
2026-08-21 01:42:40 [INFO] Grh=1507 Frame=358 X=32 Y=96 W=32 H=32 TileW=1 TileH=1 File=20
2026-08-21 01:42:40 [INFO] Grh=1508 Frame=359 X=64 Y=96 W=32 H=32 TileW=1 TileH=1 File=20
2026-08-21 01:42:40 [INFO] Grh=1505 Frame=356 X=96 Y=96 W=32 H=32 TileW=1 TileH=1 File=20
2026-08-21 01:42:40 [INFO] Grh=1506 Frame=357 X=128 Y=96 W=32 H=32 TileW=1 TileH=1 File=20
2026-08-21 01:42:40 [INFO] Grh=1507 Frame=358 X=160 Y=96 W=32 H=32 TileW=1 TileH=1 File=20
2026-08-21 01:42:40 [INFO] Grh=1508 Frame=359 X=192 Y=96 W=32 H=32 TileW=1 TileH=1 File=20
2026-08-21 01:42:40 [INFO] Grh=1505 Frame=356 X=224 Y=96 W=32 H=32 TileW=1 TileH=1 File=20
2026-08-21 01:42:40 [INFO] Grh=1506 Frame=357 X=256 Y=96 W=32 H=32 TileW=1 TileH=1 File=20
2026-08-21 01:42:40 [INFO] Grh=1507 Frame=358 X=288 Y=96 W=32 H=32 TileW=1 TileH=1 File=20
2026-08-21 01:42:40 [INFO] Grh=1508 Frame=359 X=320 Y=96 W=32 H=32 TileW=1 TileH=1 File=20
2026-08-21 01:42:40 [INFO] Grh=1505 Frame=356 X=352 Y=96 W=32 H=32 TileW=1 TileH=1 File=20
2026-08-21 01:42:40 [INFO] Grh=1506 Frame=357 X=384 Y=96 W=32 H=32 TileW=1 TileH=1 File=20
2026-08-21 01:42:40 [INFO] Grh=1507 Frame=358 X=416 Y=96 W=32 H=32 TileW=1 TileH=1 File=20
2026-08-21 01:42:40 [INFO] Grh=1508 Frame=359 X=448 Y=96 W=32 H=32 TileW=1 TileH=1 File=20
2026-08-21 01:42:40 [INFO] Grh=1505 Frame=356 X=480 Y=96 W=32 H=32 TileW=1 TileH=1 File=20
2026-08-21 01:42:40 [INFO] Grh=1506 Frame=357 X=512 Y=96 W=32 H=32 TileW=1 TileH=1 File=20
2026-08-21 01:42:40 [INFO] Grh=1507 Frame=358 X=544 Y=96 W=32 H=32 TileW=1 TileH=1 File=20
2026-08-21 01:42:40 [INFO] Grh=1513 Frame=364 X=-32 Y=128 W=32 H=32 TileW=1 TileH=1 File=20
2026-08-21 01:42:40 [INFO] Grh=1514 Frame=365 X=0 Y=128 W=32 H=32 TileW=1 TileH=1 File=20
2026-08-21 01:42:40 [INFO] Grh=1515 Frame=366 X=32 Y=128 W=32 H=32 TileW=1 TileH=1 File=20
2026-08-21 01:42:40 [INFO] Grh=1516 Frame=367 X=64 Y=128 W=32 H=32 TileW=1 TileH=1 File=20
2026-08-21 01:42:40 [INFO] Grh=1513 Frame=364 X=96 Y=128 W=32 H=32 TileW=1 TileH=1 File=20
2026-08-21 01:42:40 [INFO] Grh=1514 Frame=365 X=128 Y=128 W=32 H=32 TileW=1 TileH=1 File=20
2026-08-21 01:42:40 [INFO] Grh=1515 Frame=366 X=160 Y=128 W=32 H=32 TileW=1 TileH=1 File=20
2026-08-21 01:42:40 [INFO] Grh=1516 Frame=367 X=192 Y=128 W=32 H=32 TileW=1 TileH=1 File=20
2026-08-21 01:42:40 [INFO] Grh=1513 Frame=364 X=224 Y=128 W=32 H=32 TileW=1 TileH=1 File=20
2026-08-21 01:42:40 [INFO] Grh=1514 Frame=365 X=256 Y=128 W=32 H=32 TileW=1 TileH=1 File=20
2026-08-21 01:42:40 [INFO] Grh=1515 Frame=366 X=288 Y=128 W=32 H=32 TileW=1 TileH=1 File=20
2026-08-21 01:42:40 [INFO] Grh=1516 Frame=367 X=320 Y=128 W=32 H=32 TileW=1 TileH=1 File=20
2026-08-21 01:42:41 [INFO] Grh=1513 Frame=364 X=352 Y=128 W=32 H=32 TileW=1 TileH=1 File=20
2026-08-21 01:42:41 [INFO] Grh=1514 Frame=365 X=384 Y=128 W=32 H=32 TileW=1 TileH=1 File=20
2026-08-21 01:42:41 [INFO] Grh=1515 Frame=366 X=416 Y=128 W=32 H=32 TileW=1 TileH=1 File=20
2026-08-21 01:42:41 [INFO] Grh=1516 Frame=367 X=448 Y=128 W=32 H=32 TileW=1 TileH=1 File=20
2026-08-21 01:42:41 [INFO] Grh=1513 Frame=364 X=480 Y=128 W=32 H=32 TileW=1 TileH=1 File=20
2026-08-21 01:42:41 [INFO] Grh=1514 Frame=365 X=512 Y=128 W=32 H=32 TileW=1 TileH=1 File=20
2026-08-21 01:42:41 [INFO] Grh=1515 Frame=366 X=544 Y=128 W=32 H=32 TileW=1 TileH=1 File=20
2026-08-21 01:42:41 [INFO] Grh=1505 Frame=356 X=-32 Y=160 W=32 H=32 TileW=1 TileH=1 File=20
2026-08-21 01:42:41 [INFO] Grh=1506 Frame=357 X=0 Y=160 W=32 H=32 TileW=1 TileH=1 File=20
2026-08-21 01:42:41 [INFO] Grh=1507 Frame=358 X=32 Y=160 W=32 H=32 TileW=1 TileH=1 File=20
2026-08-21 01:42:41 [INFO] Grh=1508 Frame=359 X=64 Y=160 W=32 H=32 TileW=1 TileH=1 File=20
2026-08-21 01:42:41 [INFO] Grh=1505 Frame=356 X=96 Y=160 W=32 H=32 TileW=1 TileH=1 File=20
2026-08-21 01:42:41 [INFO] Grh=1506 Frame=357 X=128 Y=160 W=32 H=32 TileW=1 TileH=1 File=20
2026-08-21 01:42:42 [INFO] Grh=1507 Frame=358 X=160 Y=160 W=32 H=32 TileW=1 TileH=1 File=20
2026-08-21 01:42:42 [INFO] Grh=1508 Frame=359 X=192 Y=160 W=32 H=32 TileW=1 TileH=1 File=20
2026-08-21 01:42:42 [INFO] Grh=1505 Frame=356 X=224 Y=160 W=32 H=32 TileW=1 TileH=1 File=20
2026-08-21 01:42:42 [INFO] Grh=1506 Frame=357 X=256 Y=160 W=32 H=32 TileW=1 TileH=1 File=20
2026-08-21 01:42:42 [INFO] Grh=1507 Frame=358 X=288 Y=160 W=32 H=32 TileW=1 TileH=1 File=20
2026-08-21 01:42:42 [INFO] Grh=1508 Frame=359 X=320 Y=160 W=32 H=32 TileW=1 TileH=1 File=20
2026-08-21 01:42:42 [INFO] Grh=1505 Frame=356 X=352 Y=160 W=32 H=32 TileW=1 TileH=1 File=20
2026-08-21 01:42:42 [INFO] Grh=1506 Frame=357 X=384 Y=160 W=32 H=32 TileW=1 TileH=1 File=20
2026-08-21 01:42:42 [INFO] Grh=1507 Frame=358 X=416 Y=160 W=32 H=32 TileW=1 TileH=1 File=20
2026-08-21 01:42:42 [INFO] Grh=1508 Frame=359 X=448 Y=160 W=32 H=32 TileW=1 TileH=1 File=20
2026-08-21 01:42:42 [INFO] Grh=1505 Frame=356 X=480 Y=160 W=32 H=32 TileW=1 TileH=1 File=20
2026-08-21 01:42:42 [INFO] Grh=1506 Frame=357 X=512 Y=160 W=32 H=32 TileW=1 TileH=1 File=20
2026-08-21 01:42:42 [INFO] Grh=1507 Frame=358 X=544 Y=160 W=32 H=32 TileW=1 TileH=1 File=20
2026-08-21 01:42:42 [INFO] Grh=1513 Frame=364 X=-32 Y=192 W=32 H=32 TileW=1 TileH=1 File=20
2026-08-21 01:42:42 [INFO] Grh=1514 Frame=365 X=0 Y=192 W=32 H=32 TileW=1 TileH=1 File=20
2026-08-21 01:42:42 [INFO] Grh=1515 Frame=366 X=32 Y=192 W=32 H=32 TileW=1 TileH=1 File=20
2026-08-21 01:42:42 [INFO] Grh=1516 Frame=367 X=64 Y=192 W=32 H=32 TileW=1 TileH=1 File=20
2026-08-21 01:42:42 [INFO] Grh=1513 Frame=364 X=96 Y=192 W=32 H=32 TileW=1 TileH=1 File=20
2026-08-21 01:42:42 [INFO] Grh=1514 Frame=365 X=128 Y=192 W=32 H=32 TileW=1 TileH=1 File=20
2026-08-21 01:42:42 [INFO] Grh=1515 Frame=366 X=160 Y=192 W=32 H=32 TileW=1 TileH=1 File=20
2026-08-21 01:42:42 [INFO] Grh=1516 Frame=367 X=192 Y=192 W=32 H=32 TileW=1 TileH=1 File=20
2026-08-21 01:42:42 [INFO] Grh=1513 Frame=364 X=224 Y=192 W=32 H=32 TileW=1 TileH=1 File=20
2026-08-21 01:42:42 [INFO] Grh=1514 Frame=365 X=256 Y=192 W=32 H=32 TileW=1 TileH=1 File=20
2026-08-21 01:42:42 [INFO] Grh=1515 Frame=366 X=288 Y=192 W=32 H=32 TileW=1 TileH=1 File=20
2026-08-21 01:42:42 [INFO] Grh=1516 Frame=367 X=320 Y=192 W=32 H=32 TileW=1 TileH=1 File=20
2026-08-21 01:42:42 [INFO] Grh=1513 Frame=364 X=352 Y=192 W=32 H=32 TileW=1 TileH=1 File=20
2026-08-21 01:42:42 [INFO] Grh=1514 Frame=365 X=384 Y=192 W=32 H=32 TileW=1 TileH=1 File=20
2026-08-21 01:42:42 [INFO] Grh=1515 Frame=366 X=416 Y=192 W=32 H=32 TileW=1 TileH=1 File=20
2026-08-21 01:42:42 [INFO] Grh=1516 Frame=367 X=448 Y=192 W=32 H=32 TileW=1 TileH=1 File=20
2026-08-21 01:42:42 [INFO] Grh=1513 Frame=364 X=480 Y=192 W=32 H=32 TileW=1 TileH=1 File=20
2026-08-21 01:42:42 [INFO] Grh=1514 Frame=365 X=512 Y=192 W=32 H=32 TileW=1 TileH=1 File=20
2026-08-21 01:42:42 [INFO] Grh=1515 Frame=366 X=544 Y=192 W=32 H=32 TileW=1 TileH=1 File=20
2026-08-21 01:42:42 [INFO] Grh=6000 Frame=6000 X=-32 Y=-32 W=32 H=32 TileW=1 TileH=1 File=6000
2026-08-21 01:42:42 [INFO] Grh=6001 Frame=6001 X=0 Y=-32 W=32 H=32 TileW=1 TileH=1 File=6000
2026-08-21 01:42:42 [INFO] Grh=6002 Frame=6002 X=32 Y=-32 W=32 H=32 TileW=1 TileH=1 File=6000
2026-08-21 01:42:42 [INFO] Grh=6003 Frame=6003 X=64 Y=-32 W=32 H=32 TileW=1 TileH=1 File=6000
2026-08-21 01:42:42 [INFO] Grh=6000 Frame=6000 X=96 Y=-32 W=32 H=32 TileW=1 TileH=1 File=6000
2026-08-21 01:42:42 [INFO] Grh=6001 Frame=6001 X=128 Y=-32 W=32 H=32 TileW=1 TileH=1 File=6000
2026-08-21 01:42:42 [INFO] Grh=6002 Frame=6002 X=160 Y=-32 W=32 H=32 TileW=1 TileH=1 File=6000
2026-08-21 01:42:42 [INFO] Grh=6003 Frame=6003 X=192 Y=-32 W=32 H=32 TileW=1 TileH=1 File=6000
2026-08-21 01:42:42 [INFO] Grh=6000 Frame=6000 X=224 Y=-32 W=32 H=32 TileW=1 TileH=1 File=6000
2026-08-21 01:42:42 [INFO] Grh=6001 Frame=6001 X=256 Y=-32 W=32 H=32 TileW=1 TileH=1 File=6000
2026-08-21 01:42:42 [INFO] Grh=6002 Frame=6002 X=288 Y=-32 W=32 H=32 TileW=1 TileH=1 File=6000
2026-08-21 01:42:42 [INFO] Grh=6003 Frame=6003 X=320 Y=-32 W=32 H=32 TileW=1 TileH=1 File=6000
2026-08-21 01:42:42 [INFO] Grh=6000 Frame=6000 X=352 Y=-32 W=32 H=32 TileW=1 TileH=1 File=6000
2026-08-21 01:42:42 [INFO] Grh=6001 Frame=6001 X=384 Y=-32 W=32 H=32 TileW=1 TileH=1 File=6000
2026-08-21 01:42:42 [INFO] Grh=6002 Frame=6002 X=416 Y=-32 W=32 H=32 TileW=1 TileH=1 File=6000
2026-08-21 01:42:42 [INFO] Grh=6003 Frame=6003 X=448 Y=-32 W=32 H=32 TileW=1 TileH=1 File=6000
2026-08-21 01:42:42 [INFO] Grh=6000 Frame=6000 X=480 Y=-32 W=32 H=32 TileW=1 TileH=1 File=6000
2026-08-21 01:42:42 [INFO] Grh=6001 Frame=6001 X=512 Y=-32 W=32 H=32 TileW=1 TileH=1 File=6000
2026-08-21 01:42:42 [INFO] Grh=6002 Frame=6002 X=544 Y=-32 W=32 H=32 TileW=1 TileH=1 File=6000
2026-08-21 01:42:42 [INFO] Grh=6008 Frame=6008 X=-32 Y=0 W=32 H=32 TileW=1 TileH=1 File=6000
2026-08-21 01:42:42 [INFO] Grh=6009 Frame=6009 X=0 Y=0 W=32 H=32 TileW=1 TileH=1 File=6000
2026-08-21 01:42:42 [INFO] Grh=6010 Frame=6010 X=32 Y=0 W=32 H=32 TileW=1 TileH=1 File=6000
2026-08-21 01:42:42 [INFO] Grh=6011 Frame=6011 X=64 Y=0 W=32 H=32 TileW=1 TileH=1 File=6000
2026-08-21 01:42:42 [INFO] Grh=6008 Frame=6008 X=96 Y=0 W=32 H=32 TileW=1 TileH=1 File=6000
2026-08-21 01:42:42 [INFO] Grh=6009 Frame=6009 X=128 Y=0 W=32 H=32 TileW=1 TileH=1 File=6000
2026-08-21 01:42:42 [INFO] Grh=6010 Frame=6010 X=160 Y=0 W=32 H=32 TileW=1 TileH=1 File=6000
2026-08-21 01:42:42 [INFO] Grh=6011 Frame=6011 X=192 Y=0 W=32 H=32 TileW=1 TileH=1 File=6000
2026-08-21 01:42:42 [INFO] Grh=6008 Frame=6008 X=224 Y=0 W=32 H=32 TileW=1 TileH=1 File=6000
2026-08-21 01:42:42 [INFO] Grh=6009 Frame=6009 X=256 Y=0 W=32 H=32 TileW=1 TileH=1 File=6000
2026-08-21 01:42:42 [INFO] Grh=6010 Frame=6010 X=288 Y=0 W=32 H=32 TileW=1 TileH=1 File=6000
2026-08-21 01:42:42 [INFO] Grh=6011 Frame=6011 X=320 Y=0 W=32 H=32 TileW=1 TileH=1 File=6000
2026-08-21 01:42:42 [INFO] Grh=6008 Frame=6008 X=352 Y=0 W=32 H=32 TileW=1 TileH=1 File=6000
2026-08-21 01:42:42 [INFO] Grh=6009 Frame=6009 X=384 Y=0 W=32 H=32 TileW=1 TileH=1 File=6000
2026-08-21 01:42:42 [INFO] Grh=6010 Frame=6010 X=416 Y=0 W=32 H=32 TileW=1 TileH=1 File=6000
2026-08-21 01:42:42 [INFO] Grh=6011 Frame=6011 X=448 Y=0 W=32 H=32 TileW=1 TileH=1 File=6000
2026-08-21 01:42:42 [INFO] Grh=6008 Frame=6008 X=480 Y=0 W=32 H=32 TileW=1 TileH=1 File=6000
2026-08-21 01:42:42 [INFO] Grh=6009 Frame=6009 X=512 Y=0 W=32 H=32 TileW=1 TileH=1 File=6000
2026-08-21 01:42:42 [INFO] Grh=6010 Frame=6010 X=544 Y=0 W=32 H=32 TileW=1 TileH=1 File=6000
2026-08-21 01:42:42 [INFO] Grh=1505 Frame=340 X=-32 Y=32 W=32 H=32 TileW=1 TileH=1 File=20
2026-08-21 01:42:42 [INFO] Grh=1506 Frame=341 X=0 Y=32 W=32 H=32 TileW=1 TileH=1 File=20
2026-08-21 01:42:42 [INFO] Grh=1507 Frame=342 X=32 Y=32 W=32 H=32 TileW=1 TileH=1 File=20
2026-08-21 01:42:42 [INFO] Grh=1508 Frame=343 X=64 Y=32 W=32 H=32 TileW=1 TileH=1 File=20
2026-08-21 01:42:42 [INFO] Grh=1505 Frame=340 X=96 Y=32 W=32 H=32 TileW=1 TileH=1 File=20
2026-08-21 01:42:42 [INFO] Grh=1506 Frame=341 X=128 Y=32 W=32 H=32 TileW=1 TileH=1 File=20
2026-08-21 01:42:42 [INFO] Grh=1507 Frame=342 X=160 Y=32 W=32 H=32 TileW=1 TileH=1 File=20
2026-08-21 01:42:42 [INFO] Grh=1508 Frame=343 X=192 Y=32 W=32 H=32 TileW=1 TileH=1 File=20
2026-08-21 01:42:42 [INFO] Grh=1505 Frame=340 X=224 Y=32 W=32 H=32 TileW=1 TileH=1 File=20
2026-08-21 01:42:42 [INFO] Grh=1506 Frame=341 X=256 Y=32 W=32 H=32 TileW=1 TileH=1 File=20
2026-08-21 01:42:42 [INFO] Grh=1507 Frame=342 X=288 Y=32 W=32 H=32 TileW=1 TileH=1 File=20
2026-08-21 01:42:42 [INFO] Grh=1508 Frame=343 X=320 Y=32 W=32 H=32 TileW=1 TileH=1 File=20
2026-08-21 01:42:42 [INFO] Grh=1505 Frame=340 X=352 Y=32 W=32 H=32 TileW=1 TileH=1 File=20
2026-08-21 01:42:42 [INFO] Grh=1506 Frame=341 X=384 Y=32 W=32 H=32 TileW=1 TileH=1 File=20
2026-08-21 01:42:42 [INFO] Grh=1507 Frame=342 X=416 Y=32 W=32 H=32 TileW=1 TileH=1 File=20
2026-08-21 01:42:42 [INFO] Grh=1508 Frame=343 X=448 Y=32 W=32 H=32 TileW=1 TileH=1 File=20
2026-08-21 01:42:42 [INFO] Grh=1505 Frame=340 X=480 Y=32 W=32 H=32 TileW=1 TileH=1 File=20
2026-08-21 01:42:42 [INFO] Grh=1506 Frame=341 X=512 Y=32 W=32 H=32 TileW=1 TileH=1 File=20
2026-08-21 01:42:42 [INFO] Grh=1507 Frame=342 X=544 Y=32 W=32 H=32 TileW=1 TileH=1 File=20
2026-08-21 01:42:42 [INFO] Grh=1513 Frame=348 X=-32 Y=64 W=32 H=32 TileW=1 TileH=1 File=20
2026-08-21 01:42:42 [INFO] Grh=1514 Frame=349 X=0 Y=64 W=32 H=32 TileW=1 TileH=1 File=20
2026-08-21 01:42:42 [INFO] Grh=1515 Frame=350 X=32 Y=64 W=32 H=32 TileW=1 TileH=1 File=20
2026-08-21 01:42:42 [INFO] Grh=1516 Frame=351 X=64 Y=64 W=32 H=32 TileW=1 TileH=1 File=20
2026-08-21 01:42:42 [INFO] Grh=1513 Frame=348 X=96 Y=64 W=32 H=32 TileW=1 TileH=1 File=20
2026-08-21 01:42:42 [INFO] Grh=1514 Frame=349 X=128 Y=64 W=32 H=32 TileW=1 TileH=1 File=20
2026-08-21 01:42:42 [INFO] Grh=1515 Frame=350 X=160 Y=64 W=32 H=32 TileW=1 TileH=1 File=20
2026-08-21 01:42:42 [INFO] Grh=1516 Frame=351 X=192 Y=64 W=32 H=32 TileW=1 TileH=1 File=20
2026-08-21 01:42:42 [INFO] Grh=1513 Frame=348 X=224 Y=64 W=32 H=32 TileW=1 TileH=1 File=20
2026-08-21 01:42:42 [INFO] Grh=1514 Frame=349 X=256 Y=64 W=32 H=32 TileW=1 TileH=1 File=20
2026-08-21 01:42:42 [INFO] Grh=1515 Frame=350 X=288 Y=64 W=32 H=32 TileW=1 TileH=1 File=20
2026-08-21 01:42:42 [INFO] Grh=1516 Frame=351 X=320 Y=64 W=32 H=32 TileW=1 TileH=1 File=20
2026-08-21 01:42:42 [INFO] Grh=1513 Frame=348 X=352 Y=64 W=32 H=32 TileW=1 TileH=1 File=20
2026-08-21 01:42:42 [INFO] Grh=1514 Frame=349 X=384 Y=64 W=32 H=32 TileW=1 TileH=1 File=20
2026-08-21 01:42:42 [INFO] Grh=1515 Frame=350 X=416 Y=64 W=32 H=32 TileW=1 TileH=1 File=20
2026-08-21 01:42:42 [INFO] Grh=1516 Frame=351 X=448 Y=64 W=32 H=32 TileW=1 TileH=1 File=20
2026-08-21 01:42:42 [INFO] Grh=1513 Frame=348 X=480 Y=64 W=32 H=32 TileW=1 TileH=1 File=20
2026-08-21 01:42:42 [INFO] Grh=1514 Frame=349 X=512 Y=64 W=32 H=32 TileW=1 TileH=1 File=20
2026-08-21 01:42:42 [INFO] Grh=1515 Frame=350 X=544 Y=64 W=32 H=32 TileW=1 TileH=1 File=20
2026-08-21 01:42:42 [INFO] Grh=1505 Frame=340 X=-32 Y=96 W=32 H=32 TileW=1 TileH=1 File=20
2026-08-21 01:42:42 [INFO] Grh=1506 Frame=341 X=0 Y=96 W=32 H=32 TileW=1 TileH=1 File=20
2026-08-21 01:42:42 [INFO] Grh=1507 Frame=342 X=32 Y=96 W=32 H=32 TileW=1 TileH=1 File=20
2026-08-21 01:42:42 [INFO] Grh=1508 Frame=343 X=64 Y=96 W=32 H=32 TileW=1 TileH=1 File=20
2026-08-21 01:42:42 [INFO] Grh=1505 Frame=340 X=96 Y=96 W=32 H=32 TileW=1 TileH=1 File=20
2026-08-21 01:42:42 [INFO] Grh=1506 Frame=341 X=128 Y=96 W=32 H=32 TileW=1 TileH=1 File=20
2026-08-21 01:42:42 [INFO] Grh=1507 Frame=342 X=160 Y=96 W=32 H=32 TileW=1 TileH=1 File=20
2026-08-21 01:42:42 [INFO] Grh=1508 Frame=343 X=192 Y=96 W=32 H=32 TileW=1 TileH=1 File=20
2026-08-21 01:42:42 [INFO] Grh=1505 Frame=340 X=224 Y=96 W=32 H=32 TileW=1 TileH=1 File=20
2026-08-21 01:42:42 [INFO] Grh=1506 Frame=341 X=256 Y=96 W=32 H=32 TileW=1 TileH=1 File=20
2026-08-21 01:42:42 [INFO] Grh=1507 Frame=342 X=288 Y=96 W=32 H=32 TileW=1 TileH=1 File=20
2026-08-21 01:42:42 [INFO] Grh=1508 Frame=343 X=320 Y=96 W=32 H=32 TileW=1 TileH=1 File=20
2026-08-21 01:42:42 [INFO] Grh=1505 Frame=340 X=352 Y=96 W=32 H=32 TileW=1 TileH=1 File=20
2026-08-21 01:42:42 [INFO] Grh=1506 Frame=341 X=384 Y=96 W=32 H=32 TileW=1 TileH=1 File=20
2026-08-21 01:42:42 [INFO] Grh=1507 Frame=342 X=416 Y=96 W=32 H=32 TileW=1 TileH=1 File=20
2026-08-21 01:42:42 [INFO] Grh=1508 Frame=343 X=448 Y=96 W=32 H=32 TileW=1 TileH=1 File=20
2026-08-21 01:42:42 [INFO] Grh=1505 Frame=340 X=480 Y=96 W=32 H=32 TileW=1 TileH=1 File=20
2026-08-21 01:42:42 [INFO] Grh=1506 Frame=341 X=512 Y=96 W=32 H=32 TileW=1 TileH=1 File=20
2026-08-21 01:42:42 [INFO] Grh=1507 Frame=342 X=544 Y=96 W=32 H=32 TileW=1 TileH=1 File=20
2026-08-21 01:42:42 [INFO] Grh=1513 Frame=348 X=-32 Y=128 W=32 H=32 TileW=1 TileH=1 File=20
2026-08-21 01:42:42 [INFO] Grh=1514 Frame=349 X=0 Y=128 W=32 H=32 TileW=1 TileH=1 File=20
2026-08-21 01:42:42 [INFO] Grh=1515 Frame=350 X=32 Y=128 W=32 H=32 TileW=1 TileH=1 File=20
2026-08-21 01:42:42 [INFO] Grh=1516 Frame=351 X=64 Y=128 W=32 H=32 TileW=1 TileH=1 File=20
2026-08-21 01:42:42 [INFO] Grh=1513 Frame=348 X=96 Y=128 W=32 H=32 TileW=1 TileH=1 File=20
2026-08-21 01:42:42 [INFO] Grh=1514 Frame=349 X=128 Y=128 W=32 H=32 TileW=1 TileH=1 File=20
2026-08-21 01:42:42 [INFO] Grh=1515 Frame=350 X=160 Y=128 W=32 H=32 TileW=1 TileH=1 File=20
2026-08-21 01:42:42 [INFO] Grh=1516 Frame=351 X=192 Y=128 W=32 H=32 TileW=1 TileH=1 File=20
2026-08-21 01:42:42 [INFO] Grh=1513 Frame=348 X=224 Y=128 W=32 H=32 TileW=1 TileH=1 File=20
2026-08-21 01:42:42 [INFO] Grh=1514 Frame=349 X=256 Y=128 W=32 H=32 TileW=1 TileH=1 File=20
2026-08-21 01:42:42 [INFO] Grh=1515 Frame=350 X=288 Y=128 W=32 H=32 TileW=1 TileH=1 File=20
2026-08-21 01:42:42 [INFO] Grh=1516 Frame=351 X=320 Y=128 W=32 H=32 TileW=1 TileH=1 File=20
2026-08-21 01:42:42 [INFO] Grh=1513 Frame=348 X=352 Y=128 W=32 H=32 TileW=1 TileH=1 File=20
2026-08-21 01:42:42 [INFO] Grh=1514 Frame=349 X=384 Y=128 W=32 H=32 TileW=1 TileH=1 File=20
2026-08-21 01:42:42 [INFO] Grh=1515 Frame=350 X=416 Y=128 W=32 H=32 TileW=1 TileH=1 File=20
2026-08-21 01:42:42 [INFO] Grh=1516 Frame=351 X=448 Y=128 W=32 H=32 TileW=1 TileH=1 File=20
2026-08-21 01:42:42 [INFO] Grh=1513 Frame=348 X=480 Y=128 W=32 H=32 TileW=1 TileH=1 File=20
2026-08-21 01:42:42 [INFO] Grh=1514 Frame=349 X=512 Y=128 W=32 H=32 TileW=1 TileH=1 File=20
2026-08-21 01:42:42 [INFO] Grh=1515 Frame=350 X=544 Y=128 W=32 H=32 TileW=1 TileH=1 File=20
2026-08-21 01:42:42 [INFO] Grh=1505 Frame=340 X=-32 Y=160 W=32 H=32 TileW=1 TileH=1 File=20
2026-08-21 01:42:42 [INFO] Grh=1506 Frame=341 X=0 Y=160 W=32 H=32 TileW=1 TileH=1 File=20
2026-08-21 01:42:42 [INFO] Grh=1507 Frame=342 X=32 Y=160 W=32 H=32 TileW=1 TileH=1 File=20
2026-08-21 01:42:42 [INFO] Grh=1508 Frame=343 X=64 Y=160 W=32 H=32 TileW=1 TileH=1 File=20
2026-08-21 01:42:42 [INFO] Grh=1505 Frame=340 X=96 Y=160 W=32 H=32 TileW=1 TileH=1 File=20
2026-08-21 01:42:42 [INFO] Grh=1506 Frame=341 X=128 Y=160 W=32 H=32 TileW=1 TileH=1 File=20
2026-08-21 01:42:42 [INFO] Grh=1507 Frame=342 X=160 Y=160 W=32 H=32 TileW=1 TileH=1 File=20
2026-08-21 01:42:42 [INFO] Grh=1508 Frame=343 X=192 Y=160 W=32 H=32 TileW=1 TileH=1 File=20
2026-08-21 01:42:42 [INFO] Grh=1505 Frame=340 X=224 Y=160 W=32 H=32 TileW=1 TileH=1 File=20
2026-08-21 01:42:42 [INFO] Grh=1506 Frame=341 X=256 Y=160 W=32 H=32 TileW=1 TileH=1 File=20
2026-08-21 01:42:42 [INFO] Grh=1507 Frame=342 X=288 Y=160 W=32 H=32 TileW=1 TileH=1 File=20
2026-08-21 01:42:42 [INFO] Grh=1508 Frame=343 X=320 Y=160 W=32 H=32 TileW=1 TileH=1 File=20
2026-08-21 01:42:42 [INFO] Grh=1505 Frame=340 X=352 Y=160 W=32 H=32 TileW=1 TileH=1 File=20
2026-08-21 01:42:42 [INFO] Grh=1506 Frame=341 X=384 Y=160 W=32 H=32 TileW=1 TileH=1 File=20
2026-08-21 01:42:42 [INFO] Grh=1507 Frame=342 X=416 Y=160 W=32 H=32 TileW=1 TileH=1 File=20
2026-08-21 01:42:42 [INFO] Grh=1508 Frame=343 X=448 Y=160 W=32 H=32 TileW=1 TileH=1 File=20
2026-08-21 01:42:42 [INFO] Grh=1505 Frame=340 X=480 Y=160 W=32 H=32 TileW=1 TileH=1 File=20
2026-08-21 01:42:42 [INFO] Grh=1506 Frame=341 X=512 Y=160 W=32 H=32 TileW=1 TileH=1 File=20
2026-08-21 01:42:42 [INFO] Grh=1507 Frame=342 X=544 Y=160 W=32 H=32 TileW=1 TileH=1 File=20
2026-08-21 01:42:42 [INFO] Grh=1513 Frame=348 X=-32 Y=192 W=32 H=32 TileW=1 TileH=1 File=20
2026-08-21 01:42:42 [INFO] Grh=1514 Frame=349 X=0 Y=192 W=32 H=32 TileW=1 TileH=1 File=20
2026-08-21 01:42:42 [INFO] Grh=1515 Frame=350 X=32 Y=192 W=32 H=32 TileW=1 TileH=1 File=20
2026-08-21 01:42:42 [INFO] Grh=1516 Frame=351 X=64 Y=192 W=32 H=32 TileW=1 TileH=1 File=20
2026-08-21 01:42:42 [INFO] Grh=1513 Frame=348 X=96 Y=192 W=32 H=32 TileW=1 TileH=1 File=20
2026-08-21 01:42:42 [INFO] Grh=1514 Frame=349 X=128 Y=192 W=32 H=32 TileW=1 TileH=1 File=20
2026-08-21 01:42:42 [INFO] Grh=1515 Frame=350 X=160 Y=192 W=32 H=32 TileW=1 TileH=1 File=20
2026-08-21 01:42:42 [INFO] Grh=1516 Frame=351 X=192 Y=192 W=32 H=32 TileW=1 TileH=1 File=20
2026-08-21 01:42:42 [INFO] Grh=1513 Frame=348 X=224 Y=192 W=32 H=32 TileW=1 TileH=1 File=20
2026-08-21 01:42:42 [INFO] Grh=1514 Frame=349 X=256 Y=192 W=32 H=32 TileW=1 TileH=1 File=20
2026-08-21 01:42:42 [INFO] Grh=1515 Frame=350 X=288 Y=192 W=32 H=32 TileW=1 TileH=1 File=20
2026-08-21 01:42:42 [INFO] Grh=1516 Frame=351 X=320 Y=192 W=32 H=32 TileW=1 TileH=1 File=20
2026-08-21 01:42:42 [INFO] Grh=1513 Frame=348 X=352 Y=192 W=32 H=32 TileW=1 TileH=1 File=20
2026-08-21 01:42:42 [INFO] Grh=1514 Frame=349 X=384 Y=192 W=32 H=32 TileW=1 TileH=1 File=20
2026-08-21 01:42:42 [INFO] Grh=1515 Frame=350 X=416 Y=192 W=32 H=32 TileW=1 TileH=1 File=20
2026-08-21 01:42:42 [INFO] Grh=1516 Frame=351 X=448 Y=192 W=32 H=32 TileW=1 TileH=1 File=20
2026-08-21 01:42:42 [INFO] Grh=1513 Frame=348 X=480 Y=192 W=32 H=32 TileW=1 TileH=1 File=20
2026-08-21 01:42:42 [INFO] Grh=1514 Frame=349 X=512 Y=192 W=32 H=32 TileW=1 TileH=1 File=20
2026-08-21 01:42:42 [INFO] Grh=1515 Frame=350 X=544 Y=192 W=32 H=32 TileW=1 TileH=1 File=20
2026-08-21 01:42:42 [INFO] Grh=6000 Frame=6000 X=-32 Y=-32 W=32 H=32 TileW=1 TileH=1 File=6000
2026-08-21 01:42:42 [INFO] Grh=6001 Frame=6001 X=0 Y=-32 W=32 H=32 TileW=1 TileH=1 File=6000
2026-08-21 01:42:42 [INFO] Grh=6002 Frame=6002 X=32 Y=-32 W=32 H=32 TileW=1 TileH=1 File=6000
2026-08-21 01:42:43 [INFO] Grh=6003 Frame=6003 X=64 Y=-32 W=32 H=32 TileW=1 TileH=1 File=6000
2026-08-21 01:42:43 [INFO] Grh=6000 Frame=6000 X=96 Y=-32 W=32 H=32 TileW=1 TileH=1 File=6000
2026-08-21 01:42:43 [INFO] Grh=6001 Frame=6001 X=128 Y=-32 W=32 H=32 TileW=1 TileH=1 File=6000
2026-08-21 01:42:43 [INFO] Grh=6002 Frame=6002 X=160 Y=-32 W=32 H=32 TileW=1 TileH=1 File=6000
2026-08-21 01:42:43 [INFO] Grh=6003 Frame=6003 X=192 Y=-32 W=32 H=32 TileW=1 TileH=1 File=6000
2026-08-21 01:42:43 [INFO] Grh=6000 Frame=6000 X=224 Y=-32 W=32 H=32 TileW=1 TileH=1 File=6000
2026-08-21 01:42:43 [INFO] Grh=6001 Frame=6001 X=256 Y=-32 W=32 H=32 TileW=1 TileH=1 File=6000
2026-08-21 01:42:43 [INFO] Grh=6002 Frame=6002 X=288 Y=-32 W=32 H=32 TileW=1 TileH=1 File=6000
2026-08-21 01:42:43 [INFO] Grh=6003 Frame=6003 X=320 Y=-32 W=32 H=32 TileW=1 TileH=1 File=6000
2026-08-21 01:42:43 [INFO] Grh=6000 Frame=6000 X=352 Y=-32 W=32 H=32 TileW=1 TileH=1 File=6000
2026-08-21 01:42:43 [INFO] Grh=6001 Frame=6001 X=384 Y=-32 W=32 H=32 TileW=1 TileH=1 File=6000
2026-08-21 01:42:43 [INFO] Grh=6002 Frame=6002 X=416 Y=-32 W=32 H=32 TileW=1 TileH=1 File=6000
2026-08-21 01:42:43 [INFO] Grh=6003 Frame=6003 X=448 Y=-32 W=32 H=32 TileW=1 TileH=1 File=6000
2026-08-21 01:42:43 [INFO] Grh=6000 Frame=6000 X=480 Y=-32 W=32 H=32 TileW=1 TileH=1 File=6000
2026-08-21 01:42:43 [INFO] Grh=6001 Frame=6001 X=512 Y=-32 W=32 H=32 TileW=1 TileH=1 File=6000
2026-08-21 01:42:43 [INFO] Grh=6002 Frame=6002 X=544 Y=-32 W=32 H=32 TileW=1 TileH=1 File=6000
2026-08-21 01:42:43 [INFO] Grh=6008 Frame=6008 X=-32 Y=0 W=32 H=32 TileW=1 TileH=1 File=6000
2026-08-21 01:42:43 [INFO] Grh=6009 Frame=6009 X=0 Y=0 W=32 H=32 TileW=1 TileH=1 File=6000
2026-08-21 01:42:43 [INFO] Grh=6010 Frame=6010 X=32 Y=0 W=32 H=32 TileW=1 TileH=1 File=6000
2026-08-21 01:42:43 [INFO] Grh=6011 Frame=6011 X=64 Y=0 W=32 H=32 TileW=1 TileH=1 File=6000
2026-08-21 01:42:43 [INFO] Grh=6008 Frame=6008 X=96 Y=0 W=32 H=32 TileW=1 TileH=1 File=6000
2026-08-21 01:42:43 [INFO] Grh=6009 Frame=6009 X=128 Y=0 W=32 H=32 TileW=1 TileH=1 File=6000
2026-08-21 01:42:43 [INFO] Grh=6010 Frame=6010 X=160 Y=0 W=32 H=32 TileW=1 TileH=1 File=6000
2026-08-21 01:42:43 [INFO] Grh=6011 Frame=6011 X=192 Y=0 W=32 H=32 TileW=1 TileH=1 File=6000
2026-08-21 01:42:43 [INFO] Grh=6008 Frame=6008 X=224 Y=0 W=32 H=32 TileW=1 TileH=1 File=6000
2026-08-21 01:42:43 [INFO] Grh=6009 Frame=6009 X=256 Y=0 W=32 H=32 TileW=1 TileH=1 File=6000
2026-08-21 01:42:43 [INFO] Grh=6010 Frame=6010 X=288 Y=0 W=32 H=32 TileW=1 TileH=1 File=6000
2026-08-21 01:42:43 [INFO] Grh=6011 Frame=6011 X=320 Y=0 W=32 H=32 TileW=1 TileH=1 File=6000
2026-08-21 01:42:43 [INFO] Grh=6008 Frame=6008 X=352 Y=0 W=32 H=32 TileW=1 TileH=1 File=6000
2026-08-21 01:42:43 [INFO] Grh=6009 Frame=6009 X=384 Y=0 W=32 H=32 TileW=1 TileH=1 File=6000
2026-08-21 01:42:43 [INFO] Grh=6010 Frame=6010 X=416 Y=0 W=32 H=32 TileW=1 TileH=1 File=6000
2026-08-21 01:42:43 [INFO] Grh=6011 Frame=6011 X=448 Y=0 W=32 H=32 TileW=1 TileH=1 File=6000
2026-08-21 01:42:43 [INFO] Grh=6008 Frame=6008 X=480 Y=0 W=32 H=32 TileW=1 TileH=1 File=6000
2026-08-21 01:42:43 [INFO] Grh=6009 Frame=6009 X=512 Y=0 W=32 H=32 TileW=1 TileH=1 File=6000
2026-08-21 01:42:43 [INFO] Grh=6010 Frame=6010 X=544 Y=0 W=32 H=32 TileW=1 TileH=1 File=6000
2026-08-21 01:42:43 [INFO] Grh=1505 Frame=372 X=-32 Y=32 W=32 H=32 TileW=1 TileH=1 File=20
2026-08-21 01:42:43 [INFO] Grh=1506 Frame=373 X=0 Y=32 W=32 H=32 TileW=1 TileH=1 File=20
2026-08-21 01:42:43 [INFO] Grh=1507 Frame=374 X=32 Y=32 W=32 H=32 TileW=1 TileH=1 File=20
2026-08-21 01:42:43 [INFO] Grh=1508 Frame=375 X=64 Y=32 W=32 H=32 TileW=1 TileH=1 File=20
2026-08-21 01:42:43 [INFO] Grh=1505 Frame=372 X=96 Y=32 W=32 H=32 TileW=1 TileH=1 File=20
2026-08-21 01:42:43 [INFO] Grh=1506 Frame=373 X=128 Y=32 W=32 H=32 TileW=1 TileH=1 File=20
2026-08-21 01:42:43 [INFO] Grh=1507 Frame=374 X=160 Y=32 W=32 H=32 TileW=1 TileH=1 File=20
2026-08-21 01:42:43 [INFO] Grh=1508 Frame=375 X=192 Y=32 W=32 H=32 TileW=1 TileH=1 File=20
2026-08-21 01:42:43 [INFO] Grh=1505 Frame=372 X=224 Y=32 W=32 H=32 TileW=1 TileH=1 File=20
2026-08-21 01:42:43 [INFO] Grh=1506 Frame=373 X=256 Y=32 W=32 H=32 TileW=1 TileH=1 File=20
2026-08-21 01:42:43 [INFO] Grh=1507 Frame=374 X=288 Y=32 W=32 H=32 TileW=1 TileH=1 File=20
2026-08-21 01:42:43 [INFO] Grh=1508 Frame=375 X=320 Y=32 W=32 H=32 TileW=1 TileH=1 File=20
2026-08-21 01:42:43 [INFO] Grh=1505 Frame=372 X=352 Y=32 W=32 H=32 TileW=1 TileH=1 File=20
2026-08-21 01:42:43 [INFO] Grh=1506 Frame=373 X=384 Y=32 W=32 H=32 TileW=1 TileH=1 File=20
2026-08-21 01:42:43 [INFO] Grh=1507 Frame=374 X=416 Y=32 W=32 H=32 TileW=1 TileH=1 File=20
2026-08-21 01:42:43 [INFO] Grh=1508 Frame=375 X=448 Y=32 W=32 H=32 TileW=1 TileH=1 File=20
2026-08-21 01:42:43 [INFO] Grh=1505 Frame=372 X=480 Y=32 W=32 H=32 TileW=1 TileH=1 File=20
2026-08-21 01:42:43 [INFO] Grh=1506 Frame=373 X=512 Y=32 W=32 H=32 TileW=1 TileH=1 File=20
2026-08-21 01:42:43 [INFO] Grh=1507 Frame=374 X=544 Y=32 W=32 H=32 TileW=1 TileH=1 File=20
2026-08-21 01:42:43 [INFO] Grh=1513 Frame=380 X=-32 Y=64 W=32 H=32 TileW=1 TileH=1 File=20
2026-08-21 01:42:43 [INFO] Grh=1514 Frame=381 X=0 Y=64 W=32 H=32 TileW=1 TileH=1 File=20
2026-08-21 01:42:43 [INFO] Grh=1515 Frame=382 X=32 Y=64 W=32 H=32 TileW=1 TileH=1 File=20
2026-08-21 01:42:43 [INFO] Grh=1516 Frame=383 X=64 Y=64 W=32 H=32 TileW=1 TileH=1 File=20
2026-08-21 01:42:43 [INFO] Grh=1513 Frame=380 X=96 Y=64 W=32 H=32 TileW=1 TileH=1 File=20
2026-08-21 01:42:43 [INFO] Grh=1514 Frame=381 X=128 Y=64 W=32 H=32 TileW=1 TileH=1 File=20
2026-08-21 01:42:43 [INFO] Grh=1515 Frame=382 X=160 Y=64 W=32 H=32 TileW=1 TileH=1 File=20
2026-08-21 01:42:43 [INFO] Grh=1516 Frame=383 X=192 Y=64 W=32 H=32 TileW=1 TileH=1 File=20
2026-08-21 01:42:43 [INFO] Grh=1513 Frame=380 X=224 Y=64 W=32 H=32 TileW=1 TileH=1 File=20
2026-08-21 01:42:43 [INFO] Grh=1514 Frame=381 X=256 Y=64 W=32 H=32 TileW=1 TileH=1 File=20
2026-08-21 01:42:43 [INFO] Grh=1515 Frame=382 X=288 Y=64 W=32 H=32 TileW=1 TileH=1 File=20
2026-08-21 01:42:43 [INFO] Grh=1516 Frame=383 X=320 Y=64 W=32 H=32 TileW=1 TileH=1 File=20
2026-08-21 01:42:43 [INFO] Grh=1513 Frame=380 X=352 Y=64 W=32 H=32 TileW=1 TileH=1 File=20
2026-08-21 01:42:43 [INFO] Grh=1514 Frame=381 X=384 Y=64 W=32 H=32 TileW=1 TileH=1 File=20
2026-08-21 01:42:43 [INFO] Grh=1515 Frame=382 X=416 Y=64 W=32 H=32 TileW=1 TileH=1 File=20
2026-08-21 01:42:43 [INFO] Grh=1516 Frame=383 X=448 Y=64 W=32 H=32 TileW=1 TileH=1 File=20
2026-08-21 01:42:43 [INFO] Grh=1513 Frame=380 X=480 Y=64 W=32 H=32 TileW=1 TileH=1 File=20
2026-08-21 01:42:43 [INFO] Grh=1514 Frame=381 X=512 Y=64 W=32 H=32 TileW=1 TileH=1 File=20
2026-08-21 01:42:43 [INFO] Grh=1515 Frame=382 X=544 Y=64 W=32 H=32 TileW=1 TileH=1 File=20
2026-08-21 01:42:43 [INFO] Grh=1505 Frame=372 X=-32 Y=96 W=32 H=32 TileW=1 TileH=1 File=20
2026-08-21 01:42:43 [INFO] Grh=1506 Frame=373 X=0 Y=96 W=32 H=32 TileW=1 TileH=1 File=20
2026-08-21 01:42:43 [INFO] Grh=1507 Frame=374 X=32 Y=96 W=32 H=32 TileW=1 TileH=1 File=20
2026-08-21 01:42:43 [INFO] Grh=1508 Frame=375 X=64 Y=96 W=32 H=32 TileW=1 TileH=1 File=20
2026-08-21 01:42:43 [INFO] Grh=1505 Frame=372 X=96 Y=96 W=32 H=32 TileW=1 TileH=1 File=20
2026-08-21 01:42:43 [INFO] Grh=1506 Frame=373 X=128 Y=96 W=32 H=32 TileW=1 TileH=1 File=20
2026-08-21 01:42:43 [INFO] Grh=1507 Frame=374 X=160 Y=96 W=32 H=32 TileW=1 TileH=1 File=20
2026-08-21 01:42:43 [INFO] Grh=1508 Frame=375 X=192 Y=96 W=32 H=32 TileW=1 TileH=1 File=20
2026-08-21 01:42:43 [INFO] Grh=1505 Frame=372 X=224 Y=96 W=32 H=32 TileW=1 TileH=1 File=20
2026-08-21 01:42:43 [INFO] Grh=1506 Frame=373 X=256 Y=96 W=32 H=32 TileW=1 TileH=1 File=20
2026-08-21 01:42:43 [INFO] Grh=1507 Frame=374 X=288 Y=96 W=32 H=32 TileW=1 TileH=1 File=20
2026-08-21 01:42:43 [INFO] Grh=1508 Frame=375 X=320 Y=96 W=32 H=32 TileW=1 TileH=1 File=20
2026-08-21 01:42:43 [INFO] Grh=1505 Frame=372 X=352 Y=96 W=32 H=32 TileW=1 TileH=1 File=20
2026-08-21 01:42:43 [INFO] Grh=1506 Frame=373 X=384 Y=96 W=32 H=32 TileW=1 TileH=1 File=20
2026-08-21 01:42:43 [INFO] Grh=1507 Frame=374 X=416 Y=96 W=32 H=32 TileW=1 TileH=1 File=20
2026-08-21 01:42:43 [INFO] Grh=1508 Frame=375 X=448 Y=96 W=32 H=32 TileW=1 TileH=1 File=20
2026-08-21 01:42:43 [INFO] Grh=1505 Frame=372 X=480 Y=96 W=32 H=32 TileW=1 TileH=1 File=20
2026-08-21 01:42:43 [INFO] Grh=1506 Frame=373 X=512 Y=96 W=32 H=32 TileW=1 TileH=1 File=20
2026-08-21 01:42:43 [INFO] Grh=1507 Frame=374 X=544 Y=96 W=32 H=32 TileW=1 TileH=1 File=20
2026-08-21 01:42:43 [INFO] Grh=1513 Frame=380 X=-32 Y=128 W=32 H=32 TileW=1 TileH=1 File=20
2026-08-21 01:42:43 [INFO] Grh=1514 Frame=381 X=0 Y=128 W=32 H=32 TileW=1 TileH=1 File=20
2026-08-21 01:42:43 [INFO] Grh=1515 Frame=382 X=32 Y=128 W=32 H=32 TileW=1 TileH=1 File=20
2026-08-21 01:42:43 [INFO] Grh=1516 Frame=383 X=64 Y=128 W=32 H=32 TileW=1 TileH=1 File=20
2026-08-21 01:42:43 [INFO] Grh=1513 Frame=380 X=96 Y=128 W=32 H=32 TileW=1 TileH=1 File=20
2026-08-21 01:42:43 [INFO] Grh=1514 Frame=381 X=128 Y=128 W=32 H=32 TileW=1 TileH=1 File=20
2026-08-21 01:42:43 [INFO] Grh=1515 Frame=382 X=160 Y=128 W=32 H=32 TileW=1 TileH=1 File=20
2026-08-21 01:42:43 [INFO] Grh=1516 Frame=383 X=192 Y=128 W=32 H=32 TileW=1 TileH=1 File=20
2026-08-21 01:42:43 [INFO] Grh=1513 Frame=380 X=224 Y=128 W=32 H=32 TileW=1 TileH=1 File=20
2026-08-21 01:42:43 [INFO] Grh=1514 Frame=381 X=256 Y=128 W=32 H=32 TileW=1 TileH=1 File=20
2026-08-21 01:42:43 [INFO] Grh=1515 Frame=382 X=288 Y=128 W=32 H=32 TileW=1 TileH=1 File=20
2026-08-21 01:42:43 [INFO] Grh=1516 Frame=383 X=320 Y=128 W=32 H=32 TileW=1 TileH=1 File=20
2026-08-21 01:42:43 [INFO] Grh=1513 Frame=380 X=352 Y=128 W=32 H=32 TileW=1 TileH=1 File=20
2026-08-21 01:42:43 [INFO] Grh=1514 Frame=381 X=384 Y=128 W=32 H=32 TileW=1 TileH=1 File=20
2026-08-21 01:42:43 [INFO] Grh=1515 Frame=382 X=416 Y=128 W=32 H=32 TileW=1 TileH=1 File=20
2026-08-21 01:42:43 [INFO] Grh=1516 Frame=383 X=448 Y=128 W=32 H=32 TileW=1 TileH=1 File=20
2026-08-21 01:42:43 [INFO] Grh=1513 Frame=380 X=480 Y=128 W=32 H=32 TileW=1 TileH=1 File=20
2026-08-21 01:42:43 [INFO] Grh=1514 Frame=381 X=512 Y=128 W=32 H=32 TileW=1 TileH=1 File=20
2026-08-21 01:42:43 [INFO] Grh=1515 Frame=382 X=544 Y=128 W=32 H=32 TileW=1 TileH=1 File=20
2026-08-21 01:42:43 [INFO] Grh=1505 Frame=372 X=-32 Y=160 W=32 H=32 TileW=1 TileH=1 File=20
2026-08-21 01:42:43 [INFO] Grh=1506 Frame=373 X=0 Y=160 W=32 H=32 TileW=1 TileH=1 File=20
2026-08-21 01:42:43 [INFO] Grh=1507 Frame=374 X=32 Y=160 W=32 H=32 TileW=1 TileH=1 File=20
2026-08-21 01:42:43 [INFO] Grh=1508 Frame=375 X=64 Y=160 W=32 H=32 TileW=1 TileH=1 File=20
2026-08-21 01:42:43 [INFO] Grh=1505 Frame=372 X=96 Y=160 W=32 H=32 TileW=1 TileH=1 File=20
2026-08-21 01:42:43 [INFO] Grh=1506 Frame=373 X=128 Y=160 W=32 H=32 TileW=1 TileH=1 File=20
2026-08-21 01:42:43 [INFO] Grh=1507 Frame=374 X=160 Y=160 W=32 H=32 TileW=1 TileH=1 File=20
2026-08-21 01:42:43 [INFO] Grh=1508 Frame=375 X=192 Y=160 W=32 H=32 TileW=1 TileH=1 File=20
2026-08-21 01:42:43 [INFO] Grh=1505 Frame=372 X=224 Y=160 W=32 H=32 TileW=1 TileH=1 File=20
2026-08-21 01:42:43 [INFO] Grh=1506 Frame=373 X=256 Y=160 W=32 H=32 TileW=1 TileH=1 File=20
2026-08-21 01:42:43 [INFO] Grh=1507 Frame=374 X=288 Y=160 W=32 H=32 TileW=1 TileH=1 File=20
2026-08-21 01:42:43 [INFO] Grh=1508 Frame=375 X=320 Y=160 W=32 H=32 TileW=1 TileH=1 File=20
2026-08-21 01:42:43 [INFO] Grh=1505 Frame=372 X=352 Y=160 W=32 H=32 TileW=1 TileH=1 File=20
2026-08-21 01:42:43 [INFO] Grh=1506 Frame=373 X=384 Y=160 W=32 H=32 TileW=1 TileH=1 File=20
2026-08-21 01:42:43 [INFO] Grh=1507 Frame=374 X=416 Y=160 W=32 H=32 TileW=1 TileH=1 File=20
2026-08-21 01:42:43 [INFO] Grh=1508 Frame=375 X=448 Y=160 W=32 H=32 TileW=1 TileH=1 File=20
2026-08-21 01:42:43 [INFO] Grh=1505 Frame=372 X=480 Y=160 W=32 H=32 TileW=1 TileH=1 File=20
2026-08-21 01:42:43 [INFO] Grh=1506 Frame=373 X=512 Y=160 W=32 H=32 TileW=1 TileH=1 File=20
2026-08-21 01:42:43 [INFO] Grh=1507 Frame=374 X=544 Y=160 W=32 H=32 TileW=1 TileH=1 File=20
2026-08-21 01:42:43 [INFO] Grh=1513 Frame=380 X=-32 Y=192 W=32 H=32 TileW=1 TileH=1 File=20
2026-08-21 01:42:43 [INFO] Grh=1514 Frame=381 X=0 Y=192 W=32 H=32 TileW=1 TileH=1 File=20
2026-08-21 01:42:43 [INFO] Grh=1515 Frame=382 X=32 Y=192 W=32 H=32 TileW=1 TileH=1 File=20
2026-08-21 01:42:43 [INFO] Grh=1516 Frame=383 X=64 Y=192 W=32 H=32 TileW=1 TileH=1 File=20
2026-08-21 01:42:43 [INFO] Grh=1513 Frame=380 X=96 Y=192 W=32 H=32 TileW=1 TileH=1 File=20
2026-08-21 01:42:43 [INFO] Grh=1514 Frame=381 X=128 Y=192 W=32 H=32 TileW=1 TileH=1 File=20
2026-08-21 01:42:43 [INFO] Grh=1515 Frame=382 X=160 Y=192 W=32 H=32 TileW=1 TileH=1 File=20
2026-08-21 01:42:43 [INFO] Grh=1516 Frame=383 X=192 Y=192 W=32 H=32 TileW=1 TileH=1 File=20
2026-08-21 01:42:43 [INFO] Grh=1513 Frame=380 X=224 Y=192 W=32 H=32 TileW=1 TileH=1 File=20
2026-08-21 01:42:43 [INFO] Grh=1514 Frame=381 X=256 Y=192 W=32 H=32 TileW=1 TileH=1 File=20
2026-08-21 01:42:43 [INFO] Grh=1515 Frame=382 X=288 Y=192 W=32 H=32 TileW=1 TileH=1 File=20
2026-08-21 01:42:43 [INFO] Grh=1516 Frame=383 X=320 Y=192 W=32 H=32 TileW=1 TileH=1 File=20
2026-08-21 01:42:43 [INFO] Grh=1513 Frame=380 X=352 Y=192 W=32 H=32 TileW=1 TileH=1 File=20
2026-08-21 01:42:43 [INFO] Grh=1514 Frame=381 X=384 Y=192 W=32 H=32 TileW=1 TileH=1 File=20
2026-08-21 01:42:43 [INFO] Grh=1515 Frame=382 X=416 Y=192 W=32 H=32 TileW=1 TileH=1 File=20
2026-08-21 01:42:43 [INFO] Grh=1516 Frame=383 X=448 Y=192 W=32 H=32 TileW=1 TileH=1 File=20
2026-08-21 01:42:43 [INFO] Grh=1513 Frame=380 X=480 Y=192 W=32 H=32 TileW=1 TileH=1 File=20
2026-08-21 01:42:43 [INFO] Grh=1514 Frame=381 X=512 Y=192 W=32 H=32 TileW=1 TileH=1 File=20
2026-08-21 01:42:43 [INFO] Grh=1515 Frame=382 X=544 Y=192 W=32 H=32 TileW=1 TileH=1 File=20
2026-08-21 01:42:43 [INFO] Grh=6000 Frame=6000 X=-32 Y=-32 W=32 H=32 TileW=1 TileH=1 File=6000
2026-08-21 01:42:43 [INFO] Grh=6001 Frame=6001 X=0 Y=-32 W=32 H=32 TileW=1 TileH=1 File=6000
2026-08-21 01:42:43 [INFO] Grh=6002 Frame=6002 X=32 Y=-32 W=32 H=32 TileW=1 TileH=1 File=6000
2026-08-21 01:42:43 [INFO] Grh=6003 Frame=6003 X=64 Y=-32 W=32 H=32 TileW=1 TileH=1 File=6000
2026-08-21 01:42:43 [INFO] Grh=6000 Frame=6000 X=96 Y=-32 W=32 H=32 TileW=1 TileH=1 File=6000
2026-08-21 01:42:43 [INFO] Grh=6001 Frame=6001 X=128 Y=-32 W=32 H=32 TileW=1 TileH=1 File=6000
2026-08-21 01:42:43 [INFO] Grh=6002 Frame=6002 X=160 Y=-32 W=32 H=32 TileW=1 TileH=1 File=6000
2026-08-21 01:42:43 [INFO] Grh=6003 Frame=6003 X=192 Y=-32 W=32 H=32 TileW=1 TileH=1 File=6000
2026-08-21 01:42:43 [INFO] Grh=6000 Frame=6000 X=224 Y=-32 W=32 H=32 TileW=1 TileH=1 File=6000
2026-08-21 01:42:43 [INFO] Grh=6001 Frame=6001 X=256 Y=-32 W=32 H=32 TileW=1 TileH=1 File=6000
2026-08-21 01:42:43 [INFO] Grh=6002 Frame=6002 X=288 Y=-32 W=32 H=32 TileW=1 TileH=1 File=6000
2026-08-21 01:42:43 [INFO] Grh=6003 Frame=6003 X=320 Y=-32 W=32 H=32 TileW=1 TileH=1 File=6000
2026-08-21 01:42:43 [INFO] Grh=6000 Frame=6000 X=352 Y=-32 W=32 H=32 TileW=1 TileH=1 File=6000
2026-08-21 01:42:43 [INFO] Grh=6001 Frame=6001 X=384 Y=-32 W=32 H=32 TileW=1 TileH=1 File=6000
2026-08-21 01:42:43 [INFO] Grh=6002 Frame=6002 X=416 Y=-32 W=32 H=32 TileW=1 TileH=1 File=6000
2026-08-21 01:42:43 [INFO] Grh=6003 Frame=6003 X=448 Y=-32 W=32 H=32 TileW=1 TileH=1 File=6000
2026-08-21 01:42:43 [INFO] Grh=6000 Frame=6000 X=480 Y=-32 W=32 H=32 TileW=1 TileH=1 File=6000
2026-08-21 01:42:43 [INFO] Grh=6001 Frame=6001 X=512 Y=-32 W=32 H=32 TileW=1 TileH=1 File=6000
2026-08-21 01:42:43 [INFO] Grh=6002 Frame=6002 X=544 Y=-32 W=32 H=32 TileW=1 TileH=1 File=6000
2026-08-21 01:42:43 [INFO] Grh=6008 Frame=6008 X=-32 Y=0 W=32 H=32 TileW=1 TileH=1 File=6000
2026-08-21 01:42:43 [INFO] Grh=6009 Frame=6009 X=0 Y=0 W=32 H=32 TileW=1 TileH=1 File=6000
2026-08-21 01:42:43 [INFO] Grh=6010 Frame=6010 X=32 Y=0 W=32 H=32 TileW=1 TileH=1 File=6000
2026-08-21 01:42:43 [INFO] Grh=6011 Frame=6011 X=64 Y=0 W=32 H=32 TileW=1 TileH=1 File=6000
2026-08-21 01:42:43 [INFO] Grh=6008 Frame=6008 X=96 Y=0 W=32 H=32 TileW=1 TileH=1 File=6000
2026-08-21 01:42:43 [INFO] Grh=6009 Frame=6009 X=128 Y=0 W=32 H=32 TileW=1 TileH=1 File=6000
2026-08-21 01:42:43 [INFO] Grh=6010 Frame=6010 X=160 Y=0 W=32 H=32 TileW=1 TileH=1 File=6000
2026-08-21 01:42:43 [INFO] Grh=6011 Frame=6011 X=192 Y=0 W=32 H=32 TileW=1 TileH=1 File=6000
2026-08-21 01:42:43 [INFO] Grh=6008 Frame=6008 X=224 Y=0 W=32 H=32 TileW=1 TileH=1 File=6000
2026-08-21 01:42:43 [INFO] Grh=6009 Frame=6009 X=256 Y=0 W=32 H=32 TileW=1 TileH=1 File=6000
2026-08-21 01:42:43 [INFO] Grh=6010 Frame=6010 X=288 Y=0 W=32 H=32 TileW=1 TileH=1 File=6000
2026-08-21 01:42:43 [INFO] Grh=6011 Frame=6011 X=320 Y=0 W=32 H=32 TileW=1 TileH=1 File=6000
2026-08-21 01:42:43 [INFO] Grh=6008 Frame=6008 X=352 Y=0 W=32 H=32 TileW=1 TileH=1 File=6000
2026-08-21 01:42:43 [INFO] Grh=6009 Frame=6009 X=384 Y=0 W=32 H=32 TileW=1 TileH=1 File=6000
2026-08-21 01:42:43 [INFO] Grh=6010 Frame=6010 X=416 Y=0 W=32 H=32 TileW=1 TileH=1 File=6000
2026-08-21 01:42:43 [INFO] Grh=6011 Frame=6011 X=448 Y=0 W=32 H=32 TileW=1 TileH=1 File=6000
2026-08-21 01:42:43 [INFO] Grh=6008 Frame=6008 X=480 Y=0 W=32 H=32 TileW=1 TileH=1 File=6000
2026-08-21 01:42:43 [INFO] Grh=6009 Frame=6009 X=512 Y=0 W=32 H=32 TileW=1 TileH=1 File=6000
2026-08-21 01:42:43 [INFO] Grh=6010 Frame=6010 X=544 Y=0 W=32 H=32 TileW=1 TileH=1 File=6000
2026-08-21 01:42:43 [INFO] Grh=1505 Frame=356 X=-32 Y=32 W=32 H=32 TileW=1 TileH=1 File=20
2026-08-21 01:42:43 [INFO] Grh=1506 Frame=357 X=0 Y=32 W=32 H=32 TileW=1 TileH=1 File=20
2026-08-21 01:42:43 [INFO] Grh=1507 Frame=358 X=32 Y=32 W=32 H=32 TileW=1 TileH=1 File=20
2026-08-21 01:42:43 [INFO] Grh=1508 Frame=359 X=64 Y=32 W=32 H=32 TileW=1 TileH=1 File=20
2026-08-21 01:42:43 [INFO] Grh=1505 Frame=356 X=96 Y=32 W=32 H=32 TileW=1 TileH=1 File=20
2026-08-21 01:42:43 [INFO] Grh=1506 Frame=357 X=128 Y=32 W=32 H=32 TileW=1 TileH=1 File=20
2026-08-21 01:42:43 [INFO] Grh=1507 Frame=358 X=160 Y=32 W=32 H=32 TileW=1 TileH=1 File=20
2026-08-21 01:42:43 [INFO] Grh=1508 Frame=359 X=192 Y=32 W=32 H=32 TileW=1 TileH=1 File=20
2026-08-21 01:42:43 [INFO] Grh=1505 Frame=356 X=224 Y=32 W=32 H=32 TileW=1 TileH=1 File=20
2026-08-21 01:42:43 [INFO] Grh=1506 Frame=357 X=256 Y=32 W=32 H=32 TileW=1 TileH=1 File=20
2026-08-21 01:42:43 [INFO] Grh=1507 Frame=358 X=288 Y=32 W=32 H=32 TileW=1 TileH=1 File=20
2026-08-21 01:42:43 [INFO] Grh=1508 Frame=359 X=320 Y=32 W=32 H=32 TileW=1 TileH=1 File=20
2026-08-21 01:42:43 [INFO] Grh=1505 Frame=356 X=352 Y=32 W=32 H=32 TileW=1 TileH=1 File=20
2026-08-21 01:42:43 [INFO] Grh=1506 Frame=357 X=384 Y=32 W=32 H=32 TileW=1 TileH=1 File=20
2026-08-21 01:42:43 [INFO] Grh=1507 Frame=358 X=416 Y=32 W=32 H=32 TileW=1 TileH=1 File=20
2026-08-21 01:42:43 [INFO] Grh=1508 Frame=359 X=448 Y=32 W=32 H=32 TileW=1 TileH=1 File=20
2026-08-21 01:42:43 [INFO] Grh=1505 Frame=356 X=480 Y=32 W=32 H=32 TileW=1 TileH=1 File=20
2026-08-21 01:42:43 [INFO] Grh=1506 Frame=357 X=512 Y=32 W=32 H=32 TileW=1 TileH=1 File=20
2026-08-21 01:42:43 [INFO] Grh=1507 Frame=358 X=544 Y=32 W=32 H=32 TileW=1 TileH=1 File=20
2026-08-21 01:42:43 [INFO] Grh=1513 Frame=364 X=-32 Y=64 W=32 H=32 TileW=1 TileH=1 File=20
2026-08-21 01:42:43 [INFO] Grh=1514 Frame=365 X=0 Y=64 W=32 H=32 TileW=1 TileH=1 File=20
2026-08-21 01:42:43 [INFO] Grh=1515 Frame=366 X=32 Y=64 W=32 H=32 TileW=1 TileH=1 File=20
2026-08-21 01:42:43 [INFO] Grh=1516 Frame=367 X=64 Y=64 W=32 H=32 TileW=1 TileH=1 File=20
2026-08-21 01:42:43 [INFO] Grh=1513 Frame=364 X=96 Y=64 W=32 H=32 TileW=1 TileH=1 File=20
2026-08-21 01:42:43 [INFO] Grh=1514 Frame=365 X=128 Y=64 W=32 H=32 TileW=1 TileH=1 File=20
2026-08-21 01:42:43 [INFO] Grh=1515 Frame=366 X=160 Y=64 W=32 H=32 TileW=1 TileH=1 File=20
2026-08-21 01:42:43 [INFO] Grh=1516 Frame=367 X=192 Y=64 W=32 H=32 TileW=1 TileH=1 File=20
2026-08-21 01:42:43 [INFO] Grh=1513 Frame=364 X=224 Y=64 W=32 H=32 TileW=1 TileH=1 File=20
2026-08-21 01:42:43 [INFO] Grh=1514 Frame=365 X=256 Y=64 W=32 H=32 TileW=1 TileH=1 File=20
2026-08-21 01:42:43 [INFO] Grh=1515 Frame=366 X=288 Y=64 W=32 H=32 TileW=1 TileH=1 File=20
2026-08-21 01:42:43 [INFO] Grh=1516 Frame=367 X=320 Y=64 W=32 H=32 TileW=1 TileH=1 File=20
2026-08-21 01:42:43 [INFO] Grh=1513 Frame=364 X=352 Y=64 W=32 H=32 TileW=1 TileH=1 File=20
2026-08-21 01:42:43 [INFO] Grh=1514 Frame=365 X=384 Y=64 W=32 H=32 TileW=1 TileH=1 File=20
2026-08-21 01:42:43 [INFO] Grh=1515 Frame=366 X=416 Y=64 W=32 H=32 TileW=1 TileH=1 File=20
2026-08-21 01:42:43 [INFO] Grh=1516 Frame=367 X=448 Y=64 W=32 H=32 TileW=1 TileH=1 File=20
2026-08-21 01:42:43 [INFO] Grh=1513 Frame=364 X=480 Y=64 W=32 H=32 TileW=1 TileH=1 File=20
2026-08-21 01:42:43 [INFO] Grh=1514 Frame=365 X=512 Y=64 W=32 H=32 TileW=1 TileH=1 File=20
2026-08-21 01:42:43 [INFO] Grh=1515 Frame=366 X=544 Y=64 W=32 H=32 TileW=1 TileH=1 File=20
2026-08-21 01:42:43 [INFO] Grh=1505 Frame=356 X=-32 Y=96 W=32 H=32 TileW=1 TileH=1 File=20
2026-08-21 01:42:43 [INFO] Grh=1506 Frame=357 X=0 Y=96 W=32 H=32 TileW=1 TileH=1 File=20
2026-08-21 01:42:43 [INFO] Grh=1507 Frame=358 X=32 Y=96 W=32 H=32 TileW=1 TileH=1 File=20
2026-08-21 01:42:43 [INFO] Grh=1508 Frame=359 X=64 Y=96 W=32 H=32 TileW=1 TileH=1 File=20
2026-08-21 01:42:43 [INFO] Grh=1505 Frame=356 X=96 Y=96 W=32 H=32 TileW=1 TileH=1 File=20
2026-08-21 01:42:43 [INFO] Grh=1506 Frame=357 X=128 Y=96 W=32 H=32 TileW=1 TileH=1 File=20
2026-08-21 01:42:43 [INFO] Grh=1507 Frame=358 X=160 Y=96 W=32 H=32 TileW=1 TileH=1 File=20
2026-08-21 01:42:43 [INFO] Grh=1508 Frame=359 X=192 Y=96 W=32 H=32 TileW=1 TileH=1 File=20
2026-08-21 01:42:43 [INFO] Grh=1505 Frame=356 X=224 Y=96 W=32 H=32 TileW=1 TileH=1 File=20
2026-08-21 01:42:43 [INFO] Grh=1506 Frame=357 X=256 Y=96 W=32 H=32 TileW=1 TileH=1 File=20
2026-08-21 01:42:43 [INFO] Grh=1507 Frame=358 X=288 Y=96 W=32 H=32 TileW=1 TileH=1 File=20
2026-08-21 01:42:43 [INFO] Grh=1508 Frame=359 X=320 Y=96 W=32 H=32 TileW=1 TileH=1 File=20
2026-08-21 01:42:43 [INFO] Grh=1505 Frame=356 X=352 Y=96 W=32 H=32 TileW=1 TileH=1 File=20
2026-08-21 01:42:43 [INFO] Grh=1506 Frame=357 X=384 Y=96 W=32 H=32 TileW=1 TileH=1 File=20
2026-08-21 01:42:43 [INFO] Grh=1507 Frame=358 X=416 Y=96 W=32 H=32 TileW=1 TileH=1 File=20
2026-08-21 01:42:43 [INFO] Grh=1508 Frame=359 X=448 Y=96 W=32 H=32 TileW=1 TileH=1 File=20
2026-08-21 01:42:43 [INFO] Grh=1505 Frame=356 X=480 Y=96 W=32 H=32 TileW=1 TileH=1 File=20
2026-08-21 01:42:43 [INFO] Grh=1506 Frame=357 X=512 Y=96 W=32 H=32 TileW=1 TileH=1 File=20
2026-08-21 01:42:43 [INFO] Grh=1507 Frame=358 X=544 Y=96 W=32 H=32 TileW=1 TileH=1 File=20
2026-08-21 01:42:43 [INFO] Grh=1513 Frame=364 X=-32 Y=128 W=32 H=32 TileW=1 TileH=1 File=20
2026-08-21 01:42:43 [INFO] Grh=1514 Frame=365 X=0 Y=128 W=32 H=32 TileW=1 TileH=1 File=20
2026-08-21 01:42:43 [INFO] Grh=1515 Frame=366 X=32 Y=128 W=32 H=32 TileW=1 TileH=1 File=20
2026-08-21 01:42:43 [INFO] Grh=1516 Frame=367 X=64 Y=128 W=32 H=32 TileW=1 TileH=1 File=20
2026-08-21 01:42:43 [INFO] Grh=1513 Frame=364 X=96 Y=128 W=32 H=32 TileW=1 TileH=1 File=20
2026-08-21 01:42:43 [INFO] Grh=1514 Frame=365 X=128 Y=128 W=32 H=32 TileW=1 TileH=1 File=20
2026-08-21 01:42:43 [INFO] Grh=1515 Frame=366 X=160 Y=128 W=32 H=32 TileW=1 TileH=1 File=20
2026-08-21 01:42:43 [INFO] Grh=1516 Frame=367 X=192 Y=128 W=32 H=32 TileW=1 TileH=1 File=20
2026-08-21 01:42:43 [INFO] Grh=1513 Frame=364 X=224 Y=128 W=32 H=32 TileW=1 TileH=1 File=20
2026-08-21 01:42:43 [INFO] Grh=1514 Frame=365 X=256 Y=128 W=32 H=32 TileW=1 TileH=1 File=20
2026-08-21 01:42:43 [INFO] Grh=1515 Frame=366 X=288 Y=128 W=32 H=32 TileW=1 TileH=1 File=20
2026-08-21 01:42:43 [INFO] Grh=1516 Frame=367 X=320 Y=128 W=32 H=32 TileW=1 TileH=1 File=20
2026-08-21 01:42:43 [INFO] Grh=1513 Frame=364 X=352 Y=128 W=32 H=32 TileW=1 TileH=1 File=20
2026-08-21 01:42:43 [INFO] Grh=1514 Frame=365 X=384 Y=128 W=32 H=32 TileW=1 TileH=1 File=20
2026-08-21 01:42:43 [INFO] Grh=1515 Frame=366 X=416 Y=128 W=32 H=32 TileW=1 TileH=1 File=20
2026-08-21 01:42:43 [INFO] Grh=1516 Frame=367 X=448 Y=128 W=32 H=32 TileW=1 TileH=1 File=20
2026-08-21 01:42:43 [INFO] Grh=1513 Frame=364 X=480 Y=128 W=32 H=32 TileW=1 TileH=1 File=20
2026-08-21 01:42:43 [INFO] Grh=1514 Frame=365 X=512 Y=128 W=32 H=32 TileW=1 TileH=1 File=20
2026-08-21 01:42:43 [INFO] Grh=1515 Frame=366 X=544 Y=128 W=32 H=32 TileW=1 TileH=1 File=20
2026-08-21 01:42:43 [INFO] Grh=1505 Frame=356 X=-32 Y=160 W=32 H=32 TileW=1 TileH=1 File=20
2026-08-21 01:42:43 [INFO] Grh=1506 Frame=357 X=0 Y=160 W=32 H=32 TileW=1 TileH=1 File=20
2026-08-21 01:42:43 [INFO] Grh=1507 Frame=358 X=32 Y=160 W=32 H=32 TileW=1 TileH=1 File=20
2026-08-21 01:42:43 [INFO] Grh=1508 Frame=359 X=64 Y=160 W=32 H=32 TileW=1 TileH=1 File=20
2026-08-21 01:42:43 [INFO] Grh=1505 Frame=356 X=96 Y=160 W=32 H=32 TileW=1 TileH=1 File=20
2026-08-21 01:42:43 [INFO] Grh=1506 Frame=357 X=128 Y=160 W=32 H=32 TileW=1 TileH=1 File=20
2026-08-21 01:42:43 [INFO] Grh=1507 Frame=358 X=160 Y=160 W=32 H=32 TileW=1 TileH=1 File=20
2026-08-21 01:42:43 [INFO] Grh=1508 Frame=359 X=192 Y=160 W=32 H=32 TileW=1 TileH=1 File=20
2026-08-21 01:42:43 [INFO] Grh=1505 Frame=356 X=224 Y=160 W=32 H=32 TileW=1 TileH=1 File=20
2026-08-21 01:42:43 [INFO] Grh=1506 Frame=357 X=256 Y=160 W=32 H=32 TileW=1 TileH=1 File=20
2026-08-21 01:42:43 [INFO] Grh=1507 Frame=358 X=288 Y=160 W=32 H=32 TileW=1 TileH=1 File=20
2026-08-21 01:42:43 [INFO] Grh=1508 Frame=359 X=320 Y=160 W=32 H=32 TileW=1 TileH=1 File=20
2026-08-21 01:42:43 [INFO] Grh=1505 Frame=356 X=352 Y=160 W=32 H=32 TileW=1 TileH=1 File=20
2026-08-21 01:42:43 [INFO] Grh=1506 Frame=357 X=384 Y=160 W=32 H=32 TileW=1 TileH=1 File=20
2026-08-21 01:42:43 [INFO] Grh=1507 Frame=358 X=416 Y=160 W=32 H=32 TileW=1 TileH=1 File=20
2026-08-21 01:42:43 [INFO] Grh=1508 Frame=359 X=448 Y=160 W=32 H=32 TileW=1 TileH=1 File=20
2026-08-21 01:42:43 [INFO] Grh=1505 Frame=356 X=480 Y=160 W=32 H=32 TileW=1 TileH=1 File=20
2026-08-21 01:42:43 [INFO] Grh=1506 Frame=357 X=512 Y=160 W=32 H=32 TileW=1 TileH=1 File=20
2026-08-21 01:42:43 [INFO] Grh=1507 Frame=358 X=544 Y=160 W=32 H=32 TileW=1 TileH=1 File=20
2026-08-21 01:42:43 [INFO] Grh=1513 Frame=364 X=-32 Y=192 W=32 H=32 TileW=1 TileH=1 File=20
2026-08-21 01:42:43 [INFO] Grh=1514 Frame=365 X=0 Y=192 W=32 H=32 TileW=1 TileH=1 File=20
2026-08-21 01:42:43 [INFO] Grh=1515 Frame=366 X=32 Y=192 W=32 H=32 TileW=1 TileH=1 File=20
2026-08-21 01:42:43 [INFO] Grh=1516 Frame=367 X=64 Y=192 W=32 H=32 TileW=1 TileH=1 File=20
2026-08-21 01:42:43 [INFO] Grh=1513 Frame=364 X=96 Y=192 W=32 H=32 TileW=1 TileH=1 File=20
2026-08-21 01:42:43 [INFO] Grh=1514 Frame=365 X=128 Y=192 W=32 H=32 TileW=1 TileH=1 File=20
2026-08-21 01:42:43 [INFO] Grh=1515 Frame=366 X=160 Y=192 W=32 H=32 TileW=1 TileH=1 File=20
2026-08-21 01:42:43 [INFO] Grh=1516 Frame=367 X=192 Y=192 W=32 H=32 TileW=1 TileH=1 File=20
2026-08-21 01:42:43 [INFO] Grh=1513 Frame=364 X=224 Y=192 W=32 H=32 TileW=1 TileH=1 File=20
2026-08-21 01:42:43 [INFO] Grh=1514 Frame=365 X=256 Y=192 W=32 H=32 TileW=1 TileH=1 File=20
2026-08-21 01:42:43 [INFO] Grh=1515 Frame=366 X=288 Y=192 W=32 H=32 TileW=1 TileH=1 File=20
2026-08-21 01:42:43 [INFO] Grh=1516 Frame=367 X=320 Y=192 W=32 H=32 TileW=1 TileH=1 File=20
2026-08-21 01:42:43 [INFO] Grh=1513 Frame=364 X=352 Y=192 W=32 H=32 TileW=1 TileH=1 File=20
2026-08-21 01:42:43 [INFO] Grh=1514 Frame=365 X=384 Y=192 W=32 H=32 TileW=1 TileH=1 File=20
2026-08-21 01:42:43 [INFO] Grh=1515 Frame=366 X=416 Y=192 W=32 H=32 TileW=1 TileH=1 File=20
2026-08-21 01:42:43 [INFO] Grh=1516 Frame=367 X=448 Y=192 W=32 H=32 TileW=1 TileH=1 File=20
2026-08-21 01:42:43 [INFO] Grh=1513 Frame=364 X=480 Y=192 W=32 H=32 TileW=1 TileH=1 File=20
2026-08-21 01:42:43 [INFO] Grh=1514 Frame=365 X=512 Y=192 W=32 H=32 TileW=1 TileH=1 File=20
2026-08-21 01:42:43 [INFO] Grh=1515 Frame=366 X=544 Y=192 W=32 H=32 TileW=1 TileH=1 File=20
2026-08-21 01:42:43 [INFO] Grh=6000 Frame=6000 X=-32 Y=-32 W=32 H=32 TileW=1 TileH=1 File=6000
2026-08-21 01:42:43 [INFO] Grh=6001 Frame=6001 X=0 Y=-32 W=32 H=32 TileW=1 TileH=1 File=6000
2026-08-21 01:42:43 [INFO] Grh=6002 Frame=6002 X=32 Y=-32 W=32 H=32 TileW=1 TileH=1 File=6000
2026-08-21 01:42:43 [INFO] Grh=6003 Frame=6003 X=64 Y=-32 W=32 H=32 TileW=1 TileH=1 File=6000
2026-08-21 01:42:43 [INFO] Grh=6000 Frame=6000 X=96 Y=-32 W=32 H=32 TileW=1 TileH=1 File=6000
2026-08-21 01:42:43 [INFO] Grh=6001 Frame=6001 X=128 Y=-32 W=32 H=32 TileW=1 TileH=1 File=6000
2026-08-21 01:42:43 [INFO] Grh=6002 Frame=6002 X=160 Y=-32 W=32 H=32 TileW=1 TileH=1 File=6000
2026-08-21 01:42:43 [INFO] Grh=6003 Frame=6003 X=192 Y=-32 W=32 H=32 TileW=1 TileH=1 File=6000
2026-08-21 01:42:43 [INFO] Grh=6000 Frame=6000 X=224 Y=-32 W=32 H=32 TileW=1 TileH=1 File=6000
2026-08-21 01:42:43 [INFO] Grh=6001 Frame=6001 X=256 Y=-32 W=32 H=32 TileW=1 TileH=1 File=6000
2026-08-21 01:42:43 [INFO] Grh=6002 Frame=6002 X=288 Y=-32 W=32 H=32 TileW=1 TileH=1 File=6000
2026-08-21 01:42:43 [INFO] Grh=6003 Frame=6003 X=320 Y=-32 W=32 H=32 TileW=1 TileH=1 File=6000
2026-08-21 01:42:43 [INFO] Grh=6000 Frame=6000 X=352 Y=-32 W=32 H=32 TileW=1 TileH=1 File=6000
2026-08-21 01:42:43 [INFO] Grh=6001 Frame=6001 X=384 Y=-32 W=32 H=32 TileW=1 TileH=1 File=6000
2026-08-21 01:42:43 [INFO] Grh=6002 Frame=6002 X=416 Y=-32 W=32 H=32 TileW=1 TileH=1 File=6000
2026-08-21 01:42:43 [INFO] Grh=6003 Frame=6003 X=448 Y=-32 W=32 H=32 TileW=1 TileH=1 File=6000
2026-08-21 01:42:43 [INFO] Grh=6000 Frame=6000 X=480 Y=-32 W=32 H=32 TileW=1 TileH=1 File=6000
2026-08-21 01:42:43 [INFO] Grh=6001 Frame=6001 X=512 Y=-32 W=32 H=32 TileW=1 TileH=1 File=6000
2026-08-21 01:42:43 [INFO] Grh=6002 Frame=6002 X=544 Y=-32 W=32 H=32 TileW=1 TileH=1 File=6000
2026-08-21 01:42:43 [INFO] Grh=6008 Frame=6008 X=-32 Y=0 W=32 H=32 TileW=1 TileH=1 File=6000
2026-08-21 01:42:43 [INFO] Grh=6009 Frame=6009 X=0 Y=0 W=32 H=32 TileW=1 TileH=1 File=6000
2026-08-21 01:42:43 [INFO] Grh=6010 Frame=6010 X=32 Y=0 W=32 H=32 TileW=1 TileH=1 File=6000
2026-08-21 01:42:43 [INFO] Grh=6011 Frame=6011 X=64 Y=0 W=32 H=32 TileW=1 TileH=1 File=6000
2026-08-21 01:42:44 [INFO] Grh=6008 Frame=6008 X=96 Y=0 W=32 H=32 TileW=1 TileH=1 File=6000
2026-08-21 01:42:44 [INFO] Grh=6009 Frame=6009 X=128 Y=0 W=32 H=32 TileW=1 TileH=1 File=6000
2026-08-21 01:42:44 [INFO] Grh=6010 Frame=6010 X=160 Y=0 W=32 H=32 TileW=1 TileH=1 File=6000
2026-08-21 01:42:44 [INFO] Grh=6011 Frame=6011 X=192 Y=0 W=32 H=32 TileW=1 TileH=1 File=6000
2026-08-21 01:42:44 [INFO] Grh=6008 Frame=6008 X=224 Y=0 W=32 H=32 TileW=1 TileH=1 File=6000
2026-08-21 01:42:44 [INFO] Grh=6009 Frame=6009 X=256 Y=0 W=32 H=32 TileW=1 TileH=1 File=6000
2026-08-21 01:42:44 [INFO] Grh=6010 Frame=6010 X=288 Y=0 W=32 H=32 TileW=1 TileH=1 File=6000
2026-08-21 01:42:44 [INFO] Grh=6011 Frame=6011 X=320 Y=0 W=32 H=32 TileW=1 TileH=1 File=6000
2026-08-21 01:42:44 [INFO] Grh=6008 Frame=6008 X=352 Y=0 W=32 H=32 TileW=1 TileH=1 File=6000
2026-08-21 01:42:44 [INFO] Grh=6009 Frame=6009 X=384 Y=0 W=32 H=32 TileW=1 TileH=1 File=6000
2026-08-21 01:42:44 [INFO] Grh=6010 Frame=6010 X=416 Y=0 W=32 H=32 TileW=1 TileH=1 File=6000
2026-08-21 01:42:44 [INFO] Grh=6011 Frame=6011 X=448 Y=0 W=32 H=32 TileW=1 TileH=1 File=6000
2026-08-21 01:42:44 [INFO] Grh=6008 Frame=6008 X=480 Y=0 W=32 H=32 TileW=1 TileH=1 File=6000
2026-08-21 01:42:44 [INFO] Grh=6009 Frame=6009 X=512 Y=0 W=32 H=32 TileW=1 TileH=1 File=6000
2026-08-21 01:42:44 [INFO] Grh=6010 Frame=6010 X=544 Y=0 W=32 H=32 TileW=1 TileH=1 File=6000
2026-08-21 01:42:44 [INFO] Grh=1505 Frame=324 X=-32 Y=32 W=32 H=32 TileW=1 TileH=1 File=20
2026-08-21 01:42:44 [INFO] Grh=1506 Frame=325 X=0 Y=32 W=32 H=32 TileW=1 TileH=1 File=20
2026-08-21 01:42:44 [INFO] Grh=1507 Frame=326 X=32 Y=32 W=32 H=32 TileW=1 TileH=1 File=20
2026-08-21 01:42:44 [INFO] Grh=1508 Frame=327 X=64 Y=32 W=32 H=32 TileW=1 TileH=1 File=20
2026-08-21 01:42:44 [INFO] Grh=1505 Frame=324 X=96 Y=32 W=32 H=32 TileW=1 TileH=1 File=20
2026-08-21 01:42:44 [INFO] Grh=1506 Frame=325 X=128 Y=32 W=32 H=32 TileW=1 TileH=1 File=20
2026-08-21 01:42:44 [INFO] Grh=1507 Frame=326 X=160 Y=32 W=32 H=32 TileW=1 TileH=1 File=20
2026-08-21 01:42:44 [INFO] Grh=1508 Frame=327 X=192 Y=32 W=32 H=32 TileW=1 TileH=1 File=20
2026-08-21 01:42:44 [INFO] Grh=1505 Frame=324 X=224 Y=32 W=32 H=32 TileW=1 TileH=1 File=20
2026-08-21 01:42:44 [INFO] Grh=1506 Frame=325 X=256 Y=32 W=32 H=32 TileW=1 TileH=1 File=20
2026-08-21 01:42:44 [INFO] Grh=1507 Frame=326 X=288 Y=32 W=32 H=32 TileW=1 TileH=1 File=20
2026-08-21 01:42:44 [INFO] Grh=1508 Frame=327 X=320 Y=32 W=32 H=32 TileW=1 TileH=1 File=20
2026-08-21 01:42:44 [INFO] Grh=1505 Frame=324 X=352 Y=32 W=32 H=32 TileW=1 TileH=1 File=20
2026-08-21 01:42:44 [INFO] Grh=1506 Frame=325 X=384 Y=32 W=32 H=32 TileW=1 TileH=1 File=20
2026-08-21 01:42:44 [INFO] Grh=1507 Frame=326 X=416 Y=32 W=32 H=32 TileW=1 TileH=1 File=20
2026-08-21 01:42:44 [INFO] Grh=1508 Frame=327 X=448 Y=32 W=32 H=32 TileW=1 TileH=1 File=20
2026-08-21 01:42:44 [INFO] Grh=1505 Frame=324 X=480 Y=32 W=32 H=32 TileW=1 TileH=1 File=20
2026-08-21 01:42:44 [INFO] Grh=1506 Frame=325 X=512 Y=32 W=32 H=32 TileW=1 TileH=1 File=20
2026-08-21 01:42:44 [INFO] Grh=1507 Frame=326 X=544 Y=32 W=32 H=32 TileW=1 TileH=1 File=20
2026-08-21 01:42:44 [INFO] Grh=1513 Frame=332 X=-32 Y=64 W=32 H=32 TileW=1 TileH=1 File=20
2026-08-21 01:42:44 [INFO] Grh=1514 Frame=333 X=0 Y=64 W=32 H=32 TileW=1 TileH=1 File=20
2026-08-21 01:42:44 [INFO] Grh=1515 Frame=334 X=32 Y=64 W=32 H=32 TileW=1 TileH=1 File=20
2026-08-21 01:42:44 [INFO] Grh=1516 Frame=335 X=64 Y=64 W=32 H=32 TileW=1 TileH=1 File=20
2026-08-21 01:42:44 [INFO] Grh=1513 Frame=332 X=96 Y=64 W=32 H=32 TileW=1 TileH=1 File=20
2026-08-21 01:42:44 [INFO] Grh=1514 Frame=333 X=128 Y=64 W=32 H=32 TileW=1 TileH=1 File=20
2026-08-21 01:42:44 [INFO] Grh=1515 Frame=334 X=160 Y=64 W=32 H=32 TileW=1 TileH=1 File=20
2026-08-21 01:42:44 [INFO] Grh=1516 Frame=335 X=192 Y=64 W=32 H=32 TileW=1 TileH=1 File=20
2026-08-21 01:42:44 [INFO] Grh=1513 Frame=332 X=224 Y=64 W=32 H=32 TileW=1 TileH=1 File=20
2026-08-21 01:42:44 [INFO] Grh=1514 Frame=333 X=256 Y=64 W=32 H=32 TileW=1 TileH=1 File=20
2026-08-21 01:42:44 [INFO] Grh=1515 Frame=334 X=288 Y=64 W=32 H=32 TileW=1 TileH=1 File=20
2026-08-21 01:42:44 [INFO] Grh=1516 Frame=335 X=320 Y=64 W=32 H=32 TileW=1 TileH=1 File=20
2026-08-21 01:42:44 [INFO] Grh=1513 Frame=332 X=352 Y=64 W=32 H=32 TileW=1 TileH=1 File=20
2026-08-21 01:42:44 [INFO] Grh=1514 Frame=333 X=384 Y=64 W=32 H=32 TileW=1 TileH=1 File=20
2026-08-21 01:42:44 [INFO] Grh=1515 Frame=334 X=416 Y=64 W=32 H=32 TileW=1 TileH=1 File=20
2026-08-21 01:42:44 [INFO] Grh=1516 Frame=335 X=448 Y=64 W=32 H=32 TileW=1 TileH=1 File=20
2026-08-21 01:42:44 [INFO] Grh=1513 Frame=332 X=480 Y=64 W=32 H=32 TileW=1 TileH=1 File=20
2026-08-21 01:42:44 [INFO] Grh=1514 Frame=333 X=512 Y=64 W=32 H=32 TileW=1 TileH=1 File=20
2026-08-21 01:42:44 [INFO] Grh=1515 Frame=334 X=544 Y=64 W=32 H=32 TileW=1 TileH=1 File=20
2026-08-21 01:42:44 [INFO] Grh=1505 Frame=324 X=-32 Y=96 W=32 H=32 TileW=1 TileH=1 File=20
2026-08-21 01:42:44 [INFO] Grh=1506 Frame=325 X=0 Y=96 W=32 H=32 TileW=1 TileH=1 File=20
2026-08-21 01:42:44 [INFO] Grh=1507 Frame=326 X=32 Y=96 W=32 H=32 TileW=1 TileH=1 File=20
2026-08-21 01:42:44 [INFO] Grh=1508 Frame=327 X=64 Y=96 W=32 H=32 TileW=1 TileH=1 File=20
2026-08-21 01:42:44 [INFO] Grh=1505 Frame=324 X=96 Y=96 W=32 H=32 TileW=1 TileH=1 File=20
2026-08-21 01:42:44 [INFO] Grh=1506 Frame=325 X=128 Y=96 W=32 H=32 TileW=1 TileH=1 File=20
2026-08-21 01:42:44 [INFO] Grh=1507 Frame=326 X=160 Y=96 W=32 H=32 TileW=1 TileH=1 File=20
2026-08-21 01:42:44 [INFO] Grh=1508 Frame=327 X=192 Y=96 W=32 H=32 TileW=1 TileH=1 File=20
2026-08-21 01:42:44 [INFO] Grh=1505 Frame=324 X=224 Y=96 W=32 H=32 TileW=1 TileH=1 File=20
2026-08-21 01:42:44 [INFO] Grh=1506 Frame=325 X=256 Y=96 W=32 H=32 TileW=1 TileH=1 File=20
2026-08-21 01:42:44 [INFO] Grh=1507 Frame=326 X=288 Y=96 W=32 H=32 TileW=1 TileH=1 File=20
2026-08-21 01:42:44 [INFO] Grh=1508 Frame=327 X=320 Y=96 W=32 H=32 TileW=1 TileH=1 File=20
2026-08-21 01:42:44 [INFO] Grh=1505 Frame=324 X=352 Y=96 W=32 H=32 TileW=1 TileH=1 File=20
2026-08-21 01:42:44 [INFO] Grh=1506 Frame=325 X=384 Y=96 W=32 H=32 TileW=1 TileH=1 File=20
2026-08-21 01:42:44 [INFO] Grh=1507 Frame=326 X=416 Y=96 W=32 H=32 TileW=1 TileH=1 File=20
2026-08-21 01:42:44 [INFO] Grh=1508 Frame=327 X=448 Y=96 W=32 H=32 TileW=1 TileH=1 File=20
2026-08-21 01:42:44 [INFO] Grh=1505 Frame=324 X=480 Y=96 W=32 H=32 TileW=1 TileH=1 File=20
2026-08-21 01:42:44 [INFO] Grh=1506 Frame=325 X=512 Y=96 W=32 H=32 TileW=1 TileH=1 File=20
2026-08-21 01:42:44 [INFO] Grh=1507 Frame=326 X=544 Y=96 W=32 H=32 TileW=1 TileH=1 File=20
2026-08-21 01:42:44 [INFO] Grh=1513 Frame=332 X=-32 Y=128 W=32 H=32 TileW=1 TileH=1 File=20
2026-08-21 01:42:44 [INFO] Grh=1514 Frame=333 X=0 Y=128 W=32 H=32 TileW=1 TileH=1 File=20
2026-08-21 01:42:44 [INFO] Grh=1515 Frame=334 X=32 Y=128 W=32 H=32 TileW=1 TileH=1 File=20
2026-08-21 01:42:44 [INFO] Grh=1516 Frame=335 X=64 Y=128 W=32 H=32 TileW=1 TileH=1 File=20
2026-08-21 01:42:44 [INFO] Grh=1513 Frame=332 X=96 Y=128 W=32 H=32 TileW=1 TileH=1 File=20
2026-08-21 01:42:44 [INFO] Grh=1514 Frame=333 X=128 Y=128 W=32 H=32 TileW=1 TileH=1 File=20
2026-08-21 01:42:44 [INFO] Grh=1515 Frame=334 X=160 Y=128 W=32 H=32 TileW=1 TileH=1 File=20
2026-08-21 01:42:44 [INFO] Grh=1516 Frame=335 X=192 Y=128 W=32 H=32 TileW=1 TileH=1 File=20
2026-08-21 01:42:44 [INFO] Grh=1513 Frame=332 X=224 Y=128 W=32 H=32 TileW=1 TileH=1 File=20
2026-08-21 01:42:44 [INFO] Grh=1514 Frame=333 X=256 Y=128 W=32 H=32 TileW=1 TileH=1 File=20
2026-08-21 01:42:44 [INFO] Grh=1515 Frame=334 X=288 Y=128 W=32 H=32 TileW=1 TileH=1 File=20
2026-08-21 01:42:44 [INFO] Grh=1516 Frame=335 X=320 Y=128 W=32 H=32 TileW=1 TileH=1 File=20
2026-08-21 01:42:44 [INFO] Grh=1513 Frame=332 X=352 Y=128 W=32 H=32 TileW=1 TileH=1 File=20
2026-08-21 01:42:44 [INFO] Grh=1514 Frame=333 X=384 Y=128 W=32 H=32 TileW=1 TileH=1 File=20
2026-08-21 01:42:44 [INFO] Grh=1515 Frame=334 X=416 Y=128 W=32 H=32 TileW=1 TileH=1 File=20
2026-08-21 01:42:44 [INFO] Grh=1516 Frame=335 X=448 Y=128 W=32 H=32 TileW=1 TileH=1 File=20
2026-08-21 01:42:44 [INFO] Grh=1513 Frame=332 X=480 Y=128 W=32 H=32 TileW=1 TileH=1 File=20
2026-08-21 01:42:44 [INFO] Grh=1514 Frame=333 X=512 Y=128 W=32 H=32 TileW=1 TileH=1 File=20
2026-08-21 01:42:44 [INFO] Grh=1515 Frame=334 X=544 Y=128 W=32 H=32 TileW=1 TileH=1 File=20
2026-08-21 01:42:44 [INFO] Grh=1505 Frame=324 X=-32 Y=160 W=32 H=32 TileW=1 TileH=1 File=20
2026-08-21 01:42:44 [INFO] Grh=1506 Frame=325 X=0 Y=160 W=32 H=32 TileW=1 TileH=1 File=20
2026-08-21 01:42:44 [INFO] Grh=1507 Frame=326 X=32 Y=160 W=32 H=32 TileW=1 TileH=1 File=20
2026-08-21 01:42:44 [INFO] Grh=1508 Frame=327 X=64 Y=160 W=32 H=32 TileW=1 TileH=1 File=20
2026-08-21 01:42:44 [INFO] Grh=1505 Frame=324 X=96 Y=160 W=32 H=32 TileW=1 TileH=1 File=20
2026-08-21 01:42:44 [INFO] Grh=1506 Frame=325 X=128 Y=160 W=32 H=32 TileW=1 TileH=1 File=20
2026-08-21 01:42:44 [INFO] Grh=1507 Frame=326 X=160 Y=160 W=32 H=32 TileW=1 TileH=1 File=20
2026-08-21 01:42:44 [INFO] Grh=1508 Frame=327 X=192 Y=160 W=32 H=32 TileW=1 TileH=1 File=20
2026-08-21 01:42:44 [INFO] Grh=1505 Frame=324 X=224 Y=160 W=32 H=32 TileW=1 TileH=1 File=20
2026-08-21 01:42:44 [INFO] Grh=1506 Frame=325 X=256 Y=160 W=32 H=32 TileW=1 TileH=1 File=20
2026-08-21 01:42:44 [INFO] Grh=1507 Frame=326 X=288 Y=160 W=32 H=32 TileW=1 TileH=1 File=20
2026-08-21 01:42:44 [INFO] Grh=1508 Frame=327 X=320 Y=160 W=32 H=32 TileW=1 TileH=1 File=20
2026-08-21 01:42:44 [INFO] Grh=1505 Frame=324 X=352 Y=160 W=32 H=32 TileW=1 TileH=1 File=20
2026-08-21 01:42:44 [INFO] Grh=1506 Frame=325 X=384 Y=160 W=32 H=32 TileW=1 TileH=1 File=20
2026-08-21 01:42:44 [INFO] Grh=1507 Frame=326 X=416 Y=160 W=32 H=32 TileW=1 TileH=1 File=20
2026-08-21 01:42:44 [INFO] Grh=1508 Frame=327 X=448 Y=160 W=32 H=32 TileW=1 TileH=1 File=20
2026-08-21 01:42:44 [INFO] Grh=1505 Frame=324 X=480 Y=160 W=32 H=32 TileW=1 TileH=1 File=20
2026-08-21 01:42:44 [INFO] Grh=1506 Frame=325 X=512 Y=160 W=32 H=32 TileW=1 TileH=1 File=20
2026-08-21 01:42:44 [INFO] Grh=1507 Frame=326 X=544 Y=160 W=32 H=32 TileW=1 TileH=1 File=20
2026-08-21 01:42:44 [INFO] Grh=1513 Frame=332 X=-32 Y=192 W=32 H=32 TileW=1 TileH=1 File=20
2026-08-21 01:42:44 [INFO] Grh=1514 Frame=333 X=0 Y=192 W=32 H=32 TileW=1 TileH=1 File=20
2026-08-21 01:42:44 [INFO] Grh=1515 Frame=334 X=32 Y=192 W=32 H=32 TileW=1 TileH=1 File=20
2026-08-21 01:42:44 [INFO] Grh=1516 Frame=335 X=64 Y=192 W=32 H=32 TileW=1 TileH=1 File=20
2026-08-21 01:42:44 [INFO] Grh=1513 Frame=332 X=96 Y=192 W=32 H=32 TileW=1 TileH=1 File=20
2026-08-21 01:42:44 [INFO] Grh=1514 Frame=333 X=128 Y=192 W=32 H=32 TileW=1 TileH=1 File=20
2026-08-21 01:42:44 [INFO] Grh=1515 Frame=334 X=160 Y=192 W=32 H=32 TileW=1 TileH=1 File=20
2026-08-21 01:42:44 [INFO] Grh=1516 Frame=335 X=192 Y=192 W=32 H=32 TileW=1 TileH=1 File=20
2026-08-21 01:42:44 [INFO] Grh=1513 Frame=332 X=224 Y=192 W=32 H=32 TileW=1 TileH=1 File=20
2026-08-21 01:42:44 [INFO] Grh=1514 Frame=333 X=256 Y=192 W=32 H=32 TileW=1 TileH=1 File=20
2026-08-21 01:42:44 [INFO] Grh=1515 Frame=334 X=288 Y=192 W=32 H=32 TileW=1 TileH=1 File=20
2026-08-21 01:42:44 [INFO] Grh=1516 Frame=335 X=320 Y=192 W=32 H=32 TileW=1 TileH=1 File=20
2026-08-21 01:42:44 [INFO] Grh=1513 Frame=332 X=352 Y=192 W=32 H=32 TileW=1 TileH=1 File=20
2026-08-21 01:42:44 [INFO] Grh=1514 Frame=333 X=384 Y=192 W=32 H=32 TileW=1 TileH=1 File=20
2026-08-21 01:42:44 [INFO] Grh=1515 Frame=334 X=416 Y=192 W=32 H=32 TileW=1 TileH=1 File=20
2026-08-21 01:42:44 [INFO] Grh=1516 Frame=335 X=448 Y=192 W=32 H=32 TileW=1 TileH=1 File=20
2026-08-21 01:42:44 [INFO] Grh=1513 Frame=332 X=480 Y=192 W=32 H=32 TileW=1 TileH=1 File=20
2026-08-21 01:42:44 [INFO] Grh=1514 Frame=333 X=512 Y=192 W=32 H=32 TileW=1 TileH=1 File=20
2026-08-21 01:42:44 [INFO] Grh=1515 Frame=334 X=544 Y=192 W=32 H=32 TileW=1 TileH=1 File=20
2026-08-21 01:42:44 [INFO] Grh=6000 Frame=6000 X=-32 Y=-32 W=32 H=32 TileW=1 TileH=1 File=6000
2026-08-21 01:42:44 [INFO] Grh=6001 Frame=6001 X=0 Y=-32 W=32 H=32 TileW=1 TileH=1 File=6000
2026-08-21 01:42:44 [INFO] Grh=6002 Frame=6002 X=32 Y=-32 W=32 H=32 TileW=1 TileH=1 File=6000
2026-08-21 01:42:44 [INFO] Grh=6003 Frame=6003 X=64 Y=-32 W=32 H=32 TileW=1 TileH=1 File=6000
2026-08-21 01:42:44 [INFO] Grh=6000 Frame=6000 X=96 Y=-32 W=32 H=32 TileW=1 TileH=1 File=6000
2026-08-21 01:42:44 [INFO] Grh=6001 Frame=6001 X=128 Y=-32 W=32 H=32 TileW=1 TileH=1 File=6000
2026-08-21 01:42:44 [INFO] Grh=6002 Frame=6002 X=160 Y=-32 W=32 H=32 TileW=1 TileH=1 File=6000
2026-08-21 01:42:44 [INFO] Grh=6003 Frame=6003 X=192 Y=-32 W=32 H=32 TileW=1 TileH=1 File=6000
2026-08-21 01:42:44 [INFO] Grh=6000 Frame=6000 X=224 Y=-32 W=32 H=32 TileW=1 TileH=1 File=6000
2026-08-21 01:42:44 [INFO] Grh=6001 Frame=6001 X=256 Y=-32 W=32 H=32 TileW=1 TileH=1 File=6000
2026-08-21 01:42:44 [INFO] Grh=6002 Frame=6002 X=288 Y=-32 W=32 H=32 TileW=1 TileH=1 File=6000
2026-08-21 01:42:44 [INFO] Grh=6003 Frame=6003 X=320 Y=-32 W=32 H=32 TileW=1 TileH=1 File=6000
2026-08-21 01:42:44 [INFO] Grh=6000 Frame=6000 X=352 Y=-32 W=32 H=32 TileW=1 TileH=1 File=6000
2026-08-21 01:42:44 [INFO] Grh=6001 Frame=6001 X=384 Y=-32 W=32 H=32 TileW=1 TileH=1 File=6000
2026-08-21 01:42:44 [INFO] Grh=6002 Frame=6002 X=416 Y=-32 W=32 H=32 TileW=1 TileH=1 File=6000
2026-08-21 01:42:44 [INFO] Grh=6003 Frame=6003 X=448 Y=-32 W=32 H=32 TileW=1 TileH=1 File=6000
2026-08-21 01:42:44 [INFO] Grh=6000 Frame=6000 X=480 Y=-32 W=32 H=32 TileW=1 TileH=1 File=6000
2026-08-21 01:42:44 [INFO] Grh=6001 Frame=6001 X=512 Y=-32 W=32 H=32 TileW=1 TileH=1 File=6000
2026-08-21 01:42:44 [INFO] Grh=6002 Frame=6002 X=544 Y=-32 W=32 H=32 TileW=1 TileH=1 File=6000
2026-08-21 01:42:44 [INFO] Grh=6008 Frame=6008 X=-32 Y=0 W=32 H=32 TileW=1 TileH=1 File=6000
2026-08-21 01:42:44 [INFO] Grh=6009 Frame=6009 X=0 Y=0 W=32 H=32 TileW=1 TileH=1 File=6000
2026-08-21 01:42:44 [INFO] Grh=6010 Frame=6010 X=32 Y=0 W=32 H=32 TileW=1 TileH=1 File=6000
2026-08-21 01:42:44 [INFO] Grh=6011 Frame=6011 X=64 Y=0 W=32 H=32 TileW=1 TileH=1 File=6000
2026-08-21 01:42:44 [INFO] Grh=6008 Frame=6008 X=96 Y=0 W=32 H=32 TileW=1 TileH=1 File=6000
2026-08-21 01:42:44 [INFO] Grh=6009 Frame=6009 X=128 Y=0 W=32 H=32 TileW=1 TileH=1 File=6000
2026-08-21 01:42:44 [INFO] Grh=6010 Frame=6010 X=160 Y=0 W=32 H=32 TileW=1 TileH=1 File=6000
2026-08-21 01:42:44 [INFO] Grh=6011 Frame=6011 X=192 Y=0 W=32 H=32 TileW=1 TileH=1 File=6000
2026-08-21 01:42:44 [INFO] Grh=6008 Frame=6008 X=224 Y=0 W=32 H=32 TileW=1 TileH=1 File=6000
2026-08-21 01:42:44 [INFO] Grh=6009 Frame=6009 X=256 Y=0 W=32 H=32 TileW=1 TileH=1 File=6000
2026-08-21 01:42:44 [INFO] Grh=6010 Frame=6010 X=288 Y=0 W=32 H=32 TileW=1 TileH=1 File=6000
2026-08-21 01:42:44 [INFO] Grh=6011 Frame=6011 X=320 Y=0 W=32 H=32 TileW=1 TileH=1 File=6000
2026-08-21 01:42:44 [INFO] Grh=6008 Frame=6008 X=352 Y=0 W=32 H=32 TileW=1 TileH=1 File=6000
2026-08-21 01:42:44 [INFO] Grh=6009 Frame=6009 X=384 Y=0 W=32 H=32 TileW=1 TileH=1 File=6000
2026-08-21 01:42:44 [INFO] Grh=6010 Frame=6010 X=416 Y=0 W=32 H=32 TileW=1 TileH=1 File=6000
2026-08-21 01:42:44 [INFO] Grh=6011 Frame=6011 X=448 Y=0 W=32 H=32 TileW=1 TileH=1 File=6000
2026-08-21 01:42:44 [INFO] Grh=6008 Frame=6008 X=480 Y=0 W=32 H=32 TileW=1 TileH=1 File=6000
2026-08-21 01:42:44 [INFO] Grh=6009 Frame=6009 X=512 Y=0 W=32 H=32 TileW=1 TileH=1 File=6000
2026-08-21 01:42:44 [INFO] Grh=6010 Frame=6010 X=544 Y=0 W=32 H=32 TileW=1 TileH=1 File=6000
2026-08-21 01:42:44 [INFO] Grh=1505 Frame=356 X=-32 Y=32 W=32 H=32 TileW=1 TileH=1 File=20
2026-08-21 01:42:44 [INFO] Grh=1506 Frame=357 X=0 Y=32 W=32 H=32 TileW=1 TileH=1 File=20
2026-08-21 01:42:44 [INFO] Grh=1507 Frame=358 X=32 Y=32 W=32 H=32 TileW=1 TileH=1 File=20
2026-08-21 01:42:44 [INFO] Grh=1508 Frame=359 X=64 Y=32 W=32 H=32 TileW=1 TileH=1 File=20
2026-08-21 01:42:44 [INFO] Grh=1505 Frame=356 X=96 Y=32 W=32 H=32 TileW=1 TileH=1 File=20
2026-08-21 01:42:44 [INFO] Grh=1506 Frame=357 X=128 Y=32 W=32 H=32 TileW=1 TileH=1 File=20
2026-08-21 01:42:44 [INFO] Grh=1507 Frame=358 X=160 Y=32 W=32 H=32 TileW=1 TileH=1 File=20
2026-08-21 01:42:44 [INFO] Grh=1508 Frame=359 X=192 Y=32 W=32 H=32 TileW=1 TileH=1 File=20
2026-08-21 01:42:44 [INFO] Grh=1505 Frame=356 X=224 Y=32 W=32 H=32 TileW=1 TileH=1 File=20
2026-08-21 01:42:44 [INFO] Grh=1506 Frame=357 X=256 Y=32 W=32 H=32 TileW=1 TileH=1 File=20
2026-08-21 01:42:44 [INFO] Grh=1507 Frame=358 X=288 Y=32 W=32 H=32 TileW=1 TileH=1 File=20
2026-08-21 01:42:44 [INFO] Grh=1508 Frame=359 X=320 Y=32 W=32 H=32 TileW=1 TileH=1 File=20
2026-08-21 01:42:44 [INFO] Grh=1505 Frame=356 X=352 Y=32 W=32 H=32 TileW=1 TileH=1 File=20
2026-08-21 01:42:44 [INFO] Grh=1506 Frame=357 X=384 Y=32 W=32 H=32 TileW=1 TileH=1 File=20
2026-08-21 01:42:44 [INFO] Grh=1507 Frame=358 X=416 Y=32 W=32 H=32 TileW=1 TileH=1 File=20
2026-08-21 01:42:44 [INFO] Grh=1508 Frame=359 X=448 Y=32 W=32 H=32 TileW=1 TileH=1 File=20
2026-08-21 01:42:44 [INFO] Grh=1505 Frame=356 X=480 Y=32 W=32 H=32 TileW=1 TileH=1 File=20
2026-08-21 01:42:44 [INFO] Grh=1506 Frame=357 X=512 Y=32 W=32 H=32 TileW=1 TileH=1 File=20
2026-08-21 01:42:44 [INFO] Grh=1507 Frame=358 X=544 Y=32 W=32 H=32 TileW=1 TileH=1 File=20
2026-08-21 01:42:44 [INFO] Grh=1513 Frame=364 X=-32 Y=64 W=32 H=32 TileW=1 TileH=1 File=20
2026-08-21 01:42:44 [INFO] Grh=1514 Frame=365 X=0 Y=64 W=32 H=32 TileW=1 TileH=1 File=20
2026-08-21 01:42:44 [INFO] Grh=1515 Frame=366 X=32 Y=64 W=32 H=32 TileW=1 TileH=1 File=20
2026-08-21 01:42:44 [INFO] Grh=1516 Frame=367 X=64 Y=64 W=32 H=32 TileW=1 TileH=1 File=20
2026-08-21 01:42:44 [INFO] Grh=1513 Frame=364 X=96 Y=64 W=32 H=32 TileW=1 TileH=1 File=20
2026-08-21 01:42:44 [INFO] Grh=1514 Frame=365 X=128 Y=64 W=32 H=32 TileW=1 TileH=1 File=20
2026-08-21 01:42:44 [INFO] Grh=1515 Frame=366 X=160 Y=64 W=32 H=32 TileW=1 TileH=1 File=20
2026-08-21 01:42:44 [INFO] Grh=1516 Frame=367 X=192 Y=64 W=32 H=32 TileW=1 TileH=1 File=20
2026-08-21 01:42:44 [INFO] Grh=1513 Frame=364 X=224 Y=64 W=32 H=32 TileW=1 TileH=1 File=20
2026-08-21 01:42:44 [INFO] Grh=1514 Frame=365 X=256 Y=64 W=32 H=32 TileW=1 TileH=1 File=20
2026-08-21 01:42:44 [INFO] Grh=1515 Frame=366 X=288 Y=64 W=32 H=32 TileW=1 TileH=1 File=20
2026-08-21 01:42:44 [INFO] Grh=1516 Frame=367 X=320 Y=64 W=32 H=32 TileW=1 TileH=1 File=20
2026-08-21 01:42:44 [INFO] Grh=1513 Frame=364 X=352 Y=64 W=32 H=32 TileW=1 TileH=1 File=20
2026-08-21 01:42:44 [INFO] Grh=1514 Frame=365 X=384 Y=64 W=32 H=32 TileW=1 TileH=1 File=20
2026-08-21 01:42:44 [INFO] Grh=1515 Frame=366 X=416 Y=64 W=32 H=32 TileW=1 TileH=1 File=20
2026-08-21 01:42:44 [INFO] Grh=1516 Frame=367 X=448 Y=64 W=32 H=32 TileW=1 TileH=1 File=20
2026-08-21 01:42:44 [INFO] Grh=1513 Frame=364 X=480 Y=64 W=32 H=32 TileW=1 TileH=1 File=20
2026-08-21 01:42:44 [INFO] Grh=1514 Frame=365 X=512 Y=64 W=32 H=32 TileW=1 TileH=1 File=20
2026-08-21 01:42:44 [INFO] Grh=1515 Frame=366 X=544 Y=64 W=32 H=32 TileW=1 TileH=1 File=20
2026-08-21 01:42:44 [INFO] Grh=1505 Frame=356 X=-32 Y=96 W=32 H=32 TileW=1 TileH=1 File=20
2026-08-21 01:42:44 [INFO] Grh=1506 Frame=357 X=0 Y=96 W=32 H=32 TileW=1 TileH=1 File=20
2026-08-21 01:42:44 [INFO] Grh=1507 Frame=358 X=32 Y=96 W=32 H=32 TileW=1 TileH=1 File=20
2026-08-21 01:42:44 [INFO] Grh=1508 Frame=359 X=64 Y=96 W=32 H=32 TileW=1 TileH=1 File=20
2026-08-21 01:42:44 [INFO] Grh=1505 Frame=356 X=96 Y=96 W=32 H=32 TileW=1 TileH=1 File=20
2026-08-21 01:42:44 [INFO] Grh=1506 Frame=357 X=128 Y=96 W=32 H=32 TileW=1 TileH=1 File=20
2026-08-21 01:42:44 [INFO] Grh=1507 Frame=358 X=160 Y=96 W=32 H=32 TileW=1 TileH=1 File=20
2026-08-21 01:42:44 [INFO] Grh=1508 Frame=359 X=192 Y=96 W=32 H=32 TileW=1 TileH=1 File=20
2026-08-21 01:42:44 [INFO] Grh=1505 Frame=356 X=224 Y=96 W=32 H=32 TileW=1 TileH=1 File=20
2026-08-21 01:42:44 [INFO] Grh=1506 Frame=357 X=256 Y=96 W=32 H=32 TileW=1 TileH=1 File=20
2026-08-21 01:42:44 [INFO] Grh=1507 Frame=358 X=288 Y=96 W=32 H=32 TileW=1 TileH=1 File=20
2026-08-21 01:42:44 [INFO] Grh=1508 Frame=359 X=320 Y=96 W=32 H=32 TileW=1 TileH=1 File=20
2026-08-21 01:42:44 [INFO] Grh=1505 Frame=356 X=352 Y=96 W=32 H=32 TileW=1 TileH=1 File=20
2026-08-21 01:42:44 [INFO] Grh=1506 Frame=357 X=384 Y=96 W=32 H=32 TileW=1 TileH=1 File=20
2026-08-21 01:42:44 [INFO] Grh=1507 Frame=358 X=416 Y=96 W=32 H=32 TileW=1 TileH=1 File=20
2026-08-21 01:42:44 [INFO] Grh=1508 Frame=359 X=448 Y=96 W=32 H=32 TileW=1 TileH=1 File=20
2026-08-21 01:42:44 [INFO] Grh=1505 Frame=356 X=480 Y=96 W=32 H=32 TileW=1 TileH=1 File=20
2026-08-21 01:42:44 [INFO] Grh=1506 Frame=357 X=512 Y=96 W=32 H=32 TileW=1 TileH=1 File=20
2026-08-21 01:42:44 [INFO] Grh=1507 Frame=358 X=544 Y=96 W=32 H=32 TileW=1 TileH=1 File=20
2026-08-21 01:42:44 [INFO] Grh=1513 Frame=364 X=-32 Y=128 W=32 H=32 TileW=1 TileH=1 File=20
2026-08-21 01:42:44 [INFO] Grh=1514 Frame=365 X=0 Y=128 W=32 H=32 TileW=1 TileH=1 File=20
2026-08-21 01:42:44 [INFO] Grh=1515 Frame=366 X=32 Y=128 W=32 H=32 TileW=1 TileH=1 File=20
2026-08-21 01:42:44 [INFO] Grh=1516 Frame=367 X=64 Y=128 W=32 H=32 TileW=1 TileH=1 File=20
2026-08-21 01:42:44 [INFO] Grh=1513 Frame=364 X=96 Y=128 W=32 H=32 TileW=1 TileH=1 File=20
2026-08-21 01:42:44 [INFO] Grh=1514 Frame=365 X=128 Y=128 W=32 H=32 TileW=1 TileH=1 File=20
2026-08-21 01:42:44 [INFO] Grh=1515 Frame=366 X=160 Y=128 W=32 H=32 TileW=1 TileH=1 File=20
2026-08-21 01:42:44 [INFO] Grh=1516 Frame=367 X=192 Y=128 W=32 H=32 TileW=1 TileH=1 File=20
2026-08-21 01:42:44 [INFO] Grh=1513 Frame=364 X=224 Y=128 W=32 H=32 TileW=1 TileH=1 File=20
2026-08-21 01:42:44 [INFO] Grh=1514 Frame=365 X=256 Y=128 W=32 H=32 TileW=1 TileH=1 File=20
2026-08-21 01:42:44 [INFO] Grh=1515 Frame=366 X=288 Y=128 W=32 H=32 TileW=1 TileH=1 File=20
2026-08-21 01:42:44 [INFO] Grh=1516 Frame=367 X=320 Y=128 W=32 H=32 TileW=1 TileH=1 File=20
2026-08-21 01:42:44 [INFO] Grh=1513 Frame=364 X=352 Y=128 W=32 H=32 TileW=1 TileH=1 File=20
2026-08-21 01:42:44 [INFO] Grh=1514 Frame=365 X=384 Y=128 W=32 H=32 TileW=1 TileH=1 File=20
2026-08-21 01:42:44 [INFO] Grh=1515 Frame=366 X=416 Y=128 W=32 H=32 TileW=1 TileH=1 File=20
2026-08-21 01:42:44 [INFO] Grh=1516 Frame=367 X=448 Y=128 W=32 H=32 TileW=1 TileH=1 File=20
2026-08-21 01:42:44 [INFO] Grh=1513 Frame=364 X=480 Y=128 W=32 H=32 TileW=1 TileH=1 File=20
2026-08-21 01:42:44 [INFO] Grh=1514 Frame=365 X=512 Y=128 W=32 H=32 TileW=1 TileH=1 File=20
2026-08-21 01:42:44 [INFO] Grh=1515 Frame=366 X=544 Y=128 W=32 H=32 TileW=1 TileH=1 File=20
2026-08-21 01:42:44 [INFO] Grh=1505 Frame=356 X=-32 Y=160 W=32 H=32 TileW=1 TileH=1 File=20
2026-08-21 01:42:44 [INFO] Grh=1506 Frame=357 X=0 Y=160 W=32 H=32 TileW=1 TileH=1 File=20
2026-08-21 01:42:44 [INFO] Grh=1507 Frame=358 X=32 Y=160 W=32 H=32 TileW=1 TileH=1 File=20
2026-08-21 01:42:44 [INFO] Grh=1508 Frame=359 X=64 Y=160 W=32 H=32 TileW=1 TileH=1 File=20
2026-08-21 01:42:44 [INFO] Grh=1505 Frame=356 X=96 Y=160 W=32 H=32 TileW=1 TileH=1 File=20
2026-08-21 01:42:44 [INFO] Grh=1506 Frame=357 X=128 Y=160 W=32 H=32 TileW=1 TileH=1 File=20
2026-08-21 01:42:44 [INFO] Grh=1507 Frame=358 X=160 Y=160 W=32 H=32 TileW=1 TileH=1 File=20
2026-08-21 01:42:44 [INFO] Grh=1508 Frame=359 X=192 Y=160 W=32 H=32 TileW=1 TileH=1 File=20
2026-08-21 01:42:44 [INFO] Grh=1505 Frame=356 X=224 Y=160 W=32 H=32 TileW=1 TileH=1 File=20
2026-08-21 01:42:44 [INFO] Grh=1506 Frame=357 X=256 Y=160 W=32 H=32 TileW=1 TileH=1 File=20
2026-08-21 01:42:44 [INFO] Grh=1507 Frame=358 X=288 Y=160 W=32 H=32 TileW=1 TileH=1 File=20
2026-08-21 01:42:44 [INFO] Grh=1508 Frame=359 X=320 Y=160 W=32 H=32 TileW=1 TileH=1 File=20
2026-08-21 01:42:44 [INFO] Grh=1505 Frame=356 X=352 Y=160 W=32 H=32 TileW=1 TileH=1 File=20
2026-08-21 01:42:44 [INFO] Grh=1506 Frame=357 X=384 Y=160 W=32 H=32 TileW=1 TileH=1 File=20
2026-08-21 01:42:44 [INFO] Grh=1507 Frame=358 X=416 Y=160 W=32 H=32 TileW=1 TileH=1 File=20
2026-08-21 01:42:44 [INFO] Grh=1508 Frame=359 X=448 Y=160 W=32 H=32 TileW=1 TileH=1 File=20
2026-08-21 01:42:44 [INFO] Grh=1505 Frame=356 X=480 Y=160 W=32 H=32 TileW=1 TileH=1 File=20
2026-08-21 01:42:44 [INFO] Grh=1506 Frame=357 X=512 Y=160 W=32 H=32 TileW=1 TileH=1 File=20
2026-08-21 01:42:44 [INFO] Grh=1507 Frame=358 X=544 Y=160 W=32 H=32 TileW=1 TileH=1 File=20
2026-08-21 01:42:44 [INFO] Grh=1513 Frame=364 X=-32 Y=192 W=32 H=32 TileW=1 TileH=1 File=20
2026-08-21 01:42:44 [INFO] Grh=1514 Frame=365 X=0 Y=192 W=32 H=32 TileW=1 TileH=1 File=20
2026-08-21 01:42:44 [INFO] Grh=1515 Frame=366 X=32 Y=192 W=32 H=32 TileW=1 TileH=1 File=20
2026-08-21 01:42:44 [INFO] Grh=1516 Frame=367 X=64 Y=192 W=32 H=32 TileW=1 TileH=1 File=20
2026-08-21 01:42:44 [INFO] Grh=1513 Frame=364 X=96 Y=192 W=32 H=32 TileW=1 TileH=1 File=20
2026-08-21 01:42:44 [INFO] Grh=1514 Frame=365 X=128 Y=192 W=32 H=32 TileW=1 TileH=1 File=20
2026-08-21 01:42:44 [INFO] Grh=1515 Frame=366 X=160 Y=192 W=32 H=32 TileW=1 TileH=1 File=20
2026-08-21 01:42:44 [INFO] Grh=1516 Frame=367 X=192 Y=192 W=32 H=32 TileW=1 TileH=1 File=20
2026-08-21 01:42:44 [INFO] Grh=1513 Frame=364 X=224 Y=192 W=32 H=32 TileW=1 TileH=1 File=20
2026-08-21 01:42:44 [INFO] Grh=1514 Frame=365 X=256 Y=192 W=32 H=32 TileW=1 TileH=1 File=20
2026-08-21 01:42:44 [INFO] Grh=1515 Frame=366 X=288 Y=192 W=32 H=32 TileW=1 TileH=1 File=20
2026-08-21 01:42:44 [INFO] Grh=1516 Frame=367 X=320 Y=192 W=32 H=32 TileW=1 TileH=1 File=20
2026-08-21 01:42:44 [INFO] Grh=1513 Frame=364 X=352 Y=192 W=32 H=32 TileW=1 TileH=1 File=20
2026-08-21 01:42:44 [INFO] Grh=1514 Frame=365 X=384 Y=192 W=32 H=32 TileW=1 TileH=1 File=20
2026-08-21 01:42:44 [INFO] Grh=1515 Frame=366 X=416 Y=192 W=32 H=32 TileW=1 TileH=1 File=20
2026-08-21 01:42:44 [INFO] Grh=1516 Frame=367 X=448 Y=192 W=32 H=32 TileW=1 TileH=1 File=20
2026-08-21 01:42:44 [INFO] Grh=1513 Frame=364 X=480 Y=192 W=32 H=32 TileW=1 TileH=1 File=20
2026-08-21 01:42:44 [INFO] Grh=1514 Frame=365 X=512 Y=192 W=32 H=32 TileW=1 TileH=1 File=20
2026-08-21 01:42:44 [INFO] Grh=1515 Frame=366 X=544 Y=192 W=32 H=32 TileW=1 TileH=1 File=20
2026-08-21 01:42:44 [INFO] Grh=6000 Frame=6000 X=-32 Y=-32 W=32 H=32 TileW=1 TileH=1 File=6000
2026-08-21 01:42:44 [INFO] Grh=6001 Frame=6001 X=0 Y=-32 W=32 H=32 TileW=1 TileH=1 File=6000
2026-08-21 01:42:44 [INFO] Grh=6002 Frame=6002 X=32 Y=-32 W=32 H=32 TileW=1 TileH=1 File=6000
2026-08-21 01:42:44 [INFO] Grh=6003 Frame=6003 X=64 Y=-32 W=32 H=32 TileW=1 TileH=1 File=6000
2026-08-21 01:42:44 [INFO] Grh=6000 Frame=6000 X=96 Y=-32 W=32 H=32 TileW=1 TileH=1 File=6000
2026-08-21 01:42:44 [INFO] Grh=6001 Frame=6001 X=128 Y=-32 W=32 H=32 TileW=1 TileH=1 File=6000
2026-08-21 01:42:44 [INFO] Grh=6002 Frame=6002 X=160 Y=-32 W=32 H=32 TileW=1 TileH=1 File=6000
2026-08-21 01:42:44 [INFO] Grh=6003 Frame=6003 X=192 Y=-32 W=32 H=32 TileW=1 TileH=1 File=6000
2026-08-21 01:42:44 [INFO] Grh=6000 Frame=6000 X=224 Y=-32 W=32 H=32 TileW=1 TileH=1 File=6000
2026-08-21 01:42:44 [INFO] Grh=6001 Frame=6001 X=256 Y=-32 W=32 H=32 TileW=1 TileH=1 File=6000
2026-08-21 01:42:44 [INFO] Grh=6002 Frame=6002 X=288 Y=-32 W=32 H=32 TileW=1 TileH=1 File=6000
2026-08-21 01:42:44 [INFO] Grh=6003 Frame=6003 X=320 Y=-32 W=32 H=32 TileW=1 TileH=1 File=6000
2026-08-21 01:42:44 [INFO] Grh=6000 Frame=6000 X=352 Y=-32 W=32 H=32 TileW=1 TileH=1 File=6000
2026-08-21 01:42:44 [INFO] Grh=6001 Frame=6001 X=384 Y=-32 W=32 H=32 TileW=1 TileH=1 File=6000
2026-08-21 01:42:44 [INFO] Grh=6002 Frame=6002 X=416 Y=-32 W=32 H=32 TileW=1 TileH=1 File=6000
2026-08-21 01:42:44 [INFO] Grh=6003 Frame=6003 X=448 Y=-32 W=32 H=32 TileW=1 TileH=1 File=6000
2026-08-21 01:42:44 [INFO] Grh=6000 Frame=6000 X=480 Y=-32 W=32 H=32 TileW=1 TileH=1 File=6000
2026-08-21 01:42:44 [INFO] Grh=6001 Frame=6001 X=512 Y=-32 W=32 H=32 TileW=1 TileH=1 File=6000
2026-08-21 01:42:44 [INFO] Grh=6002 Frame=6002 X=544 Y=-32 W=32 H=32 TileW=1 TileH=1 File=6000
2026-08-21 01:42:44 [INFO] Grh=6008 Frame=6008 X=-32 Y=0 W=32 H=32 TileW=1 TileH=1 File=6000
2026-08-21 01:42:44 [INFO] Grh=6009 Frame=6009 X=0 Y=0 W=32 H=32 TileW=1 TileH=1 File=6000
2026-08-21 01:42:44 [INFO] Grh=6010 Frame=6010 X=32 Y=0 W=32 H=32 TileW=1 TileH=1 File=6000
2026-08-21 01:42:44 [INFO] Grh=6011 Frame=6011 X=64 Y=0 W=32 H=32 TileW=1 TileH=1 File=6000
2026-08-21 01:42:44 [INFO] Grh=6008 Frame=6008 X=96 Y=0 W=32 H=32 TileW=1 TileH=1 File=6000
2026-08-21 01:42:44 [INFO] Grh=6009 Frame=6009 X=128 Y=0 W=32 H=32 TileW=1 TileH=1 File=6000
2026-08-21 01:42:44 [INFO] Grh=6010 Frame=6010 X=160 Y=0 W=32 H=32 TileW=1 TileH=1 File=6000
2026-08-21 01:42:44 [INFO] Grh=6011 Frame=6011 X=192 Y=0 W=32 H=32 TileW=1 TileH=1 File=6000
2026-08-21 01:42:44 [INFO] Grh=6008 Frame=6008 X=224 Y=0 W=32 H=32 TileW=1 TileH=1 File=6000
2026-08-21 01:42:44 [INFO] Grh=6009 Frame=6009 X=256 Y=0 W=32 H=32 TileW=1 TileH=1 File=6000
2026-08-21 01:42:44 [INFO] Grh=6010 Frame=6010 X=288 Y=0 W=32 H=32 TileW=1 TileH=1 File=6000
2026-08-21 01:42:44 [INFO] Grh=6011 Frame=6011 X=320 Y=0 W=32 H=32 TileW=1 TileH=1 File=6000
2026-08-21 01:42:44 [INFO] Grh=6008 Frame=6008 X=352 Y=0 W=32 H=32 TileW=1 TileH=1 File=6000
2026-08-21 01:42:44 [INFO] Grh=6009 Frame=6009 X=384 Y=0 W=32 H=32 TileW=1 TileH=1 File=6000
2026-08-21 01:42:44 [INFO] Grh=6010 Frame=6010 X=416 Y=0 W=32 H=32 TileW=1 TileH=1 File=6000
2026-08-21 01:42:44 [INFO] Grh=6011 Frame=6011 X=448 Y=0 W=32 H=32 TileW=1 TileH=1 File=6000
2026-08-21 01:42:44 [INFO] Grh=6008 Frame=6008 X=480 Y=0 W=32 H=32 TileW=1 TileH=1 File=6000
2026-08-21 01:42:44 [INFO] Grh=6009 Frame=6009 X=512 Y=0 W=32 H=32 TileW=1 TileH=1 File=6000
2026-08-21 01:42:44 [INFO] Grh=6010 Frame=6010 X=544 Y=0 W=32 H=32 TileW=1 TileH=1 File=6000
2026-08-21 01:42:44 [INFO] Grh=1505 Frame=356 X=-32 Y=32 W=32 H=32 TileW=1 TileH=1 File=20
2026-08-21 01:42:44 [INFO] Grh=1506 Frame=357 X=0 Y=32 W=32 H=32 TileW=1 TileH=1 File=20
2026-08-21 01:42:44 [INFO] Grh=1507 Frame=358 X=32 Y=32 W=32 H=32 TileW=1 TileH=1 File=20
2026-08-21 01:42:44 [INFO] Grh=1508 Frame=359 X=64 Y=32 W=32 H=32 TileW=1 TileH=1 File=20
2026-08-21 01:42:44 [INFO] Grh=1505 Frame=356 X=96 Y=32 W=32 H=32 TileW=1 TileH=1 File=20
2026-08-21 01:42:44 [INFO] Grh=1506 Frame=357 X=128 Y=32 W=32 H=32 TileW=1 TileH=1 File=20
2026-08-21 01:42:44 [INFO] Grh=1507 Frame=358 X=160 Y=32 W=32 H=32 TileW=1 TileH=1 File=20
2026-08-21 01:42:44 [INFO] Grh=1508 Frame=359 X=192 Y=32 W=32 H=32 TileW=1 TileH=1 File=20
2026-08-21 01:42:44 [INFO] Grh=1505 Frame=356 X=224 Y=32 W=32 H=32 TileW=1 TileH=1 File=20
2026-08-21 01:42:44 [INFO] Grh=1506 Frame=357 X=256 Y=32 W=32 H=32 TileW=1 TileH=1 File=20
2026-08-21 01:42:44 [INFO] Grh=1507 Frame=358 X=288 Y=32 W=32 H=32 TileW=1 TileH=1 File=20
2026-08-21 01:42:44 [INFO] Grh=1508 Frame=359 X=320 Y=32 W=32 H=32 TileW=1 TileH=1 File=20
2026-08-21 01:42:44 [INFO] Grh=1505 Frame=356 X=352 Y=32 W=32 H=32 TileW=1 TileH=1 File=20
2026-08-21 01:42:44 [INFO] Grh=1506 Frame=357 X=384 Y=32 W=32 H=32 TileW=1 TileH=1 File=20
2026-08-21 01:42:44 [INFO] Grh=1507 Frame=358 X=416 Y=32 W=32 H=32 TileW=1 TileH=1 File=20
2026-08-21 01:42:45 [INFO] Grh=1508 Frame=359 X=448 Y=32 W=32 H=32 TileW=1 TileH=1 File=20
2026-08-21 01:42:45 [INFO] Grh=1505 Frame=356 X=480 Y=32 W=32 H=32 TileW=1 TileH=1 File=20
2026-08-21 01:42:45 [INFO] Grh=1506 Frame=357 X=512 Y=32 W=32 H=32 TileW=1 TileH=1 File=20
2026-08-21 01:42:45 [INFO] Grh=1507 Frame=358 X=544 Y=32 W=32 H=32 TileW=1 TileH=1 File=20
2026-08-21 01:42:45 [INFO] Grh=1513 Frame=364 X=-32 Y=64 W=32 H=32 TileW=1 TileH=1 File=20
2026-08-21 01:42:45 [INFO] Grh=1514 Frame=365 X=0 Y=64 W=32 H=32 TileW=1 TileH=1 File=20
2026-08-21 01:42:45 [INFO] Grh=1515 Frame=366 X=32 Y=64 W=32 H=32 TileW=1 TileH=1 File=20
2026-08-21 01:42:45 [INFO] Grh=1516 Frame=367 X=64 Y=64 W=32 H=32 TileW=1 TileH=1 File=20
2026-08-21 01:42:45 [INFO] Grh=1513 Frame=364 X=96 Y=64 W=32 H=32 TileW=1 TileH=1 File=20
2026-08-21 01:42:45 [INFO] Grh=1514 Frame=365 X=128 Y=64 W=32 H=32 TileW=1 TileH=1 File=20
2026-08-21 01:42:45 [INFO] Grh=1515 Frame=366 X=160 Y=64 W=32 H=32 TileW=1 TileH=1 File=20
2026-08-21 01:42:45 [INFO] Grh=1516 Frame=367 X=192 Y=64 W=32 H=32 TileW=1 TileH=1 File=20
2026-08-21 01:42:45 [INFO] Grh=1513 Frame=364 X=224 Y=64 W=32 H=32 TileW=1 TileH=1 File=20
2026-08-21 01:42:45 [INFO] Grh=1514 Frame=365 X=256 Y=64 W=32 H=32 TileW=1 TileH=1 File=20
2026-08-21 01:42:45 [INFO] Grh=1515 Frame=366 X=288 Y=64 W=32 H=32 TileW=1 TileH=1 File=20
2026-08-21 01:42:45 [INFO] Grh=1516 Frame=367 X=320 Y=64 W=32 H=32 TileW=1 TileH=1 File=20
2026-08-21 01:42:45 [INFO] Grh=1513 Frame=364 X=352 Y=64 W=32 H=32 TileW=1 TileH=1 File=20
2026-08-21 01:42:45 [INFO] Grh=1514 Frame=365 X=384 Y=64 W=32 H=32 TileW=1 TileH=1 File=20
2026-08-21 01:42:45 [INFO] Grh=1515 Frame=366 X=416 Y=64 W=32 H=32 TileW=1 TileH=1 File=20
2026-08-21 01:42:45 [INFO] Grh=1516 Frame=367 X=448 Y=64 W=32 H=32 TileW=1 TileH=1 File=20
2026-08-21 01:42:45 [INFO] Grh=1513 Frame=364 X=480 Y=64 W=32 H=32 TileW=1 TileH=1 File=20
2026-08-21 01:42:45 [INFO] Grh=1514 Frame=365 X=512 Y=64 W=32 H=32 TileW=1 TileH=1 File=20
2026-08-21 01:42:45 [INFO] Grh=1515 Frame=366 X=544 Y=64 W=32 H=32 TileW=1 TileH=1 File=20
2026-08-21 01:42:45 [INFO] Grh=1505 Frame=356 X=-32 Y=96 W=32 H=32 TileW=1 TileH=1 File=20
2026-08-21 01:42:45 [INFO] Grh=1506 Frame=357 X=0 Y=96 W=32 H=32 TileW=1 TileH=1 File=20
2026-08-21 01:42:45 [INFO] Grh=1507 Frame=358 X=32 Y=96 W=32 H=32 TileW=1 TileH=1 File=20
2026-08-21 01:42:45 [INFO] Grh=1508 Frame=359 X=64 Y=96 W=32 H=32 TileW=1 TileH=1 File=20
2026-08-21 01:42:45 [INFO] Grh=1505 Frame=356 X=96 Y=96 W=32 H=32 TileW=1 TileH=1 File=20
2026-08-21 01:42:45 [INFO] Grh=1506 Frame=357 X=128 Y=96 W=32 H=32 TileW=1 TileH=1 File=20
2026-08-21 01:42:45 [INFO] Grh=1507 Frame=358 X=160 Y=96 W=32 H=32 TileW=1 TileH=1 File=20
2026-08-21 01:42:45 [INFO] Grh=1508 Frame=359 X=192 Y=96 W=32 H=32 TileW=1 TileH=1 File=20
2026-08-21 01:42:45 [INFO] Grh=1505 Frame=356 X=224 Y=96 W=32 H=32 TileW=1 TileH=1 File=20
2026-08-21 01:42:45 [INFO] Grh=1506 Frame=357 X=256 Y=96 W=32 H=32 TileW=1 TileH=1 File=20
2026-08-21 01:42:45 [INFO] Grh=1507 Frame=358 X=288 Y=96 W=32 H=32 TileW=1 TileH=1 File=20
2026-08-21 01:42:45 [INFO] Grh=1508 Frame=359 X=320 Y=96 W=32 H=32 TileW=1 TileH=1 File=20
2026-08-21 01:42:45 [INFO] Grh=1505 Frame=356 X=352 Y=96 W=32 H=32 TileW=1 TileH=1 File=20
2026-08-21 01:42:45 [INFO] Grh=1506 Frame=357 X=384 Y=96 W=32 H=32 TileW=1 TileH=1 File=20
2026-08-21 01:42:45 [INFO] Grh=1507 Frame=358 X=416 Y=96 W=32 H=32 TileW=1 TileH=1 File=20
2026-08-21 01:42:45 [INFO] Grh=1508 Frame=359 X=448 Y=96 W=32 H=32 TileW=1 TileH=1 File=20
2026-08-21 01:42:45 [INFO] Grh=1505 Frame=356 X=480 Y=96 W=32 H=32 TileW=1 TileH=1 File=20
2026-08-21 01:42:45 [INFO] Grh=1506 Frame=357 X=512 Y=96 W=32 H=32 TileW=1 TileH=1 File=20
2026-08-21 01:42:45 [INFO] Grh=1507 Frame=358 X=544 Y=96 W=32 H=32 TileW=1 TileH=1 File=20
2026-08-21 01:42:45 [INFO] Grh=1513 Frame=364 X=-32 Y=128 W=32 H=32 TileW=1 TileH=1 File=20
2026-08-21 01:42:45 [INFO] Grh=1514 Frame=365 X=0 Y=128 W=32 H=32 TileW=1 TileH=1 File=20
2026-08-21 01:42:45 [INFO] Grh=1515 Frame=366 X=32 Y=128 W=32 H=32 TileW=1 TileH=1 File=20
2026-08-21 01:42:45 [INFO] Grh=1516 Frame=367 X=64 Y=128 W=32 H=32 TileW=1 TileH=1 File=20
2026-08-21 01:42:45 [INFO] Grh=1513 Frame=364 X=96 Y=128 W=32 H=32 TileW=1 TileH=1 File=20
2026-08-21 01:42:45 [INFO] Grh=1514 Frame=365 X=128 Y=128 W=32 H=32 TileW=1 TileH=1 File=20
2026-08-21 01:42:45 [INFO] Grh=1515 Frame=366 X=160 Y=128 W=32 H=32 TileW=1 TileH=1 File=20
2026-08-21 01:42:45 [INFO] Grh=1516 Frame=367 X=192 Y=128 W=32 H=32 TileW=1 TileH=1 File=20
2026-08-21 01:42:45 [INFO] Grh=1513 Frame=364 X=224 Y=128 W=32 H=32 TileW=1 TileH=1 File=20
2026-08-21 01:42:45 [INFO] Grh=1514 Frame=365 X=256 Y=128 W=32 H=32 TileW=1 TileH=1 File=20
2026-08-21 01:42:45 [INFO] Grh=1515 Frame=366 X=288 Y=128 W=32 H=32 TileW=1 TileH=1 File=20
2026-08-21 01:42:45 [INFO] Grh=1516 Frame=367 X=320 Y=128 W=32 H=32 TileW=1 TileH=1 File=20
2026-08-21 01:42:45 [INFO] Grh=1513 Frame=364 X=352 Y=128 W=32 H=32 TileW=1 TileH=1 File=20
2026-08-21 01:42:45 [INFO] Grh=1514 Frame=365 X=384 Y=128 W=32 H=32 TileW=1 TileH=1 File=20
2026-08-21 01:42:45 [INFO] Grh=1515 Frame=366 X=416 Y=128 W=32 H=32 TileW=1 TileH=1 File=20
2026-08-21 01:42:45 [INFO] Grh=1516 Frame=367 X=448 Y=128 W=32 H=32 TileW=1 TileH=1 File=20
2026-08-21 01:42:45 [INFO] Grh=1513 Frame=364 X=480 Y=128 W=32 H=32 TileW=1 TileH=1 File=20
2026-08-21 01:42:45 [INFO] Grh=1514 Frame=365 X=512 Y=128 W=32 H=32 TileW=1 TileH=1 File=20
2026-08-21 01:42:45 [INFO] Grh=1515 Frame=366 X=544 Y=128 W=32 H=32 TileW=1 TileH=1 File=20
2026-08-21 01:42:45 [INFO] Grh=1505 Frame=356 X=-32 Y=160 W=32 H=32 TileW=1 TileH=1 File=20
2026-08-21 01:42:45 [INFO] Grh=1506 Frame=357 X=0 Y=160 W=32 H=32 TileW=1 TileH=1 File=20
2026-08-21 01:42:45 [INFO] Grh=1507 Frame=358 X=32 Y=160 W=32 H=32 TileW=1 TileH=1 File=20
2026-08-21 01:42:45 [INFO] Grh=1508 Frame=359 X=64 Y=160 W=32 H=32 TileW=1 TileH=1 File=20
2026-08-21 01:42:45 [INFO] Grh=1505 Frame=356 X=96 Y=160 W=32 H=32 TileW=1 TileH=1 File=20
2026-08-21 01:42:45 [INFO] Grh=1506 Frame=357 X=128 Y=160 W=32 H=32 TileW=1 TileH=1 File=20
2026-08-21 01:42:45 [INFO] Grh=1507 Frame=358 X=160 Y=160 W=32 H=32 TileW=1 TileH=1 File=20
2026-08-21 01:42:45 [INFO] Grh=1508 Frame=359 X=192 Y=160 W=32 H=32 TileW=1 TileH=1 File=20
2026-08-21 01:42:45 [INFO] Grh=1505 Frame=356 X=224 Y=160 W=32 H=32 TileW=1 TileH=1 File=20
2026-08-21 01:42:45 [INFO] Grh=1506 Frame=357 X=256 Y=160 W=32 H=32 TileW=1 TileH=1 File=20
2026-08-21 01:42:45 [INFO] Grh=1507 Frame=358 X=288 Y=160 W=32 H=32 TileW=1 TileH=1 File=20
2026-08-21 01:42:45 [INFO] Grh=1508 Frame=359 X=320 Y=160 W=32 H=32 TileW=1 TileH=1 File=20
2026-08-21 01:42:45 [INFO] Grh=1505 Frame=356 X=352 Y=160 W=32 H=32 TileW=1 TileH=1 File=20
2026-08-21 01:42:45 [INFO] Grh=1506 Frame=357 X=384 Y=160 W=32 H=32 TileW=1 TileH=1 File=20
2026-08-21 01:42:45 [INFO] Grh=1507 Frame=358 X=416 Y=160 W=32 H=32 TileW=1 TileH=1 File=20
2026-08-21 01:42:45 [INFO] Grh=1508 Frame=359 X=448 Y=160 W=32 H=32 TileW=1 TileH=1 File=20
2026-08-21 01:42:45 [INFO] Grh=1505 Frame=356 X=480 Y=160 W=32 H=32 TileW=1 TileH=1 File=20
2026-08-21 01:42:45 [INFO] Grh=1506 Frame=357 X=512 Y=160 W=32 H=32 TileW=1 TileH=1 File=20
2026-08-21 01:42:45 [INFO] Grh=1507 Frame=358 X=544 Y=160 W=32 H=32 TileW=1 TileH=1 File=20
2026-08-21 01:42:45 [INFO] Grh=1513 Frame=364 X=-32 Y=192 W=32 H=32 TileW=1 TileH=1 File=20
2026-08-21 01:42:45 [INFO] Grh=1514 Frame=365 X=0 Y=192 W=32 H=32 TileW=1 TileH=1 File=20
2026-08-21 01:42:45 [INFO] Grh=1515 Frame=366 X=32 Y=192 W=32 H=32 TileW=1 TileH=1 File=20
2026-08-21 01:42:45 [INFO] Grh=1516 Frame=367 X=64 Y=192 W=32 H=32 TileW=1 TileH=1 File=20
2026-08-21 01:42:45 [INFO] Grh=1513 Frame=364 X=96 Y=192 W=32 H=32 TileW=1 TileH=1 File=20
2026-08-21 01:42:45 [INFO] Grh=1514 Frame=365 X=128 Y=192 W=32 H=32 TileW=1 TileH=1 File=20
2026-08-21 01:42:45 [INFO] Grh=1515 Frame=366 X=160 Y=192 W=32 H=32 TileW=1 TileH=1 File=20
2026-08-21 01:42:45 [INFO] Grh=1516 Frame=367 X=192 Y=192 W=32 H=32 TileW=1 TileH=1 File=20
2026-08-21 01:42:45 [INFO] Grh=1513 Frame=364 X=224 Y=192 W=32 H=32 TileW=1 TileH=1 File=20
2026-08-21 01:42:45 [INFO] Grh=1514 Frame=365 X=256 Y=192 W=32 H=32 TileW=1 TileH=1 File=20
2026-08-21 01:42:45 [INFO] Grh=1515 Frame=366 X=288 Y=192 W=32 H=32 TileW=1 TileH=1 File=20
2026-08-21 01:42:45 [INFO] Grh=1516 Frame=367 X=320 Y=192 W=32 H=32 TileW=1 TileH=1 File=20
2026-08-21 01:42:45 [INFO] Grh=1513 Frame=364 X=352 Y=192 W=32 H=32 TileW=1 TileH=1 File=20
2026-08-21 01:42:45 [INFO] Grh=1514 Frame=365 X=384 Y=192 W=32 H=32 TileW=1 TileH=1 File=20
2026-08-21 01:42:45 [INFO] Grh=1515 Frame=366 X=416 Y=192 W=32 H=32 TileW=1 TileH=1 File=20
2026-08-21 01:42:45 [INFO] Grh=1516 Frame=367 X=448 Y=192 W=32 H=32 TileW=1 TileH=1 File=20
2026-08-21 01:42:45 [INFO] Grh=1513 Frame=364 X=480 Y=192 W=32 H=32 TileW=1 TileH=1 File=20
2026-08-21 01:42:45 [INFO] Grh=1514 Frame=365 X=512 Y=192 W=32 H=32 TileW=1 TileH=1 File=20
2026-08-21 01:42:45 [INFO] Grh=1515 Frame=366 X=544 Y=192 W=32 H=32 TileW=1 TileH=1 File=20
2026-08-21 01:42:45 [INFO] Grh=6000 Frame=6000 X=-32 Y=-32 W=32 H=32 TileW=1 TileH=1 File=6000
2026-08-21 01:42:45 [INFO] Grh=6001 Frame=6001 X=0 Y=-32 W=32 H=32 TileW=1 TileH=1 File=6000
2026-08-21 01:42:45 [INFO] Grh=6002 Frame=6002 X=32 Y=-32 W=32 H=32 TileW=1 TileH=1 File=6000
2026-08-21 01:42:45 [INFO] Grh=6003 Frame=6003 X=64 Y=-32 W=32 H=32 TileW=1 TileH=1 File=6000
2026-08-21 01:42:45 [INFO] Grh=6000 Frame=6000 X=96 Y=-32 W=32 H=32 TileW=1 TileH=1 File=6000
2026-08-21 01:42:45 [INFO] Grh=6001 Frame=6001 X=128 Y=-32 W=32 H=32 TileW=1 TileH=1 File=6000
2026-08-21 01:42:45 [INFO] Grh=6002 Frame=6002 X=160 Y=-32 W=32 H=32 TileW=1 TileH=1 File=6000
2026-08-21 01:42:45 [INFO] Grh=6003 Frame=6003 X=192 Y=-32 W=32 H=32 TileW=1 TileH=1 File=6000
2026-08-21 01:42:45 [INFO] Grh=6000 Frame=6000 X=224 Y=-32 W=32 H=32 TileW=1 TileH=1 File=6000
2026-08-21 01:42:45 [INFO] Grh=6001 Frame=6001 X=256 Y=-32 W=32 H=32 TileW=1 TileH=1 File=6000
2026-08-21 01:42:45 [INFO] Grh=6002 Frame=6002 X=288 Y=-32 W=32 H=32 TileW=1 TileH=1 File=6000
2026-08-21 01:42:45 [INFO] Grh=6003 Frame=6003 X=320 Y=-32 W=32 H=32 TileW=1 TileH=1 File=6000
2026-08-21 01:42:45 [INFO] Grh=6000 Frame=6000 X=352 Y=-32 W=32 H=32 TileW=1 TileH=1 File=6000
2026-08-21 01:42:45 [INFO] Grh=6001 Frame=6001 X=384 Y=-32 W=32 H=32 TileW=1 TileH=1 File=6000
2026-08-21 01:42:45 [INFO] Grh=6002 Frame=6002 X=416 Y=-32 W=32 H=32 TileW=1 TileH=1 File=6000
2026-08-21 01:42:45 [INFO] Grh=6003 Frame=6003 X=448 Y=-32 W=32 H=32 TileW=1 TileH=1 File=6000
2026-08-21 01:42:45 [INFO] Grh=6000 Frame=6000 X=480 Y=-32 W=32 H=32 TileW=1 TileH=1 File=6000
2026-08-21 01:42:45 [INFO] Grh=6001 Frame=6001 X=512 Y=-32 W=32 H=32 TileW=1 TileH=1 File=6000
2026-08-21 01:42:45 [INFO] Grh=6002 Frame=6002 X=544 Y=-32 W=32 H=32 TileW=1 TileH=1 File=6000
2026-08-21 01:42:45 [INFO] Grh=6008 Frame=6008 X=-32 Y=0 W=32 H=32 TileW=1 TileH=1 File=6000
2026-08-21 01:42:45 [INFO] Grh=6009 Frame=6009 X=0 Y=0 W=32 H=32 TileW=1 TileH=1 File=6000
2026-08-21 01:42:45 [INFO] Grh=6010 Frame=6010 X=32 Y=0 W=32 H=32 TileW=1 TileH=1 File=6000
2026-08-21 01:42:45 [INFO] Grh=6011 Frame=6011 X=64 Y=0 W=32 H=32 TileW=1 TileH=1 File=6000
2026-08-21 01:42:45 [INFO] Grh=6008 Frame=6008 X=96 Y=0 W=32 H=32 TileW=1 TileH=1 File=6000
2026-08-21 01:42:45 [INFO] Grh=6009 Frame=6009 X=128 Y=0 W=32 H=32 TileW=1 TileH=1 File=6000
2026-08-21 01:42:45 [INFO] Grh=6010 Frame=6010 X=160 Y=0 W=32 H=32 TileW=1 TileH=1 File=6000
2026-08-21 01:42:45 [INFO] Grh=6011 Frame=6011 X=192 Y=0 W=32 H=32 TileW=1 TileH=1 File=6000
2026-08-21 01:42:45 [INFO] Grh=6008 Frame=6008 X=224 Y=0 W=32 H=32 TileW=1 TileH=1 File=6000
2026-08-21 01:42:45 [INFO] Grh=6009 Frame=6009 X=256 Y=0 W=32 H=32 TileW=1 TileH=1 File=6000
2026-08-21 01:42:45 [INFO] Grh=6010 Frame=6010 X=288 Y=0 W=32 H=32 TileW=1 TileH=1 File=6000
2026-08-21 01:42:45 [INFO] Grh=6011 Frame=6011 X=320 Y=0 W=32 H=32 TileW=1 TileH=1 File=6000
2026-08-21 01:42:45 [INFO] Grh=6008 Frame=6008 X=352 Y=0 W=32 H=32 TileW=1 TileH=1 File=6000
2026-08-21 01:42:45 [INFO] Grh=6009 Frame=6009 X=384 Y=0 W=32 H=32 TileW=1 TileH=1 File=6000
2026-08-21 01:42:45 [INFO] Grh=6010 Frame=6010 X=416 Y=0 W=32 H=32 TileW=1 TileH=1 File=6000
2026-08-21 01:42:45 [INFO] Grh=6011 Frame=6011 X=448 Y=0 W=32 H=32 TileW=1 TileH=1 File=6000
2026-08-21 01:42:45 [INFO] Grh=6008 Frame=6008 X=480 Y=0 W=32 H=32 TileW=1 TileH=1 File=6000
2026-08-21 01:42:45 [INFO] Grh=6009 Frame=6009 X=512 Y=0 W=32 H=32 TileW=1 TileH=1 File=6000
2026-08-21 01:42:45 [INFO] Grh=6010 Frame=6010 X=544 Y=0 W=32 H=32 TileW=1 TileH=1 File=6000
2026-08-21 01:42:45 [INFO] Grh=1505 Frame=340 X=-32 Y=32 W=32 H=32 TileW=1 TileH=1 File=20
2026-08-21 01:42:45 [INFO] Grh=1506 Frame=341 X=0 Y=32 W=32 H=32 TileW=1 TileH=1 File=20
2026-08-21 01:42:45 [INFO] Grh=1507 Frame=342 X=32 Y=32 W=32 H=32 TileW=1 TileH=1 File=20
2026-08-21 01:42:45 [INFO] Grh=1508 Frame=343 X=64 Y=32 W=32 H=32 TileW=1 TileH=1 File=20
2026-08-21 01:42:45 [INFO] Grh=1505 Frame=340 X=96 Y=32 W=32 H=32 TileW=1 TileH=1 File=20
2026-08-21 01:42:45 [INFO] Grh=1506 Frame=341 X=128 Y=32 W=32 H=32 TileW=1 TileH=1 File=20
2026-08-21 01:42:45 [INFO] Grh=1507 Frame=342 X=160 Y=32 W=32 H=32 TileW=1 TileH=1 File=20
2026-08-21 01:42:45 [INFO] Grh=1508 Frame=343 X=192 Y=32 W=32 H=32 TileW=1 TileH=1 File=20
2026-08-21 01:42:45 [INFO] Grh=1505 Frame=340 X=224 Y=32 W=32 H=32 TileW=1 TileH=1 File=20
2026-08-21 01:42:45 [INFO] Grh=1506 Frame=341 X=256 Y=32 W=32 H=32 TileW=1 TileH=1 File=20
2026-08-21 01:42:45 [INFO] Grh=1507 Frame=342 X=288 Y=32 W=32 H=32 TileW=1 TileH=1 File=20
2026-08-21 01:42:45 [INFO] Grh=1508 Frame=343 X=320 Y=32 W=32 H=32 TileW=1 TileH=1 File=20
2026-08-21 01:42:45 [INFO] Grh=1505 Frame=340 X=352 Y=32 W=32 H=32 TileW=1 TileH=1 File=20
2026-08-21 01:42:45 [INFO] Grh=1506 Frame=341 X=384 Y=32 W=32 H=32 TileW=1 TileH=1 File=20
2026-08-21 01:42:45 [INFO] Grh=1507 Frame=342 X=416 Y=32 W=32 H=32 TileW=1 TileH=1 File=20
2026-08-21 01:42:45 [INFO] Grh=1508 Frame=343 X=448 Y=32 W=32 H=32 TileW=1 TileH=1 File=20
2026-08-21 01:42:45 [INFO] Grh=1505 Frame=340 X=480 Y=32 W=32 H=32 TileW=1 TileH=1 File=20
2026-08-21 01:42:45 [INFO] Grh=1506 Frame=341 X=512 Y=32 W=32 H=32 TileW=1 TileH=1 File=20
2026-08-21 01:42:45 [INFO] Grh=1507 Frame=342 X=544 Y=32 W=32 H=32 TileW=1 TileH=1 File=20
2026-08-21 01:42:45 [INFO] Grh=1513 Frame=348 X=-32 Y=64 W=32 H=32 TileW=1 TileH=1 File=20
2026-08-21 01:42:45 [INFO] Grh=1514 Frame=349 X=0 Y=64 W=32 H=32 TileW=1 TileH=1 File=20
2026-08-21 01:42:45 [INFO] Grh=1515 Frame=350 X=32 Y=64 W=32 H=32 TileW=1 TileH=1 File=20
2026-08-21 01:42:45 [INFO] Grh=1516 Frame=351 X=64 Y=64 W=32 H=32 TileW=1 TileH=1 File=20
2026-08-21 01:42:45 [INFO] Grh=1513 Frame=348 X=96 Y=64 W=32 H=32 TileW=1 TileH=1 File=20
2026-08-21 01:42:45 [INFO] Grh=1514 Frame=349 X=128 Y=64 W=32 H=32 TileW=1 TileH=1 File=20
2026-08-21 01:42:45 [INFO] Grh=1515 Frame=350 X=160 Y=64 W=32 H=32 TileW=1 TileH=1 File=20
2026-08-21 01:42:45 [INFO] Grh=1516 Frame=351 X=192 Y=64 W=32 H=32 TileW=1 TileH=1 File=20
2026-08-21 01:42:45 [INFO] Grh=1513 Frame=348 X=224 Y=64 W=32 H=32 TileW=1 TileH=1 File=20
2026-08-21 01:42:45 [INFO] Grh=1514 Frame=349 X=256 Y=64 W=32 H=32 TileW=1 TileH=1 File=20
2026-08-21 01:42:45 [INFO] Grh=1515 Frame=350 X=288 Y=64 W=32 H=32 TileW=1 TileH=1 File=20
2026-08-21 01:42:45 [INFO] Grh=1516 Frame=351 X=320 Y=64 W=32 H=32 TileW=1 TileH=1 File=20
2026-08-21 01:42:45 [INFO] Grh=1513 Frame=348 X=352 Y=64 W=32 H=32 TileW=1 TileH=1 File=20
2026-08-21 01:42:45 [INFO] Grh=1514 Frame=349 X=384 Y=64 W=32 H=32 TileW=1 TileH=1 File=20
2026-08-21 01:42:45 [INFO] Grh=1515 Frame=350 X=416 Y=64 W=32 H=32 TileW=1 TileH=1 File=20
2026-08-21 01:42:45 [INFO] Grh=1516 Frame=351 X=448 Y=64 W=32 H=32 TileW=1 TileH=1 File=20
2026-08-21 01:42:45 [INFO] Grh=1513 Frame=348 X=480 Y=64 W=32 H=32 TileW=1 TileH=1 File=20
2026-08-21 01:42:45 [INFO] Grh=1514 Frame=349 X=512 Y=64 W=32 H=32 TileW=1 TileH=1 File=20
2026-08-21 01:42:45 [INFO] Grh=1515 Frame=350 X=544 Y=64 W=32 H=32 TileW=1 TileH=1 File=20
2026-08-21 01:42:45 [INFO] Grh=1505 Frame=340 X=-32 Y=96 W=32 H=32 TileW=1 TileH=1 File=20
2026-08-21 01:42:45 [INFO] Grh=1506 Frame=341 X=0 Y=96 W=32 H=32 TileW=1 TileH=1 File=20
2026-08-21 01:42:45 [INFO] Grh=1507 Frame=342 X=32 Y=96 W=32 H=32 TileW=1 TileH=1 File=20
2026-08-21 01:42:45 [INFO] Grh=1508 Frame=343 X=64 Y=96 W=32 H=32 TileW=1 TileH=1 File=20
2026-08-21 01:42:45 [INFO] Grh=1505 Frame=340 X=96 Y=96 W=32 H=32 TileW=1 TileH=1 File=20
2026-08-21 01:42:45 [INFO] Grh=1506 Frame=341 X=128 Y=96 W=32 H=32 TileW=1 TileH=1 File=20
2026-08-21 01:42:45 [INFO] Grh=1507 Frame=342 X=160 Y=96 W=32 H=32 TileW=1 TileH=1 File=20
2026-08-21 01:42:45 [INFO] Grh=1508 Frame=343 X=192 Y=96 W=32 H=32 TileW=1 TileH=1 File=20
2026-08-21 01:42:45 [INFO] Grh=1505 Frame=340 X=224 Y=96 W=32 H=32 TileW=1 TileH=1 File=20
2026-08-21 01:42:45 [INFO] Grh=1506 Frame=341 X=256 Y=96 W=32 H=32 TileW=1 TileH=1 File=20
2026-08-21 01:42:45 [INFO] Grh=1507 Frame=342 X=288 Y=96 W=32 H=32 TileW=1 TileH=1 File=20
2026-08-21 01:42:45 [INFO] Grh=1508 Frame=343 X=320 Y=96 W=32 H=32 TileW=1 TileH=1 File=20
2026-08-21 01:42:45 [INFO] Grh=1505 Frame=340 X=352 Y=96 W=32 H=32 TileW=1 TileH=1 File=20
2026-08-21 01:42:45 [INFO] Grh=1506 Frame=341 X=384 Y=96 W=32 H=32 TileW=1 TileH=1 File=20
2026-08-21 01:42:45 [INFO] Grh=1507 Frame=342 X=416 Y=96 W=32 H=32 TileW=1 TileH=1 File=20
2026-08-21 01:42:45 [INFO] Grh=1508 Frame=343 X=448 Y=96 W=32 H=32 TileW=1 TileH=1 File=20
2026-08-21 01:42:45 [INFO] Grh=1505 Frame=340 X=480 Y=96 W=32 H=32 TileW=1 TileH=1 File=20
2026-08-21 01:42:45 [INFO] Grh=1506 Frame=341 X=512 Y=96 W=32 H=32 TileW=1 TileH=1 File=20
2026-08-21 01:42:45 [INFO] Grh=1507 Frame=342 X=544 Y=96 W=32 H=32 TileW=1 TileH=1 File=20
2026-08-21 01:42:45 [INFO] Grh=1513 Frame=348 X=-32 Y=128 W=32 H=32 TileW=1 TileH=1 File=20
2026-08-21 01:42:45 [INFO] Grh=1514 Frame=349 X=0 Y=128 W=32 H=32 TileW=1 TileH=1 File=20
2026-08-21 01:42:45 [INFO] Grh=1515 Frame=350 X=32 Y=128 W=32 H=32 TileW=1 TileH=1 File=20
2026-08-21 01:42:45 [INFO] Grh=1516 Frame=351 X=64 Y=128 W=32 H=32 TileW=1 TileH=1 File=20
2026-08-21 01:42:45 [INFO] Grh=1513 Frame=348 X=96 Y=128 W=32 H=32 TileW=1 TileH=1 File=20
2026-08-21 01:42:45 [INFO] Grh=1514 Frame=349 X=128 Y=128 W=32 H=32 TileW=1 TileH=1 File=20
2026-08-21 01:42:45 [INFO] Grh=1515 Frame=350 X=160 Y=128 W=32 H=32 TileW=1 TileH=1 File=20
2026-08-21 01:42:45 [INFO] Grh=1516 Frame=351 X=192 Y=128 W=32 H=32 TileW=1 TileH=1 File=20
2026-08-21 01:42:45 [INFO] Grh=1513 Frame=348 X=224 Y=128 W=32 H=32 TileW=1 TileH=1 File=20
2026-08-21 01:42:45 [INFO] Grh=1514 Frame=349 X=256 Y=128 W=32 H=32 TileW=1 TileH=1 File=20
2026-08-21 01:42:45 [INFO] Grh=1515 Frame=350 X=288 Y=128 W=32 H=32 TileW=1 TileH=1 File=20
2026-08-21 01:42:45 [INFO] Grh=1516 Frame=351 X=320 Y=128 W=32 H=32 TileW=1 TileH=1 File=20
2026-08-21 01:42:45 [INFO] Grh=1513 Frame=348 X=352 Y=128 W=32 H=32 TileW=1 TileH=1 File=20
2026-08-21 01:42:45 [INFO] Grh=1514 Frame=349 X=384 Y=128 W=32 H=32 TileW=1 TileH=1 File=20
2026-08-21 01:42:45 [INFO] Grh=1515 Frame=350 X=416 Y=128 W=32 H=32 TileW=1 TileH=1 File=20
2026-08-21 01:42:45 [INFO] Grh=1516 Frame=351 X=448 Y=128 W=32 H=32 TileW=1 TileH=1 File=20
2026-08-21 01:42:45 [INFO] Grh=1513 Frame=348 X=480 Y=128 W=32 H=32 TileW=1 TileH=1 File=20
2026-08-21 01:42:45 [INFO] Grh=1514 Frame=349 X=512 Y=128 W=32 H=32 TileW=1 TileH=1 File=20
2026-08-21 01:42:45 [INFO] Grh=1515 Frame=350 X=544 Y=128 W=32 H=32 TileW=1 TileH=1 File=20
2026-08-21 01:42:45 [INFO] Grh=1505 Frame=340 X=-32 Y=160 W=32 H=32 TileW=1 TileH=1 File=20
2026-08-21 01:42:45 [INFO] Grh=1506 Frame=341 X=0 Y=160 W=32 H=32 TileW=1 TileH=1 File=20
2026-08-21 01:42:45 [INFO] Grh=1507 Frame=342 X=32 Y=160 W=32 H=32 TileW=1 TileH=1 File=20
2026-08-21 01:42:45 [INFO] Grh=1508 Frame=343 X=64 Y=160 W=32 H=32 TileW=1 TileH=1 File=20
2026-08-21 01:42:45 [INFO] Grh=1505 Frame=340 X=96 Y=160 W=32 H=32 TileW=1 TileH=1 File=20
2026-08-21 01:42:45 [INFO] Grh=1506 Frame=341 X=128 Y=160 W=32 H=32 TileW=1 TileH=1 File=20
2026-08-21 01:42:45 [INFO] Grh=1507 Frame=342 X=160 Y=160 W=32 H=32 TileW=1 TileH=1 File=20
2026-08-21 01:42:45 [INFO] Grh=1508 Frame=343 X=192 Y=160 W=32 H=32 TileW=1 TileH=1 File=20
2026-08-21 01:42:45 [INFO] Grh=1505 Frame=340 X=224 Y=160 W=32 H=32 TileW=1 TileH=1 File=20
2026-08-21 01:42:45 [INFO] Grh=1506 Frame=341 X=256 Y=160 W=32 H=32 TileW=1 TileH=1 File=20
2026-08-21 01:42:45 [INFO] Grh=1507 Frame=342 X=288 Y=160 W=32 H=32 TileW=1 TileH=1 File=20
2026-08-21 01:42:45 [INFO] Grh=1508 Frame=343 X=320 Y=160 W=32 H=32 TileW=1 TileH=1 File=20
2026-08-21 01:42:45 [INFO] Grh=1505 Frame=340 X=352 Y=160 W=32 H=32 TileW=1 TileH=1 File=20
2026-08-21 01:42:45 [INFO] Grh=1506 Frame=341 X=384 Y=160 W=32 H=32 TileW=1 TileH=1 File=20
2026-08-21 01:42:45 [INFO] Grh=1507 Frame=342 X=416 Y=160 W=32 H=32 TileW=1 TileH=1 File=20
2026-08-21 01:42:45 [INFO] Grh=1508 Frame=343 X=448 Y=160 W=32 H=32 TileW=1 TileH=1 File=20
2026-08-21 01:42:45 [INFO] Grh=1505 Frame=340 X=480 Y=160 W=32 H=32 TileW=1 TileH=1 File=20
2026-08-21 01:42:45 [INFO] Grh=1506 Frame=341 X=512 Y=160 W=32 H=32 TileW=1 TileH=1 File=20
2026-08-21 01:42:45 [INFO] Grh=1507 Frame=342 X=544 Y=160 W=32 H=32 TileW=1 TileH=1 File=20
2026-08-21 01:42:45 [INFO] Grh=1513 Frame=348 X=-32 Y=192 W=32 H=32 TileW=1 TileH=1 File=20
2026-08-21 01:42:45 [INFO] Grh=1514 Frame=349 X=0 Y=192 W=32 H=32 TileW=1 TileH=1 File=20
2026-08-21 01:42:45 [INFO] Grh=1515 Frame=350 X=32 Y=192 W=32 H=32 TileW=1 TileH=1 File=20
2026-08-21 01:42:45 [INFO] Grh=1516 Frame=351 X=64 Y=192 W=32 H=32 TileW=1 TileH=1 File=20
2026-08-21 01:42:45 [INFO] Grh=1513 Frame=348 X=96 Y=192 W=32 H=32 TileW=1 TileH=1 File=20
2026-08-21 01:42:45 [INFO] Grh=1514 Frame=349 X=128 Y=192 W=32 H=32 TileW=1 TileH=1 File=20
2026-08-21 01:42:45 [INFO] Grh=1515 Frame=350 X=160 Y=192 W=32 H=32 TileW=1 TileH=1 File=20
2026-08-21 01:42:45 [INFO] Grh=1516 Frame=351 X=192 Y=192 W=32 H=32 TileW=1 TileH=1 File=20
2026-08-21 01:42:45 [INFO] Grh=1513 Frame=348 X=224 Y=192 W=32 H=32 TileW=1 TileH=1 File=20
2026-08-21 01:42:45 [INFO] Grh=1514 Frame=349 X=256 Y=192 W=32 H=32 TileW=1 TileH=1 File=20
2026-08-21 01:42:45 [INFO] Grh=1515 Frame=350 X=288 Y=192 W=32 H=32 TileW=1 TileH=1 File=20
2026-08-21 01:42:45 [INFO] Grh=1516 Frame=351 X=320 Y=192 W=32 H=32 TileW=1 TileH=1 File=20
2026-08-21 01:42:45 [INFO] Grh=1513 Frame=348 X=352 Y=192 W=32 H=32 TileW=1 TileH=1 File=20
2026-08-21 01:42:45 [INFO] Grh=1514 Frame=349 X=384 Y=192 W=32 H=32 TileW=1 TileH=1 File=20
2026-08-21 01:42:45 [INFO] Grh=1515 Frame=350 X=416 Y=192 W=32 H=32 TileW=1 TileH=1 File=20
2026-08-21 01:42:45 [INFO] Grh=1516 Frame=351 X=448 Y=192 W=32 H=32 TileW=1 TileH=1 File=20
2026-08-21 01:42:45 [INFO] Grh=1513 Frame=348 X=480 Y=192 W=32 H=32 TileW=1 TileH=1 File=20
2026-08-21 01:42:45 [INFO] Grh=1514 Frame=349 X=512 Y=192 W=32 H=32 TileW=1 TileH=1 File=20
2026-08-21 01:42:45 [INFO] Grh=1515 Frame=350 X=544 Y=192 W=32 H=32 TileW=1 TileH=1 File=20
2026-08-21 01:42:45 [INFO] Grh=6000 Frame=6000 X=-32 Y=-32 W=32 H=32 TileW=1 TileH=1 File=6000
2026-08-21 01:42:45 [INFO] Grh=6001 Frame=6001 X=0 Y=-32 W=32 H=32 TileW=1 TileH=1 File=6000
2026-08-21 01:42:45 [INFO] Grh=6002 Frame=6002 X=32 Y=-32 W=32 H=32 TileW=1 TileH=1 File=6000
2026-08-21 01:42:45 [INFO] Grh=6003 Frame=6003 X=64 Y=-32 W=32 H=32 TileW=1 TileH=1 File=6000
2026-08-21 01:42:45 [INFO] Grh=6000 Frame=6000 X=96 Y=-32 W=32 H=32 TileW=1 TileH=1 File=6000
2026-08-21 01:42:45 [INFO] Grh=6001 Frame=6001 X=128 Y=-32 W=32 H=32 TileW=1 TileH=1 File=6000
2026-08-21 01:42:45 [INFO] Grh=6002 Frame=6002 X=160 Y=-32 W=32 H=32 TileW=1 TileH=1 File=6000
2026-08-21 01:42:45 [INFO] Grh=6003 Frame=6003 X=192 Y=-32 W=32 H=32 TileW=1 TileH=1 File=6000
2026-08-21 01:42:45 [INFO] Grh=6000 Frame=6000 X=224 Y=-32 W=32 H=32 TileW=1 TileH=1 File=6000
2026-08-21 01:42:45 [INFO] Grh=6001 Frame=6001 X=256 Y=-32 W=32 H=32 TileW=1 TileH=1 File=6000
2026-08-21 01:42:45 [INFO] Grh=6002 Frame=6002 X=288 Y=-32 W=32 H=32 TileW=1 TileH=1 File=6000
2026-08-21 01:42:45 [INFO] Grh=6003 Frame=6003 X=320 Y=-32 W=32 H=32 TileW=1 TileH=1 File=6000
2026-08-21 01:42:45 [INFO] Grh=6000 Frame=6000 X=352 Y=-32 W=32 H=32 TileW=1 TileH=1 File=6000
2026-08-21 01:42:45 [INFO] Grh=6001 Frame=6001 X=384 Y=-32 W=32 H=32 TileW=1 TileH=1 File=6000
2026-08-21 01:42:45 [INFO] Grh=6002 Frame=6002 X=416 Y=-32 W=32 H=32 TileW=1 TileH=1 File=6000
2026-08-21 01:42:45 [INFO] Grh=6003 Frame=6003 X=448 Y=-32 W=32 H=32 TileW=1 TileH=1 File=6000
2026-08-21 01:42:45 [INFO] Grh=6000 Frame=6000 X=480 Y=-32 W=32 H=32 TileW=1 TileH=1 File=6000
2026-08-21 01:42:45 [INFO] Grh=6001 Frame=6001 X=512 Y=-32 W=32 H=32 TileW=1 TileH=1 File=6000
2026-08-21 01:42:45 [INFO] Grh=6002 Frame=6002 X=544 Y=-32 W=32 H=32 TileW=1 TileH=1 File=6000
2026-08-21 01:42:45 [INFO] Grh=6008 Frame=6008 X=-32 Y=0 W=32 H=32 TileW=1 TileH=1 File=6000
2026-08-21 01:42:45 [INFO] Grh=6009 Frame=6009 X=0 Y=0 W=32 H=32 TileW=1 TileH=1 File=6000
2026-08-21 01:42:45 [INFO] Grh=6010 Frame=6010 X=32 Y=0 W=32 H=32 TileW=1 TileH=1 File=6000
2026-08-21 01:42:45 [INFO] Grh=6011 Frame=6011 X=64 Y=0 W=32 H=32 TileW=1 TileH=1 File=6000
2026-08-21 01:42:45 [INFO] Grh=6008 Frame=6008 X=96 Y=0 W=32 H=32 TileW=1 TileH=1 File=6000
2026-08-21 01:42:45 [INFO] Grh=6009 Frame=6009 X=128 Y=0 W=32 H=32 TileW=1 TileH=1 File=6000
2026-08-21 01:42:45 [INFO] Grh=6010 Frame=6010 X=160 Y=0 W=32 H=32 TileW=1 TileH=1 File=6000
2026-08-21 01:42:45 [INFO] Grh=6011 Frame=6011 X=192 Y=0 W=32 H=32 TileW=1 TileH=1 File=6000
2026-08-21 01:42:45 [INFO] Grh=6008 Frame=6008 X=224 Y=0 W=32 H=32 TileW=1 TileH=1 File=6000
2026-08-21 01:42:45 [INFO] Grh=6009 Frame=6009 X=256 Y=0 W=32 H=32 TileW=1 TileH=1 File=6000
2026-08-21 01:42:46 [INFO] Grh=6010 Frame=6010 X=288 Y=0 W=32 H=32 TileW=1 TileH=1 File=6000
2026-08-21 01:42:46 [INFO] Grh=6011 Frame=6011 X=320 Y=0 W=32 H=32 TileW=1 TileH=1 File=6000
2026-08-21 01:42:46 [INFO] Grh=6008 Frame=6008 X=352 Y=0 W=32 H=32 TileW=1 TileH=1 File=6000
2026-08-21 01:42:46 [INFO] Grh=6009 Frame=6009 X=384 Y=0 W=32 H=32 TileW=1 TileH=1 File=6000
2026-08-21 01:42:46 [INFO] Grh=6010 Frame=6010 X=416 Y=0 W=32 H=32 TileW=1 TileH=1 File=6000
2026-08-21 01:42:46 [INFO] Grh=6011 Frame=6011 X=448 Y=0 W=32 H=32 TileW=1 TileH=1 File=6000
2026-08-21 01:42:46 [INFO] Grh=6008 Frame=6008 X=480 Y=0 W=32 H=32 TileW=1 TileH=1 File=6000
2026-08-21 01:42:46 [INFO] Grh=6009 Frame=6009 X=512 Y=0 W=32 H=32 TileW=1 TileH=1 File=6000
2026-08-21 01:42:46 [INFO] Grh=6010 Frame=6010 X=544 Y=0 W=32 H=32 TileW=1 TileH=1 File=6000
2026-08-21 01:42:46 [INFO] Grh=1505 Frame=324 X=-32 Y=32 W=32 H=32 TileW=1 TileH=1 File=20
2026-08-21 01:42:46 [INFO] Grh=1506 Frame=325 X=0 Y=32 W=32 H=32 TileW=1 TileH=1 File=20
2026-08-21 01:42:46 [INFO] Grh=1507 Frame=326 X=32 Y=32 W=32 H=32 TileW=1 TileH=1 File=20
2026-08-21 01:42:46 [INFO] Grh=1508 Frame=327 X=64 Y=32 W=32 H=32 TileW=1 TileH=1 File=20
2026-08-21 01:42:46 [INFO] Grh=1505 Frame=324 X=96 Y=32 W=32 H=32 TileW=1 TileH=1 File=20
2026-08-21 01:42:46 [INFO] Grh=1506 Frame=325 X=128 Y=32 W=32 H=32 TileW=1 TileH=1 File=20
2026-08-21 01:42:46 [INFO] Grh=1507 Frame=326 X=160 Y=32 W=32 H=32 TileW=1 TileH=1 File=20
2026-08-21 01:42:46 [INFO] Grh=1508 Frame=327 X=192 Y=32 W=32 H=32 TileW=1 TileH=1 File=20
2026-08-21 01:42:46 [INFO] Grh=1505 Frame=324 X=224 Y=32 W=32 H=32 TileW=1 TileH=1 File=20
2026-08-21 01:42:46 [INFO] Grh=1506 Frame=325 X=256 Y=32 W=32 H=32 TileW=1 TileH=1 File=20
2026-08-21 01:42:46 [INFO] Grh=1507 Frame=326 X=288 Y=32 W=32 H=32 TileW=1 TileH=1 File=20
2026-08-21 01:42:46 [INFO] Grh=1508 Frame=327 X=320 Y=32 W=32 H=32 TileW=1 TileH=1 File=20
2026-08-21 01:42:46 [INFO] Grh=1505 Frame=324 X=352 Y=32 W=32 H=32 TileW=1 TileH=1 File=20
2026-08-21 01:42:46 [INFO] Grh=1506 Frame=325 X=384 Y=32 W=32 H=32 TileW=1 TileH=1 File=20
2026-08-21 01:42:46 [INFO] Grh=1507 Frame=326 X=416 Y=32 W=32 H=32 TileW=1 TileH=1 File=20
2026-08-21 01:42:46 [INFO] Grh=1508 Frame=327 X=448 Y=32 W=32 H=32 TileW=1 TileH=1 File=20
2026-08-21 01:42:46 [INFO] Grh=1505 Frame=324 X=480 Y=32 W=32 H=32 TileW=1 TileH=1 File=20
2026-08-21 01:42:46 [INFO] Grh=1506 Frame=325 X=512 Y=32 W=32 H=32 TileW=1 TileH=1 File=20
2026-08-21 01:42:46 [INFO] Grh=1507 Frame=326 X=544 Y=32 W=32 H=32 TileW=1 TileH=1 File=20
2026-08-21 01:42:46 [INFO] Grh=1513 Frame=332 X=-32 Y=64 W=32 H=32 TileW=1 TileH=1 File=20
2026-08-21 01:42:46 [INFO] Grh=1514 Frame=333 X=0 Y=64 W=32 H=32 TileW=1 TileH=1 File=20
2026-08-21 01:42:46 [INFO] Grh=1515 Frame=334 X=32 Y=64 W=32 H=32 TileW=1 TileH=1 File=20
2026-08-21 01:42:46 [INFO] Grh=1516 Frame=335 X=64 Y=64 W=32 H=32 TileW=1 TileH=1 File=20
2026-08-21 01:42:46 [INFO] Grh=1513 Frame=332 X=96 Y=64 W=32 H=32 TileW=1 TileH=1 File=20
2026-08-21 01:42:46 [INFO] Grh=1514 Frame=333 X=128 Y=64 W=32 H=32 TileW=1 TileH=1 File=20
2026-08-21 01:42:46 [INFO] Grh=1515 Frame=334 X=160 Y=64 W=32 H=32 TileW=1 TileH=1 File=20
2026-08-21 01:42:46 [INFO] Grh=1516 Frame=335 X=192 Y=64 W=32 H=32 TileW=1 TileH=1 File=20
2026-08-21 01:42:46 [INFO] Grh=1513 Frame=332 X=224 Y=64 W=32 H=32 TileW=1 TileH=1 File=20
2026-08-21 01:42:46 [INFO] Grh=1514 Frame=333 X=256 Y=64 W=32 H=32 TileW=1 TileH=1 File=20
2026-08-21 01:42:46 [INFO] Grh=1515 Frame=334 X=288 Y=64 W=32 H=32 TileW=1 TileH=1 File=20
2026-08-21 01:42:46 [INFO] Grh=1516 Frame=335 X=320 Y=64 W=32 H=32 TileW=1 TileH=1 File=20
2026-08-21 01:42:46 [INFO] Grh=1513 Frame=332 X=352 Y=64 W=32 H=32 TileW=1 TileH=1 File=20
2026-08-21 01:42:46 [INFO] Grh=1514 Frame=333 X=384 Y=64 W=32 H=32 TileW=1 TileH=1 File=20
2026-08-21 01:42:46 [INFO] Grh=1515 Frame=334 X=416 Y=64 W=32 H=32 TileW=1 TileH=1 File=20
2026-08-21 01:42:46 [INFO] Grh=1516 Frame=335 X=448 Y=64 W=32 H=32 TileW=1 TileH=1 File=20
2026-08-21 01:42:46 [INFO] Grh=1513 Frame=332 X=480 Y=64 W=32 H=32 TileW=1 TileH=1 File=20
2026-08-21 01:42:46 [INFO] Grh=1514 Frame=333 X=512 Y=64 W=32 H=32 TileW=1 TileH=1 File=20
2026-08-21 01:42:46 [INFO] Grh=1515 Frame=334 X=544 Y=64 W=32 H=32 TileW=1 TileH=1 File=20
2026-08-21 01:42:46 [INFO] Grh=1505 Frame=324 X=-32 Y=96 W=32 H=32 TileW=1 TileH=1 File=20
2026-08-21 01:42:46 [INFO] Grh=1506 Frame=325 X=0 Y=96 W=32 H=32 TileW=1 TileH=1 File=20
2026-08-21 01:42:46 [INFO] Grh=1507 Frame=326 X=32 Y=96 W=32 H=32 TileW=1 TileH=1 File=20
2026-08-21 01:42:46 [INFO] Grh=1508 Frame=327 X=64 Y=96 W=32 H=32 TileW=1 TileH=1 File=20
2026-08-21 01:42:46 [INFO] Grh=1505 Frame=324 X=96 Y=96 W=32 H=32 TileW=1 TileH=1 File=20
2026-08-21 01:42:46 [INFO] Grh=1506 Frame=325 X=128 Y=96 W=32 H=32 TileW=1 TileH=1 File=20
2026-08-21 01:42:46 [INFO] Grh=1507 Frame=326 X=160 Y=96 W=32 H=32 TileW=1 TileH=1 File=20
2026-08-21 01:42:46 [INFO] Grh=1508 Frame=327 X=192 Y=96 W=32 H=32 TileW=1 TileH=1 File=20
2026-08-21 01:42:46 [INFO] Grh=1505 Frame=324 X=224 Y=96 W=32 H=32 TileW=1 TileH=1 File=20
2026-08-21 01:42:46 [INFO] Grh=1506 Frame=325 X=256 Y=96 W=32 H=32 TileW=1 TileH=1 File=20
2026-08-21 01:42:46 [INFO] Grh=1507 Frame=326 X=288 Y=96 W=32 H=32 TileW=1 TileH=1 File=20
2026-08-21 01:42:46 [INFO] Grh=1508 Frame=327 X=320 Y=96 W=32 H=32 TileW=1 TileH=1 File=20
2026-08-21 01:42:46 [INFO] Grh=1505 Frame=324 X=352 Y=96 W=32 H=32 TileW=1 TileH=1 File=20
2026-08-21 01:42:46 [INFO] Grh=1506 Frame=325 X=384 Y=96 W=32 H=32 TileW=1 TileH=1 File=20
2026-08-21 01:42:46 [INFO] Grh=1507 Frame=326 X=416 Y=96 W=32 H=32 TileW=1 TileH=1 File=20
2026-08-21 01:42:46 [INFO] Grh=1508 Frame=327 X=448 Y=96 W=32 H=32 TileW=1 TileH=1 File=20
2026-08-21 01:42:46 [INFO] Grh=1505 Frame=324 X=480 Y=96 W=32 H=32 TileW=1 TileH=1 File=20
2026-08-21 01:42:46 [INFO] Grh=1506 Frame=325 X=512 Y=96 W=32 H=32 TileW=1 TileH=1 File=20
2026-08-21 01:42:46 [INFO] Grh=1507 Frame=326 X=544 Y=96 W=32 H=32 TileW=1 TileH=1 File=20
2026-08-21 01:42:46 [INFO] Grh=1513 Frame=332 X=-32 Y=128 W=32 H=32 TileW=1 TileH=1 File=20
2026-08-21 01:42:46 [INFO] Grh=1514 Frame=333 X=0 Y=128 W=32 H=32 TileW=1 TileH=1 File=20
2026-08-21 01:42:46 [INFO] Grh=1515 Frame=334 X=32 Y=128 W=32 H=32 TileW=1 TileH=1 File=20
2026-08-21 01:42:46 [INFO] Grh=1516 Frame=335 X=64 Y=128 W=32 H=32 TileW=1 TileH=1 File=20
2026-08-21 01:42:46 [INFO] Grh=1513 Frame=332 X=96 Y=128 W=32 H=32 TileW=1 TileH=1 File=20
2026-08-21 01:42:46 [INFO] Grh=1514 Frame=333 X=128 Y=128 W=32 H=32 TileW=1 TileH=1 File=20
2026-08-21 01:42:46 [INFO] Grh=1515 Frame=334 X=160 Y=128 W=32 H=32 TileW=1 TileH=1 File=20
2026-08-21 01:42:46 [INFO] Grh=1516 Frame=335 X=192 Y=128 W=32 H=32 TileW=1 TileH=1 File=20
2026-08-21 01:42:46 [INFO] Grh=1513 Frame=332 X=224 Y=128 W=32 H=32 TileW=1 TileH=1 File=20
2026-08-21 01:42:46 [INFO] Grh=1514 Frame=333 X=256 Y=128 W=32 H=32 TileW=1 TileH=1 File=20
2026-08-21 01:42:46 [INFO] Grh=1515 Frame=334 X=288 Y=128 W=32 H=32 TileW=1 TileH=1 File=20
2026-08-21 01:42:46 [INFO] Grh=1516 Frame=335 X=320 Y=128 W=32 H=32 TileW=1 TileH=1 File=20
2026-08-21 01:42:46 [INFO] Grh=1513 Frame=332 X=352 Y=128 W=32 H=32 TileW=1 TileH=1 File=20
2026-08-21 01:42:46 [INFO] Grh=1514 Frame=333 X=384 Y=128 W=32 H=32 TileW=1 TileH=1 File=20
2026-08-21 01:42:46 [INFO] Grh=1515 Frame=334 X=416 Y=128 W=32 H=32 TileW=1 TileH=1 File=20
2026-08-21 01:42:46 [INFO] Grh=1516 Frame=335 X=448 Y=128 W=32 H=32 TileW=1 TileH=1 File=20
2026-08-21 01:42:46 [INFO] Grh=1513 Frame=332 X=480 Y=128 W=32 H=32 TileW=1 TileH=1 File=20
2026-08-21 01:42:46 [INFO] Grh=1514 Frame=333 X=512 Y=128 W=32 H=32 TileW=1 TileH=1 File=20
2026-08-21 01:42:46 [INFO] Grh=1515 Frame=334 X=544 Y=128 W=32 H=32 TileW=1 TileH=1 File=20
2026-08-21 01:42:46 [INFO] Grh=1505 Frame=324 X=-32 Y=160 W=32 H=32 TileW=1 TileH=1 File=20
2026-08-21 01:42:46 [INFO] Grh=1506 Frame=325 X=0 Y=160 W=32 H=32 TileW=1 TileH=1 File=20
2026-08-21 01:42:46 [INFO] Grh=1507 Frame=326 X=32 Y=160 W=32 H=32 TileW=1 TileH=1 File=20
2026-08-21 01:42:46 [INFO] Grh=1508 Frame=327 X=64 Y=160 W=32 H=32 TileW=1 TileH=1 File=20
2026-08-21 01:42:46 [INFO] Grh=1505 Frame=324 X=96 Y=160 W=32 H=32 TileW=1 TileH=1 File=20
2026-08-21 01:42:46 [INFO] Grh=1506 Frame=325 X=128 Y=160 W=32 H=32 TileW=1 TileH=1 File=20
2026-08-21 01:42:46 [INFO] Grh=1507 Frame=326 X=160 Y=160 W=32 H=32 TileW=1 TileH=1 File=20
2026-08-21 01:42:46 [INFO] Grh=1508 Frame=327 X=192 Y=160 W=32 H=32 TileW=1 TileH=1 File=20
2026-08-21 01:42:46 [INFO] Grh=1505 Frame=324 X=224 Y=160 W=32 H=32 TileW=1 TileH=1 File=20
2026-08-21 01:42:46 [INFO] Grh=1506 Frame=325 X=256 Y=160 W=32 H=32 TileW=1 TileH=1 File=20
2026-08-21 01:42:46 [INFO] Grh=1507 Frame=326 X=288 Y=160 W=32 H=32 TileW=1 TileH=1 File=20
2026-08-21 01:42:46 [INFO] Grh=1508 Frame=327 X=320 Y=160 W=32 H=32 TileW=1 TileH=1 File=20
2026-08-21 01:42:46 [INFO] Grh=1505 Frame=324 X=352 Y=160 W=32 H=32 TileW=1 TileH=1 File=20
2026-08-21 01:42:46 [INFO] Grh=1506 Frame=325 X=384 Y=160 W=32 H=32 TileW=1 TileH=1 File=20
2026-08-21 01:42:46 [INFO] Grh=1507 Frame=326 X=416 Y=160 W=32 H=32 TileW=1 TileH=1 File=20
2026-08-21 01:42:46 [INFO] Grh=1508 Frame=327 X=448 Y=160 W=32 H=32 TileW=1 TileH=1 File=20
2026-08-21 01:42:46 [INFO] Grh=1505 Frame=324 X=480 Y=160 W=32 H=32 TileW=1 TileH=1 File=20
2026-08-21 01:42:46 [INFO] Grh=1506 Frame=325 X=512 Y=160 W=32 H=32 TileW=1 TileH=1 File=20
2026-08-21 01:42:46 [INFO] Grh=1507 Frame=326 X=544 Y=160 W=32 H=32 TileW=1 TileH=1 File=20
2026-08-21 01:42:46 [INFO] Grh=1513 Frame=332 X=-32 Y=192 W=32 H=32 TileW=1 TileH=1 File=20
2026-08-21 01:42:46 [INFO] Grh=1514 Frame=333 X=0 Y=192 W=32 H=32 TileW=1 TileH=1 File=20
2026-08-21 01:42:46 [INFO] Grh=1515 Frame=334 X=32 Y=192 W=32 H=32 TileW=1 TileH=1 File=20
2026-08-21 01:42:46 [INFO] Grh=1516 Frame=335 X=64 Y=192 W=32 H=32 TileW=1 TileH=1 File=20
2026-08-21 01:42:46 [INFO] Grh=1513 Frame=332 X=96 Y=192 W=32 H=32 TileW=1 TileH=1 File=20
2026-08-21 01:42:46 [INFO] Grh=1514 Frame=333 X=128 Y=192 W=32 H=32 TileW=1 TileH=1 File=20
2026-08-21 01:42:46 [INFO] Grh=1515 Frame=334 X=160 Y=192 W=32 H=32 TileW=1 TileH=1 File=20
2026-08-21 01:42:46 [INFO] Grh=1516 Frame=335 X=192 Y=192 W=32 H=32 TileW=1 TileH=1 File=20
2026-08-21 01:42:46 [INFO] Grh=1513 Frame=332 X=224 Y=192 W=32 H=32 TileW=1 TileH=1 File=20
2026-08-21 01:42:46 [INFO] Grh=1514 Frame=333 X=256 Y=192 W=32 H=32 TileW=1 TileH=1 File=20
2026-08-21 01:42:46 [INFO] Grh=1515 Frame=334 X=288 Y=192 W=32 H=32 TileW=1 TileH=1 File=20
2026-08-21 01:42:46 [INFO] Grh=1516 Frame=335 X=320 Y=192 W=32 H=32 TileW=1 TileH=1 File=20
2026-08-21 01:42:46 [INFO] Grh=1513 Frame=332 X=352 Y=192 W=32 H=32 TileW=1 TileH=1 File=20
2026-08-21 01:42:46 [INFO] Grh=1514 Frame=333 X=384 Y=192 W=32 H=32 TileW=1 TileH=1 File=20
2026-08-21 01:42:46 [INFO] Grh=1515 Frame=334 X=416 Y=192 W=32 H=32 TileW=1 TileH=1 File=20
2026-08-21 01:42:46 [INFO] Grh=1516 Frame=335 X=448 Y=192 W=32 H=32 TileW=1 TileH=1 File=20
2026-08-21 01:42:46 [INFO] Grh=1513 Frame=332 X=480 Y=192 W=32 H=32 TileW=1 TileH=1 File=20
2026-08-21 01:42:46 [INFO] Grh=1514 Frame=333 X=512 Y=192 W=32 H=32 TileW=1 TileH=1 File=20
2026-08-21 01:42:46 [INFO] Grh=1515 Frame=334 X=544 Y=192 W=32 H=32 TileW=1 TileH=1 File=20
2026-08-21 01:42:46 [INFO] Grh=6000 Frame=6000 X=-32 Y=-32 W=32 H=32 TileW=1 TileH=1 File=6000
2026-08-21 01:42:46 [INFO] Grh=6001 Frame=6001 X=0 Y=-32 W=32 H=32 TileW=1 TileH=1 File=6000
2026-08-21 01:42:46 [INFO] Grh=6002 Frame=6002 X=32 Y=-32 W=32 H=32 TileW=1 TileH=1 File=6000
2026-08-21 01:42:46 [INFO] Grh=6003 Frame=6003 X=64 Y=-32 W=32 H=32 TileW=1 TileH=1 File=6000
2026-08-21 01:42:46 [INFO] Grh=6000 Frame=6000 X=96 Y=-32 W=32 H=32 TileW=1 TileH=1 File=6000
2026-08-21 01:42:46 [INFO] Grh=6001 Frame=6001 X=128 Y=-32 W=32 H=32 TileW=1 TileH=1 File=6000
2026-08-21 01:42:46 [INFO] Grh=6002 Frame=6002 X=160 Y=-32 W=32 H=32 TileW=1 TileH=1 File=6000
2026-08-21 01:42:46 [INFO] Grh=6003 Frame=6003 X=192 Y=-32 W=32 H=32 TileW=1 TileH=1 File=6000
2026-08-21 01:42:46 [INFO] Grh=6000 Frame=6000 X=224 Y=-32 W=32 H=32 TileW=1 TileH=1 File=6000
2026-08-21 01:42:46 [INFO] Grh=6001 Frame=6001 X=256 Y=-32 W=32 H=32 TileW=1 TileH=1 File=6000
2026-08-21 01:42:46 [INFO] Grh=6002 Frame=6002 X=288 Y=-32 W=32 H=32 TileW=1 TileH=1 File=6000
2026-08-21 01:42:46 [INFO] Grh=6003 Frame=6003 X=320 Y=-32 W=32 H=32 TileW=1 TileH=1 File=6000
2026-08-21 01:42:46 [INFO] Grh=6000 Frame=6000 X=352 Y=-32 W=32 H=32 TileW=1 TileH=1 File=6000
2026-08-21 01:42:46 [INFO] Grh=6001 Frame=6001 X=384 Y=-32 W=32 H=32 TileW=1 TileH=1 File=6000
2026-08-21 01:42:46 [INFO] Grh=6002 Frame=6002 X=416 Y=-32 W=32 H=32 TileW=1 TileH=1 File=6000
2026-08-21 01:42:46 [INFO] Grh=6003 Frame=6003 X=448 Y=-32 W=32 H=32 TileW=1 TileH=1 File=6000
2026-08-21 01:42:46 [INFO] Grh=6000 Frame=6000 X=480 Y=-32 W=32 H=32 TileW=1 TileH=1 File=6000
2026-08-21 01:42:46 [INFO] Grh=6001 Frame=6001 X=512 Y=-32 W=32 H=32 TileW=1 TileH=1 File=6000
2026-08-21 01:42:46 [INFO] Grh=6002 Frame=6002 X=544 Y=-32 W=32 H=32 TileW=1 TileH=1 File=6000
2026-08-21 01:42:46 [INFO] Grh=6008 Frame=6008 X=-32 Y=0 W=32 H=32 TileW=1 TileH=1 File=6000
2026-08-21 01:42:46 [INFO] Grh=6009 Frame=6009 X=0 Y=0 W=32 H=32 TileW=1 TileH=1 File=6000
2026-08-21 01:42:46 [INFO] Grh=6010 Frame=6010 X=32 Y=0 W=32 H=32 TileW=1 TileH=1 File=6000
2026-08-21 01:42:46 [INFO] Grh=6011 Frame=6011 X=64 Y=0 W=32 H=32 TileW=1 TileH=1 File=6000
2026-08-21 01:42:46 [INFO] Grh=6008 Frame=6008 X=96 Y=0 W=32 H=32 TileW=1 TileH=1 File=6000
2026-08-21 01:42:46 [INFO] Grh=6009 Frame=6009 X=128 Y=0 W=32 H=32 TileW=1 TileH=1 File=6000
2026-08-21 01:42:46 [INFO] Grh=6010 Frame=6010 X=160 Y=0 W=32 H=32 TileW=1 TileH=1 File=6000
2026-08-21 01:42:46 [INFO] Grh=6011 Frame=6011 X=192 Y=0 W=32 H=32 TileW=1 TileH=1 File=6000
2026-08-21 01:42:46 [INFO] Grh=6008 Frame=6008 X=224 Y=0 W=32 H=32 TileW=1 TileH=1 File=6000
2026-08-21 01:42:46 [INFO] Grh=6009 Frame=6009 X=256 Y=0 W=32 H=32 TileW=1 TileH=1 File=6000
2026-08-21 01:42:46 [INFO] Grh=6010 Frame=6010 X=288 Y=0 W=32 H=32 TileW=1 TileH=1 File=6000
2026-08-21 01:42:46 [INFO] Grh=6011 Frame=6011 X=320 Y=0 W=32 H=32 TileW=1 TileH=1 File=6000
2026-08-21 01:42:46 [INFO] Grh=6008 Frame=6008 X=352 Y=0 W=32 H=32 TileW=1 TileH=1 File=6000
2026-08-21 01:42:46 [INFO] Grh=6009 Frame=6009 X=384 Y=0 W=32 H=32 TileW=1 TileH=1 File=6000
2026-08-21 01:42:46 [INFO] Grh=6010 Frame=6010 X=416 Y=0 W=32 H=32 TileW=1 TileH=1 File=6000
2026-08-21 01:42:46 [INFO] Grh=6011 Frame=6011 X=448 Y=0 W=32 H=32 TileW=1 TileH=1 File=6000
2026-08-21 01:42:46 [INFO] Grh=6008 Frame=6008 X=480 Y=0 W=32 H=32 TileW=1 TileH=1 File=6000
2026-08-21 01:42:46 [INFO] Grh=6009 Frame=6009 X=512 Y=0 W=32 H=32 TileW=1 TileH=1 File=6000
2026-08-21 01:42:46 [INFO] Grh=6010 Frame=6010 X=544 Y=0 W=32 H=32 TileW=1 TileH=1 File=6000
2026-08-21 01:42:46 [INFO] Grh=1505 Frame=372 X=-32 Y=32 W=32 H=32 TileW=1 TileH=1 File=20
2026-08-21 01:42:46 [INFO] Grh=1506 Frame=373 X=0 Y=32 W=32 H=32 TileW=1 TileH=1 File=20
2026-08-21 01:42:46 [INFO] Grh=1507 Frame=374 X=32 Y=32 W=32 H=32 TileW=1 TileH=1 File=20
2026-08-21 01:42:46 [INFO] Grh=1508 Frame=375 X=64 Y=32 W=32 H=32 TileW=1 TileH=1 File=20
2026-08-21 01:42:46 [INFO] Grh=1505 Frame=372 X=96 Y=32 W=32 H=32 TileW=1 TileH=1 File=20
2026-08-21 01:42:46 [INFO] Grh=1506 Frame=373 X=128 Y=32 W=32 H=32 TileW=1 TileH=1 File=20
2026-08-21 01:42:46 [INFO] Grh=1507 Frame=374 X=160 Y=32 W=32 H=32 TileW=1 TileH=1 File=20
2026-08-21 01:42:46 [INFO] Grh=1508 Frame=375 X=192 Y=32 W=32 H=32 TileW=1 TileH=1 File=20
2026-08-21 01:42:46 [INFO] Grh=1505 Frame=372 X=224 Y=32 W=32 H=32 TileW=1 TileH=1 File=20
2026-08-21 01:42:46 [INFO] Grh=1506 Frame=373 X=256 Y=32 W=32 H=32 TileW=1 TileH=1 File=20
2026-08-21 01:42:46 [INFO] Grh=1507 Frame=374 X=288 Y=32 W=32 H=32 TileW=1 TileH=1 File=20
2026-08-21 01:42:46 [INFO] Grh=1508 Frame=375 X=320 Y=32 W=32 H=32 TileW=1 TileH=1 File=20
2026-08-21 01:42:46 [INFO] Grh=1505 Frame=372 X=352 Y=32 W=32 H=32 TileW=1 TileH=1 File=20
2026-08-21 01:42:46 [INFO] Grh=1506 Frame=373 X=384 Y=32 W=32 H=32 TileW=1 TileH=1 File=20
2026-08-21 01:42:46 [INFO] Grh=1507 Frame=374 X=416 Y=32 W=32 H=32 TileW=1 TileH=1 File=20
2026-08-21 01:42:46 [INFO] Grh=1508 Frame=375 X=448 Y=32 W=32 H=32 TileW=1 TileH=1 File=20
2026-08-21 01:42:46 [INFO] Grh=1505 Frame=372 X=480 Y=32 W=32 H=32 TileW=1 TileH=1 File=20
2026-08-21 01:42:46 [INFO] Grh=1506 Frame=373 X=512 Y=32 W=32 H=32 TileW=1 TileH=1 File=20
2026-08-21 01:42:46 [INFO] Grh=1507 Frame=374 X=544 Y=32 W=32 H=32 TileW=1 TileH=1 File=20
2026-08-21 01:42:46 [INFO] Grh=1513 Frame=380 X=-32 Y=64 W=32 H=32 TileW=1 TileH=1 File=20
2026-08-21 01:42:46 [INFO] Grh=1514 Frame=381 X=0 Y=64 W=32 H=32 TileW=1 TileH=1 File=20
2026-08-21 01:42:46 [INFO] Grh=1515 Frame=382 X=32 Y=64 W=32 H=32 TileW=1 TileH=1 File=20
2026-08-21 01:42:46 [INFO] Grh=1516 Frame=383 X=64 Y=64 W=32 H=32 TileW=1 TileH=1 File=20
2026-08-21 01:42:46 [INFO] Grh=1513 Frame=380 X=96 Y=64 W=32 H=32 TileW=1 TileH=1 File=20
2026-08-21 01:42:46 [INFO] Grh=1514 Frame=381 X=128 Y=64 W=32 H=32 TileW=1 TileH=1 File=20
2026-08-21 01:42:46 [INFO] Grh=1515 Frame=382 X=160 Y=64 W=32 H=32 TileW=1 TileH=1 File=20
2026-08-21 01:42:46 [INFO] Grh=1516 Frame=383 X=192 Y=64 W=32 H=32 TileW=1 TileH=1 File=20
2026-08-21 01:42:46 [INFO] Grh=1513 Frame=380 X=224 Y=64 W=32 H=32 TileW=1 TileH=1 File=20
2026-08-21 01:42:46 [INFO] Grh=1514 Frame=381 X=256 Y=64 W=32 H=32 TileW=1 TileH=1 File=20
2026-08-21 01:42:46 [INFO] Grh=1515 Frame=382 X=288 Y=64 W=32 H=32 TileW=1 TileH=1 File=20
2026-08-21 01:42:46 [INFO] Grh=1516 Frame=383 X=320 Y=64 W=32 H=32 TileW=1 TileH=1 File=20
2026-08-21 01:42:46 [INFO] Grh=1513 Frame=380 X=352 Y=64 W=32 H=32 TileW=1 TileH=1 File=20
2026-08-21 01:42:46 [INFO] Grh=1514 Frame=381 X=384 Y=64 W=32 H=32 TileW=1 TileH=1 File=20
2026-08-21 01:42:46 [INFO] Grh=1515 Frame=382 X=416 Y=64 W=32 H=32 TileW=1 TileH=1 File=20
2026-08-21 01:42:46 [INFO] Grh=1516 Frame=383 X=448 Y=64 W=32 H=32 TileW=1 TileH=1 File=20
2026-08-21 01:42:46 [INFO] Grh=1513 Frame=380 X=480 Y=64 W=32 H=32 TileW=1 TileH=1 File=20
2026-08-21 01:42:46 [INFO] Grh=1514 Frame=381 X=512 Y=64 W=32 H=32 TileW=1 TileH=1 File=20
2026-08-21 01:42:46 [INFO] Grh=1515 Frame=382 X=544 Y=64 W=32 H=32 TileW=1 TileH=1 File=20
2026-08-21 01:42:46 [INFO] Grh=1505 Frame=372 X=-32 Y=96 W=32 H=32 TileW=1 TileH=1 File=20
2026-08-21 01:42:46 [INFO] Grh=1506 Frame=373 X=0 Y=96 W=32 H=32 TileW=1 TileH=1 File=20
2026-08-21 01:42:46 [INFO] Grh=1507 Frame=374 X=32 Y=96 W=32 H=32 TileW=1 TileH=1 File=20
2026-08-21 01:42:46 [INFO] Grh=1508 Frame=375 X=64 Y=96 W=32 H=32 TileW=1 TileH=1 File=20
2026-08-21 01:42:46 [INFO] Grh=1505 Frame=372 X=96 Y=96 W=32 H=32 TileW=1 TileH=1 File=20
2026-08-21 01:42:46 [INFO] Grh=1506 Frame=373 X=128 Y=96 W=32 H=32 TileW=1 TileH=1 File=20
2026-08-21 01:42:46 [INFO] Grh=1507 Frame=374 X=160 Y=96 W=32 H=32 TileW=1 TileH=1 File=20
2026-08-21 01:42:46 [INFO] Grh=1508 Frame=375 X=192 Y=96 W=32 H=32 TileW=1 TileH=1 File=20
2026-08-21 01:42:46 [INFO] Grh=1505 Frame=372 X=224 Y=96 W=32 H=32 TileW=1 TileH=1 File=20
2026-08-21 01:42:46 [INFO] Grh=1506 Frame=373 X=256 Y=96 W=32 H=32 TileW=1 TileH=1 File=20
2026-08-21 01:42:46 [INFO] Grh=1507 Frame=374 X=288 Y=96 W=32 H=32 TileW=1 TileH=1 File=20
2026-08-21 01:42:46 [INFO] Grh=1508 Frame=375 X=320 Y=96 W=32 H=32 TileW=1 TileH=1 File=20
2026-08-21 01:42:46 [INFO] Grh=1505 Frame=372 X=352 Y=96 W=32 H=32 TileW=1 TileH=1 File=20
2026-08-21 01:42:46 [INFO] Grh=1506 Frame=373 X=384 Y=96 W=32 H=32 TileW=1 TileH=1 File=20
2026-08-21 01:42:46 [INFO] Grh=1507 Frame=374 X=416 Y=96 W=32 H=32 TileW=1 TileH=1 File=20
2026-08-21 01:42:46 [INFO] Grh=1508 Frame=375 X=448 Y=96 W=32 H=32 TileW=1 TileH=1 File=20
2026-08-21 01:42:46 [INFO] Grh=1505 Frame=372 X=480 Y=96 W=32 H=32 TileW=1 TileH=1 File=20
2026-08-21 01:42:46 [INFO] Grh=1506 Frame=373 X=512 Y=96 W=32 H=32 TileW=1 TileH=1 File=20
2026-08-21 01:42:46 [INFO] Grh=1507 Frame=374 X=544 Y=96 W=32 H=32 TileW=1 TileH=1 File=20
2026-08-21 01:42:46 [INFO] Grh=1513 Frame=380 X=-32 Y=128 W=32 H=32 TileW=1 TileH=1 File=20
2026-08-21 01:42:46 [INFO] Grh=1514 Frame=381 X=0 Y=128 W=32 H=32 TileW=1 TileH=1 File=20
2026-08-21 01:42:46 [INFO] Grh=1515 Frame=382 X=32 Y=128 W=32 H=32 TileW=1 TileH=1 File=20
2026-08-21 01:42:46 [INFO] Grh=1516 Frame=383 X=64 Y=128 W=32 H=32 TileW=1 TileH=1 File=20
2026-08-21 01:42:46 [INFO] Grh=1513 Frame=380 X=96 Y=128 W=32 H=32 TileW=1 TileH=1 File=20
2026-08-21 01:42:46 [INFO] Grh=1514 Frame=381 X=128 Y=128 W=32 H=32 TileW=1 TileH=1 File=20
2026-08-21 01:42:46 [INFO] Grh=1515 Frame=382 X=160 Y=128 W=32 H=32 TileW=1 TileH=1 File=20
2026-08-21 01:42:46 [INFO] Grh=1516 Frame=383 X=192 Y=128 W=32 H=32 TileW=1 TileH=1 File=20
2026-08-21 01:42:46 [INFO] Grh=1513 Frame=380 X=224 Y=128 W=32 H=32 TileW=1 TileH=1 File=20
2026-08-21 01:42:46 [INFO] Grh=1514 Frame=381 X=256 Y=128 W=32 H=32 TileW=1 TileH=1 File=20
2026-08-21 01:42:46 [INFO] Grh=1515 Frame=382 X=288 Y=128 W=32 H=32 TileW=1 TileH=1 File=20
2026-08-21 01:42:46 [INFO] Grh=1516 Frame=383 X=320 Y=128 W=32 H=32 TileW=1 TileH=1 File=20
2026-08-21 01:42:46 [INFO] Grh=1513 Frame=380 X=352 Y=128 W=32 H=32 TileW=1 TileH=1 File=20
2026-08-21 01:42:46 [INFO] Grh=1514 Frame=381 X=384 Y=128 W=32 H=32 TileW=1 TileH=1 File=20
2026-08-21 01:42:46 [INFO] Grh=1515 Frame=382 X=416 Y=128 W=32 H=32 TileW=1 TileH=1 File=20
2026-08-21 01:42:46 [INFO] Grh=1516 Frame=383 X=448 Y=128 W=32 H=32 TileW=1 TileH=1 File=20
2026-08-21 01:42:46 [INFO] Grh=1513 Frame=380 X=480 Y=128 W=32 H=32 TileW=1 TileH=1 File=20
2026-08-21 01:42:46 [INFO] Grh=1514 Frame=381 X=512 Y=128 W=32 H=32 TileW=1 TileH=1 File=20
2026-08-21 01:42:46 [INFO] Grh=1515 Frame=382 X=544 Y=128 W=32 H=32 TileW=1 TileH=1 File=20
2026-08-21 01:42:46 [INFO] Grh=1505 Frame=372 X=-32 Y=160 W=32 H=32 TileW=1 TileH=1 File=20
2026-08-21 01:42:46 [INFO] Grh=1506 Frame=373 X=0 Y=160 W=32 H=32 TileW=1 TileH=1 File=20
2026-08-21 01:42:46 [INFO] Grh=1507 Frame=374 X=32 Y=160 W=32 H=32 TileW=1 TileH=1 File=20
2026-08-21 01:42:46 [INFO] Grh=1508 Frame=375 X=64 Y=160 W=32 H=32 TileW=1 TileH=1 File=20
2026-08-21 01:42:46 [INFO] Grh=1505 Frame=372 X=96 Y=160 W=32 H=32 TileW=1 TileH=1 File=20
2026-08-21 01:42:46 [INFO] Grh=1506 Frame=373 X=128 Y=160 W=32 H=32 TileW=1 TileH=1 File=20
2026-08-21 01:42:46 [INFO] Grh=1507 Frame=374 X=160 Y=160 W=32 H=32 TileW=1 TileH=1 File=20
2026-08-21 01:42:46 [INFO] Grh=1508 Frame=375 X=192 Y=160 W=32 H=32 TileW=1 TileH=1 File=20
2026-08-21 01:42:46 [INFO] Grh=1505 Frame=372 X=224 Y=160 W=32 H=32 TileW=1 TileH=1 File=20
2026-08-21 01:42:46 [INFO] Grh=1506 Frame=373 X=256 Y=160 W=32 H=32 TileW=1 TileH=1 File=20
2026-08-21 01:42:46 [INFO] Grh=1507 Frame=374 X=288 Y=160 W=32 H=32 TileW=1 TileH=1 File=20
2026-08-21 01:42:46 [INFO] Grh=1508 Frame=375 X=320 Y=160 W=32 H=32 TileW=1 TileH=1 File=20
2026-08-21 01:42:46 [INFO] Grh=1505 Frame=372 X=352 Y=160 W=32 H=32 TileW=1 TileH=1 File=20
2026-08-21 01:42:46 [INFO] Grh=1506 Frame=373 X=384 Y=160 W=32 H=32 TileW=1 TileH=1 File=20
2026-08-21 01:42:46 [INFO] Grh=1507 Frame=374 X=416 Y=160 W=32 H=32 TileW=1 TileH=1 File=20
2026-08-21 01:42:46 [INFO] Grh=1508 Frame=375 X=448 Y=160 W=32 H=32 TileW=1 TileH=1 File=20
2026-08-21 01:42:46 [INFO] Grh=1505 Frame=372 X=480 Y=160 W=32 H=32 TileW=1 TileH=1 File=20
2026-08-21 01:42:46 [INFO] Grh=1506 Frame=373 X=512 Y=160 W=32 H=32 TileW=1 TileH=1 File=20
2026-08-21 01:42:46 [INFO] Grh=1507 Frame=374 X=544 Y=160 W=32 H=32 TileW=1 TileH=1 File=20
2026-08-21 01:42:46 [INFO] Grh=1513 Frame=380 X=-32 Y=192 W=32 H=32 TileW=1 TileH=1 File=20
2026-08-21 01:42:46 [INFO] Grh=1514 Frame=381 X=0 Y=192 W=32 H=32 TileW=1 TileH=1 File=20
2026-08-21 01:42:46 [INFO] Grh=1515 Frame=382 X=32 Y=192 W=32 H=32 TileW=1 TileH=1 File=20
2026-08-21 01:42:46 [INFO] Grh=1516 Frame=383 X=64 Y=192 W=32 H=32 TileW=1 TileH=1 File=20
2026-08-21 01:42:46 [INFO] Grh=1513 Frame=380 X=96 Y=192 W=32 H=32 TileW=1 TileH=1 File=20
2026-08-21 01:42:46 [INFO] Grh=1514 Frame=381 X=128 Y=192 W=32 H=32 TileW=1 TileH=1 File=20
2026-08-21 01:42:46 [INFO] Grh=1515 Frame=382 X=160 Y=192 W=32 H=32 TileW=1 TileH=1 File=20
2026-08-21 01:42:46 [INFO] Grh=1516 Frame=383 X=192 Y=192 W=32 H=32 TileW=1 TileH=1 File=20
2026-08-21 01:42:46 [INFO] Grh=1513 Frame=380 X=224 Y=192 W=32 H=32 TileW=1 TileH=1 File=20
2026-08-21 01:42:46 [INFO] Grh=1514 Frame=381 X=256 Y=192 W=32 H=32 TileW=1 TileH=1 File=20
2026-08-21 01:42:46 [INFO] Grh=1515 Frame=382 X=288 Y=192 W=32 H=32 TileW=1 TileH=1 File=20
2026-08-21 01:42:46 [INFO] Grh=1516 Frame=383 X=320 Y=192 W=32 H=32 TileW=1 TileH=1 File=20
2026-08-21 01:42:46 [INFO] Grh=1513 Frame=380 X=352 Y=192 W=32 H=32 TileW=1 TileH=1 File=20
2026-08-21 01:42:46 [INFO] Grh=1514 Frame=381 X=384 Y=192 W=32 H=32 TileW=1 TileH=1 File=20
2026-08-21 01:42:46 [INFO] Grh=1515 Frame=382 X=416 Y=192 W=32 H=32 TileW=1 TileH=1 File=20
2026-08-21 01:42:46 [INFO] Grh=1516 Frame=383 X=448 Y=192 W=32 H=32 TileW=1 TileH=1 File=20
2026-08-21 01:42:46 [INFO] Grh=1513 Frame=380 X=480 Y=192 W=32 H=32 TileW=1 TileH=1 File=20
2026-08-21 01:42:46 [INFO] Grh=1514 Frame=381 X=512 Y=192 W=32 H=32 TileW=1 TileH=1 File=20
2026-08-21 01:42:46 [INFO] Grh=1515 Frame=382 X=544 Y=192 W=32 H=32 TileW=1 TileH=1 File=20
2026-08-21 01:42:46 [INFO] Grh=6000 Frame=6000 X=-32 Y=-32 W=32 H=32 TileW=1 TileH=1 File=6000
2026-08-21 01:42:46 [INFO] Grh=6001 Frame=6001 X=0 Y=-32 W=32 H=32 TileW=1 TileH=1 File=6000
2026-08-21 01:42:46 [INFO] Grh=6002 Frame=6002 X=32 Y=-32 W=32 H=32 TileW=1 TileH=1 File=6000
2026-08-21 01:42:46 [INFO] Grh=6003 Frame=6003 X=64 Y=-32 W=32 H=32 TileW=1 TileH=1 File=6000
2026-08-21 01:42:46 [INFO] Grh=6000 Frame=6000 X=96 Y=-32 W=32 H=32 TileW=1 TileH=1 File=6000
2026-08-21 01:42:46 [INFO] Grh=6001 Frame=6001 X=128 Y=-32 W=32 H=32 TileW=1 TileH=1 File=6000
2026-08-21 01:42:46 [INFO] Grh=6002 Frame=6002 X=160 Y=-32 W=32 H=32 TileW=1 TileH=1 File=6000
2026-08-21 01:42:46 [INFO] Grh=6003 Frame=6003 X=192 Y=-32 W=32 H=32 TileW=1 TileH=1 File=6000
2026-08-21 01:42:46 [INFO] Grh=6000 Frame=6000 X=224 Y=-32 W=32 H=32 TileW=1 TileH=1 File=6000
2026-08-21 01:42:46 [INFO] Grh=6001 Frame=6001 X=256 Y=-32 W=32 H=32 TileW=1 TileH=1 File=6000
2026-08-21 01:42:46 [INFO] Grh=6002 Frame=6002 X=288 Y=-32 W=32 H=32 TileW=1 TileH=1 File=6000
2026-08-21 01:42:46 [INFO] Grh=6003 Frame=6003 X=320 Y=-32 W=32 H=32 TileW=1 TileH=1 File=6000
2026-08-21 01:42:46 [INFO] Grh=6000 Frame=6000 X=352 Y=-32 W=32 H=32 TileW=1 TileH=1 File=6000
2026-08-21 01:42:46 [INFO] Grh=6001 Frame=6001 X=384 Y=-32 W=32 H=32 TileW=1 TileH=1 File=6000
2026-08-21 01:42:46 [INFO] Grh=6002 Frame=6002 X=416 Y=-32 W=32 H=32 TileW=1 TileH=1 File=6000
2026-08-21 01:42:46 [INFO] Grh=6003 Frame=6003 X=448 Y=-32 W=32 H=32 TileW=1 TileH=1 File=6000
2026-08-21 01:42:46 [INFO] Grh=6000 Frame=6000 X=480 Y=-32 W=32 H=32 TileW=1 TileH=1 File=6000
2026-08-21 01:42:46 [INFO] Grh=6001 Frame=6001 X=512 Y=-32 W=32 H=32 TileW=1 TileH=1 File=6000
2026-08-21 01:42:46 [INFO] Grh=6002 Frame=6002 X=544 Y=-32 W=32 H=32 TileW=1 TileH=1 File=6000
2026-08-21 01:42:46 [INFO] Grh=6008 Frame=6008 X=-32 Y=0 W=32 H=32 TileW=1 TileH=1 File=6000
2026-08-21 01:42:47 [INFO] Grh=6009 Frame=6009 X=0 Y=0 W=32 H=32 TileW=1 TileH=1 File=6000
2026-08-21 01:42:47 [INFO] Grh=6010 Frame=6010 X=32 Y=0 W=32 H=32 TileW=1 TileH=1 File=6000
2026-08-21 01:42:47 [INFO] Grh=6011 Frame=6011 X=64 Y=0 W=32 H=32 TileW=1 TileH=1 File=6000
2026-08-21 01:42:47 [INFO] Grh=6008 Frame=6008 X=96 Y=0 W=32 H=32 TileW=1 TileH=1 File=6000
2026-08-21 01:42:47 [INFO] Grh=6009 Frame=6009 X=128 Y=0 W=32 H=32 TileW=1 TileH=1 File=6000
2026-08-21 01:42:47 [INFO] Grh=6010 Frame=6010 X=160 Y=0 W=32 H=32 TileW=1 TileH=1 File=6000
2026-08-21 01:42:47 [INFO] Grh=6011 Frame=6011 X=192 Y=0 W=32 H=32 TileW=1 TileH=1 File=6000
2026-08-21 01:42:47 [INFO] Grh=6008 Frame=6008 X=224 Y=0 W=32 H=32 TileW=1 TileH=1 File=6000
2026-08-21 01:42:47 [INFO] Grh=6009 Frame=6009 X=256 Y=0 W=32 H=32 TileW=1 TileH=1 File=6000
2026-08-21 01:42:47 [INFO] Grh=6010 Frame=6010 X=288 Y=0 W=32 H=32 TileW=1 TileH=1 File=6000
2026-08-21 01:42:47 [INFO] Grh=6011 Frame=6011 X=320 Y=0 W=32 H=32 TileW=1 TileH=1 File=6000
2026-08-21 01:42:47 [INFO] Grh=6008 Frame=6008 X=352 Y=0 W=32 H=32 TileW=1 TileH=1 File=6000
2026-08-21 01:42:47 [INFO] Grh=6009 Frame=6009 X=384 Y=0 W=32 H=32 TileW=1 TileH=1 File=6000
2026-08-21 01:42:47 [INFO] Grh=6010 Frame=6010 X=416 Y=0 W=32 H=32 TileW=1 TileH=1 File=6000
2026-08-21 01:42:47 [INFO] Grh=6011 Frame=6011 X=448 Y=0 W=32 H=32 TileW=1 TileH=1 File=6000
2026-08-21 01:42:47 [INFO] Grh=6008 Frame=6008 X=480 Y=0 W=32 H=32 TileW=1 TileH=1 File=6000
2026-08-21 01:42:47 [INFO] Grh=6009 Frame=6009 X=512 Y=0 W=32 H=32 TileW=1 TileH=1 File=6000
2026-08-21 01:42:47 [INFO] Grh=6010 Frame=6010 X=544 Y=0 W=32 H=32 TileW=1 TileH=1 File=6000
2026-08-21 01:42:47 [INFO] Grh=1505 Frame=356 X=-32 Y=32 W=32 H=32 TileW=1 TileH=1 File=20
2026-08-21 01:42:47 [INFO] Grh=1506 Frame=357 X=0 Y=32 W=32 H=32 TileW=1 TileH=1 File=20
2026-08-21 01:42:47 [INFO] Grh=1507 Frame=358 X=32 Y=32 W=32 H=32 TileW=1 TileH=1 File=20
2026-08-21 01:42:47 [INFO] Grh=1508 Frame=359 X=64 Y=32 W=32 H=32 TileW=1 TileH=1 File=20
2026-08-21 01:42:47 [INFO] Grh=1505 Frame=356 X=96 Y=32 W=32 H=32 TileW=1 TileH=1 File=20
2026-08-21 01:42:47 [INFO] Grh=1506 Frame=357 X=128 Y=32 W=32 H=32 TileW=1 TileH=1 File=20
2026-08-21 01:42:47 [INFO] Grh=1507 Frame=358 X=160 Y=32 W=32 H=32 TileW=1 TileH=1 File=20
2026-08-21 01:42:47 [INFO] Grh=1508 Frame=359 X=192 Y=32 W=32 H=32 TileW=1 TileH=1 File=20
2026-08-21 01:42:47 [INFO] Grh=1505 Frame=356 X=224 Y=32 W=32 H=32 TileW=1 TileH=1 File=20
2026-08-21 01:42:47 [INFO] Grh=1506 Frame=357 X=256 Y=32 W=32 H=32 TileW=1 TileH=1 File=20
2026-08-21 01:42:47 [INFO] Grh=1507 Frame=358 X=288 Y=32 W=32 H=32 TileW=1 TileH=1 File=20
2026-08-21 01:42:47 [INFO] Grh=1508 Frame=359 X=320 Y=32 W=32 H=32 TileW=1 TileH=1 File=20
2026-08-21 01:42:47 [INFO] Grh=1505 Frame=356 X=352 Y=32 W=32 H=32 TileW=1 TileH=1 File=20
2026-08-21 01:42:47 [INFO] Grh=1506 Frame=357 X=384 Y=32 W=32 H=32 TileW=1 TileH=1 File=20
2026-08-21 01:42:47 [INFO] Grh=1507 Frame=358 X=416 Y=32 W=32 H=32 TileW=1 TileH=1 File=20
2026-08-21 01:42:47 [INFO] Grh=1508 Frame=359 X=448 Y=32 W=32 H=32 TileW=1 TileH=1 File=20
2026-08-21 01:42:47 [INFO] Grh=1505 Frame=356 X=480 Y=32 W=32 H=32 TileW=1 TileH=1 File=20
2026-08-21 01:42:47 [INFO] Grh=1506 Frame=357 X=512 Y=32 W=32 H=32 TileW=1 TileH=1 File=20
2026-08-21 01:42:47 [INFO] Grh=1507 Frame=358 X=544 Y=32 W=32 H=32 TileW=1 TileH=1 File=20
2026-08-21 01:42:47 [INFO] Grh=1513 Frame=364 X=-32 Y=64 W=32 H=32 TileW=1 TileH=1 File=20
2026-08-21 01:42:47 [INFO] Grh=1514 Frame=365 X=0 Y=64 W=32 H=32 TileW=1 TileH=1 File=20
2026-08-21 01:42:47 [INFO] Grh=1515 Frame=366 X=32 Y=64 W=32 H=32 TileW=1 TileH=1 File=20
2026-08-21 01:42:47 [INFO] Grh=1516 Frame=367 X=64 Y=64 W=32 H=32 TileW=1 TileH=1 File=20
2026-08-21 01:42:47 [INFO] Grh=1513 Frame=364 X=96 Y=64 W=32 H=32 TileW=1 TileH=1 File=20
2026-08-21 01:42:47 [INFO] Grh=1514 Frame=365 X=128 Y=64 W=32 H=32 TileW=1 TileH=1 File=20
2026-08-21 01:42:47 [INFO] Grh=1515 Frame=366 X=160 Y=64 W=32 H=32 TileW=1 TileH=1 File=20
2026-08-21 01:42:47 [INFO] Grh=1516 Frame=367 X=192 Y=64 W=32 H=32 TileW=1 TileH=1 File=20
2026-08-21 01:42:47 [INFO] Grh=1513 Frame=364 X=224 Y=64 W=32 H=32 TileW=1 TileH=1 File=20
2026-08-21 01:42:47 [INFO] Grh=1514 Frame=365 X=256 Y=64 W=32 H=32 TileW=1 TileH=1 File=20
2026-08-21 01:42:47 [INFO] Grh=1515 Frame=366 X=288 Y=64 W=32 H=32 TileW=1 TileH=1 File=20
2026-08-21 01:42:47 [INFO] Grh=1516 Frame=367 X=320 Y=64 W=32 H=32 TileW=1 TileH=1 File=20
2026-08-21 01:42:47 [INFO] Grh=1513 Frame=364 X=352 Y=64 W=32 H=32 TileW=1 TileH=1 File=20
2026-08-21 01:42:47 [INFO] Grh=1514 Frame=365 X=384 Y=64 W=32 H=32 TileW=1 TileH=1 File=20
2026-08-21 01:42:47 [INFO] Grh=1515 Frame=366 X=416 Y=64 W=32 H=32 TileW=1 TileH=1 File=20
2026-08-21 01:42:47 [INFO] Grh=1516 Frame=367 X=448 Y=64 W=32 H=32 TileW=1 TileH=1 File=20
2026-08-21 01:42:47 [INFO] Grh=1513 Frame=364 X=480 Y=64 W=32 H=32 TileW=1 TileH=1 File=20
2026-08-21 01:42:47 [INFO] Grh=1514 Frame=365 X=512 Y=64 W=32 H=32 TileW=1 TileH=1 File=20
2026-08-21 01:42:47 [INFO] Grh=1515 Frame=366 X=544 Y=64 W=32 H=32 TileW=1 TileH=1 File=20
2026-08-21 01:42:47 [INFO] Grh=1505 Frame=356 X=-32 Y=96 W=32 H=32 TileW=1 TileH=1 File=20
2026-08-21 01:42:47 [INFO] Grh=1506 Frame=357 X=0 Y=96 W=32 H=32 TileW=1 TileH=1 File=20
2026-08-21 01:42:47 [INFO] Grh=1507 Frame=358 X=32 Y=96 W=32 H=32 TileW=1 TileH=1 File=20
2026-08-21 01:42:47 [INFO] Grh=1508 Frame=359 X=64 Y=96 W=32 H=32 TileW=1 TileH=1 File=20
2026-08-21 01:42:47 [INFO] Grh=1505 Frame=356 X=96 Y=96 W=32 H=32 TileW=1 TileH=1 File=20
2026-08-21 01:42:47 [INFO] Grh=1506 Frame=357 X=128 Y=96 W=32 H=32 TileW=1 TileH=1 File=20
2026-08-21 01:42:47 [INFO] Grh=1507 Frame=358 X=160 Y=96 W=32 H=32 TileW=1 TileH=1 File=20
2026-08-21 01:42:47 [INFO] Grh=1508 Frame=359 X=192 Y=96 W=32 H=32 TileW=1 TileH=1 File=20
2026-08-21 01:42:47 [INFO] Grh=1505 Frame=356 X=224 Y=96 W=32 H=32 TileW=1 TileH=1 File=20
2026-08-21 01:42:47 [INFO] Grh=1506 Frame=357 X=256 Y=96 W=32 H=32 TileW=1 TileH=1 File=20
2026-08-21 01:42:47 [INFO] Grh=1507 Frame=358 X=288 Y=96 W=32 H=32 TileW=1 TileH=1 File=20
2026-08-21 01:42:47 [INFO] Grh=1508 Frame=359 X=320 Y=96 W=32 H=32 TileW=1 TileH=1 File=20
2026-08-21 01:42:47 [INFO] Grh=1505 Frame=356 X=352 Y=96 W=32 H=32 TileW=1 TileH=1 File=20
2026-08-21 01:42:47 [INFO] Grh=1506 Frame=357 X=384 Y=96 W=32 H=32 TileW=1 TileH=1 File=20
2026-08-21 01:42:47 [INFO] Grh=1507 Frame=358 X=416 Y=96 W=32 H=32 TileW=1 TileH=1 File=20
2026-08-21 01:42:47 [INFO] Grh=1508 Frame=359 X=448 Y=96 W=32 H=32 TileW=1 TileH=1 File=20
2026-08-21 01:42:47 [INFO] Grh=1505 Frame=356 X=480 Y=96 W=32 H=32 TileW=1 TileH=1 File=20
2026-08-21 01:42:47 [INFO] Grh=1506 Frame=357 X=512 Y=96 W=32 H=32 TileW=1 TileH=1 File=20
2026-08-21 01:42:47 [INFO] Grh=1507 Frame=358 X=544 Y=96 W=32 H=32 TileW=1 TileH=1 File=20
2026-08-21 01:42:47 [INFO] Grh=1513 Frame=364 X=-32 Y=128 W=32 H=32 TileW=1 TileH=1 File=20
2026-08-21 01:42:47 [INFO] Grh=1514 Frame=365 X=0 Y=128 W=32 H=32 TileW=1 TileH=1 File=20
2026-08-21 01:42:47 [INFO] Grh=1515 Frame=366 X=32 Y=128 W=32 H=32 TileW=1 TileH=1 File=20
2026-08-21 01:42:47 [INFO] Grh=1516 Frame=367 X=64 Y=128 W=32 H=32 TileW=1 TileH=1 File=20
2026-08-21 01:42:47 [INFO] Grh=1513 Frame=364 X=96 Y=128 W=32 H=32 TileW=1 TileH=1 File=20
2026-08-21 01:42:47 [INFO] Grh=1514 Frame=365 X=128 Y=128 W=32 H=32 TileW=1 TileH=1 File=20
2026-08-21 01:42:47 [INFO] Grh=1515 Frame=366 X=160 Y=128 W=32 H=32 TileW=1 TileH=1 File=20
2026-08-21 01:42:47 [INFO] Grh=1516 Frame=367 X=192 Y=128 W=32 H=32 TileW=1 TileH=1 File=20
2026-08-21 01:42:47 [INFO] Grh=1513 Frame=364 X=224 Y=128 W=32 H=32 TileW=1 TileH=1 File=20
2026-08-21 01:42:47 [INFO] Grh=1514 Frame=365 X=256 Y=128 W=32 H=32 TileW=1 TileH=1 File=20
2026-08-21 01:42:47 [INFO] Grh=1515 Frame=366 X=288 Y=128 W=32 H=32 TileW=1 TileH=1 File=20
2026-08-21 01:42:47 [INFO] Grh=1516 Frame=367 X=320 Y=128 W=32 H=32 TileW=1 TileH=1 File=20
2026-08-21 01:42:47 [INFO] Grh=1513 Frame=364 X=352 Y=128 W=32 H=32 TileW=1 TileH=1 File=20
2026-08-21 01:42:47 [INFO] Grh=1514 Frame=365 X=384 Y=128 W=32 H=32 TileW=1 TileH=1 File=20
2026-08-21 01:42:47 [INFO] Grh=1515 Frame=366 X=416 Y=128 W=32 H=32 TileW=1 TileH=1 File=20
2026-08-21 01:42:47 [INFO] Grh=1516 Frame=367 X=448 Y=128 W=32 H=32 TileW=1 TileH=1 File=20
2026-08-21 01:42:47 [INFO] Grh=1513 Frame=364 X=480 Y=128 W=32 H=32 TileW=1 TileH=1 File=20
2026-08-21 01:42:47 [INFO] Grh=1514 Frame=365 X=512 Y=128 W=32 H=32 TileW=1 TileH=1 File=20
2026-08-21 01:42:47 [INFO] Grh=1515 Frame=366 X=544 Y=128 W=32 H=32 TileW=1 TileH=1 File=20
2026-08-21 01:42:47 [INFO] Grh=1505 Frame=356 X=-32 Y=160 W=32 H=32 TileW=1 TileH=1 File=20
2026-08-21 01:42:47 [INFO] Grh=1506 Frame=357 X=0 Y=160 W=32 H=32 TileW=1 TileH=1 File=20
2026-08-21 01:42:47 [INFO] Grh=1507 Frame=358 X=32 Y=160 W=32 H=32 TileW=1 TileH=1 File=20
2026-08-21 01:42:47 [INFO] Grh=1508 Frame=359 X=64 Y=160 W=32 H=32 TileW=1 TileH=1 File=20
2026-08-21 01:42:47 [INFO] Grh=1505 Frame=356 X=96 Y=160 W=32 H=32 TileW=1 TileH=1 File=20
2026-08-21 01:42:47 [INFO] Grh=1506 Frame=357 X=128 Y=160 W=32 H=32 TileW=1 TileH=1 File=20
2026-08-21 01:42:47 [INFO] Grh=1507 Frame=358 X=160 Y=160 W=32 H=32 TileW=1 TileH=1 File=20
2026-08-21 01:42:47 [INFO] Grh=1508 Frame=359 X=192 Y=160 W=32 H=32 TileW=1 TileH=1 File=20
2026-08-21 01:42:47 [INFO] Grh=1505 Frame=356 X=224 Y=160 W=32 H=32 TileW=1 TileH=1 File=20
2026-08-21 01:42:47 [INFO] Grh=1506 Frame=357 X=256 Y=160 W=32 H=32 TileW=1 TileH=1 File=20
2026-08-21 01:42:47 [INFO] Grh=1507 Frame=358 X=288 Y=160 W=32 H=32 TileW=1 TileH=1 File=20
2026-08-21 01:42:47 [INFO] Grh=1508 Frame=359 X=320 Y=160 W=32 H=32 TileW=1 TileH=1 File=20
2026-08-21 01:42:47 [INFO] Grh=1505 Frame=356 X=352 Y=160 W=32 H=32 TileW=1 TileH=1 File=20
2026-08-21 01:42:47 [INFO] Grh=1506 Frame=357 X=384 Y=160 W=32 H=32 TileW=1 TileH=1 File=20
2026-08-21 01:42:47 [INFO] Grh=1507 Frame=358 X=416 Y=160 W=32 H=32 TileW=1 TileH=1 File=20
2026-08-21 01:42:47 [INFO] Grh=1508 Frame=359 X=448 Y=160 W=32 H=32 TileW=1 TileH=1 File=20
2026-08-21 01:42:47 [INFO] Grh=1505 Frame=356 X=480 Y=160 W=32 H=32 TileW=1 TileH=1 File=20
2026-08-21 01:42:47 [INFO] Grh=1506 Frame=357 X=512 Y=160 W=32 H=32 TileW=1 TileH=1 File=20
2026-08-21 01:42:47 [INFO] Grh=1507 Frame=358 X=544 Y=160 W=32 H=32 TileW=1 TileH=1 File=20
2026-08-21 01:42:47 [INFO] Grh=1513 Frame=364 X=-32 Y=192 W=32 H=32 TileW=1 TileH=1 File=20
2026-08-21 01:42:47 [INFO] Grh=1514 Frame=365 X=0 Y=192 W=32 H=32 TileW=1 TileH=1 File=20
2026-08-21 01:42:47 [INFO] Grh=1515 Frame=366 X=32 Y=192 W=32 H=32 TileW=1 TileH=1 File=20
2026-08-21 01:42:47 [INFO] Grh=1516 Frame=367 X=64 Y=192 W=32 H=32 TileW=1 TileH=1 File=20
2026-08-21 01:42:47 [INFO] Grh=1513 Frame=364 X=96 Y=192 W=32 H=32 TileW=1 TileH=1 File=20
2026-08-21 01:42:47 [INFO] Grh=1514 Frame=365 X=128 Y=192 W=32 H=32 TileW=1 TileH=1 File=20
2026-08-21 01:42:47 [INFO] Grh=1515 Frame=366 X=160 Y=192 W=32 H=32 TileW=1 TileH=1 File=20
2026-08-21 01:42:47 [INFO] Grh=1516 Frame=367 X=192 Y=192 W=32 H=32 TileW=1 TileH=1 File=20
2026-08-21 01:42:47 [INFO] Grh=1513 Frame=364 X=224 Y=192 W=32 H=32 TileW=1 TileH=1 File=20
2026-08-21 01:42:47 [INFO] Grh=1514 Frame=365 X=256 Y=192 W=32 H=32 TileW=1 TileH=1 File=20
2026-08-21 01:42:47 [INFO] Grh=1515 Frame=366 X=288 Y=192 W=32 H=32 TileW=1 TileH=1 File=20
2026-08-21 01:42:47 [INFO] Grh=1516 Frame=367 X=320 Y=192 W=32 H=32 TileW=1 TileH=1 File=20
2026-08-21 01:42:47 [INFO] Grh=1513 Frame=364 X=352 Y=192 W=32 H=32 TileW=1 TileH=1 File=20
2026-08-21 01:42:47 [INFO] Grh=1514 Frame=365 X=384 Y=192 W=32 H=32 TileW=1 TileH=1 File=20
2026-08-21 01:42:47 [INFO] Grh=1515 Frame=366 X=416 Y=192 W=32 H=32 TileW=1 TileH=1 File=20
2026-08-21 01:42:47 [INFO] Grh=1516 Frame=367 X=448 Y=192 W=32 H=32 TileW=1 TileH=1 File=20
2026-08-21 01:42:47 [INFO] Grh=1513 Frame=364 X=480 Y=192 W=32 H=32 TileW=1 TileH=1 File=20
2026-08-21 01:42:47 [INFO] Grh=1514 Frame=365 X=512 Y=192 W=32 H=32 TileW=1 TileH=1 File=20
2026-08-21 01:42:47 [INFO] Grh=1515 Frame=366 X=544 Y=192 W=32 H=32 TileW=1 TileH=1 File=20
2026-08-21 01:42:47 [INFO] Grh=6000 Frame=6000 X=-32 Y=-32 W=32 H=32 TileW=1 TileH=1 File=6000
2026-08-21 01:42:47 [INFO] Grh=6001 Frame=6001 X=0 Y=-32 W=32 H=32 TileW=1 TileH=1 File=6000
2026-08-21 01:42:47 [INFO] Grh=6002 Frame=6002 X=32 Y=-32 W=32 H=32 TileW=1 TileH=1 File=6000
2026-08-21 01:42:47 [INFO] Grh=6003 Frame=6003 X=64 Y=-32 W=32 H=32 TileW=1 TileH=1 File=6000
2026-08-21 01:42:47 [INFO] Grh=6000 Frame=6000 X=96 Y=-32 W=32 H=32 TileW=1 TileH=1 File=6000
2026-08-21 01:42:47 [INFO] Grh=6001 Frame=6001 X=128 Y=-32 W=32 H=32 TileW=1 TileH=1 File=6000
2026-08-21 01:42:47 [INFO] Grh=6002 Frame=6002 X=160 Y=-32 W=32 H=32 TileW=1 TileH=1 File=6000
2026-08-21 01:42:47 [INFO] Grh=6003 Frame=6003 X=192 Y=-32 W=32 H=32 TileW=1 TileH=1 File=6000
2026-08-21 01:42:47 [INFO] Grh=6000 Frame=6000 X=224 Y=-32 W=32 H=32 TileW=1 TileH=1 File=6000
2026-08-21 01:42:47 [INFO] Grh=6001 Frame=6001 X=256 Y=-32 W=32 H=32 TileW=1 TileH=1 File=6000
2026-08-21 01:42:47 [INFO] Grh=6002 Frame=6002 X=288 Y=-32 W=32 H=32 TileW=1 TileH=1 File=6000
2026-08-21 01:42:47 [INFO] Grh=6003 Frame=6003 X=320 Y=-32 W=32 H=32 TileW=1 TileH=1 File=6000
2026-08-21 01:42:47 [INFO] Grh=6000 Frame=6000 X=352 Y=-32 W=32 H=32 TileW=1 TileH=1 File=6000
2026-08-21 01:42:47 [INFO] Grh=6001 Frame=6001 X=384 Y=-32 W=32 H=32 TileW=1 TileH=1 File=6000
2026-08-21 01:42:47 [INFO] Grh=6002 Frame=6002 X=416 Y=-32 W=32 H=32 TileW=1 TileH=1 File=6000
2026-08-21 01:42:47 [INFO] Grh=6003 Frame=6003 X=448 Y=-32 W=32 H=32 TileW=1 TileH=1 File=6000
2026-08-21 01:42:47 [INFO] Grh=6000 Frame=6000 X=480 Y=-32 W=32 H=32 TileW=1 TileH=1 File=6000
2026-08-21 01:42:47 [INFO] Grh=6001 Frame=6001 X=512 Y=-32 W=32 H=32 TileW=1 TileH=1 File=6000
2026-08-21 01:42:47 [INFO] Grh=6002 Frame=6002 X=544 Y=-32 W=32 H=32 TileW=1 TileH=1 File=6000
2026-08-21 01:42:47 [INFO] Grh=6008 Frame=6008 X=-32 Y=0 W=32 H=32 TileW=1 TileH=1 File=6000
2026-08-21 01:42:47 [INFO] Grh=6009 Frame=6009 X=0 Y=0 W=32 H=32 TileW=1 TileH=1 File=6000
2026-08-21 01:42:47 [INFO] Grh=6010 Frame=6010 X=32 Y=0 W=32 H=32 TileW=1 TileH=1 File=6000
2026-08-21 01:42:47 [INFO] Grh=6011 Frame=6011 X=64 Y=0 W=32 H=32 TileW=1 TileH=1 File=6000
2026-08-21 01:42:47 [INFO] Grh=6008 Frame=6008 X=96 Y=0 W=32 H=32 TileW=1 TileH=1 File=6000
2026-08-21 01:42:47 [INFO] Grh=6009 Frame=6009 X=128 Y=0 W=32 H=32 TileW=1 TileH=1 File=6000
2026-08-21 01:42:47 [INFO] Grh=6010 Frame=6010 X=160 Y=0 W=32 H=32 TileW=1 TileH=1 File=6000
2026-08-21 01:42:47 [INFO] Grh=6011 Frame=6011 X=192 Y=0 W=32 H=32 TileW=1 TileH=1 File=6000
2026-08-21 01:42:47 [INFO] Grh=6008 Frame=6008 X=224 Y=0 W=32 H=32 TileW=1 TileH=1 File=6000
2026-08-21 01:42:47 [INFO] Grh=6009 Frame=6009 X=256 Y=0 W=32 H=32 TileW=1 TileH=1 File=6000
2026-08-21 01:42:47 [INFO] Grh=6010 Frame=6010 X=288 Y=0 W=32 H=32 TileW=1 TileH=1 File=6000
2026-08-21 01:42:47 [INFO] Grh=6011 Frame=6011 X=320 Y=0 W=32 H=32 TileW=1 TileH=1 File=6000
2026-08-21 01:42:47 [INFO] Grh=6008 Frame=6008 X=352 Y=0 W=32 H=32 TileW=1 TileH=1 File=6000
2026-08-21 01:42:47 [INFO] Grh=6009 Frame=6009 X=384 Y=0 W=32 H=32 TileW=1 TileH=1 File=6000
2026-08-21 01:42:47 [INFO] Grh=6010 Frame=6010 X=416 Y=0 W=32 H=32 TileW=1 TileH=1 File=6000
2026-08-21 01:42:47 [INFO] Grh=6011 Frame=6011 X=448 Y=0 W=32 H=32 TileW=1 TileH=1 File=6000
2026-08-21 01:42:47 [INFO] Grh=6008 Frame=6008 X=480 Y=0 W=32 H=32 TileW=1 TileH=1 File=6000
2026-08-21 01:42:47 [INFO] Grh=6009 Frame=6009 X=512 Y=0 W=32 H=32 TileW=1 TileH=1 File=6000
2026-08-21 01:42:47 [INFO] Grh=6010 Frame=6010 X=544 Y=0 W=32 H=32 TileW=1 TileH=1 File=6000
2026-08-21 01:42:47 [INFO] Grh=1505 Frame=356 X=-32 Y=32 W=32 H=32 TileW=1 TileH=1 File=20
2026-08-21 01:42:47 [INFO] Grh=1506 Frame=357 X=0 Y=32 W=32 H=32 TileW=1 TileH=1 File=20
2026-08-21 01:42:47 [INFO] Grh=1507 Frame=358 X=32 Y=32 W=32 H=32 TileW=1 TileH=1 File=20
