2026-08-22 01:56:54 [INFO] LOAD TEXTURE FileIndex=6000 BMP=I:\AospainOri\cli\Graficos\6000.bmp Size=66616 DX8=512x128
2026-08-22 01:56:54 [INFO] TEXTURE FileIndex=6000 DX8Width=512 DX8Height=128
2026-08-22 01:56:54 [INFO] X=-32 Y=-32 Src=0,0 - 32,32 TexW=512 TexH=128
2026-08-22 01:56:54 [INFO] X=0 Y=-32 Src=32,0 - 64,32 TexW=512 TexH=128
2026-08-22 01:56:54 [INFO] X=32 Y=-32 Src=64,0 - 96,32 TexW=512 TexH=128
2026-08-22 01:56:54 [INFO] LOAD TEXTURE FileIndex=3 BMP=I:\AospainOri\cli\Graficos\3.bmp Size=475956 DX8=640x742
2026-08-22 01:56:54 [INFO] TEXTURE FileIndex=3 DX8Width=640 DX8Height=742
2026-08-22 01:56:54 [INFO] X=32 Y=-32 Src=512,192 - 544,224 TexW=640 TexH=742
2026-08-22 01:56:54 [INFO] X=64 Y=-32 Src=96,0 - 128,32 TexW=512 TexH=128
2026-08-22 01:56:54 [INFO] X=96 Y=-32 Src=0,0 - 32,32 TexW=512 TexH=128
2026-08-22 01:56:54 [INFO] X=128 Y=-32 Src=32,0 - 64,32 TexW=512 TexH=128
2026-08-22 01:56:54 [INFO] X=160 Y=-32 Src=64,0 - 96,32 TexW=512 TexH=128
2026-08-22 01:56:54 [INFO] X=192 Y=-32 Src=96,0 - 128,32 TexW=512 TexH=128
2026-08-22 01:56:54 [INFO] X=224 Y=-32 Src=0,0 - 32,32 TexW=512 TexH=128
2026-08-22 01:56:54 [INFO] X=256 Y=-32 Src=32,0 - 64,32 TexW=512 TexH=128
2026-08-22 01:56:54 [INFO] X=288 Y=-32 Src=64,0 - 96,32 TexW=512 TexH=128
2026-08-22 01:56:54 [INFO] X=320 Y=-32 Src=96,0 - 128,32 TexW=512 TexH=128
2026-08-22 01:56:54 [INFO] X=352 Y=-32 Src=0,0 - 32,32 TexW=512 TexH=128
2026-08-22 01:56:54 [INFO] X=384 Y=-32 Src=32,0 - 64,32 TexW=512 TexH=128
2026-08-22 01:56:54 [INFO] LOAD TEXTURE FileIndex=829 BMP=I:\AospainOri\cli\Graficos\829.bmp Size=13510 DX8=77x58
2026-08-22 01:56:54 [INFO] TEXTURE FileIndex=829 DX8Width=77 DX8Height=58
2026-08-22 01:56:54 [INFO] X=362 Y=-58 Src=0,0 - 77,58 TexW=77 TexH=58
2026-08-22 01:56:54 [INFO] X=416 Y=-32 Src=64,0 - 96,32 TexW=512 TexH=128
2026-08-22 01:56:54 [INFO] X=448 Y=-32 Src=96,0 - 128,32 TexW=512 TexH=128
2026-08-22 01:56:54 [INFO] X=480 Y=-32 Src=0,0 - 32,32 TexW=512 TexH=128
2026-08-22 01:56:54 [INFO] X=512 Y=-32 Src=32,0 - 64,32 TexW=512 TexH=128
2026-08-22 01:56:54 [INFO] X=544 Y=-32 Src=64,0 - 96,32 TexW=512 TexH=128
2026-08-22 01:56:54 [INFO] X=-32 Y=0 Src=0,64 - 32,96 TexW=512 TexH=128
2026-08-22 01:56:54 [INFO] X=0 Y=0 Src=32,64 - 64,96 TexW=512 TexH=128
2026-08-22 01:56:54 [INFO] X=32 Y=0 Src=64,64 - 96,96 TexW=512 TexH=128
2026-08-22 01:56:54 [INFO] X=64 Y=0 Src=96,64 - 128,96 TexW=512 TexH=128
2026-08-22 01:56:54 [INFO] X=96 Y=0 Src=0,64 - 32,96 TexW=512 TexH=128
2026-08-22 01:56:54 [INFO] X=128 Y=0 Src=32,64 - 64,96 TexW=512 TexH=128
2026-08-22 01:56:54 [INFO] X=160 Y=0 Src=64,64 - 96,96 TexW=512 TexH=128
2026-08-22 01:56:54 [INFO] X=192 Y=0 Src=96,64 - 128,96 TexW=512 TexH=128
2026-08-22 01:56:54 [INFO] X=224 Y=0 Src=0,64 - 32,96 TexW=512 TexH=128
2026-08-22 01:56:54 [INFO] X=256 Y=0 Src=32,64 - 64,96 TexW=512 TexH=128
2026-08-22 01:56:54 [INFO] X=288 Y=0 Src=64,64 - 96,96 TexW=512 TexH=128
2026-08-22 01:56:54 [INFO] X=320 Y=0 Src=96,64 - 128,96 TexW=512 TexH=128
2026-08-22 01:56:54 [INFO] X=352 Y=0 Src=0,64 - 32,96 TexW=512 TexH=128
2026-08-22 01:56:54 [INFO] X=384 Y=0 Src=32,64 - 64,96 TexW=512 TexH=128
2026-08-22 01:56:54 [INFO] X=416 Y=0 Src=64,64 - 96,96 TexW=512 TexH=128
2026-08-22 01:56:54 [INFO] X=448 Y=0 Src=96,64 - 128,96 TexW=512 TexH=128
2026-08-22 01:56:54 [INFO] X=480 Y=0 Src=0,64 - 32,96 TexW=512 TexH=128
2026-08-22 01:56:54 [INFO] X=512 Y=0 Src=32,64 - 64,96 TexW=512 TexH=128
2026-08-22 01:56:54 [INFO] X=544 Y=0 Src=64,64 - 96,96 TexW=512 TexH=128
2026-08-22 01:56:54 [INFO] LOAD TEXTURE FileIndex=20 BMP=I:\AospainOri\cli\Graficos\20.bmp Size=148536 DX8=384x384
2026-08-22 01:56:54 [INFO] TEXTURE FileIndex=20 DX8Width=384 DX8Height=384
2026-08-22 01:56:54 [INFO] X=-32 Y=32 Src=0,0 - 32,32 TexW=384 TexH=384
2026-08-22 01:56:54 [INFO] LOAD TEXTURE FileIndex=8007 BMP=I:\AospainOri\cli\Graficos\8007.bmp Size=99384 DX8=256x384
2026-08-22 01:56:54 [INFO] TEXTURE FileIndex=8007 DX8Width=256 DX8Height=384
2026-08-22 01:56:54 [INFO] X=-32 Y=32 Src=128,128 - 160,160 TexW=256 TexH=384
2026-08-22 01:56:54 [INFO] X=0 Y=32 Src=32,0 - 64,32 TexW=384 TexH=384
2026-08-22 01:56:54 [INFO] X=0 Y=32 Src=160,128 - 192,160 TexW=256 TexH=384
2026-08-22 01:56:54 [INFO] X=32 Y=32 Src=64,0 - 96,32 TexW=384 TexH=384
2026-08-22 01:56:54 [INFO] X=32 Y=32 Src=128,128 - 160,160 TexW=256 TexH=384
2026-08-22 01:56:54 [INFO] X=64 Y=32 Src=96,0 - 128,32 TexW=384 TexH=384
2026-08-22 01:56:54 [INFO] X=64 Y=32 Src=160,128 - 192,160 TexW=256 TexH=384
2026-08-22 01:56:54 [INFO] X=96 Y=32 Src=0,0 - 32,32 TexW=384 TexH=384
2026-08-22 01:56:54 [INFO] X=96 Y=32 Src=128,128 - 160,160 TexW=256 TexH=384
2026-08-22 01:56:54 [INFO] X=128 Y=32 Src=32,0 - 64,32 TexW=384 TexH=384
2026-08-22 01:56:54 [INFO] X=128 Y=32 Src=160,128 - 192,160 TexW=256 TexH=384
2026-08-22 01:56:54 [INFO] X=160 Y=32 Src=64,0 - 96,32 TexW=384 TexH=384
2026-08-22 01:56:54 [INFO] X=160 Y=32 Src=128,128 - 160,160 TexW=256 TexH=384
2026-08-22 01:56:54 [INFO] X=192 Y=32 Src=96,0 - 128,32 TexW=384 TexH=384
2026-08-22 01:56:54 [INFO] X=192 Y=32 Src=160,128 - 192,160 TexW=256 TexH=384
2026-08-22 01:56:54 [INFO] X=224 Y=32 Src=0,0 - 32,32 TexW=384 TexH=384
2026-08-22 01:56:54 [INFO] X=224 Y=32 Src=128,128 - 160,160 TexW=256 TexH=384
2026-08-22 01:56:54 [INFO] X=256 Y=32 Src=32,0 - 64,32 TexW=384 TexH=384
2026-08-22 01:56:54 [INFO] X=256 Y=32 Src=160,128 - 192,160 TexW=256 TexH=384
2026-08-22 01:56:54 [INFO] X=288 Y=32 Src=64,0 - 96,32 TexW=384 TexH=384
2026-08-22 01:56:54 [INFO] X=288 Y=32 Src=128,128 - 160,160 TexW=256 TexH=384
2026-08-22 01:56:54 [INFO] X=320 Y=32 Src=96,0 - 128,32 TexW=384 TexH=384
2026-08-22 01:56:54 [INFO] X=320 Y=32 Src=160,128 - 192,160 TexW=256 TexH=384
2026-08-22 01:56:54 [INFO] X=352 Y=32 Src=0,0 - 32,32 TexW=384 TexH=384
2026-08-22 01:56:54 [INFO] X=352 Y=32 Src=128,128 - 160,160 TexW=256 TexH=384
2026-08-22 01:56:54 [INFO] X=384 Y=32 Src=32,0 - 64,32 TexW=384 TexH=384
2026-08-22 01:56:54 [INFO] X=384 Y=32 Src=160,128 - 192,160 TexW=256 TexH=384
2026-08-22 01:56:54 [INFO] X=416 Y=32 Src=64,0 - 96,32 TexW=384 TexH=384
2026-08-22 01:56:54 [INFO] X=416 Y=32 Src=128,128 - 160,160 TexW=256 TexH=384
2026-08-22 01:56:54 [INFO] X=448 Y=32 Src=96,0 - 128,32 TexW=384 TexH=384
2026-08-22 01:56:54 [INFO] X=448 Y=32 Src=160,128 - 192,160 TexW=256 TexH=384
2026-08-22 01:56:54 [INFO] X=480 Y=32 Src=0,0 - 32,32 TexW=384 TexH=384
2026-08-22 01:56:54 [INFO] X=480 Y=32 Src=128,128 - 160,160 TexW=256 TexH=384
2026-08-22 01:56:54 [INFO] X=512 Y=32 Src=32,0 - 64,32 TexW=384 TexH=384
2026-08-22 01:56:54 [INFO] X=512 Y=32 Src=160,128 - 192,160 TexW=256 TexH=384
2026-08-22 01:56:54 [INFO] X=544 Y=32 Src=64,0 - 96,32 TexW=384 TexH=384
2026-08-22 01:56:54 [INFO] X=544 Y=32 Src=128,128 - 160,160 TexW=256 TexH=384
2026-08-22 01:56:54 [INFO] X=-32 Y=64 Src=0,64 - 32,96 TexW=384 TexH=384
2026-08-22 01:56:54 [INFO] X=0 Y=64 Src=32,64 - 64,96 TexW=384 TexH=384
2026-08-22 01:56:54 [INFO] X=32 Y=64 Src=64,64 - 96,96 TexW=384 TexH=384
2026-08-22 01:56:54 [INFO] X=64 Y=64 Src=96,64 - 128,96 TexW=384 TexH=384
2026-08-22 01:56:54 [INFO] X=96 Y=64 Src=0,64 - 32,96 TexW=384 TexH=384
2026-08-22 01:56:54 [INFO] X=128 Y=64 Src=32,64 - 64,96 TexW=384 TexH=384
2026-08-22 01:56:54 [INFO] X=160 Y=64 Src=64,64 - 96,96 TexW=384 TexH=384
2026-08-22 01:56:54 [INFO] X=192 Y=64 Src=96,64 - 128,96 TexW=384 TexH=384
2026-08-22 01:56:54 [INFO] X=224 Y=64 Src=0,64 - 32,96 TexW=384 TexH=384
2026-08-22 01:56:54 [INFO] X=256 Y=64 Src=32,64 - 64,96 TexW=384 TexH=384
2026-08-22 01:56:54 [INFO] X=288 Y=64 Src=64,64 - 96,96 TexW=384 TexH=384
2026-08-22 01:56:54 [INFO] X=320 Y=64 Src=96,64 - 128,96 TexW=384 TexH=384
2026-08-22 01:56:54 [INFO] X=352 Y=64 Src=0,64 - 32,96 TexW=384 TexH=384
2026-08-22 01:56:54 [INFO] X=384 Y=64 Src=32,64 - 64,96 TexW=384 TexH=384
2026-08-22 01:56:54 [INFO] X=416 Y=64 Src=64,64 - 96,96 TexW=384 TexH=384
2026-08-22 01:56:54 [INFO] X=448 Y=64 Src=96,64 - 128,96 TexW=384 TexH=384
2026-08-22 01:56:54 [INFO] X=480 Y=64 Src=0,64 - 32,96 TexW=384 TexH=384
2026-08-22 01:56:54 [INFO] X=512 Y=64 Src=32,64 - 64,96 TexW=384 TexH=384
2026-08-22 01:56:54 [INFO] X=544 Y=64 Src=64,64 - 96,96 TexW=384 TexH=384
2026-08-22 01:56:54 [INFO] X=-32 Y=96 Src=0,0 - 32,32 TexW=384 TexH=384
2026-08-22 01:56:54 [INFO] X=0 Y=96 Src=32,0 - 64,32 TexW=384 TexH=384
2026-08-22 01:56:54 [INFO] X=32 Y=96 Src=64,0 - 96,32 TexW=384 TexH=384
2026-08-22 01:56:54 [INFO] X=64 Y=96 Src=96,0 - 128,32 TexW=384 TexH=384
2026-08-22 01:56:54 [INFO] X=96 Y=96 Src=0,0 - 32,32 TexW=384 TexH=384
2026-08-22 01:56:54 [INFO] X=128 Y=96 Src=32,0 - 64,32 TexW=384 TexH=384
2026-08-22 01:56:54 [INFO] X=160 Y=96 Src=64,0 - 96,32 TexW=384 TexH=384
2026-08-22 01:56:54 [INFO] X=192 Y=96 Src=96,0 - 128,32 TexW=384 TexH=384
2026-08-22 01:56:54 [INFO] X=224 Y=96 Src=0,0 - 32,32 TexW=384 TexH=384
2026-08-22 01:56:54 [INFO] X=256 Y=96 Src=32,0 - 64,32 TexW=384 TexH=384
2026-08-22 01:56:54 [INFO] X=288 Y=96 Src=64,0 - 96,32 TexW=384 TexH=384
2026-08-22 01:56:54 [INFO] X=320 Y=96 Src=96,0 - 128,32 TexW=384 TexH=384
2026-08-22 01:56:54 [INFO] X=352 Y=96 Src=0,0 - 32,32 TexW=384 TexH=384
2026-08-22 01:56:54 [INFO] X=384 Y=96 Src=32,0 - 64,32 TexW=384 TexH=384
2026-08-22 01:56:54 [INFO] X=416 Y=96 Src=64,0 - 96,32 TexW=384 TexH=384
2026-08-22 01:56:54 [INFO] X=448 Y=96 Src=96,0 - 128,32 TexW=384 TexH=384
2026-08-22 01:56:54 [INFO] X=480 Y=96 Src=0,0 - 32,32 TexW=384 TexH=384
2026-08-22 01:56:54 [INFO] X=512 Y=96 Src=32,0 - 64,32 TexW=384 TexH=384
2026-08-22 01:56:54 [INFO] X=544 Y=96 Src=64,0 - 96,32 TexW=384 TexH=384
2026-08-22 01:56:54 [INFO] X=-32 Y=128 Src=0,64 - 32,96 TexW=384 TexH=384
2026-08-22 01:56:54 [INFO] X=0 Y=128 Src=32,64 - 64,96 TexW=384 TexH=384
2026-08-22 01:56:54 [INFO] X=32 Y=128 Src=64,64 - 96,96 TexW=384 TexH=384
2026-08-22 01:56:54 [INFO] X=64 Y=128 Src=96,64 - 128,96 TexW=384 TexH=384
2026-08-22 01:56:54 [INFO] X=96 Y=128 Src=0,64 - 32,96 TexW=384 TexH=384
2026-08-22 01:56:54 [INFO] X=128 Y=128 Src=32,64 - 64,96 TexW=384 TexH=384
2026-08-22 01:56:54 [INFO] X=160 Y=128 Src=64,64 - 96,96 TexW=384 TexH=384
2026-08-22 01:56:54 [INFO] X=192 Y=128 Src=96,64 - 128,96 TexW=384 TexH=384
2026-08-22 01:56:54 [INFO] X=224 Y=128 Src=0,64 - 32,96 TexW=384 TexH=384
2026-08-22 01:56:54 [INFO] X=256 Y=128 Src=32,64 - 64,96 TexW=384 TexH=384
2026-08-22 01:56:54 [INFO] X=288 Y=128 Src=64,64 - 96,96 TexW=384 TexH=384
2026-08-22 01:56:54 [INFO] X=320 Y=128 Src=96,64 - 128,96 TexW=384 TexH=384
2026-08-22 01:56:54 [INFO] X=352 Y=128 Src=0,64 - 32,96 TexW=384 TexH=384
2026-08-22 01:56:54 [INFO] X=384 Y=128 Src=32,64 - 64,96 TexW=384 TexH=384
2026-08-22 01:56:54 [INFO] X=416 Y=128 Src=64,64 - 96,96 TexW=384 TexH=384
2026-08-22 01:56:54 [INFO] X=448 Y=128 Src=96,64 - 128,96 TexW=384 TexH=384
2026-08-22 01:56:54 [INFO] X=480 Y=128 Src=0,64 - 32,96 TexW=384 TexH=384
2026-08-22 01:56:54 [INFO] X=512 Y=128 Src=32,64 - 64,96 TexW=384 TexH=384
2026-08-22 01:56:54 [INFO] X=544 Y=128 Src=64,64 - 96,96 TexW=384 TexH=384
2026-08-22 01:56:54 [INFO] X=-32 Y=160 Src=0,0 - 32,32 TexW=384 TexH=384
2026-08-22 01:56:54 [INFO] X=0 Y=160 Src=32,0 - 64,32 TexW=384 TexH=384
2026-08-22 01:56:54 [INFO] X=32 Y=160 Src=64,0 - 96,32 TexW=384 TexH=384
2026-08-22 01:56:54 [INFO] X=64 Y=160 Src=96,0 - 128,32 TexW=384 TexH=384
2026-08-22 01:56:54 [INFO] X=96 Y=160 Src=0,0 - 32,32 TexW=384 TexH=384
2026-08-22 01:56:54 [INFO] X=128 Y=160 Src=32,0 - 64,32 TexW=384 TexH=384
2026-08-22 01:56:54 [INFO] X=160 Y=160 Src=64,0 - 96,32 TexW=384 TexH=384
2026-08-22 01:56:54 [INFO] X=192 Y=160 Src=96,0 - 128,32 TexW=384 TexH=384
2026-08-22 01:56:54 [INFO] X=224 Y=160 Src=0,0 - 32,32 TexW=384 TexH=384
2026-08-22 01:56:54 [INFO] X=256 Y=160 Src=32,0 - 64,32 TexW=384 TexH=384
2026-08-22 01:56:54 [INFO] X=288 Y=160 Src=64,0 - 96,32 TexW=384 TexH=384
2026-08-22 01:56:54 [INFO] X=320 Y=160 Src=96,0 - 128,32 TexW=384 TexH=384
2026-08-22 01:56:54 [INFO] X=352 Y=160 Src=0,0 - 32,32 TexW=384 TexH=384
2026-08-22 01:56:54 [INFO] X=384 Y=160 Src=32,0 - 64,32 TexW=384 TexH=384
2026-08-22 01:56:54 [INFO] X=416 Y=160 Src=64,0 - 96,32 TexW=384 TexH=384
2026-08-22 01:56:54 [INFO] X=448 Y=160 Src=96,0 - 128,32 TexW=384 TexH=384
2026-08-22 01:56:54 [INFO] X=480 Y=160 Src=0,0 - 32,32 TexW=384 TexH=384
2026-08-22 01:56:54 [INFO] X=512 Y=160 Src=32,0 - 64,32 TexW=384 TexH=384
2026-08-22 01:56:54 [INFO] X=544 Y=160 Src=64,0 - 96,32 TexW=384 TexH=384
2026-08-22 01:56:54 [INFO] X=-32 Y=192 Src=0,64 - 32,96 TexW=384 TexH=384
2026-08-22 01:56:54 [INFO] X=0 Y=192 Src=32,64 - 64,96 TexW=384 TexH=384
2026-08-22 01:56:54 [INFO] X=32 Y=192 Src=64,64 - 96,96 TexW=384 TexH=384
2026-08-22 01:56:54 [INFO] X=64 Y=192 Src=96,64 - 128,96 TexW=384 TexH=384
2026-08-22 01:56:54 [INFO] X=96 Y=192 Src=0,64 - 32,96 TexW=384 TexH=384
2026-08-22 01:56:54 [INFO] X=128 Y=192 Src=32,64 - 64,96 TexW=384 TexH=384
2026-08-22 01:56:54 [INFO] X=160 Y=192 Src=64,64 - 96,96 TexW=384 TexH=384
2026-08-22 01:56:54 [INFO] X=192 Y=192 Src=96,64 - 128,96 TexW=384 TexH=384
2026-08-22 01:56:54 [INFO] X=224 Y=192 Src=0,64 - 32,96 TexW=384 TexH=384
2026-08-22 01:56:54 [INFO] X=256 Y=192 Src=32,64 - 64,96 TexW=384 TexH=384
2026-08-22 01:56:54 [INFO] X=288 Y=192 Src=64,64 - 96,96 TexW=384 TexH=384
2026-08-22 01:56:54 [INFO] X=320 Y=192 Src=96,64 - 128,96 TexW=384 TexH=384
2026-08-22 01:56:54 [INFO] X=352 Y=192 Src=0,64 - 32,96 TexW=384 TexH=384
2026-08-22 01:56:54 [INFO] X=384 Y=192 Src=32,64 - 64,96 TexW=384 TexH=384
2026-08-22 01:56:54 [INFO] X=416 Y=192 Src=64,64 - 96,96 TexW=384 TexH=384
2026-08-22 01:56:54 [INFO] X=448 Y=192 Src=96,64 - 128,96 TexW=384 TexH=384
2026-08-22 01:56:54 [INFO] X=480 Y=192 Src=0,64 - 32,96 TexW=384 TexH=384
2026-08-22 01:56:54 [INFO] X=512 Y=192 Src=32,64 - 64,96 TexW=384 TexH=384
2026-08-22 01:56:54 [INFO] X=544 Y=192 Src=64,64 - 96,96 TexW=384 TexH=384
2026-08-22 01:56:54 [INFO] LOAD TEXTURE FileIndex=2487 BMP=I:\AospainOri\cli\Graficos\2487.bmp Size=18294 DX8=64x95
2026-08-22 01:56:54 [INFO] TEXTURE FileIndex=2487 DX8Width=64 DX8Height=95
2026-08-22 01:56:54 [INFO] X=-304 Y=-415 Src=0,0 - 64,95 TexW=64 TexH=95
2026-08-22 01:56:54 [INFO] LOAD TEXTURE FileIndex=7001 BMP=I:\AospainOri\cli\Graficos\7001.bmp Size=196662 DX8=256x256
2026-08-22 01:56:54 [INFO] TEXTURE FileIndex=7001 DX8Width=256 DX8Height=256
2026-08-22 01:56:54 [INFO] X=-368 Y=-576 Src=0,0 - 256,256 TexW=256 TexH=256
2026-08-22 01:56:54 [INFO] LOAD TEXTURE FileIndex=2031 BMP=I:\AospainOri\cli\Graficos\2031.bmp Size=36014 DX8=77x155
2026-08-22 01:56:54 [INFO] TEXTURE FileIndex=2031 DX8Width=77 DX8Height=155
2026-08-22 01:56:54 [INFO] X=-182 Y=-475 Src=0,0 - 77,155 TexW=77 TexH=155
2026-08-22 01:56:54 [INFO] X=-208 Y=-576 Src=0,0 - 256,256 TexW=256 TexH=256
2026-08-22 01:56:54 [INFO] LOAD TEXTURE FileIndex=1738 BMP=I:\AospainOri\cli\Graficos\1738.bmp Size=12342 DX8=128x32
2026-08-22 01:56:54 [INFO] TEXTURE FileIndex=1738 DX8Width=128 DX8Height=32
2026-08-22 01:56:54 [INFO] X=48 Y=-320 Src=0,0 - 128,32 TexW=128 TexH=32
2026-08-22 01:56:54 [INFO] X=176 Y=-320 Src=0,0 - 128,32 TexW=128 TexH=32
2026-08-22 01:56:54 [INFO] X=464 Y=-320 Src=0,0 - 128,32 TexW=128 TexH=32
2026-08-22 01:56:54 [INFO] X=592 Y=-320 Src=0,0 - 128,32 TexW=128 TexH=32
2026-08-22 01:56:54 [INFO] X=-176 Y=-512 Src=0,0 - 256,256 TexW=256 TexH=256
2026-08-22 01:56:54 [INFO] X=208 Y=-512 Src=0,0 - 256,256 TexW=256 TexH=256
2026-08-22 01:56:54 [INFO] LOAD TEXTURE FileIndex=9538 BMP=I:\AospainOri\cli\Graficos\9538.bmp Size=2768 DX8=64x32
2026-08-22 01:56:54 [INFO] TEXTURE FileIndex=9538 DX8Width=64 DX8Height=32
2026-08-22 01:56:54 [INFO] X=-352 Y=-256 Src=0,0 - 32,32 TexW=64 TexH=32
2026-08-22 01:56:54 [INFO] LOAD TEXTURE FileIndex=331 BMP=I:\AospainOri\cli\Graficos\331.bmp Size=32028 DX8=174x181
2026-08-22 01:56:54 [INFO] TEXTURE FileIndex=331 DX8Width=174 DX8Height=181
2026-08-22 01:56:54 [INFO] X=835 Y=-270 Src=0,0 - 26,46 TexW=174 TexH=181
2026-08-22 01:56:54 [INFO] X=-176 Y=-448 Src=0,0 - 256,256 TexW=256 TexH=256
2026-08-22 01:56:54 [INFO] X=48 Y=-224 Src=0,0 - 128,32 TexW=128 TexH=32
2026-08-22 01:56:54 [INFO] X=176 Y=-224 Src=0,0 - 128,32 TexW=128 TexH=32
2026-08-22 01:56:54 [INFO] X=384 Y=-224 Src=608,64 - 640,96 TexW=640 TexH=742
2026-08-22 01:56:54 [INFO] X=480 Y=-224 Src=608,64 - 640,96 TexW=640 TexH=742
2026-08-22 01:56:54 [INFO] X=464 Y=-224 Src=0,0 - 128,32 TexW=128 TexH=32
2026-08-22 01:56:54 [INFO] X=592 Y=-224 Src=0,0 - 128,32 TexW=128 TexH=32
2026-08-22 01:56:54 [INFO] LOAD TEXTURE FileIndex=328 BMP=I:\AospainOri\cli\Graficos\328.bmp Size=27784 DX8=149x181
2026-08-22 01:56:54 [INFO] TEXTURE FileIndex=328 DX8Width=149 DX8Height=181
2026-08-22 01:56:54 [INFO] X=-253 Y=-206 Src=0,0 - 26,46 TexW=149 TexH=181
2026-08-22 01:56:54 [INFO] LOAD TEXTURE FileIndex=321 BMP=I:\AospainOri\cli\Graficos\321.bmp Size=27648 DX8=149x181
2026-08-22 01:56:54 [INFO] TEXTURE FileIndex=321 DX8Width=149 DX8Height=181
2026-08-22 01:56:54 [INFO] X=163 Y=-206 Src=0,0 - 26,46 TexW=149 TexH=181
2026-08-22 01:56:54 [INFO] LOAD TEXTURE FileIndex=27 BMP=I:\AospainOri\cli\Graficos\27.bmp Size=144092 DX8=708x202
2026-08-22 01:56:54 [INFO] TEXTURE FileIndex=27 DX8Width=708 DX8Height=202
2026-08-22 01:56:54 [INFO] X=168 Y=-214 Src=64,0 - 80,16 TexW=708 TexH=202
2026-08-22 01:56:54 [INFO] X=-352 Y=-160 Src=0,0 - 32,32 TexW=64 TexH=32
2026-08-22 01:56:54 [INFO] X=352 Y=-160 Src=608,64 - 640,96 TexW=640 TexH=742
2026-08-22 01:56:54 [INFO] X=480 Y=-160 Src=608,64 - 640,96 TexW=640 TexH=742
2026-08-22 01:56:54 [INFO] X=74 Y=-251 Src=0,0 - 77,155 TexW=77 TexH=155
2026-08-22 01:56:54 [INFO] X=419 Y=-142 Src=0,0 - 26,46 TexW=149 TexH=181
2026-08-22 01:56:54 [INFO] X=424 Y=-150 Src=320,0 - 336,16 TexW=708 TexH=202
2026-08-22 01:56:54 [INFO] X=448 Y=-128 Src=256,96 - 288,128 TexW=640 TexH=742
2026-08-22 01:56:54 [INFO] X=586 Y=-251 Src=0,0 - 77,155 TexW=77 TexH=155
2026-08-22 01:56:54 [INFO] X=-32 Y=-64 Src=608,64 - 640,96 TexW=640 TexH=742
2026-08-22 01:56:54 [INFO] X=448 Y=-64 Src=608,64 - 640,96 TexW=640 TexH=742
2026-08-22 01:56:54 [INFO] X=464 Y=-288 Src=0,0 - 256,256 TexW=256 TexH=256
2026-08-22 01:56:54 [INFO] X=0 Y=0 Src=608,64 - 640,96 TexW=640 TexH=742
2026-08-22 01:56:54 [INFO] LOAD TEXTURE FileIndex=1018 BMP=I:\AospainOri\cli\Graficos\1018.bmp Size=27702 DX8=149x181
2026-08-22 01:56:54 [INFO] TEXTURE FileIndex=1018 DX8Width=149 DX8Height=181
2026-08-22 01:56:54 [INFO] X=291 Y=-14 Src=0,0 - 26,46 TexW=149 TexH=181
2026-08-22 01:56:54 [INFO] X=296 Y=-22 Src=256,48 - 272,64 TexW=708 TexH=202
2026-08-22 01:56:54 [INFO] LOAD TEXTURE FileIndex=7527 BMP=I:\AospainOri\cli\Graficos\7527.bmp Size=56376 DX8=288x192
2026-08-22 01:56:54 [INFO] TEXTURE FileIndex=7527 DX8Width=288 DX8Height=192
2026-08-22 01:56:54 [INFO] X=736 Y=-64 Src=0,96 - 96,192 TexW=288 TexH=192
2026-08-22 01:56:54 [INFO] LOAD TEXTURE FileIndex=666 BMP=I:\AospainOri\cli\Graficos\666.bmp Size=3128 DX8=64x32
2026-08-22 01:56:54 [INFO] TEXTURE FileIndex=666 DX8Width=64 DX8Height=32
2026-08-22 01:56:54 [INFO] X=656 Y=32 Src=0,0 - 64,32 TexW=64 TexH=32
2026-08-22 01:56:54 [INFO] LOAD TEXTURE FileIndex=377 BMP=I:\AospainOri\cli\Graficos\377.bmp Size=28592 DX8=149x181
2026-08-22 01:56:54 [INFO] TEXTURE FileIndex=377 DX8Width=149 DX8Height=181
2026-08-22 01:56:54 [INFO] X=867 Y=18 Src=0,0 - 26,46 TexW=149 TexH=181
2026-08-22 01:56:54 [INFO] X=872 Y=10 Src=0,0 - 16,16 TexW=708 TexH=202
2026-08-22 01:56:54 [INFO] LOAD TEXTURE FileIndex=7588 BMP=I:\AospainOri\cli\Graficos\7588.bmp Size=28590 DX8=149x181
2026-08-22 01:56:54 [INFO] TEXTURE FileIndex=7588 DX8Width=149 DX8Height=181
2026-08-22 01:56:54 [INFO] X=-349 Y=50 Src=0,0 - 26,46 TexW=149 TexH=181
2026-08-22 01:56:54 [INFO] X=-344 Y=42 Src=384,16 - 400,32 TexW=708 TexH=202
2026-08-22 01:56:54 [INFO] X=-285 Y=50 Src=0,0 - 26,46 TexW=149 TexH=181
2026-08-22 01:56:54 [INFO] X=-280 Y=42 Src=384,16 - 400,32 TexW=708 TexH=202
2026-08-22 01:56:54 [INFO] X=-182 Y=-59 Src=0,0 - 77,155 TexW=77 TexH=155
2026-08-22 01:56:54 [INFO] LOAD TEXTURE FileIndex=2190 BMP=I:\AospainOri\cli\Graficos\2190.bmp Size=81144 DX8=149x181
2026-08-22 01:56:54 [INFO] TEXTURE FileIndex=2190 DX8Width=149 DX8Height=181
2026-08-22 01:56:54 [INFO] X=-61 Y=50 Src=0,0 - 26,46 TexW=149 TexH=181
2026-08-22 01:56:54 [INFO] X=-56 Y=42 Src=272,128 - 288,144 TexW=708 TexH=202
2026-08-22 01:56:54 [INFO] X=42 Y=-59 Src=0,0 - 77,155 TexW=77 TexH=155
2026-08-22 01:56:54 [INFO] X=259 Y=178 Src=0,0 - 26,46 TexW=149 TexH=181
2026-08-22 01:56:54 [INFO] X=264 Y=170 Src=128,16 - 144,32 TexW=708 TexH=202
2026-08-22 01:56:55 [INFO] LOAD TEXTURE FileIndex=108 BMP=I:\AospainOri\cli\Graficos\108.bmp Size=1900536 DX8=1792x1060
2026-08-22 01:56:55 [INFO] TEXTURE FileIndex=108 DX8Width=1792 DX8Height=1060
2026-08-22 01:56:55 [INFO] X=208 Y=96 Src=0,540 - 128,668 TexW=1792 TexH=1060
2026-08-22 01:56:55 [INFO] LOAD TEXTURE FileIndex=871 BMP=I:\AospainOri\cli\Graficos\871.bmp Size=27704 DX8=149x181
2026-08-22 01:56:55 [INFO] TEXTURE FileIndex=871 DX8Width=149 DX8Height=181
2026-08-22 01:56:55 [INFO] X=611 Y=306 Src=0,0 - 26,46 TexW=149 TexH=181
2026-08-22 01:56:55 [INFO] X=616 Y=298 Src=256,48 - 272,64 TexW=708 TexH=202
2026-08-22 01:56:55 [INFO] X=-368 Y=128 Src=0,0 - 256,256 TexW=256 TexH=256
2026-08-22 01:56:55 [INFO] X=-240 Y=128 Src=0,0 - 256,256 TexW=256 TexH=256
2026-08-22 01:56:55 [INFO] X=-112 Y=128 Src=0,0 - 256,256 TexW=256 TexH=256
2026-08-22 01:56:55 [INFO] LOAD TEXTURE FileIndex=25 BMP=I:\AospainOri\cli\Graficos\25.bmp Size=1147956 DX8=1792x640
2026-08-22 01:56:55 [INFO] TEXTURE FileIndex=25 DX8Width=1792 DX8Height=640
2026-08-22 01:56:55 [INFO] X=283 Y=384 Src=737,512 - 780,576 TexW=1792 TexH=640
2026-08-22 01:56:55 [INFO] X=443 Y=384 Src=737,512 - 780,576 TexW=1792 TexH=640
2026-08-22 01:56:55 [INFO] X=592 Y=192 Src=0,0 - 256,256 TexW=256 TexH=256
2026-08-22 01:56:55 [INFO] X=688 Y=192 Src=0,0 - 256,256 TexW=256 TexH=256
2026-08-22 01:56:55 [INFO] LOAD TEXTURE FileIndex=12057 BMP=I:\AospainOri\cli\Graficos\12057.bmp Size=23288 DX8=234x97
2026-08-22 01:56:55 [INFO] TEXTURE FileIndex=12057 DX8Width=234 DX8Height=97
2026-08-22 01:56:55 [INFO] X=323 Y=448 Src=0,0 - 26,96 TexW=234 TexH=97
2026-08-22 01:56:55 [INFO] LOAD TEXTURE FileIndex=1117 BMP=I:\AospainOri\cli\Graficos\1117.bmp Size=81142 DX8=149x181
2026-08-22 01:56:55 [INFO] TEXTURE FileIndex=1117 DX8Width=149 DX8Height=181
2026-08-22 01:56:55 [INFO] X=355 Y=498 Src=0,0 - 26,46 TexW=149 TexH=181
2026-08-22 01:56:55 [INFO] X=360 Y=490 Src=384,32 - 400,48 TexW=708 TexH=202
2026-08-22 01:56:55 [INFO] X=384 Y=512 Src=64,672 - 96,704 TexW=640 TexH=742
2026-08-22 01:56:55 [INFO] X=419 Y=448 Src=0,0 - 26,96 TexW=234 TexH=97
2026-08-22 01:56:55 [INFO] X=-368 Y=320 Src=0,0 - 256,256 TexW=256 TexH=256
2026-08-22 01:56:55 [INFO] X=688 Y=384 Src=0,0 - 256,256 TexW=256 TexH=256
2026-08-22 01:56:55 [INFO] X=-368 Y=448 Src=0,0 - 256,256 TexW=256 TexH=256
2026-08-22 01:56:55 [INFO] LOAD TEXTURE FileIndex=12060 BMP=I:\AospainOri\cli\Graficos\12060.bmp Size=55272 DX8=270x68
2026-08-22 01:56:55 [INFO] TEXTURE FileIndex=12060 DX8Width=270 DX8Height=68
2026-08-22 01:56:55 [INFO] X=-127 Y=636 Src=0,0 - 30,68 TexW=270 TexH=68
2026-08-22 01:56:55 [INFO] X=-208 Y=448 Src=0,0 - 256,256 TexW=256 TexH=256
2026-08-22 01:56:55 [INFO] LOAD TEXTURE FileIndex=324 BMP=I:\AospainOri\cli\Graficos\324.bmp Size=28590 DX8=149x181
2026-08-22 01:56:55 [INFO] TEXTURE FileIndex=324 DX8Width=149 DX8Height=181
2026-08-22 01:56:55 [INFO] X=-285 Y=690 Src=0,0 - 26,46 TexW=149 TexH=181
2026-08-22 01:56:55 [INFO] X=-280 Y=682 Src=64,0 - 80,16 TexW=708 TexH=202
2026-08-22 01:56:55 [INFO] LOAD TEXTURE FileIndex=8029 BMP=I:\AospainOri\cli\Graficos\8029.bmp Size=28590 DX8=149x181
2026-08-22 01:56:55 [INFO] TEXTURE FileIndex=8029 DX8Width=149 DX8Height=181
2026-08-22 01:56:55 [INFO] X=-253 Y=690 Src=0,0 - 26,46 TexW=149 TexH=181
2026-08-22 01:56:55 [INFO] X=-248 Y=682 Src=639,64 - 655,80 TexW=708 TexH=202
2026-08-22 01:56:55 [INFO] X=-221 Y=690 Src=0,0 - 26,46 TexW=149 TexH=181
2026-08-22 01:56:55 [INFO] X=-216 Y=682 Src=272,128 - 288,144 TexW=708 TexH=202
2026-08-22 01:56:55 [INFO] X=-32 Y=-32 Src=0,0 - 32,32 TexW=512 TexH=128
2026-08-22 01:56:55 [INFO] X=0 Y=-32 Src=32,0 - 64,32 TexW=512 TexH=128
2026-08-22 01:56:55 [INFO] X=32 Y=-32 Src=64,0 - 96,32 TexW=512 TexH=128
2026-08-22 01:56:55 [INFO] X=32 Y=-32 Src=512,192 - 544,224 TexW=640 TexH=742
2026-08-22 01:56:55 [INFO] X=64 Y=-32 Src=96,0 - 128,32 TexW=512 TexH=128
2026-08-22 01:56:55 [INFO] X=96 Y=-32 Src=0,0 - 32,32 TexW=512 TexH=128
2026-08-22 01:56:55 [INFO] X=128 Y=-32 Src=32,0 - 64,32 TexW=512 TexH=128
2026-08-22 01:56:55 [INFO] X=160 Y=-32 Src=64,0 - 96,32 TexW=512 TexH=128
2026-08-22 01:56:55 [INFO] X=192 Y=-32 Src=96,0 - 128,32 TexW=512 TexH=128
2026-08-22 01:56:55 [INFO] X=224 Y=-32 Src=0,0 - 32,32 TexW=512 TexH=128
2026-08-22 01:56:55 [INFO] X=256 Y=-32 Src=32,0 - 64,32 TexW=512 TexH=128
2026-08-22 01:56:55 [INFO] X=288 Y=-32 Src=64,0 - 96,32 TexW=512 TexH=128
2026-08-22 01:56:55 [INFO] X=320 Y=-32 Src=96,0 - 128,32 TexW=512 TexH=128
2026-08-22 01:56:55 [INFO] X=352 Y=-32 Src=0,0 - 32,32 TexW=512 TexH=128
2026-08-22 01:56:55 [INFO] X=384 Y=-32 Src=32,0 - 64,32 TexW=512 TexH=128
2026-08-22 01:56:55 [INFO] X=362 Y=-58 Src=0,0 - 77,58 TexW=77 TexH=58
2026-08-22 01:56:55 [INFO] X=416 Y=-32 Src=64,0 - 96,32 TexW=512 TexH=128
2026-08-22 01:56:55 [INFO] X=448 Y=-32 Src=96,0 - 128,32 TexW=512 TexH=128
2026-08-22 01:56:55 [INFO] X=480 Y=-32 Src=0,0 - 32,32 TexW=512 TexH=128
2026-08-22 01:56:55 [INFO] X=512 Y=-32 Src=32,0 - 64,32 TexW=512 TexH=128
2026-08-22 01:56:55 [INFO] X=544 Y=-32 Src=64,0 - 96,32 TexW=512 TexH=128
2026-08-22 01:56:55 [INFO] X=-32 Y=0 Src=0,64 - 32,96 TexW=512 TexH=128
2026-08-22 01:56:55 [INFO] X=0 Y=0 Src=32,64 - 64,96 TexW=512 TexH=128
2026-08-22 01:56:55 [INFO] X=32 Y=0 Src=64,64 - 96,96 TexW=512 TexH=128
2026-08-22 01:56:55 [INFO] X=64 Y=0 Src=96,64 - 128,96 TexW=512 TexH=128
2026-08-22 01:56:55 [INFO] X=96 Y=0 Src=0,64 - 32,96 TexW=512 TexH=128
2026-08-22 01:56:55 [INFO] X=128 Y=0 Src=32,64 - 64,96 TexW=512 TexH=128
2026-08-22 01:56:55 [INFO] X=160 Y=0 Src=64,64 - 96,96 TexW=512 TexH=128
2026-08-22 01:56:55 [INFO] X=192 Y=0 Src=96,64 - 128,96 TexW=512 TexH=128
2026-08-22 01:56:55 [INFO] X=224 Y=0 Src=0,64 - 32,96 TexW=512 TexH=128
2026-08-22 01:56:55 [INFO] X=256 Y=0 Src=32,64 - 64,96 TexW=512 TexH=128
2026-08-22 01:56:55 [INFO] X=288 Y=0 Src=64,64 - 96,96 TexW=512 TexH=128
2026-08-22 01:56:55 [INFO] X=320 Y=0 Src=96,64 - 128,96 TexW=512 TexH=128
2026-08-22 01:56:55 [INFO] X=352 Y=0 Src=0,64 - 32,96 TexW=512 TexH=128
2026-08-22 01:56:55 [INFO] X=384 Y=0 Src=32,64 - 64,96 TexW=512 TexH=128
2026-08-22 01:56:55 [INFO] X=416 Y=0 Src=64,64 - 96,96 TexW=512 TexH=128
2026-08-22 01:56:55 [INFO] X=448 Y=0 Src=96,64 - 128,96 TexW=512 TexH=128
2026-08-22 01:56:55 [INFO] X=480 Y=0 Src=0,64 - 32,96 TexW=512 TexH=128
2026-08-22 01:56:55 [INFO] X=512 Y=0 Src=32,64 - 64,96 TexW=512 TexH=128
2026-08-22 01:56:55 [INFO] X=544 Y=0 Src=64,64 - 96,96 TexW=512 TexH=128
2026-08-22 01:56:55 [INFO] X=-32 Y=32 Src=0,0 - 32,32 TexW=384 TexH=384
2026-08-22 01:56:55 [INFO] X=-32 Y=32 Src=128,128 - 160,160 TexW=256 TexH=384
2026-08-22 01:56:55 [INFO] X=0 Y=32 Src=32,0 - 64,32 TexW=384 TexH=384
2026-08-22 01:56:55 [INFO] X=0 Y=32 Src=160,128 - 192,160 TexW=256 TexH=384
2026-08-22 01:56:55 [INFO] X=32 Y=32 Src=64,0 - 96,32 TexW=384 TexH=384
2026-08-22 01:56:55 [INFO] X=32 Y=32 Src=128,128 - 160,160 TexW=256 TexH=384
2026-08-22 01:56:55 [INFO] X=64 Y=32 Src=96,0 - 128,32 TexW=384 TexH=384
2026-08-22 01:56:55 [INFO] X=64 Y=32 Src=160,128 - 192,160 TexW=256 TexH=384
2026-08-22 01:56:55 [INFO] X=96 Y=32 Src=0,0 - 32,32 TexW=384 TexH=384
2026-08-22 01:56:55 [INFO] X=96 Y=32 Src=128,128 - 160,160 TexW=256 TexH=384
2026-08-22 01:56:55 [INFO] X=128 Y=32 Src=32,0 - 64,32 TexW=384 TexH=384
2026-08-22 01:56:55 [INFO] X=128 Y=32 Src=160,128 - 192,160 TexW=256 TexH=384
2026-08-22 01:56:55 [INFO] X=160 Y=32 Src=64,0 - 96,32 TexW=384 TexH=384
2026-08-22 01:56:55 [INFO] X=160 Y=32 Src=128,128 - 160,160 TexW=256 TexH=384
2026-08-22 01:56:55 [INFO] X=192 Y=32 Src=96,0 - 128,32 TexW=384 TexH=384
2026-08-22 01:56:55 [INFO] X=192 Y=32 Src=160,128 - 192,160 TexW=256 TexH=384
2026-08-22 01:56:55 [INFO] X=224 Y=32 Src=0,0 - 32,32 TexW=384 TexH=384
2026-08-22 01:56:55 [INFO] X=224 Y=32 Src=128,128 - 160,160 TexW=256 TexH=384
2026-08-22 01:56:55 [INFO] X=256 Y=32 Src=32,0 - 64,32 TexW=384 TexH=384
2026-08-22 01:56:55 [INFO] X=256 Y=32 Src=160,128 - 192,160 TexW=256 TexH=384
2026-08-22 01:56:55 [INFO] X=288 Y=32 Src=64,0 - 96,32 TexW=384 TexH=384
2026-08-22 01:56:55 [INFO] X=288 Y=32 Src=128,128 - 160,160 TexW=256 TexH=384
2026-08-22 01:56:55 [INFO] X=320 Y=32 Src=96,0 - 128,32 TexW=384 TexH=384
2026-08-22 01:56:55 [INFO] X=320 Y=32 Src=160,128 - 192,160 TexW=256 TexH=384
2026-08-22 01:56:55 [INFO] X=352 Y=32 Src=0,0 - 32,32 TexW=384 TexH=384
2026-08-22 01:56:55 [INFO] X=352 Y=32 Src=128,128 - 160,160 TexW=256 TexH=384
2026-08-22 01:56:55 [INFO] X=384 Y=32 Src=32,0 - 64,32 TexW=384 TexH=384
2026-08-22 01:56:55 [INFO] X=384 Y=32 Src=160,128 - 192,160 TexW=256 TexH=384
2026-08-22 01:56:55 [INFO] X=416 Y=32 Src=64,0 - 96,32 TexW=384 TexH=384
2026-08-22 01:56:55 [INFO] X=416 Y=32 Src=128,128 - 160,160 TexW=256 TexH=384
2026-08-22 01:56:55 [INFO] X=448 Y=32 Src=96,0 - 128,32 TexW=384 TexH=384
2026-08-22 01:56:55 [INFO] X=448 Y=32 Src=160,128 - 192,160 TexW=256 TexH=384
2026-08-22 01:56:55 [INFO] X=480 Y=32 Src=0,0 - 32,32 TexW=384 TexH=384
2026-08-22 01:56:55 [INFO] X=480 Y=32 Src=128,128 - 160,160 TexW=256 TexH=384
2026-08-22 01:56:55 [INFO] X=512 Y=32 Src=32,0 - 64,32 TexW=384 TexH=384
2026-08-22 01:56:55 [INFO] X=512 Y=32 Src=160,128 - 192,160 TexW=256 TexH=384
2026-08-22 01:56:55 [INFO] X=544 Y=32 Src=64,0 - 96,32 TexW=384 TexH=384
2026-08-22 01:56:55 [INFO] X=544 Y=32 Src=128,128 - 160,160 TexW=256 TexH=384
2026-08-22 01:56:55 [INFO] X=-32 Y=64 Src=0,64 - 32,96 TexW=384 TexH=384
2026-08-22 01:56:55 [INFO] X=0 Y=64 Src=32,64 - 64,96 TexW=384 TexH=384
2026-08-22 01:56:55 [INFO] X=32 Y=64 Src=64,64 - 96,96 TexW=384 TexH=384
2026-08-22 01:56:55 [INFO] X=64 Y=64 Src=96,64 - 128,96 TexW=384 TexH=384
2026-08-22 01:56:55 [INFO] X=96 Y=64 Src=0,64 - 32,96 TexW=384 TexH=384
2026-08-22 01:56:55 [INFO] X=128 Y=64 Src=32,64 - 64,96 TexW=384 TexH=384
2026-08-22 01:56:55 [INFO] X=160 Y=64 Src=64,64 - 96,96 TexW=384 TexH=384
2026-08-22 01:56:55 [INFO] X=192 Y=64 Src=96,64 - 128,96 TexW=384 TexH=384
2026-08-22 01:56:55 [INFO] X=224 Y=64 Src=0,64 - 32,96 TexW=384 TexH=384
2026-08-22 01:56:55 [INFO] X=256 Y=64 Src=32,64 - 64,96 TexW=384 TexH=384
2026-08-22 01:56:55 [INFO] X=288 Y=64 Src=64,64 - 96,96 TexW=384 TexH=384
2026-08-22 01:56:55 [INFO] X=320 Y=64 Src=96,64 - 128,96 TexW=384 TexH=384
2026-08-22 01:56:55 [INFO] X=352 Y=64 Src=0,64 - 32,96 TexW=384 TexH=384
2026-08-22 01:56:55 [INFO] X=384 Y=64 Src=32,64 - 64,96 TexW=384 TexH=384
2026-08-22 01:56:55 [INFO] X=416 Y=64 Src=64,64 - 96,96 TexW=384 TexH=384
2026-08-22 01:56:55 [INFO] X=448 Y=64 Src=96,64 - 128,96 TexW=384 TexH=384
2026-08-22 01:56:55 [INFO] X=480 Y=64 Src=0,64 - 32,96 TexW=384 TexH=384
2026-08-22 01:56:55 [INFO] X=512 Y=64 Src=32,64 - 64,96 TexW=384 TexH=384
2026-08-22 01:56:55 [INFO] X=544 Y=64 Src=64,64 - 96,96 TexW=384 TexH=384
2026-08-22 01:56:55 [INFO] X=-32 Y=96 Src=0,0 - 32,32 TexW=384 TexH=384
2026-08-22 01:56:55 [INFO] X=0 Y=96 Src=32,0 - 64,32 TexW=384 TexH=384
2026-08-22 01:56:55 [INFO] X=32 Y=96 Src=64,0 - 96,32 TexW=384 TexH=384
2026-08-22 01:56:55 [INFO] X=64 Y=96 Src=96,0 - 128,32 TexW=384 TexH=384
2026-08-22 01:56:55 [INFO] X=96 Y=96 Src=0,0 - 32,32 TexW=384 TexH=384
2026-08-22 01:56:55 [INFO] X=128 Y=96 Src=32,0 - 64,32 TexW=384 TexH=384
2026-08-22 01:56:55 [INFO] X=160 Y=96 Src=64,0 - 96,32 TexW=384 TexH=384
2026-08-22 01:56:55 [INFO] X=192 Y=96 Src=96,0 - 128,32 TexW=384 TexH=384
2026-08-22 01:56:55 [INFO] X=224 Y=96 Src=0,0 - 32,32 TexW=384 TexH=384
2026-08-22 01:56:55 [INFO] X=256 Y=96 Src=32,0 - 64,32 TexW=384 TexH=384
2026-08-22 01:56:55 [INFO] X=288 Y=96 Src=64,0 - 96,32 TexW=384 TexH=384
2026-08-22 01:56:55 [INFO] X=320 Y=96 Src=96,0 - 128,32 TexW=384 TexH=384
2026-08-22 01:56:55 [INFO] X=352 Y=96 Src=0,0 - 32,32 TexW=384 TexH=384
2026-08-22 01:56:55 [INFO] X=384 Y=96 Src=32,0 - 64,32 TexW=384 TexH=384
2026-08-22 01:56:55 [INFO] X=416 Y=96 Src=64,0 - 96,32 TexW=384 TexH=384
2026-08-22 01:56:55 [INFO] X=448 Y=96 Src=96,0 - 128,32 TexW=384 TexH=384
2026-08-22 01:56:55 [INFO] X=480 Y=96 Src=0,0 - 32,32 TexW=384 TexH=384
2026-08-22 01:56:55 [INFO] X=512 Y=96 Src=32,0 - 64,32 TexW=384 TexH=384
2026-08-22 01:56:55 [INFO] X=544 Y=96 Src=64,0 - 96,32 TexW=384 TexH=384
2026-08-22 01:56:55 [INFO] X=-32 Y=128 Src=0,64 - 32,96 TexW=384 TexH=384
2026-08-22 01:56:55 [INFO] X=0 Y=128 Src=32,64 - 64,96 TexW=384 TexH=384
2026-08-22 01:56:55 [INFO] X=32 Y=128 Src=64,64 - 96,96 TexW=384 TexH=384
2026-08-22 01:56:55 [INFO] X=64 Y=128 Src=96,64 - 128,96 TexW=384 TexH=384
2026-08-22 01:56:55 [INFO] X=96 Y=128 Src=0,64 - 32,96 TexW=384 TexH=384
2026-08-22 01:56:55 [INFO] X=128 Y=128 Src=32,64 - 64,96 TexW=384 TexH=384
2026-08-22 01:56:55 [INFO] X=160 Y=128 Src=64,64 - 96,96 TexW=384 TexH=384
2026-08-22 01:56:55 [INFO] X=192 Y=128 Src=96,64 - 128,96 TexW=384 TexH=384
2026-08-22 01:56:55 [INFO] X=224 Y=128 Src=0,64 - 32,96 TexW=384 TexH=384
2026-08-22 01:56:55 [INFO] X=256 Y=128 Src=32,64 - 64,96 TexW=384 TexH=384
2026-08-22 01:56:55 [INFO] X=288 Y=128 Src=64,64 - 96,96 TexW=384 TexH=384
2026-08-22 01:56:55 [INFO] X=320 Y=128 Src=96,64 - 128,96 TexW=384 TexH=384
2026-08-22 01:56:55 [INFO] X=352 Y=128 Src=0,64 - 32,96 TexW=384 TexH=384
2026-08-22 01:56:55 [INFO] X=384 Y=128 Src=32,64 - 64,96 TexW=384 TexH=384
2026-08-22 01:56:55 [INFO] X=416 Y=128 Src=64,64 - 96,96 TexW=384 TexH=384
2026-08-22 01:56:55 [INFO] X=448 Y=128 Src=96,64 - 128,96 TexW=384 TexH=384
2026-08-22 01:56:55 [INFO] X=480 Y=128 Src=0,64 - 32,96 TexW=384 TexH=384
2026-08-22 01:56:55 [INFO] X=512 Y=128 Src=32,64 - 64,96 TexW=384 TexH=384
2026-08-22 01:56:55 [INFO] X=544 Y=128 Src=64,64 - 96,96 TexW=384 TexH=384
2026-08-22 01:56:55 [INFO] X=-32 Y=160 Src=0,0 - 32,32 TexW=384 TexH=384
2026-08-22 01:56:55 [INFO] X=0 Y=160 Src=32,0 - 64,32 TexW=384 TexH=384
2026-08-22 01:56:55 [INFO] X=32 Y=160 Src=64,0 - 96,32 TexW=384 TexH=384
2026-08-22 01:56:55 [INFO] X=64 Y=160 Src=96,0 - 128,32 TexW=384 TexH=384
2026-08-22 01:56:55 [INFO] X=96 Y=160 Src=0,0 - 32,32 TexW=384 TexH=384
2026-08-22 01:56:55 [INFO] X=128 Y=160 Src=32,0 - 64,32 TexW=384 TexH=384
2026-08-22 01:56:55 [INFO] X=160 Y=160 Src=64,0 - 96,32 TexW=384 TexH=384
2026-08-22 01:56:55 [INFO] X=192 Y=160 Src=96,0 - 128,32 TexW=384 TexH=384
2026-08-22 01:56:55 [INFO] X=224 Y=160 Src=0,0 - 32,32 TexW=384 TexH=384
2026-08-22 01:56:55 [INFO] X=256 Y=160 Src=32,0 - 64,32 TexW=384 TexH=384
2026-08-22 01:56:55 [INFO] X=288 Y=160 Src=64,0 - 96,32 TexW=384 TexH=384
2026-08-22 01:56:55 [INFO] X=320 Y=160 Src=96,0 - 128,32 TexW=384 TexH=384
2026-08-22 01:56:55 [INFO] X=352 Y=160 Src=0,0 - 32,32 TexW=384 TexH=384
2026-08-22 01:56:55 [INFO] X=384 Y=160 Src=32,0 - 64,32 TexW=384 TexH=384
2026-08-22 01:56:55 [INFO] X=416 Y=160 Src=64,0 - 96,32 TexW=384 TexH=384
2026-08-22 01:56:55 [INFO] X=448 Y=160 Src=96,0 - 128,32 TexW=384 TexH=384
2026-08-22 01:56:55 [INFO] X=480 Y=160 Src=0,0 - 32,32 TexW=384 TexH=384
2026-08-22 01:56:55 [INFO] X=512 Y=160 Src=32,0 - 64,32 TexW=384 TexH=384
2026-08-22 01:56:55 [INFO] X=544 Y=160 Src=64,0 - 96,32 TexW=384 TexH=384
2026-08-22 01:56:55 [INFO] X=-32 Y=192 Src=0,64 - 32,96 TexW=384 TexH=384
2026-08-22 01:56:55 [INFO] X=0 Y=192 Src=32,64 - 64,96 TexW=384 TexH=384
2026-08-22 01:56:55 [INFO] X=32 Y=192 Src=64,64 - 96,96 TexW=384 TexH=384
2026-08-22 01:56:55 [INFO] X=64 Y=192 Src=96,64 - 128,96 TexW=384 TexH=384
2026-08-22 01:56:55 [INFO] X=96 Y=192 Src=0,64 - 32,96 TexW=384 TexH=384
2026-08-22 01:56:55 [INFO] X=128 Y=192 Src=32,64 - 64,96 TexW=384 TexH=384
2026-08-22 01:56:55 [INFO] X=160 Y=192 Src=64,64 - 96,96 TexW=384 TexH=384
2026-08-22 01:56:55 [INFO] X=192 Y=192 Src=96,64 - 128,96 TexW=384 TexH=384
2026-08-22 01:56:55 [INFO] X=224 Y=192 Src=0,64 - 32,96 TexW=384 TexH=384
2026-08-22 01:56:55 [INFO] X=256 Y=192 Src=32,64 - 64,96 TexW=384 TexH=384
2026-08-22 01:56:55 [INFO] X=288 Y=192 Src=64,64 - 96,96 TexW=384 TexH=384
2026-08-22 01:56:55 [INFO] X=320 Y=192 Src=96,64 - 128,96 TexW=384 TexH=384
2026-08-22 01:56:55 [INFO] X=352 Y=192 Src=0,64 - 32,96 TexW=384 TexH=384
2026-08-22 01:56:55 [INFO] X=384 Y=192 Src=32,64 - 64,96 TexW=384 TexH=384
2026-08-22 01:56:55 [INFO] X=416 Y=192 Src=64,64 - 96,96 TexW=384 TexH=384
2026-08-22 01:56:55 [INFO] X=448 Y=192 Src=96,64 - 128,96 TexW=384 TexH=384
2026-08-22 01:56:55 [INFO] X=480 Y=192 Src=0,64 - 32,96 TexW=384 TexH=384
2026-08-22 01:56:55 [INFO] X=512 Y=192 Src=32,64 - 64,96 TexW=384 TexH=384
2026-08-22 01:56:55 [INFO] X=544 Y=192 Src=64,64 - 96,96 TexW=384 TexH=384
2026-08-22 01:56:55 [INFO] X=-304 Y=-415 Src=0,0 - 64,95 TexW=64 TexH=95
2026-08-22 01:56:55 [INFO] X=-368 Y=-576 Src=0,0 - 256,256 TexW=256 TexH=256
2026-08-22 01:56:55 [INFO] X=-182 Y=-475 Src=0,0 - 77,155 TexW=77 TexH=155
2026-08-22 01:56:55 [INFO] X=-208 Y=-576 Src=0,0 - 256,256 TexW=256 TexH=256
2026-08-22 01:56:55 [INFO] X=48 Y=-320 Src=0,0 - 128,32 TexW=128 TexH=32
2026-08-22 01:56:55 [INFO] X=176 Y=-320 Src=0,0 - 128,32 TexW=128 TexH=32
2026-08-22 01:56:55 [INFO] X=464 Y=-320 Src=0,0 - 128,32 TexW=128 TexH=32
2026-08-22 01:56:55 [INFO] X=592 Y=-320 Src=0,0 - 128,32 TexW=128 TexH=32
2026-08-22 01:56:55 [INFO] X=-176 Y=-512 Src=0,0 - 256,256 TexW=256 TexH=256
2026-08-22 01:56:55 [INFO] X=208 Y=-512 Src=0,0 - 256,256 TexW=256 TexH=256
2026-08-22 01:56:55 [INFO] X=-352 Y=-256 Src=0,0 - 32,32 TexW=64 TexH=32
2026-08-22 01:56:55 [INFO] X=835 Y=-270 Src=0,0 - 26,46 TexW=174 TexH=181
2026-08-22 01:56:55 [INFO] X=-176 Y=-448 Src=0,0 - 256,256 TexW=256 TexH=256
2026-08-22 01:56:55 [INFO] X=48 Y=-224 Src=0,0 - 128,32 TexW=128 TexH=32
2026-08-22 01:56:55 [INFO] X=176 Y=-224 Src=0,0 - 128,32 TexW=128 TexH=32
2026-08-22 01:56:55 [INFO] X=384 Y=-224 Src=608,64 - 640,96 TexW=640 TexH=742
2026-08-22 01:56:55 [INFO] X=480 Y=-224 Src=608,64 - 640,96 TexW=640 TexH=742
2026-08-22 01:56:55 [INFO] X=464 Y=-224 Src=0,0 - 128,32 TexW=128 TexH=32
2026-08-22 01:56:55 [INFO] X=592 Y=-224 Src=0,0 - 128,32 TexW=128 TexH=32
2026-08-22 01:56:55 [INFO] X=-253 Y=-206 Src=0,0 - 26,46 TexW=149 TexH=181
2026-08-22 01:56:55 [INFO] X=163 Y=-206 Src=0,0 - 26,46 TexW=149 TexH=181
2026-08-22 01:56:55 [INFO] X=168 Y=-214 Src=64,0 - 80,16 TexW=708 TexH=202
2026-08-22 01:56:55 [INFO] X=-352 Y=-160 Src=0,0 - 32,32 TexW=64 TexH=32
2026-08-22 01:56:55 [INFO] X=352 Y=-160 Src=608,64 - 640,96 TexW=640 TexH=742
2026-08-22 01:56:55 [INFO] X=480 Y=-160 Src=608,64 - 640,96 TexW=640 TexH=742
2026-08-22 01:56:55 [INFO] X=74 Y=-251 Src=0,0 - 77,155 TexW=77 TexH=155
2026-08-22 01:56:55 [INFO] X=419 Y=-142 Src=0,0 - 26,46 TexW=149 TexH=181
2026-08-22 01:56:55 [INFO] X=424 Y=-150 Src=320,0 - 336,16 TexW=708 TexH=202
2026-08-22 01:56:55 [INFO] X=448 Y=-128 Src=256,96 - 288,128 TexW=640 TexH=742
2026-08-22 01:56:55 [INFO] X=586 Y=-251 Src=0,0 - 77,155 TexW=77 TexH=155
2026-08-22 01:56:55 [INFO] X=-32 Y=-64 Src=608,64 - 640,96 TexW=640 TexH=742
2026-08-22 01:56:55 [INFO] X=448 Y=-64 Src=608,64 - 640,96 TexW=640 TexH=742
2026-08-22 01:56:55 [INFO] X=464 Y=-288 Src=0,0 - 256,256 TexW=256 TexH=256
2026-08-22 01:56:55 [INFO] X=0 Y=0 Src=608,64 - 640,96 TexW=640 TexH=742
2026-08-22 01:56:55 [INFO] X=291 Y=-14 Src=0,0 - 26,46 TexW=149 TexH=181
2026-08-22 01:56:55 [INFO] X=296 Y=-22 Src=256,48 - 272,64 TexW=708 TexH=202
2026-08-22 01:56:55 [INFO] X=736 Y=-64 Src=0,96 - 96,192 TexW=288 TexH=192
2026-08-22 01:56:55 [INFO] X=656 Y=32 Src=0,0 - 64,32 TexW=64 TexH=32
2026-08-22 01:56:55 [INFO] X=867 Y=18 Src=0,0 - 26,46 TexW=149 TexH=181
2026-08-22 01:56:55 [INFO] X=872 Y=10 Src=0,0 - 16,16 TexW=708 TexH=202
2026-08-22 01:56:55 [INFO] X=-349 Y=50 Src=0,0 - 26,46 TexW=149 TexH=181
2026-08-22 01:56:55 [INFO] X=-344 Y=42 Src=384,16 - 400,32 TexW=708 TexH=202
2026-08-22 01:56:55 [INFO] X=-285 Y=50 Src=0,0 - 26,46 TexW=149 TexH=181
2026-08-22 01:56:55 [INFO] X=-280 Y=42 Src=384,16 - 400,32 TexW=708 TexH=202
2026-08-22 01:56:55 [INFO] X=-182 Y=-59 Src=0,0 - 77,155 TexW=77 TexH=155
2026-08-22 01:56:55 [INFO] X=-61 Y=50 Src=0,0 - 26,46 TexW=149 TexH=181
2026-08-22 01:56:55 [INFO] X=-56 Y=42 Src=272,128 - 288,144 TexW=708 TexH=202
2026-08-22 01:56:55 [INFO] X=42 Y=-59 Src=0,0 - 77,155 TexW=77 TexH=155
2026-08-22 01:56:55 [INFO] X=259 Y=178 Src=0,0 - 26,46 TexW=149 TexH=181
2026-08-22 01:56:55 [INFO] X=264 Y=170 Src=128,16 - 144,32 TexW=708 TexH=202
2026-08-22 01:56:55 [INFO] X=208 Y=96 Src=256,540 - 384,668 TexW=1792 TexH=1060
2026-08-22 01:56:55 [INFO] X=611 Y=306 Src=0,0 - 26,46 TexW=149 TexH=181
2026-08-22 01:56:55 [INFO] X=616 Y=298 Src=256,48 - 272,64 TexW=708 TexH=202
2026-08-22 01:56:55 [INFO] X=-368 Y=128 Src=0,0 - 256,256 TexW=256 TexH=256
2026-08-22 01:56:55 [INFO] X=-240 Y=128 Src=0,0 - 256,256 TexW=256 TexH=256
2026-08-22 01:56:55 [INFO] X=-112 Y=128 Src=0,0 - 256,256 TexW=256 TexH=256
2026-08-22 01:56:55 [INFO] X=283 Y=384 Src=737,512 - 780,576 TexW=1792 TexH=640
2026-08-22 01:56:55 [INFO] X=443 Y=384 Src=737,512 - 780,576 TexW=1792 TexH=640
2026-08-22 01:56:55 [INFO] X=592 Y=192 Src=0,0 - 256,256 TexW=256 TexH=256
2026-08-22 01:56:55 [INFO] X=688 Y=192 Src=0,0 - 256,256 TexW=256 TexH=256
2026-08-22 01:56:55 [INFO] X=323 Y=448 Src=26,0 - 52,96 TexW=234 TexH=97
2026-08-22 01:56:55 [INFO] X=355 Y=498 Src=0,0 - 26,46 TexW=149 TexH=181
2026-08-22 01:56:55 [INFO] X=360 Y=490 Src=384,32 - 400,48 TexW=708 TexH=202
2026-08-22 01:56:55 [INFO] X=384 Y=512 Src=64,672 - 96,704 TexW=640 TexH=742
2026-08-22 01:56:55 [INFO] X=419 Y=448 Src=26,0 - 52,96 TexW=234 TexH=97
2026-08-22 01:56:55 [INFO] X=-368 Y=320 Src=0,0 - 256,256 TexW=256 TexH=256
2026-08-22 01:56:55 [INFO] X=688 Y=384 Src=0,0 - 256,256 TexW=256 TexH=256
2026-08-22 01:56:55 [INFO] X=-368 Y=448 Src=0,0 - 256,256 TexW=256 TexH=256
2026-08-22 01:56:55 [INFO] X=-127 Y=636 Src=30,0 - 60,68 TexW=270 TexH=68
2026-08-22 01:56:55 [INFO] X=-208 Y=448 Src=0,0 - 256,256 TexW=256 TexH=256
2026-08-22 01:56:55 [INFO] X=-285 Y=690 Src=0,0 - 26,46 TexW=149 TexH=181
2026-08-22 01:56:55 [INFO] X=-280 Y=682 Src=64,0 - 80,16 TexW=708 TexH=202
2026-08-22 01:56:55 [INFO] X=-253 Y=690 Src=0,0 - 26,46 TexW=149 TexH=181
2026-08-22 01:56:55 [INFO] X=-248 Y=682 Src=639,64 - 655,80 TexW=708 TexH=202
2026-08-22 01:56:55 [INFO] X=-221 Y=690 Src=0,0 - 26,46 TexW=149 TexH=181
2026-08-22 01:56:55 [INFO] X=-216 Y=682 Src=272,128 - 288,144 TexW=708 TexH=202
2026-08-22 01:56:55 [INFO] X=-32 Y=-32 Src=0,0 - 32,32 TexW=512 TexH=128
2026-08-22 01:56:55 [INFO] X=0 Y=-32 Src=32,0 - 64,32 TexW=512 TexH=128
2026-08-22 01:56:55 [INFO] X=32 Y=-32 Src=64,0 - 96,32 TexW=512 TexH=128
2026-08-22 01:56:55 [INFO] X=32 Y=-32 Src=512,192 - 544,224 TexW=640 TexH=742
2026-08-22 01:56:55 [INFO] X=64 Y=-32 Src=96,0 - 128,32 TexW=512 TexH=128
2026-08-22 01:56:55 [INFO] X=96 Y=-32 Src=0,0 - 32,32 TexW=512 TexH=128
2026-08-22 01:56:55 [INFO] X=128 Y=-32 Src=32,0 - 64,32 TexW=512 TexH=128
2026-08-22 01:56:55 [INFO] X=160 Y=-32 Src=64,0 - 96,32 TexW=512 TexH=128
2026-08-22 01:56:55 [INFO] X=192 Y=-32 Src=96,0 - 128,32 TexW=512 TexH=128
2026-08-22 01:56:55 [INFO] X=224 Y=-32 Src=0,0 - 32,32 TexW=512 TexH=128
2026-08-22 01:56:56 [INFO] X=256 Y=-32 Src=32,0 - 64,32 TexW=512 TexH=128
2026-08-22 01:56:56 [INFO] X=288 Y=-32 Src=64,0 - 96,32 TexW=512 TexH=128
2026-08-22 01:56:56 [INFO] X=320 Y=-32 Src=96,0 - 128,32 TexW=512 TexH=128
2026-08-22 01:56:56 [INFO] X=352 Y=-32 Src=0,0 - 32,32 TexW=512 TexH=128
2026-08-22 01:56:56 [INFO] X=384 Y=-32 Src=32,0 - 64,32 TexW=512 TexH=128
2026-08-22 01:56:56 [INFO] X=362 Y=-58 Src=0,0 - 77,58 TexW=77 TexH=58
2026-08-22 01:56:56 [INFO] X=416 Y=-32 Src=64,0 - 96,32 TexW=512 TexH=128
2026-08-22 01:56:56 [INFO] X=448 Y=-32 Src=96,0 - 128,32 TexW=512 TexH=128
2026-08-22 01:56:56 [INFO] X=480 Y=-32 Src=0,0 - 32,32 TexW=512 TexH=128
2026-08-22 01:56:56 [INFO] X=512 Y=-32 Src=32,0 - 64,32 TexW=512 TexH=128
2026-08-22 01:56:56 [INFO] X=544 Y=-32 Src=64,0 - 96,32 TexW=512 TexH=128
2026-08-22 01:56:56 [INFO] X=-32 Y=0 Src=0,64 - 32,96 TexW=512 TexH=128
2026-08-22 01:56:56 [INFO] X=0 Y=0 Src=32,64 - 64,96 TexW=512 TexH=128
2026-08-22 01:56:56 [INFO] X=32 Y=0 Src=64,64 - 96,96 TexW=512 TexH=128
2026-08-22 01:56:56 [INFO] X=64 Y=0 Src=96,64 - 128,96 TexW=512 TexH=128
2026-08-22 01:56:56 [INFO] X=96 Y=0 Src=0,64 - 32,96 TexW=512 TexH=128
2026-08-22 01:56:56 [INFO] X=128 Y=0 Src=32,64 - 64,96 TexW=512 TexH=128
2026-08-22 01:56:56 [INFO] X=160 Y=0 Src=64,64 - 96,96 TexW=512 TexH=128
2026-08-22 01:56:56 [INFO] X=192 Y=0 Src=96,64 - 128,96 TexW=512 TexH=128
2026-08-22 01:56:56 [INFO] X=224 Y=0 Src=0,64 - 32,96 TexW=512 TexH=128
2026-08-22 01:56:56 [INFO] X=256 Y=0 Src=32,64 - 64,96 TexW=512 TexH=128
2026-08-22 01:56:56 [INFO] X=288 Y=0 Src=64,64 - 96,96 TexW=512 TexH=128
2026-08-22 01:56:56 [INFO] X=320 Y=0 Src=96,64 - 128,96 TexW=512 TexH=128
2026-08-22 01:56:56 [INFO] X=352 Y=0 Src=0,64 - 32,96 TexW=512 TexH=128
2026-08-22 01:56:56 [INFO] X=384 Y=0 Src=32,64 - 64,96 TexW=512 TexH=128
2026-08-22 01:56:56 [INFO] X=416 Y=0 Src=64,64 - 96,96 TexW=512 TexH=128
2026-08-22 01:56:56 [INFO] X=448 Y=0 Src=96,64 - 128,96 TexW=512 TexH=128
2026-08-22 01:56:56 [INFO] X=480 Y=0 Src=0,64 - 32,96 TexW=512 TexH=128
2026-08-22 01:56:56 [INFO] X=512 Y=0 Src=32,64 - 64,96 TexW=512 TexH=128
2026-08-22 01:56:56 [INFO] X=544 Y=0 Src=64,64 - 96,96 TexW=512 TexH=128
2026-08-22 01:56:56 [INFO] X=-32 Y=32 Src=0,0 - 32,32 TexW=384 TexH=384
2026-08-22 01:56:56 [INFO] X=-32 Y=32 Src=128,128 - 160,160 TexW=256 TexH=384
2026-08-22 01:56:56 [INFO] X=0 Y=32 Src=32,0 - 64,32 TexW=384 TexH=384
2026-08-22 01:56:56 [INFO] X=0 Y=32 Src=160,128 - 192,160 TexW=256 TexH=384
2026-08-22 01:56:56 [INFO] X=32 Y=32 Src=64,0 - 96,32 TexW=384 TexH=384
2026-08-22 01:56:56 [INFO] X=32 Y=32 Src=128,128 - 160,160 TexW=256 TexH=384
2026-08-22 01:56:56 [INFO] X=64 Y=32 Src=96,0 - 128,32 TexW=384 TexH=384
2026-08-22 01:56:56 [INFO] X=64 Y=32 Src=160,128 - 192,160 TexW=256 TexH=384
2026-08-22 01:56:56 [INFO] X=96 Y=32 Src=0,0 - 32,32 TexW=384 TexH=384
2026-08-22 01:56:56 [INFO] X=96 Y=32 Src=128,128 - 160,160 TexW=256 TexH=384
2026-08-22 01:56:56 [INFO] X=128 Y=32 Src=32,0 - 64,32 TexW=384 TexH=384
2026-08-22 01:56:56 [INFO] X=128 Y=32 Src=160,128 - 192,160 TexW=256 TexH=384
2026-08-22 01:56:56 [INFO] X=160 Y=32 Src=64,0 - 96,32 TexW=384 TexH=384
2026-08-22 01:56:56 [INFO] X=160 Y=32 Src=128,128 - 160,160 TexW=256 TexH=384
2026-08-22 01:56:56 [INFO] X=192 Y=32 Src=96,0 - 128,32 TexW=384 TexH=384
2026-08-22 01:56:56 [INFO] X=192 Y=32 Src=160,128 - 192,160 TexW=256 TexH=384
2026-08-22 01:56:56 [INFO] X=224 Y=32 Src=0,0 - 32,32 TexW=384 TexH=384
2026-08-22 01:56:56 [INFO] X=224 Y=32 Src=128,128 - 160,160 TexW=256 TexH=384
2026-08-22 01:56:56 [INFO] X=256 Y=32 Src=32,0 - 64,32 TexW=384 TexH=384
2026-08-22 01:56:56 [INFO] X=256 Y=32 Src=160,128 - 192,160 TexW=256 TexH=384
2026-08-22 01:56:56 [INFO] X=288 Y=32 Src=64,0 - 96,32 TexW=384 TexH=384
2026-08-22 01:56:56 [INFO] X=288 Y=32 Src=128,128 - 160,160 TexW=256 TexH=384
2026-08-22 01:56:56 [INFO] X=320 Y=32 Src=96,0 - 128,32 TexW=384 TexH=384
2026-08-22 01:56:56 [INFO] X=320 Y=32 Src=160,128 - 192,160 TexW=256 TexH=384
2026-08-22 01:56:56 [INFO] X=352 Y=32 Src=0,0 - 32,32 TexW=384 TexH=384
2026-08-22 01:56:56 [INFO] X=352 Y=32 Src=128,128 - 160,160 TexW=256 TexH=384
2026-08-22 01:56:56 [INFO] X=384 Y=32 Src=32,0 - 64,32 TexW=384 TexH=384
2026-08-22 01:56:56 [INFO] X=384 Y=32 Src=160,128 - 192,160 TexW=256 TexH=384
2026-08-22 01:56:56 [INFO] X=416 Y=32 Src=64,0 - 96,32 TexW=384 TexH=384
2026-08-22 01:56:56 [INFO] X=416 Y=32 Src=128,128 - 160,160 TexW=256 TexH=384
2026-08-22 01:56:56 [INFO] X=448 Y=32 Src=96,0 - 128,32 TexW=384 TexH=384
2026-08-22 01:56:56 [INFO] X=448 Y=32 Src=160,128 - 192,160 TexW=256 TexH=384
2026-08-22 01:56:56 [INFO] X=480 Y=32 Src=0,0 - 32,32 TexW=384 TexH=384
2026-08-22 01:56:56 [INFO] X=480 Y=32 Src=128,128 - 160,160 TexW=256 TexH=384
2026-08-22 01:56:56 [INFO] X=512 Y=32 Src=32,0 - 64,32 TexW=384 TexH=384
2026-08-22 01:56:56 [INFO] X=512 Y=32 Src=160,128 - 192,160 TexW=256 TexH=384
2026-08-22 01:56:56 [INFO] X=544 Y=32 Src=64,0 - 96,32 TexW=384 TexH=384
2026-08-22 01:56:56 [INFO] X=544 Y=32 Src=128,128 - 160,160 TexW=256 TexH=384
2026-08-22 01:56:56 [INFO] X=-32 Y=64 Src=0,64 - 32,96 TexW=384 TexH=384
2026-08-22 01:56:56 [INFO] X=0 Y=64 Src=32,64 - 64,96 TexW=384 TexH=384
2026-08-22 01:56:56 [INFO] X=32 Y=64 Src=64,64 - 96,96 TexW=384 TexH=384
2026-08-22 01:56:56 [INFO] X=64 Y=64 Src=96,64 - 128,96 TexW=384 TexH=384
2026-08-22 01:56:56 [INFO] X=96 Y=64 Src=0,64 - 32,96 TexW=384 TexH=384
2026-08-22 01:56:56 [INFO] X=128 Y=64 Src=32,64 - 64,96 TexW=384 TexH=384
2026-08-22 01:56:56 [INFO] X=160 Y=64 Src=64,64 - 96,96 TexW=384 TexH=384
2026-08-22 01:56:56 [INFO] X=192 Y=64 Src=96,64 - 128,96 TexW=384 TexH=384
2026-08-22 01:56:56 [INFO] X=224 Y=64 Src=0,64 - 32,96 TexW=384 TexH=384
2026-08-22 01:56:56 [INFO] X=256 Y=64 Src=32,64 - 64,96 TexW=384 TexH=384
2026-08-22 01:56:56 [INFO] X=288 Y=64 Src=64,64 - 96,96 TexW=384 TexH=384
2026-08-22 01:56:56 [INFO] X=320 Y=64 Src=96,64 - 128,96 TexW=384 TexH=384
2026-08-22 01:56:56 [INFO] X=352 Y=64 Src=0,64 - 32,96 TexW=384 TexH=384
2026-08-22 01:56:56 [INFO] X=384 Y=64 Src=32,64 - 64,96 TexW=384 TexH=384
2026-08-22 01:56:56 [INFO] X=416 Y=64 Src=64,64 - 96,96 TexW=384 TexH=384
2026-08-22 01:56:56 [INFO] X=448 Y=64 Src=96,64 - 128,96 TexW=384 TexH=384
2026-08-22 01:56:56 [INFO] X=480 Y=64 Src=0,64 - 32,96 TexW=384 TexH=384
2026-08-22 01:56:56 [INFO] X=512 Y=64 Src=32,64 - 64,96 TexW=384 TexH=384
2026-08-22 01:56:56 [INFO] X=544 Y=64 Src=64,64 - 96,96 TexW=384 TexH=384
2026-08-22 01:56:56 [INFO] X=-32 Y=96 Src=0,0 - 32,32 TexW=384 TexH=384
2026-08-22 01:56:56 [INFO] X=0 Y=96 Src=32,0 - 64,32 TexW=384 TexH=384
2026-08-22 01:56:56 [INFO] X=32 Y=96 Src=64,0 - 96,32 TexW=384 TexH=384
2026-08-22 01:56:56 [INFO] X=64 Y=96 Src=96,0 - 128,32 TexW=384 TexH=384
2026-08-22 01:56:56 [INFO] X=96 Y=96 Src=0,0 - 32,32 TexW=384 TexH=384
2026-08-22 01:56:56 [INFO] X=128 Y=96 Src=32,0 - 64,32 TexW=384 TexH=384
2026-08-22 01:56:56 [INFO] X=160 Y=96 Src=64,0 - 96,32 TexW=384 TexH=384
2026-08-22 01:56:56 [INFO] X=192 Y=96 Src=96,0 - 128,32 TexW=384 TexH=384
2026-08-22 01:56:56 [INFO] X=224 Y=96 Src=0,0 - 32,32 TexW=384 TexH=384
2026-08-22 01:56:56 [INFO] X=256 Y=96 Src=32,0 - 64,32 TexW=384 TexH=384
2026-08-22 01:56:56 [INFO] X=288 Y=96 Src=64,0 - 96,32 TexW=384 TexH=384
2026-08-22 01:56:56 [INFO] X=320 Y=96 Src=96,0 - 128,32 TexW=384 TexH=384
2026-08-22 01:56:56 [INFO] X=352 Y=96 Src=0,0 - 32,32 TexW=384 TexH=384
2026-08-22 01:56:56 [INFO] X=384 Y=96 Src=32,0 - 64,32 TexW=384 TexH=384
2026-08-22 01:56:56 [INFO] X=416 Y=96 Src=64,0 - 96,32 TexW=384 TexH=384
2026-08-22 01:56:56 [INFO] X=448 Y=96 Src=96,0 - 128,32 TexW=384 TexH=384
2026-08-22 01:56:56 [INFO] X=480 Y=96 Src=0,0 - 32,32 TexW=384 TexH=384
2026-08-22 01:56:56 [INFO] X=512 Y=96 Src=32,0 - 64,32 TexW=384 TexH=384
2026-08-22 01:56:56 [INFO] X=544 Y=96 Src=64,0 - 96,32 TexW=384 TexH=384
2026-08-22 01:56:56 [INFO] X=-32 Y=128 Src=0,64 - 32,96 TexW=384 TexH=384
2026-08-22 01:56:56 [INFO] X=0 Y=128 Src=32,64 - 64,96 TexW=384 TexH=384
2026-08-22 01:56:56 [INFO] X=32 Y=128 Src=64,64 - 96,96 TexW=384 TexH=384
2026-08-22 01:56:56 [INFO] X=64 Y=128 Src=96,64 - 128,96 TexW=384 TexH=384
2026-08-22 01:56:56 [INFO] X=96 Y=128 Src=0,64 - 32,96 TexW=384 TexH=384
2026-08-22 01:56:56 [INFO] X=128 Y=128 Src=32,64 - 64,96 TexW=384 TexH=384
2026-08-22 01:56:56 [INFO] X=160 Y=128 Src=64,64 - 96,96 TexW=384 TexH=384
2026-08-22 01:56:56 [INFO] X=192 Y=128 Src=96,64 - 128,96 TexW=384 TexH=384
2026-08-22 01:56:56 [INFO] X=224 Y=128 Src=0,64 - 32,96 TexW=384 TexH=384
2026-08-22 01:56:56 [INFO] X=256 Y=128 Src=32,64 - 64,96 TexW=384 TexH=384
2026-08-22 01:56:56 [INFO] X=288 Y=128 Src=64,64 - 96,96 TexW=384 TexH=384
2026-08-22 01:56:56 [INFO] X=320 Y=128 Src=96,64 - 128,96 TexW=384 TexH=384
2026-08-22 01:56:56 [INFO] X=352 Y=128 Src=0,64 - 32,96 TexW=384 TexH=384
2026-08-22 01:56:56 [INFO] X=384 Y=128 Src=32,64 - 64,96 TexW=384 TexH=384
2026-08-22 01:56:56 [INFO] X=416 Y=128 Src=64,64 - 96,96 TexW=384 TexH=384
2026-08-22 01:56:56 [INFO] X=448 Y=128 Src=96,64 - 128,96 TexW=384 TexH=384
2026-08-22 01:56:56 [INFO] X=480 Y=128 Src=0,64 - 32,96 TexW=384 TexH=384
2026-08-22 01:56:56 [INFO] X=512 Y=128 Src=32,64 - 64,96 TexW=384 TexH=384
2026-08-22 01:56:56 [INFO] X=544 Y=128 Src=64,64 - 96,96 TexW=384 TexH=384
2026-08-22 01:56:56 [INFO] X=-32 Y=160 Src=0,0 - 32,32 TexW=384 TexH=384
2026-08-22 01:56:56 [INFO] X=0 Y=160 Src=32,0 - 64,32 TexW=384 TexH=384
2026-08-22 01:56:56 [INFO] X=32 Y=160 Src=64,0 - 96,32 TexW=384 TexH=384
2026-08-22 01:56:56 [INFO] X=64 Y=160 Src=96,0 - 128,32 TexW=384 TexH=384
2026-08-22 01:56:56 [INFO] X=96 Y=160 Src=0,0 - 32,32 TexW=384 TexH=384
2026-08-22 01:56:56 [INFO] X=128 Y=160 Src=32,0 - 64,32 TexW=384 TexH=384
2026-08-22 01:56:56 [INFO] X=160 Y=160 Src=64,0 - 96,32 TexW=384 TexH=384
2026-08-22 01:56:56 [INFO] X=192 Y=160 Src=96,0 - 128,32 TexW=384 TexH=384
2026-08-22 01:56:56 [INFO] X=224 Y=160 Src=0,0 - 32,32 TexW=384 TexH=384
2026-08-22 01:56:56 [INFO] X=256 Y=160 Src=32,0 - 64,32 TexW=384 TexH=384
2026-08-22 01:56:56 [INFO] X=288 Y=160 Src=64,0 - 96,32 TexW=384 TexH=384
2026-08-22 01:56:56 [INFO] X=320 Y=160 Src=96,0 - 128,32 TexW=384 TexH=384
2026-08-22 01:56:56 [INFO] X=352 Y=160 Src=0,0 - 32,32 TexW=384 TexH=384
2026-08-22 01:56:56 [INFO] X=384 Y=160 Src=32,0 - 64,32 TexW=384 TexH=384
2026-08-22 01:56:56 [INFO] X=416 Y=160 Src=64,0 - 96,32 TexW=384 TexH=384
2026-08-22 01:56:56 [INFO] X=448 Y=160 Src=96,0 - 128,32 TexW=384 TexH=384
2026-08-22 01:56:56 [INFO] X=480 Y=160 Src=0,0 - 32,32 TexW=384 TexH=384
2026-08-22 01:56:56 [INFO] X=512 Y=160 Src=32,0 - 64,32 TexW=384 TexH=384
2026-08-22 01:56:56 [INFO] X=544 Y=160 Src=64,0 - 96,32 TexW=384 TexH=384
2026-08-22 01:56:56 [INFO] X=-32 Y=192 Src=0,64 - 32,96 TexW=384 TexH=384
2026-08-22 01:56:56 [INFO] X=0 Y=192 Src=32,64 - 64,96 TexW=384 TexH=384
2026-08-22 01:56:56 [INFO] X=32 Y=192 Src=64,64 - 96,96 TexW=384 TexH=384
2026-08-22 01:56:56 [INFO] X=64 Y=192 Src=96,64 - 128,96 TexW=384 TexH=384
2026-08-22 01:56:56 [INFO] X=96 Y=192 Src=0,64 - 32,96 TexW=384 TexH=384
2026-08-22 01:56:56 [INFO] X=128 Y=192 Src=32,64 - 64,96 TexW=384 TexH=384
2026-08-22 01:56:56 [INFO] X=160 Y=192 Src=64,64 - 96,96 TexW=384 TexH=384
2026-08-22 01:56:56 [INFO] X=192 Y=192 Src=96,64 - 128,96 TexW=384 TexH=384
2026-08-22 01:56:56 [INFO] X=224 Y=192 Src=0,64 - 32,96 TexW=384 TexH=384
2026-08-22 01:56:56 [INFO] X=256 Y=192 Src=32,64 - 64,96 TexW=384 TexH=384
2026-08-22 01:56:56 [INFO] X=288 Y=192 Src=64,64 - 96,96 TexW=384 TexH=384
2026-08-22 01:56:56 [INFO] X=320 Y=192 Src=96,64 - 128,96 TexW=384 TexH=384
2026-08-22 01:56:56 [INFO] X=352 Y=192 Src=0,64 - 32,96 TexW=384 TexH=384
2026-08-22 01:56:56 [INFO] X=384 Y=192 Src=32,64 - 64,96 TexW=384 TexH=384
2026-08-22 01:56:56 [INFO] X=416 Y=192 Src=64,64 - 96,96 TexW=384 TexH=384
2026-08-22 01:56:56 [INFO] X=448 Y=192 Src=96,64 - 128,96 TexW=384 TexH=384
2026-08-22 01:56:56 [INFO] X=480 Y=192 Src=0,64 - 32,96 TexW=384 TexH=384
2026-08-22 01:56:56 [INFO] X=512 Y=192 Src=32,64 - 64,96 TexW=384 TexH=384
2026-08-22 01:56:56 [INFO] X=544 Y=192 Src=64,64 - 96,96 TexW=384 TexH=384
2026-08-22 01:56:56 [INFO] X=-304 Y=-415 Src=0,0 - 64,95 TexW=64 TexH=95
2026-08-22 01:56:56 [INFO] X=-368 Y=-576 Src=0,0 - 256,256 TexW=256 TexH=256
2026-08-22 01:56:56 [INFO] X=-182 Y=-475 Src=0,0 - 77,155 TexW=77 TexH=155
2026-08-22 01:56:56 [INFO] X=-208 Y=-576 Src=0,0 - 256,256 TexW=256 TexH=256
2026-08-22 01:56:56 [INFO] X=48 Y=-320 Src=0,0 - 128,32 TexW=128 TexH=32
2026-08-22 01:56:56 [INFO] X=176 Y=-320 Src=0,0 - 128,32 TexW=128 TexH=32
2026-08-22 01:56:56 [INFO] X=464 Y=-320 Src=0,0 - 128,32 TexW=128 TexH=32
2026-08-22 01:56:56 [INFO] X=592 Y=-320 Src=0,0 - 128,32 TexW=128 TexH=32
2026-08-22 01:56:56 [INFO] X=-176 Y=-512 Src=0,0 - 256,256 TexW=256 TexH=256
2026-08-22 01:56:56 [INFO] X=208 Y=-512 Src=0,0 - 256,256 TexW=256 TexH=256
2026-08-22 01:56:56 [INFO] X=-352 Y=-256 Src=0,0 - 32,32 TexW=64 TexH=32
2026-08-22 01:56:56 [INFO] X=835 Y=-270 Src=0,0 - 26,46 TexW=174 TexH=181
2026-08-22 01:56:56 [INFO] X=-176 Y=-448 Src=0,0 - 256,256 TexW=256 TexH=256
2026-08-22 01:56:56 [INFO] X=48 Y=-224 Src=0,0 - 128,32 TexW=128 TexH=32
2026-08-22 01:56:56 [INFO] X=176 Y=-224 Src=0,0 - 128,32 TexW=128 TexH=32
2026-08-22 01:56:56 [INFO] X=384 Y=-224 Src=608,64 - 640,96 TexW=640 TexH=742
2026-08-22 01:56:56 [INFO] X=480 Y=-224 Src=608,64 - 640,96 TexW=640 TexH=742
2026-08-22 01:56:56 [INFO] X=464 Y=-224 Src=0,0 - 128,32 TexW=128 TexH=32
2026-08-22 01:56:56 [INFO] X=592 Y=-224 Src=0,0 - 128,32 TexW=128 TexH=32
2026-08-22 01:56:56 [INFO] X=-253 Y=-206 Src=0,0 - 26,46 TexW=149 TexH=181
2026-08-22 01:56:56 [INFO] X=163 Y=-206 Src=0,0 - 26,46 TexW=149 TexH=181
2026-08-22 01:56:56 [INFO] X=168 Y=-214 Src=64,0 - 80,16 TexW=708 TexH=202
2026-08-22 01:56:56 [INFO] X=-352 Y=-160 Src=0,0 - 32,32 TexW=64 TexH=32
2026-08-22 01:56:56 [INFO] X=352 Y=-160 Src=608,64 - 640,96 TexW=640 TexH=742
2026-08-22 01:56:56 [INFO] X=480 Y=-160 Src=608,64 - 640,96 TexW=640 TexH=742
2026-08-22 01:56:56 [INFO] X=74 Y=-251 Src=0,0 - 77,155 TexW=77 TexH=155
2026-08-22 01:56:56 [INFO] X=419 Y=-142 Src=0,0 - 26,46 TexW=149 TexH=181
2026-08-22 01:56:56 [INFO] X=424 Y=-150 Src=320,0 - 336,16 TexW=708 TexH=202
2026-08-22 01:56:56 [INFO] X=448 Y=-128 Src=256,96 - 288,128 TexW=640 TexH=742
2026-08-22 01:56:56 [INFO] X=586 Y=-251 Src=0,0 - 77,155 TexW=77 TexH=155
2026-08-22 01:56:56 [INFO] X=-32 Y=-64 Src=608,64 - 640,96 TexW=640 TexH=742
2026-08-22 01:56:56 [INFO] X=448 Y=-64 Src=608,64 - 640,96 TexW=640 TexH=742
2026-08-22 01:56:56 [INFO] X=464 Y=-288 Src=0,0 - 256,256 TexW=256 TexH=256
2026-08-22 01:56:56 [INFO] X=0 Y=0 Src=608,64 - 640,96 TexW=640 TexH=742
2026-08-22 01:56:56 [INFO] X=291 Y=-14 Src=0,0 - 26,46 TexW=149 TexH=181
2026-08-22 01:56:56 [INFO] X=296 Y=-22 Src=256,48 - 272,64 TexW=708 TexH=202
2026-08-22 01:56:56 [INFO] X=736 Y=-64 Src=0,96 - 96,192 TexW=288 TexH=192
2026-08-22 01:56:56 [INFO] X=656 Y=32 Src=0,0 - 64,32 TexW=64 TexH=32
2026-08-22 01:56:56 [INFO] X=867 Y=18 Src=0,0 - 26,46 TexW=149 TexH=181
2026-08-22 01:56:56 [INFO] X=872 Y=10 Src=0,0 - 16,16 TexW=708 TexH=202
2026-08-22 01:56:56 [INFO] X=-349 Y=50 Src=0,0 - 26,46 TexW=149 TexH=181
2026-08-22 01:56:56 [INFO] X=-344 Y=42 Src=384,16 - 400,32 TexW=708 TexH=202
2026-08-22 01:56:56 [INFO] X=-285 Y=50 Src=0,0 - 26,46 TexW=149 TexH=181
2026-08-22 01:56:56 [INFO] X=-280 Y=42 Src=384,16 - 400,32 TexW=708 TexH=202
2026-08-22 01:56:56 [INFO] X=-182 Y=-59 Src=0,0 - 77,155 TexW=77 TexH=155
2026-08-22 01:56:56 [INFO] X=-61 Y=50 Src=0,0 - 26,46 TexW=149 TexH=181
2026-08-22 01:56:56 [INFO] X=-56 Y=42 Src=272,128 - 288,144 TexW=708 TexH=202
2026-08-22 01:56:56 [INFO] X=42 Y=-59 Src=0,0 - 77,155 TexW=77 TexH=155
2026-08-22 01:56:56 [INFO] X=259 Y=178 Src=0,0 - 26,46 TexW=149 TexH=181
2026-08-22 01:56:56 [INFO] X=264 Y=170 Src=128,16 - 144,32 TexW=708 TexH=202
2026-08-22 01:56:56 [INFO] X=611 Y=306 Src=0,0 - 26,46 TexW=149 TexH=181
2026-08-22 01:56:56 [INFO] X=616 Y=298 Src=256,48 - 272,64 TexW=708 TexH=202
2026-08-22 01:56:56 [INFO] X=-368 Y=128 Src=0,0 - 256,256 TexW=256 TexH=256
2026-08-22 01:56:56 [INFO] X=-240 Y=128 Src=0,0 - 256,256 TexW=256 TexH=256
2026-08-22 01:56:56 [INFO] X=-112 Y=128 Src=0,0 - 256,256 TexW=256 TexH=256
2026-08-22 01:56:56 [INFO] X=283 Y=384 Src=995,512 - 1038,576 TexW=1792 TexH=640
2026-08-22 01:56:56 [INFO] X=443 Y=384 Src=995,512 - 1038,576 TexW=1792 TexH=640
2026-08-22 01:56:56 [INFO] X=592 Y=192 Src=0,0 - 256,256 TexW=256 TexH=256
2026-08-22 01:56:56 [INFO] X=688 Y=192 Src=0,0 - 256,256 TexW=256 TexH=256
2026-08-22 01:56:56 [INFO] X=323 Y=448 Src=208,0 - 234,96 TexW=234 TexH=97
2026-08-22 01:56:56 [INFO] X=355 Y=498 Src=0,0 - 26,46 TexW=149 TexH=181
2026-08-22 01:56:56 [INFO] X=360 Y=490 Src=384,32 - 400,48 TexW=708 TexH=202
2026-08-22 01:56:56 [INFO] X=384 Y=512 Src=64,672 - 96,704 TexW=640 TexH=742
2026-08-22 01:56:56 [INFO] X=419 Y=448 Src=208,0 - 234,96 TexW=234 TexH=97
2026-08-22 01:56:56 [INFO] X=-368 Y=320 Src=0,0 - 256,256 TexW=256 TexH=256
2026-08-22 01:56:56 [INFO] X=688 Y=384 Src=0,0 - 256,256 TexW=256 TexH=256
2026-08-22 01:56:56 [INFO] X=-368 Y=448 Src=0,0 - 256,256 TexW=256 TexH=256
2026-08-22 01:56:56 [INFO] X=-127 Y=636 Src=240,0 - 270,68 TexW=270 TexH=68
2026-08-22 01:56:56 [INFO] X=-208 Y=448 Src=0,0 - 256,256 TexW=256 TexH=256
2026-08-22 01:56:56 [INFO] X=-285 Y=690 Src=0,0 - 26,46 TexW=149 TexH=181
2026-08-22 01:56:56 [INFO] X=-280 Y=682 Src=64,0 - 80,16 TexW=708 TexH=202
2026-08-22 01:56:56 [INFO] X=-253 Y=690 Src=0,0 - 26,46 TexW=149 TexH=181
2026-08-22 01:56:56 [INFO] X=-248 Y=682 Src=639,64 - 655,80 TexW=708 TexH=202
2026-08-22 01:56:56 [INFO] X=-221 Y=690 Src=0,0 - 26,46 TexW=149 TexH=181
2026-08-22 01:56:56 [INFO] X=-216 Y=682 Src=272,128 - 288,144 TexW=708 TexH=202
2026-08-22 01:56:56 [INFO] X=-32 Y=-32 Src=0,0 - 32,32 TexW=512 TexH=128
2026-08-22 01:56:56 [INFO] X=0 Y=-32 Src=32,0 - 64,32 TexW=512 TexH=128
2026-08-22 01:56:56 [INFO] X=32 Y=-32 Src=64,0 - 96,32 TexW=512 TexH=128
2026-08-22 01:56:56 [INFO] X=32 Y=-32 Src=512,192 - 544,224 TexW=640 TexH=742
2026-08-22 01:56:56 [INFO] X=64 Y=-32 Src=96,0 - 128,32 TexW=512 TexH=128
2026-08-22 01:56:56 [INFO] X=96 Y=-32 Src=0,0 - 32,32 TexW=512 TexH=128
2026-08-22 01:56:56 [INFO] X=128 Y=-32 Src=32,0 - 64,32 TexW=512 TexH=128
2026-08-22 01:56:56 [INFO] X=160 Y=-32 Src=64,0 - 96,32 TexW=512 TexH=128
2026-08-22 01:56:56 [INFO] X=192 Y=-32 Src=96,0 - 128,32 TexW=512 TexH=128
2026-08-22 01:56:56 [INFO] X=224 Y=-32 Src=0,0 - 32,32 TexW=512 TexH=128
2026-08-22 01:56:56 [INFO] X=256 Y=-32 Src=32,0 - 64,32 TexW=512 TexH=128
2026-08-22 01:56:56 [INFO] X=288 Y=-32 Src=64,0 - 96,32 TexW=512 TexH=128
2026-08-22 01:56:56 [INFO] X=320 Y=-32 Src=96,0 - 128,32 TexW=512 TexH=128
2026-08-22 01:56:56 [INFO] X=352 Y=-32 Src=0,0 - 32,32 TexW=512 TexH=128
2026-08-22 01:56:56 [INFO] X=384 Y=-32 Src=32,0 - 64,32 TexW=512 TexH=128
2026-08-22 01:56:56 [INFO] X=362 Y=-58 Src=0,0 - 77,58 TexW=77 TexH=58
2026-08-22 01:56:56 [INFO] X=416 Y=-32 Src=64,0 - 96,32 TexW=512 TexH=128
2026-08-22 01:56:56 [INFO] X=448 Y=-32 Src=96,0 - 128,32 TexW=512 TexH=128
2026-08-22 01:56:56 [INFO] X=480 Y=-32 Src=0,0 - 32,32 TexW=512 TexH=128
2026-08-22 01:56:56 [INFO] X=512 Y=-32 Src=32,0 - 64,32 TexW=512 TexH=128
2026-08-22 01:56:56 [INFO] X=544 Y=-32 Src=64,0 - 96,32 TexW=512 TexH=128
2026-08-22 01:56:56 [INFO] X=-32 Y=0 Src=0,64 - 32,96 TexW=512 TexH=128
2026-08-22 01:56:56 [INFO] X=0 Y=0 Src=32,64 - 64,96 TexW=512 TexH=128
2026-08-22 01:56:56 [INFO] X=32 Y=0 Src=64,64 - 96,96 TexW=512 TexH=128
2026-08-22 01:56:56 [INFO] X=64 Y=0 Src=96,64 - 128,96 TexW=512 TexH=128
2026-08-22 01:56:56 [INFO] X=96 Y=0 Src=0,64 - 32,96 TexW=512 TexH=128
2026-08-22 01:56:56 [INFO] X=128 Y=0 Src=32,64 - 64,96 TexW=512 TexH=128
2026-08-22 01:56:56 [INFO] X=160 Y=0 Src=64,64 - 96,96 TexW=512 TexH=128
2026-08-22 01:56:56 [INFO] X=192 Y=0 Src=96,64 - 128,96 TexW=512 TexH=128
2026-08-22 01:56:56 [INFO] X=224 Y=0 Src=0,64 - 32,96 TexW=512 TexH=128
2026-08-22 01:56:56 [INFO] X=256 Y=0 Src=32,64 - 64,96 TexW=512 TexH=128
2026-08-22 01:56:56 [INFO] X=288 Y=0 Src=64,64 - 96,96 TexW=512 TexH=128
2026-08-22 01:56:56 [INFO] X=320 Y=0 Src=96,64 - 128,96 TexW=512 TexH=128
2026-08-22 01:56:56 [INFO] X=352 Y=0 Src=0,64 - 32,96 TexW=512 TexH=128
2026-08-22 01:56:56 [INFO] X=384 Y=0 Src=32,64 - 64,96 TexW=512 TexH=128
2026-08-22 01:56:56 [INFO] X=416 Y=0 Src=64,64 - 96,96 TexW=512 TexH=128
2026-08-22 01:56:56 [INFO] X=448 Y=0 Src=96,64 - 128,96 TexW=512 TexH=128
2026-08-22 01:56:56 [INFO] X=480 Y=0 Src=0,64 - 32,96 TexW=512 TexH=128
2026-08-22 01:56:56 [INFO] X=512 Y=0 Src=32,64 - 64,96 TexW=512 TexH=128
2026-08-22 01:56:56 [INFO] X=544 Y=0 Src=64,64 - 96,96 TexW=512 TexH=128
2026-08-22 01:56:56 [INFO] X=-32 Y=32 Src=256,0 - 288,32 TexW=384 TexH=384
2026-08-22 01:56:56 [INFO] X=-32 Y=32 Src=128,128 - 160,160 TexW=256 TexH=384
2026-08-22 01:56:56 [INFO] X=0 Y=32 Src=288,0 - 320,32 TexW=384 TexH=384
2026-08-22 01:56:56 [INFO] X=0 Y=32 Src=160,128 - 192,160 TexW=256 TexH=384
2026-08-22 01:56:56 [INFO] X=32 Y=32 Src=320,0 - 352,32 TexW=384 TexH=384
2026-08-22 01:56:56 [INFO] X=32 Y=32 Src=128,128 - 160,160 TexW=256 TexH=384
2026-08-22 01:56:56 [INFO] X=64 Y=32 Src=352,0 - 384,32 TexW=384 TexH=384
2026-08-22 01:56:56 [INFO] X=64 Y=32 Src=160,128 - 192,160 TexW=256 TexH=384
2026-08-22 01:56:56 [INFO] X=96 Y=32 Src=256,0 - 288,32 TexW=384 TexH=384
2026-08-22 01:56:56 [INFO] X=96 Y=32 Src=128,128 - 160,160 TexW=256 TexH=384
2026-08-22 01:56:56 [INFO] X=128 Y=32 Src=288,0 - 320,32 TexW=384 TexH=384
2026-08-22 01:56:56 [INFO] X=128 Y=32 Src=160,128 - 192,160 TexW=256 TexH=384
2026-08-22 01:56:56 [INFO] X=160 Y=32 Src=320,0 - 352,32 TexW=384 TexH=384
2026-08-22 01:56:56 [INFO] X=160 Y=32 Src=128,128 - 160,160 TexW=256 TexH=384
2026-08-22 01:56:56 [INFO] X=192 Y=32 Src=352,0 - 384,32 TexW=384 TexH=384
2026-08-22 01:56:56 [INFO] X=192 Y=32 Src=160,128 - 192,160 TexW=256 TexH=384
2026-08-22 01:56:56 [INFO] X=224 Y=32 Src=256,0 - 288,32 TexW=384 TexH=384
2026-08-22 01:56:56 [INFO] X=224 Y=32 Src=128,128 - 160,160 TexW=256 TexH=384
2026-08-22 01:56:57 [INFO] X=256 Y=32 Src=288,0 - 320,32 TexW=384 TexH=384
2026-08-22 01:56:57 [INFO] X=256 Y=32 Src=160,128 - 192,160 TexW=256 TexH=384
2026-08-22 01:56:57 [INFO] X=288 Y=32 Src=320,0 - 352,32 TexW=384 TexH=384
2026-08-22 01:56:57 [INFO] X=288 Y=32 Src=128,128 - 160,160 TexW=256 TexH=384
2026-08-22 01:56:57 [INFO] X=320 Y=32 Src=352,0 - 384,32 TexW=384 TexH=384
2026-08-22 01:56:57 [INFO] X=320 Y=32 Src=160,128 - 192,160 TexW=256 TexH=384
2026-08-22 01:56:57 [INFO] X=352 Y=32 Src=256,0 - 288,32 TexW=384 TexH=384
2026-08-22 01:56:57 [INFO] X=352 Y=32 Src=128,128 - 160,160 TexW=256 TexH=384
2026-08-22 01:56:57 [INFO] X=384 Y=32 Src=288,0 - 320,32 TexW=384 TexH=384
2026-08-22 01:56:57 [INFO] X=384 Y=32 Src=160,128 - 192,160 TexW=256 TexH=384
2026-08-22 01:56:57 [INFO] X=416 Y=32 Src=320,0 - 352,32 TexW=384 TexH=384
2026-08-22 01:56:57 [INFO] X=416 Y=32 Src=128,128 - 160,160 TexW=256 TexH=384
2026-08-22 01:56:57 [INFO] X=448 Y=32 Src=352,0 - 384,32 TexW=384 TexH=384
2026-08-22 01:56:57 [INFO] X=448 Y=32 Src=160,128 - 192,160 TexW=256 TexH=384
2026-08-22 01:56:57 [INFO] X=480 Y=32 Src=256,0 - 288,32 TexW=384 TexH=384
2026-08-22 01:56:57 [INFO] X=480 Y=32 Src=128,128 - 160,160 TexW=256 TexH=384
2026-08-22 01:56:57 [INFO] X=512 Y=32 Src=288,0 - 320,32 TexW=384 TexH=384
2026-08-22 01:56:57 [INFO] X=512 Y=32 Src=160,128 - 192,160 TexW=256 TexH=384
2026-08-22 01:56:57 [INFO] X=544 Y=32 Src=320,0 - 352,32 TexW=384 TexH=384
2026-08-22 01:56:57 [INFO] X=544 Y=32 Src=128,128 - 160,160 TexW=256 TexH=384
2026-08-22 01:56:57 [INFO] X=-32 Y=64 Src=256,64 - 288,96 TexW=384 TexH=384
2026-08-22 01:56:57 [INFO] X=0 Y=64 Src=288,64 - 320,96 TexW=384 TexH=384
2026-08-22 01:56:57 [INFO] X=32 Y=64 Src=320,64 - 352,96 TexW=384 TexH=384
2026-08-22 01:56:57 [INFO] X=64 Y=64 Src=352,64 - 384,96 TexW=384 TexH=384
2026-08-22 01:56:57 [INFO] X=96 Y=64 Src=256,64 - 288,96 TexW=384 TexH=384
2026-08-22 01:56:57 [INFO] X=128 Y=64 Src=288,64 - 320,96 TexW=384 TexH=384
2026-08-22 01:56:57 [INFO] X=160 Y=64 Src=320,64 - 352,96 TexW=384 TexH=384
2026-08-22 01:56:57 [INFO] X=192 Y=64 Src=352,64 - 384,96 TexW=384 TexH=384
2026-08-22 01:56:57 [INFO] X=224 Y=64 Src=256,64 - 288,96 TexW=384 TexH=384
2026-08-22 01:56:57 [INFO] X=256 Y=64 Src=288,64 - 320,96 TexW=384 TexH=384
2026-08-22 01:56:57 [INFO] X=288 Y=64 Src=320,64 - 352,96 TexW=384 TexH=384
2026-08-22 01:56:57 [INFO] X=320 Y=64 Src=352,64 - 384,96 TexW=384 TexH=384
2026-08-22 01:56:57 [INFO] X=352 Y=64 Src=256,64 - 288,96 TexW=384 TexH=384
2026-08-22 01:56:57 [INFO] X=384 Y=64 Src=288,64 - 320,96 TexW=384 TexH=384
2026-08-22 01:56:57 [INFO] X=416 Y=64 Src=320,64 - 352,96 TexW=384 TexH=384
2026-08-22 01:56:57 [INFO] X=448 Y=64 Src=352,64 - 384,96 TexW=384 TexH=384
2026-08-22 01:56:57 [INFO] X=480 Y=64 Src=256,64 - 288,96 TexW=384 TexH=384
2026-08-22 01:56:57 [INFO] X=512 Y=64 Src=288,64 - 320,96 TexW=384 TexH=384
2026-08-22 01:56:57 [INFO] X=544 Y=64 Src=320,64 - 352,96 TexW=384 TexH=384
2026-08-22 01:56:57 [INFO] X=-32 Y=96 Src=256,0 - 288,32 TexW=384 TexH=384
2026-08-22 01:56:57 [INFO] X=0 Y=96 Src=288,0 - 320,32 TexW=384 TexH=384
2026-08-22 01:56:57 [INFO] X=32 Y=96 Src=320,0 - 352,32 TexW=384 TexH=384
2026-08-22 01:56:57 [INFO] X=64 Y=96 Src=352,0 - 384,32 TexW=384 TexH=384
2026-08-22 01:56:57 [INFO] X=96 Y=96 Src=256,0 - 288,32 TexW=384 TexH=384
2026-08-22 01:56:57 [INFO] X=128 Y=96 Src=288,0 - 320,32 TexW=384 TexH=384
2026-08-22 01:56:57 [INFO] X=160 Y=96 Src=320,0 - 352,32 TexW=384 TexH=384
2026-08-22 01:56:57 [INFO] X=192 Y=96 Src=352,0 - 384,32 TexW=384 TexH=384
2026-08-22 01:56:57 [INFO] X=224 Y=96 Src=256,0 - 288,32 TexW=384 TexH=384
2026-08-22 01:56:57 [INFO] X=256 Y=96 Src=288,0 - 320,32 TexW=384 TexH=384
2026-08-22 01:56:57 [INFO] X=288 Y=96 Src=320,0 - 352,32 TexW=384 TexH=384
2026-08-22 01:56:57 [INFO] X=320 Y=96 Src=352,0 - 384,32 TexW=384 TexH=384
2026-08-22 01:56:57 [INFO] X=352 Y=96 Src=256,0 - 288,32 TexW=384 TexH=384
2026-08-22 01:56:57 [INFO] X=384 Y=96 Src=288,0 - 320,32 TexW=384 TexH=384
2026-08-22 01:56:57 [INFO] X=416 Y=96 Src=320,0 - 352,32 TexW=384 TexH=384
2026-08-22 01:56:57 [INFO] X=448 Y=96 Src=352,0 - 384,32 TexW=384 TexH=384
2026-08-22 01:56:57 [INFO] X=480 Y=96 Src=256,0 - 288,32 TexW=384 TexH=384
2026-08-22 01:56:57 [INFO] X=512 Y=96 Src=288,0 - 320,32 TexW=384 TexH=384
2026-08-22 01:56:57 [INFO] X=544 Y=96 Src=320,0 - 352,32 TexW=384 TexH=384
2026-08-22 01:56:57 [INFO] X=-32 Y=128 Src=256,64 - 288,96 TexW=384 TexH=384
2026-08-22 01:56:57 [INFO] X=0 Y=128 Src=288,64 - 320,96 TexW=384 TexH=384
2026-08-22 01:56:57 [INFO] X=32 Y=128 Src=320,64 - 352,96 TexW=384 TexH=384
2026-08-22 01:56:57 [INFO] X=64 Y=128 Src=352,64 - 384,96 TexW=384 TexH=384
2026-08-22 01:56:57 [INFO] X=96 Y=128 Src=256,64 - 288,96 TexW=384 TexH=384
2026-08-22 01:56:57 [INFO] X=128 Y=128 Src=288,64 - 320,96 TexW=384 TexH=384
2026-08-22 01:56:57 [INFO] X=160 Y=128 Src=320,64 - 352,96 TexW=384 TexH=384
2026-08-22 01:56:57 [INFO] X=192 Y=128 Src=352,64 - 384,96 TexW=384 TexH=384
2026-08-22 01:56:57 [INFO] X=224 Y=128 Src=256,64 - 288,96 TexW=384 TexH=384
2026-08-22 01:56:57 [INFO] X=256 Y=128 Src=288,64 - 320,96 TexW=384 TexH=384
2026-08-22 01:56:57 [INFO] X=288 Y=128 Src=320,64 - 352,96 TexW=384 TexH=384
2026-08-22 01:56:57 [INFO] X=320 Y=128 Src=352,64 - 384,96 TexW=384 TexH=384
2026-08-22 01:56:57 [INFO] X=352 Y=128 Src=256,64 - 288,96 TexW=384 TexH=384
2026-08-22 01:56:57 [INFO] X=384 Y=128 Src=288,64 - 320,96 TexW=384 TexH=384
2026-08-22 01:56:57 [INFO] X=416 Y=128 Src=320,64 - 352,96 TexW=384 TexH=384
2026-08-22 01:56:57 [INFO] X=448 Y=128 Src=352,64 - 384,96 TexW=384 TexH=384
2026-08-22 01:56:57 [INFO] X=480 Y=128 Src=256,64 - 288,96 TexW=384 TexH=384
2026-08-22 01:56:57 [INFO] X=512 Y=128 Src=288,64 - 320,96 TexW=384 TexH=384
2026-08-22 01:56:57 [INFO] X=544 Y=128 Src=320,64 - 352,96 TexW=384 TexH=384
2026-08-22 01:56:57 [INFO] X=-32 Y=160 Src=256,0 - 288,32 TexW=384 TexH=384
2026-08-22 01:56:57 [INFO] X=0 Y=160 Src=288,0 - 320,32 TexW=384 TexH=384
2026-08-22 01:56:57 [INFO] X=32 Y=160 Src=320,0 - 352,32 TexW=384 TexH=384
2026-08-22 01:56:57 [INFO] X=64 Y=160 Src=352,0 - 384,32 TexW=384 TexH=384
2026-08-22 01:56:57 [INFO] X=96 Y=160 Src=256,0 - 288,32 TexW=384 TexH=384
2026-08-22 01:56:57 [INFO] X=128 Y=160 Src=288,0 - 320,32 TexW=384 TexH=384
2026-08-22 01:56:57 [INFO] X=160 Y=160 Src=320,0 - 352,32 TexW=384 TexH=384
2026-08-22 01:56:57 [INFO] X=192 Y=160 Src=352,0 - 384,32 TexW=384 TexH=384
2026-08-22 01:56:57 [INFO] X=224 Y=160 Src=256,0 - 288,32 TexW=384 TexH=384
2026-08-22 01:56:57 [INFO] X=256 Y=160 Src=288,0 - 320,32 TexW=384 TexH=384
2026-08-22 01:56:57 [INFO] X=288 Y=160 Src=320,0 - 352,32 TexW=384 TexH=384
2026-08-22 01:56:57 [INFO] X=320 Y=160 Src=352,0 - 384,32 TexW=384 TexH=384
2026-08-22 01:56:57 [INFO] X=352 Y=160 Src=256,0 - 288,32 TexW=384 TexH=384
2026-08-22 01:56:57 [INFO] X=384 Y=160 Src=288,0 - 320,32 TexW=384 TexH=384
2026-08-22 01:56:57 [INFO] X=416 Y=160 Src=320,0 - 352,32 TexW=384 TexH=384
2026-08-22 01:56:57 [INFO] X=448 Y=160 Src=352,0 - 384,32 TexW=384 TexH=384
2026-08-22 01:56:57 [INFO] X=480 Y=160 Src=256,0 - 288,32 TexW=384 TexH=384
2026-08-22 01:56:57 [INFO] X=512 Y=160 Src=288,0 - 320,32 TexW=384 TexH=384
2026-08-22 01:56:57 [INFO] X=544 Y=160 Src=320,0 - 352,32 TexW=384 TexH=384
2026-08-22 01:56:57 [INFO] X=-32 Y=192 Src=256,64 - 288,96 TexW=384 TexH=384
2026-08-22 01:56:57 [INFO] X=0 Y=192 Src=288,64 - 320,96 TexW=384 TexH=384
2026-08-22 01:56:57 [INFO] X=32 Y=192 Src=320,64 - 352,96 TexW=384 TexH=384
2026-08-22 01:56:57 [INFO] X=64 Y=192 Src=352,64 - 384,96 TexW=384 TexH=384
2026-08-22 01:56:57 [INFO] X=96 Y=192 Src=256,64 - 288,96 TexW=384 TexH=384
2026-08-22 01:56:57 [INFO] X=128 Y=192 Src=288,64 - 320,96 TexW=384 TexH=384
2026-08-22 01:56:57 [INFO] X=160 Y=192 Src=320,64 - 352,96 TexW=384 TexH=384
2026-08-22 01:56:57 [INFO] X=192 Y=192 Src=352,64 - 384,96 TexW=384 TexH=384
2026-08-22 01:56:57 [INFO] X=224 Y=192 Src=256,64 - 288,96 TexW=384 TexH=384
2026-08-22 01:56:57 [INFO] X=256 Y=192 Src=288,64 - 320,96 TexW=384 TexH=384
2026-08-22 01:56:57 [INFO] X=288 Y=192 Src=320,64 - 352,96 TexW=384 TexH=384
2026-08-22 01:56:57 [INFO] X=320 Y=192 Src=352,64 - 384,96 TexW=384 TexH=384
2026-08-22 01:56:57 [INFO] X=352 Y=192 Src=256,64 - 288,96 TexW=384 TexH=384
2026-08-22 01:56:57 [INFO] X=384 Y=192 Src=288,64 - 320,96 TexW=384 TexH=384
2026-08-22 01:56:57 [INFO] X=416 Y=192 Src=320,64 - 352,96 TexW=384 TexH=384
2026-08-22 01:56:57 [INFO] X=448 Y=192 Src=352,64 - 384,96 TexW=384 TexH=384
2026-08-22 01:56:57 [INFO] X=480 Y=192 Src=256,64 - 288,96 TexW=384 TexH=384
2026-08-22 01:56:57 [INFO] X=512 Y=192 Src=288,64 - 320,96 TexW=384 TexH=384
2026-08-22 01:56:57 [INFO] X=544 Y=192 Src=320,64 - 352,96 TexW=384 TexH=384
2026-08-22 01:56:57 [INFO] X=-304 Y=-415 Src=0,0 - 64,95 TexW=64 TexH=95
2026-08-22 01:56:57 [INFO] X=-368 Y=-576 Src=0,0 - 256,256 TexW=256 TexH=256
2026-08-22 01:56:57 [INFO] X=-182 Y=-475 Src=0,0 - 77,155 TexW=77 TexH=155
2026-08-22 01:56:57 [INFO] X=-208 Y=-576 Src=0,0 - 256,256 TexW=256 TexH=256
2026-08-22 01:56:57 [INFO] X=48 Y=-320 Src=0,0 - 128,32 TexW=128 TexH=32
2026-08-22 01:56:57 [INFO] X=176 Y=-320 Src=0,0 - 128,32 TexW=128 TexH=32
2026-08-22 01:56:57 [INFO] X=464 Y=-320 Src=0,0 - 128,32 TexW=128 TexH=32
2026-08-22 01:56:57 [INFO] X=592 Y=-320 Src=0,0 - 128,32 TexW=128 TexH=32
2026-08-22 01:56:57 [INFO] X=-176 Y=-512 Src=0,0 - 256,256 TexW=256 TexH=256
2026-08-22 01:56:57 [INFO] X=208 Y=-512 Src=0,0 - 256,256 TexW=256 TexH=256
2026-08-22 01:56:57 [INFO] X=-352 Y=-256 Src=0,0 - 32,32 TexW=64 TexH=32
2026-08-22 01:56:57 [INFO] X=835 Y=-270 Src=0,0 - 26,46 TexW=174 TexH=181
2026-08-22 01:56:57 [INFO] X=-176 Y=-448 Src=0,0 - 256,256 TexW=256 TexH=256
2026-08-22 01:56:57 [INFO] X=48 Y=-224 Src=0,0 - 128,32 TexW=128 TexH=32
2026-08-22 01:56:57 [INFO] X=176 Y=-224 Src=0,0 - 128,32 TexW=128 TexH=32
2026-08-22 01:56:57 [INFO] X=384 Y=-224 Src=608,64 - 640,96 TexW=640 TexH=742
2026-08-22 01:56:57 [INFO] X=480 Y=-224 Src=608,64 - 640,96 TexW=640 TexH=742
2026-08-22 01:56:57 [INFO] X=464 Y=-224 Src=0,0 - 128,32 TexW=128 TexH=32
2026-08-22 01:56:57 [INFO] X=592 Y=-224 Src=0,0 - 128,32 TexW=128 TexH=32
2026-08-22 01:56:57 [INFO] X=-253 Y=-206 Src=0,0 - 26,46 TexW=149 TexH=181
2026-08-22 01:56:57 [INFO] X=163 Y=-206 Src=0,0 - 26,46 TexW=149 TexH=181
2026-08-22 01:56:57 [INFO] X=168 Y=-214 Src=64,0 - 80,16 TexW=708 TexH=202
2026-08-22 01:56:57 [INFO] X=-352 Y=-160 Src=0,0 - 32,32 TexW=64 TexH=32
2026-08-22 01:56:57 [INFO] X=352 Y=-160 Src=608,64 - 640,96 TexW=640 TexH=742
2026-08-22 01:56:57 [INFO] X=480 Y=-160 Src=608,64 - 640,96 TexW=640 TexH=742
2026-08-22 01:56:57 [INFO] X=74 Y=-251 Src=0,0 - 77,155 TexW=77 TexH=155
2026-08-22 01:56:57 [INFO] X=419 Y=-142 Src=0,0 - 26,46 TexW=149 TexH=181
2026-08-22 01:56:57 [INFO] X=424 Y=-150 Src=320,0 - 336,16 TexW=708 TexH=202
2026-08-22 01:56:57 [INFO] X=448 Y=-128 Src=256,96 - 288,128 TexW=640 TexH=742
2026-08-22 01:56:57 [INFO] X=586 Y=-251 Src=0,0 - 77,155 TexW=77 TexH=155
2026-08-22 01:56:57 [INFO] X=-32 Y=-64 Src=608,64 - 640,96 TexW=640 TexH=742
2026-08-22 01:56:57 [INFO] X=448 Y=-64 Src=608,64 - 640,96 TexW=640 TexH=742
2026-08-22 01:56:57 [INFO] X=464 Y=-288 Src=0,0 - 256,256 TexW=256 TexH=256
2026-08-22 01:56:57 [INFO] X=0 Y=0 Src=608,64 - 640,96 TexW=640 TexH=742
2026-08-22 01:56:57 [INFO] X=291 Y=-14 Src=0,0 - 26,46 TexW=149 TexH=181
2026-08-22 01:56:57 [INFO] X=296 Y=-22 Src=256,48 - 272,64 TexW=708 TexH=202
2026-08-22 01:56:57 [INFO] X=736 Y=-64 Src=0,96 - 96,192 TexW=288 TexH=192
2026-08-22 01:56:57 [INFO] X=656 Y=32 Src=0,0 - 64,32 TexW=64 TexH=32
2026-08-22 01:56:57 [INFO] X=867 Y=18 Src=0,0 - 26,46 TexW=149 TexH=181
2026-08-22 01:56:57 [INFO] X=872 Y=10 Src=0,0 - 16,16 TexW=708 TexH=202
2026-08-22 01:56:57 [INFO] X=-349 Y=50 Src=0,0 - 26,46 TexW=149 TexH=181
2026-08-22 01:56:57 [INFO] X=-344 Y=42 Src=384,16 - 400,32 TexW=708 TexH=202
2026-08-22 01:56:57 [INFO] X=-285 Y=50 Src=0,0 - 26,46 TexW=149 TexH=181
2026-08-22 01:56:57 [INFO] X=-280 Y=42 Src=384,16 - 400,32 TexW=708 TexH=202
2026-08-22 01:56:57 [INFO] X=-182 Y=-59 Src=0,0 - 77,155 TexW=77 TexH=155
2026-08-22 01:56:57 [INFO] X=-61 Y=50 Src=0,0 - 26,46 TexW=149 TexH=181
2026-08-22 01:56:57 [INFO] X=-56 Y=42 Src=272,128 - 288,144 TexW=708 TexH=202
2026-08-22 01:56:57 [INFO] X=42 Y=-59 Src=0,0 - 77,155 TexW=77 TexH=155
2026-08-22 01:56:57 [INFO] X=259 Y=178 Src=0,0 - 26,46 TexW=149 TexH=181
2026-08-22 01:56:57 [INFO] X=264 Y=170 Src=128,16 - 144,32 TexW=708 TexH=202
2026-08-22 01:56:57 [INFO] X=611 Y=306 Src=0,0 - 26,46 TexW=149 TexH=181
2026-08-22 01:56:57 [INFO] X=616 Y=298 Src=256,48 - 272,64 TexW=708 TexH=202
2026-08-22 01:56:57 [INFO] X=-368 Y=128 Src=0,0 - 256,256 TexW=256 TexH=256
2026-08-22 01:56:57 [INFO] X=-240 Y=128 Src=0,0 - 256,256 TexW=256 TexH=256
2026-08-22 01:56:57 [INFO] X=-112 Y=128 Src=0,0 - 256,256 TexW=256 TexH=256
2026-08-22 01:56:57 [INFO] X=283 Y=384 Src=780,512 - 823,576 TexW=1792 TexH=640
2026-08-22 01:56:57 [INFO] X=443 Y=384 Src=780,512 - 823,576 TexW=1792 TexH=640
2026-08-22 01:56:57 [INFO] X=592 Y=192 Src=0,0 - 256,256 TexW=256 TexH=256
2026-08-22 01:56:57 [INFO] X=688 Y=192 Src=0,0 - 256,256 TexW=256 TexH=256
2026-08-22 01:56:57 [INFO] X=323 Y=448 Src=52,0 - 78,96 TexW=234 TexH=97
2026-08-22 01:56:57 [INFO] X=355 Y=498 Src=0,0 - 26,46 TexW=149 TexH=181
2026-08-22 01:56:57 [INFO] X=360 Y=490 Src=384,32 - 400,48 TexW=708 TexH=202
2026-08-22 01:56:57 [INFO] X=384 Y=512 Src=64,672 - 96,704 TexW=640 TexH=742
2026-08-22 01:56:57 [INFO] X=419 Y=448 Src=52,0 - 78,96 TexW=234 TexH=97
2026-08-22 01:56:57 [INFO] X=-368 Y=320 Src=0,0 - 256,256 TexW=256 TexH=256
2026-08-22 01:56:57 [INFO] X=688 Y=384 Src=0,0 - 256,256 TexW=256 TexH=256
2026-08-22 01:56:57 [INFO] X=-368 Y=448 Src=0,0 - 256,256 TexW=256 TexH=256
2026-08-22 01:56:57 [INFO] X=-127 Y=636 Src=60,0 - 90,68 TexW=270 TexH=68
2026-08-22 01:56:57 [INFO] X=-208 Y=448 Src=0,0 - 256,256 TexW=256 TexH=256
2026-08-22 01:56:57 [INFO] X=-285 Y=690 Src=0,0 - 26,46 TexW=149 TexH=181
2026-08-22 01:56:57 [INFO] X=-280 Y=682 Src=64,0 - 80,16 TexW=708 TexH=202
2026-08-22 01:56:57 [INFO] X=-253 Y=690 Src=0,0 - 26,46 TexW=149 TexH=181
2026-08-22 01:56:57 [INFO] X=-248 Y=682 Src=639,64 - 655,80 TexW=708 TexH=202
2026-08-22 01:56:57 [INFO] X=-221 Y=690 Src=0,0 - 26,46 TexW=149 TexH=181
2026-08-22 01:56:57 [INFO] X=-216 Y=682 Src=272,128 - 288,144 TexW=708 TexH=202
2026-08-22 01:56:57 [INFO] X=-32 Y=-32 Src=0,0 - 32,32 TexW=512 TexH=128
2026-08-22 01:56:57 [INFO] X=0 Y=-32 Src=32,0 - 64,32 TexW=512 TexH=128
2026-08-22 01:56:57 [INFO] X=32 Y=-32 Src=64,0 - 96,32 TexW=512 TexH=128
2026-08-22 01:56:57 [INFO] X=32 Y=-32 Src=512,192 - 544,224 TexW=640 TexH=742
2026-08-22 01:56:57 [INFO] X=64 Y=-32 Src=96,0 - 128,32 TexW=512 TexH=128
2026-08-22 01:56:57 [INFO] X=96 Y=-32 Src=0,0 - 32,32 TexW=512 TexH=128
2026-08-22 01:56:57 [INFO] X=128 Y=-32 Src=32,0 - 64,32 TexW=512 TexH=128
2026-08-22 01:56:57 [INFO] X=160 Y=-32 Src=64,0 - 96,32 TexW=512 TexH=128
2026-08-22 01:56:57 [INFO] X=192 Y=-32 Src=96,0 - 128,32 TexW=512 TexH=128
2026-08-22 01:56:57 [INFO] X=224 Y=-32 Src=0,0 - 32,32 TexW=512 TexH=128
2026-08-22 01:56:57 [INFO] X=256 Y=-32 Src=32,0 - 64,32 TexW=512 TexH=128
2026-08-22 01:56:57 [INFO] X=288 Y=-32 Src=64,0 - 96,32 TexW=512 TexH=128
2026-08-22 01:56:57 [INFO] X=320 Y=-32 Src=96,0 - 128,32 TexW=512 TexH=128
2026-08-22 01:56:57 [INFO] X=352 Y=-32 Src=0,0 - 32,32 TexW=512 TexH=128
2026-08-22 01:56:57 [INFO] X=384 Y=-32 Src=32,0 - 64,32 TexW=512 TexH=128
2026-08-22 01:56:57 [INFO] X=362 Y=-58 Src=0,0 - 77,58 TexW=77 TexH=58
2026-08-22 01:56:57 [INFO] X=416 Y=-32 Src=64,0 - 96,32 TexW=512 TexH=128
2026-08-22 01:56:57 [INFO] X=448 Y=-32 Src=96,0 - 128,32 TexW=512 TexH=128
2026-08-22 01:56:57 [INFO] X=480 Y=-32 Src=0,0 - 32,32 TexW=512 TexH=128
2026-08-22 01:56:57 [INFO] X=512 Y=-32 Src=32,0 - 64,32 TexW=512 TexH=128
2026-08-22 01:56:57 [INFO] X=544 Y=-32 Src=64,0 - 96,32 TexW=512 TexH=128
2026-08-22 01:56:57 [INFO] X=-32 Y=0 Src=0,64 - 32,96 TexW=512 TexH=128
2026-08-22 01:56:57 [INFO] X=0 Y=0 Src=32,64 - 64,96 TexW=512 TexH=128
2026-08-22 01:56:57 [INFO] X=32 Y=0 Src=64,64 - 96,96 TexW=512 TexH=128
2026-08-22 01:56:57 [INFO] X=64 Y=0 Src=96,64 - 128,96 TexW=512 TexH=128
2026-08-22 01:56:57 [INFO] X=96 Y=0 Src=0,64 - 32,96 TexW=512 TexH=128
2026-08-22 01:56:57 [INFO] X=128 Y=0 Src=32,64 - 64,96 TexW=512 TexH=128
2026-08-22 01:56:57 [INFO] X=160 Y=0 Src=64,64 - 96,96 TexW=512 TexH=128
2026-08-22 01:56:57 [INFO] X=192 Y=0 Src=96,64 - 128,96 TexW=512 TexH=128
2026-08-22 01:56:57 [INFO] X=224 Y=0 Src=0,64 - 32,96 TexW=512 TexH=128
2026-08-22 01:56:57 [INFO] X=256 Y=0 Src=32,64 - 64,96 TexW=512 TexH=128
2026-08-22 01:56:57 [INFO] X=288 Y=0 Src=64,64 - 96,96 TexW=512 TexH=128
2026-08-22 01:56:57 [INFO] X=320 Y=0 Src=96,64 - 128,96 TexW=512 TexH=128
2026-08-22 01:56:57 [INFO] X=352 Y=0 Src=0,64 - 32,96 TexW=512 TexH=128
2026-08-22 01:56:57 [INFO] X=384 Y=0 Src=32,64 - 64,96 TexW=512 TexH=128
2026-08-22 01:56:57 [INFO] X=416 Y=0 Src=64,64 - 96,96 TexW=512 TexH=128
2026-08-22 01:56:57 [INFO] X=448 Y=0 Src=96,64 - 128,96 TexW=512 TexH=128
2026-08-22 01:56:57 [INFO] X=480 Y=0 Src=0,64 - 32,96 TexW=512 TexH=128
2026-08-22 01:56:57 [INFO] X=512 Y=0 Src=32,64 - 64,96 TexW=512 TexH=128
2026-08-22 01:56:57 [INFO] X=544 Y=0 Src=64,64 - 96,96 TexW=512 TexH=128
2026-08-22 01:56:57 [INFO] X=-32 Y=32 Src=0,0 - 32,32 TexW=384 TexH=384
2026-08-22 01:56:57 [INFO] X=-32 Y=32 Src=128,128 - 160,160 TexW=256 TexH=384
2026-08-22 01:56:57 [INFO] X=0 Y=32 Src=32,0 - 64,32 TexW=384 TexH=384
2026-08-22 01:56:57 [INFO] X=0 Y=32 Src=160,128 - 192,160 TexW=256 TexH=384
2026-08-22 01:56:57 [INFO] X=32 Y=32 Src=64,0 - 96,32 TexW=384 TexH=384
2026-08-22 01:56:57 [INFO] X=32 Y=32 Src=128,128 - 160,160 TexW=256 TexH=384
2026-08-22 01:56:57 [INFO] X=64 Y=32 Src=96,0 - 128,32 TexW=384 TexH=384
2026-08-22 01:56:57 [INFO] X=64 Y=32 Src=160,128 - 192,160 TexW=256 TexH=384
2026-08-22 01:56:57 [INFO] X=96 Y=32 Src=0,0 - 32,32 TexW=384 TexH=384
2026-08-22 01:56:57 [INFO] X=96 Y=32 Src=128,128 - 160,160 TexW=256 TexH=384
2026-08-22 01:56:57 [INFO] X=128 Y=32 Src=32,0 - 64,32 TexW=384 TexH=384
2026-08-22 01:56:57 [INFO] X=128 Y=32 Src=160,128 - 192,160 TexW=256 TexH=384
2026-08-22 01:56:57 [INFO] X=160 Y=32 Src=64,0 - 96,32 TexW=384 TexH=384
2026-08-22 01:56:57 [INFO] X=160 Y=32 Src=128,128 - 160,160 TexW=256 TexH=384
2026-08-22 01:56:57 [INFO] X=192 Y=32 Src=96,0 - 128,32 TexW=384 TexH=384
2026-08-22 01:56:57 [INFO] X=192 Y=32 Src=160,128 - 192,160 TexW=256 TexH=384
2026-08-22 01:56:57 [INFO] X=224 Y=32 Src=0,0 - 32,32 TexW=384 TexH=384
2026-08-22 01:56:57 [INFO] X=224 Y=32 Src=128,128 - 160,160 TexW=256 TexH=384
2026-08-22 01:56:57 [INFO] X=256 Y=32 Src=32,0 - 64,32 TexW=384 TexH=384
2026-08-22 01:56:57 [INFO] X=256 Y=32 Src=160,128 - 192,160 TexW=256 TexH=384
2026-08-22 01:56:57 [INFO] X=288 Y=32 Src=64,0 - 96,32 TexW=384 TexH=384
2026-08-22 01:56:57 [INFO] X=288 Y=32 Src=128,128 - 160,160 TexW=256 TexH=384
2026-08-22 01:56:57 [INFO] X=320 Y=32 Src=96,0 - 128,32 TexW=384 TexH=384
2026-08-22 01:56:57 [INFO] X=320 Y=32 Src=160,128 - 192,160 TexW=256 TexH=384
2026-08-22 01:56:57 [INFO] X=352 Y=32 Src=0,0 - 32,32 TexW=384 TexH=384
2026-08-22 01:56:57 [INFO] X=352 Y=32 Src=128,128 - 160,160 TexW=256 TexH=384
2026-08-22 01:56:57 [INFO] X=384 Y=32 Src=32,0 - 64,32 TexW=384 TexH=384
2026-08-22 01:56:57 [INFO] X=384 Y=32 Src=160,128 - 192,160 TexW=256 TexH=384
2026-08-22 01:56:57 [INFO] X=416 Y=32 Src=64,0 - 96,32 TexW=384 TexH=384
2026-08-22 01:56:57 [INFO] X=416 Y=32 Src=128,128 - 160,160 TexW=256 TexH=384
2026-08-22 01:56:57 [INFO] X=448 Y=32 Src=96,0 - 128,32 TexW=384 TexH=384
2026-08-22 01:56:57 [INFO] X=448 Y=32 Src=160,128 - 192,160 TexW=256 TexH=384
2026-08-22 01:56:57 [INFO] X=480 Y=32 Src=0,0 - 32,32 TexW=384 TexH=384
2026-08-22 01:56:57 [INFO] X=480 Y=32 Src=128,128 - 160,160 TexW=256 TexH=384
2026-08-22 01:56:57 [INFO] X=512 Y=32 Src=32,0 - 64,32 TexW=384 TexH=384
2026-08-22 01:56:57 [INFO] X=512 Y=32 Src=160,128 - 192,160 TexW=256 TexH=384
2026-08-22 01:56:57 [INFO] X=544 Y=32 Src=64,0 - 96,32 TexW=384 TexH=384
2026-08-22 01:56:57 [INFO] X=544 Y=32 Src=128,128 - 160,160 TexW=256 TexH=384
2026-08-22 01:56:57 [INFO] X=-32 Y=64 Src=0,64 - 32,96 TexW=384 TexH=384
2026-08-22 01:56:57 [INFO] X=0 Y=64 Src=32,64 - 64,96 TexW=384 TexH=384
2026-08-22 01:56:57 [INFO] X=32 Y=64 Src=64,64 - 96,96 TexW=384 TexH=384
2026-08-22 01:56:57 [INFO] X=64 Y=64 Src=96,64 - 128,96 TexW=384 TexH=384
2026-08-22 01:56:57 [INFO] X=96 Y=64 Src=0,64 - 32,96 TexW=384 TexH=384
2026-08-22 01:56:57 [INFO] X=128 Y=64 Src=32,64 - 64,96 TexW=384 TexH=384
2026-08-22 01:56:57 [INFO] X=160 Y=64 Src=64,64 - 96,96 TexW=384 TexH=384
2026-08-22 01:56:57 [INFO] X=192 Y=64 Src=96,64 - 128,96 TexW=384 TexH=384
2026-08-22 01:56:57 [INFO] X=224 Y=64 Src=0,64 - 32,96 TexW=384 TexH=384
2026-08-22 01:56:57 [INFO] X=256 Y=64 Src=32,64 - 64,96 TexW=384 TexH=384
2026-08-22 01:56:57 [INFO] X=288 Y=64 Src=64,64 - 96,96 TexW=384 TexH=384
2026-08-22 01:56:57 [INFO] X=320 Y=64 Src=96,64 - 128,96 TexW=384 TexH=384
2026-08-22 01:56:57 [INFO] X=352 Y=64 Src=0,64 - 32,96 TexW=384 TexH=384
2026-08-22 01:56:57 [INFO] X=384 Y=64 Src=32,64 - 64,96 TexW=384 TexH=384
2026-08-22 01:56:57 [INFO] X=416 Y=64 Src=64,64 - 96,96 TexW=384 TexH=384
2026-08-22 01:56:58 [INFO] X=448 Y=64 Src=96,64 - 128,96 TexW=384 TexH=384
2026-08-22 01:56:58 [INFO] X=480 Y=64 Src=0,64 - 32,96 TexW=384 TexH=384
2026-08-22 01:56:58 [INFO] X=512 Y=64 Src=32,64 - 64,96 TexW=384 TexH=384
2026-08-22 01:56:58 [INFO] X=544 Y=64 Src=64,64 - 96,96 TexW=384 TexH=384
2026-08-22 01:56:58 [INFO] X=-32 Y=96 Src=0,0 - 32,32 TexW=384 TexH=384
2026-08-22 01:56:58 [INFO] X=0 Y=96 Src=32,0 - 64,32 TexW=384 TexH=384
2026-08-22 01:56:58 [INFO] X=32 Y=96 Src=64,0 - 96,32 TexW=384 TexH=384
2026-08-22 01:56:58 [INFO] X=64 Y=96 Src=96,0 - 128,32 TexW=384 TexH=384
2026-08-22 01:56:58 [INFO] X=96 Y=96 Src=0,0 - 32,32 TexW=384 TexH=384
2026-08-22 01:56:58 [INFO] X=128 Y=96 Src=32,0 - 64,32 TexW=384 TexH=384
2026-08-22 01:56:58 [INFO] X=160 Y=96 Src=64,0 - 96,32 TexW=384 TexH=384
2026-08-22 01:56:58 [INFO] X=192 Y=96 Src=96,0 - 128,32 TexW=384 TexH=384
2026-08-22 01:56:58 [INFO] X=224 Y=96 Src=0,0 - 32,32 TexW=384 TexH=384
2026-08-22 01:56:58 [INFO] X=256 Y=96 Src=32,0 - 64,32 TexW=384 TexH=384
2026-08-22 01:56:58 [INFO] X=288 Y=96 Src=64,0 - 96,32 TexW=384 TexH=384
2026-08-22 01:56:58 [INFO] X=320 Y=96 Src=96,0 - 128,32 TexW=384 TexH=384
2026-08-22 01:56:58 [INFO] X=352 Y=96 Src=0,0 - 32,32 TexW=384 TexH=384
2026-08-22 01:56:58 [INFO] X=384 Y=96 Src=32,0 - 64,32 TexW=384 TexH=384
2026-08-22 01:56:58 [INFO] X=416 Y=96 Src=64,0 - 96,32 TexW=384 TexH=384
2026-08-22 01:56:58 [INFO] X=448 Y=96 Src=96,0 - 128,32 TexW=384 TexH=384
2026-08-22 01:56:58 [INFO] X=480 Y=96 Src=0,0 - 32,32 TexW=384 TexH=384
2026-08-22 01:56:58 [INFO] X=512 Y=96 Src=32,0 - 64,32 TexW=384 TexH=384
2026-08-22 01:56:58 [INFO] X=544 Y=96 Src=64,0 - 96,32 TexW=384 TexH=384
2026-08-22 01:56:58 [INFO] X=-32 Y=128 Src=0,64 - 32,96 TexW=384 TexH=384
2026-08-22 01:56:58 [INFO] X=0 Y=128 Src=32,64 - 64,96 TexW=384 TexH=384
2026-08-22 01:56:58 [INFO] X=32 Y=128 Src=64,64 - 96,96 TexW=384 TexH=384
2026-08-22 01:56:58 [INFO] X=64 Y=128 Src=96,64 - 128,96 TexW=384 TexH=384
2026-08-22 01:56:58 [INFO] X=96 Y=128 Src=0,64 - 32,96 TexW=384 TexH=384
2026-08-22 01:56:58 [INFO] X=128 Y=128 Src=32,64 - 64,96 TexW=384 TexH=384
2026-08-22 01:56:58 [INFO] X=160 Y=128 Src=64,64 - 96,96 TexW=384 TexH=384
2026-08-22 01:56:58 [INFO] X=192 Y=128 Src=96,64 - 128,96 TexW=384 TexH=384
2026-08-22 01:56:58 [INFO] X=224 Y=128 Src=0,64 - 32,96 TexW=384 TexH=384
2026-08-22 01:56:58 [INFO] X=256 Y=128 Src=32,64 - 64,96 TexW=384 TexH=384
2026-08-22 01:56:58 [INFO] X=288 Y=128 Src=64,64 - 96,96 TexW=384 TexH=384
2026-08-22 01:56:58 [INFO] X=320 Y=128 Src=96,64 - 128,96 TexW=384 TexH=384
2026-08-22 01:56:58 [INFO] X=352 Y=128 Src=0,64 - 32,96 TexW=384 TexH=384
2026-08-22 01:56:58 [INFO] X=384 Y=128 Src=32,64 - 64,96 TexW=384 TexH=384
2026-08-22 01:56:58 [INFO] X=416 Y=128 Src=64,64 - 96,96 TexW=384 TexH=384
2026-08-22 01:56:58 [INFO] X=448 Y=128 Src=96,64 - 128,96 TexW=384 TexH=384
2026-08-22 01:56:58 [INFO] X=480 Y=128 Src=0,64 - 32,96 TexW=384 TexH=384
2026-08-22 01:56:58 [INFO] X=512 Y=128 Src=32,64 - 64,96 TexW=384 TexH=384
2026-08-22 01:56:58 [INFO] X=544 Y=128 Src=64,64 - 96,96 TexW=384 TexH=384
2026-08-22 01:56:58 [INFO] X=-32 Y=160 Src=0,0 - 32,32 TexW=384 TexH=384
2026-08-22 01:56:58 [INFO] X=0 Y=160 Src=32,0 - 64,32 TexW=384 TexH=384
2026-08-22 01:56:58 [INFO] X=32 Y=160 Src=64,0 - 96,32 TexW=384 TexH=384
2026-08-22 01:56:58 [INFO] X=64 Y=160 Src=96,0 - 128,32 TexW=384 TexH=384
2026-08-22 01:56:58 [INFO] X=96 Y=160 Src=0,0 - 32,32 TexW=384 TexH=384
2026-08-22 01:56:58 [INFO] X=128 Y=160 Src=32,0 - 64,32 TexW=384 TexH=384
2026-08-22 01:56:58 [INFO] X=160 Y=160 Src=64,0 - 96,32 TexW=384 TexH=384
2026-08-22 01:56:58 [INFO] X=192 Y=160 Src=96,0 - 128,32 TexW=384 TexH=384
2026-08-22 01:56:58 [INFO] X=224 Y=160 Src=0,0 - 32,32 TexW=384 TexH=384
2026-08-22 01:56:58 [INFO] X=256 Y=160 Src=32,0 - 64,32 TexW=384 TexH=384
2026-08-22 01:56:58 [INFO] X=288 Y=160 Src=64,0 - 96,32 TexW=384 TexH=384
2026-08-22 01:56:58 [INFO] X=320 Y=160 Src=96,0 - 128,32 TexW=384 TexH=384
2026-08-22 01:56:58 [INFO] X=352 Y=160 Src=0,0 - 32,32 TexW=384 TexH=384
2026-08-22 01:56:58 [INFO] X=384 Y=160 Src=32,0 - 64,32 TexW=384 TexH=384
2026-08-22 01:56:58 [INFO] X=416 Y=160 Src=64,0 - 96,32 TexW=384 TexH=384
2026-08-22 01:56:58 [INFO] X=448 Y=160 Src=96,0 - 128,32 TexW=384 TexH=384
2026-08-22 01:56:58 [INFO] X=480 Y=160 Src=0,0 - 32,32 TexW=384 TexH=384
2026-08-22 01:56:58 [INFO] X=512 Y=160 Src=32,0 - 64,32 TexW=384 TexH=384
2026-08-22 01:56:58 [INFO] X=544 Y=160 Src=64,0 - 96,32 TexW=384 TexH=384
2026-08-22 01:56:58 [INFO] X=-32 Y=192 Src=0,64 - 32,96 TexW=384 TexH=384
2026-08-22 01:56:58 [INFO] X=0 Y=192 Src=32,64 - 64,96 TexW=384 TexH=384
2026-08-22 01:56:58 [INFO] X=32 Y=192 Src=64,64 - 96,96 TexW=384 TexH=384
2026-08-22 01:56:58 [INFO] X=64 Y=192 Src=96,64 - 128,96 TexW=384 TexH=384
2026-08-22 01:56:58 [INFO] X=96 Y=192 Src=0,64 - 32,96 TexW=384 TexH=384
2026-08-22 01:56:58 [INFO] X=128 Y=192 Src=32,64 - 64,96 TexW=384 TexH=384
2026-08-22 01:56:58 [INFO] X=160 Y=192 Src=64,64 - 96,96 TexW=384 TexH=384
2026-08-22 01:56:58 [INFO] X=192 Y=192 Src=96,64 - 128,96 TexW=384 TexH=384
2026-08-22 01:56:58 [INFO] X=224 Y=192 Src=0,64 - 32,96 TexW=384 TexH=384
2026-08-22 01:56:58 [INFO] X=256 Y=192 Src=32,64 - 64,96 TexW=384 TexH=384
2026-08-22 01:56:58 [INFO] X=288 Y=192 Src=64,64 - 96,96 TexW=384 TexH=384
2026-08-22 01:56:58 [INFO] X=320 Y=192 Src=96,64 - 128,96 TexW=384 TexH=384
2026-08-22 01:56:58 [INFO] X=352 Y=192 Src=0,64 - 32,96 TexW=384 TexH=384
2026-08-22 01:56:58 [INFO] X=384 Y=192 Src=32,64 - 64,96 TexW=384 TexH=384
2026-08-22 01:56:58 [INFO] X=416 Y=192 Src=64,64 - 96,96 TexW=384 TexH=384
2026-08-22 01:56:58 [INFO] X=448 Y=192 Src=96,64 - 128,96 TexW=384 TexH=384
2026-08-22 01:56:58 [INFO] X=480 Y=192 Src=0,64 - 32,96 TexW=384 TexH=384
2026-08-22 01:56:58 [INFO] X=512 Y=192 Src=32,64 - 64,96 TexW=384 TexH=384
2026-08-22 01:56:58 [INFO] X=544 Y=192 Src=64,64 - 96,96 TexW=384 TexH=384
2026-08-22 01:56:58 [INFO] X=-304 Y=-415 Src=0,0 - 64,95 TexW=64 TexH=95
2026-08-22 01:56:58 [INFO] X=-368 Y=-576 Src=0,0 - 256,256 TexW=256 TexH=256
2026-08-22 01:56:58 [INFO] X=-182 Y=-475 Src=0,0 - 77,155 TexW=77 TexH=155
2026-08-22 01:56:58 [INFO] X=-208 Y=-576 Src=0,0 - 256,256 TexW=256 TexH=256
2026-08-22 01:56:58 [INFO] X=48 Y=-320 Src=0,0 - 128,32 TexW=128 TexH=32
2026-08-22 01:56:58 [INFO] X=176 Y=-320 Src=0,0 - 128,32 TexW=128 TexH=32
2026-08-22 01:56:58 [INFO] X=464 Y=-320 Src=0,0 - 128,32 TexW=128 TexH=32
2026-08-22 01:56:58 [INFO] X=592 Y=-320 Src=0,0 - 128,32 TexW=128 TexH=32
2026-08-22 01:56:58 [INFO] X=-176 Y=-512 Src=0,0 - 256,256 TexW=256 TexH=256
2026-08-22 01:56:58 [INFO] X=208 Y=-512 Src=0,0 - 256,256 TexW=256 TexH=256
2026-08-22 01:56:58 [INFO] X=-352 Y=-256 Src=0,0 - 32,32 TexW=64 TexH=32
2026-08-22 01:56:58 [INFO] X=835 Y=-270 Src=0,0 - 26,46 TexW=174 TexH=181
2026-08-22 01:56:58 [INFO] X=-176 Y=-448 Src=0,0 - 256,256 TexW=256 TexH=256
2026-08-22 01:56:58 [INFO] X=48 Y=-224 Src=0,0 - 128,32 TexW=128 TexH=32
2026-08-22 01:56:58 [INFO] X=176 Y=-224 Src=0,0 - 128,32 TexW=128 TexH=32
2026-08-22 01:56:58 [INFO] X=384 Y=-224 Src=608,64 - 640,96 TexW=640 TexH=742
2026-08-22 01:56:58 [INFO] X=480 Y=-224 Src=608,64 - 640,96 TexW=640 TexH=742
2026-08-22 01:56:58 [INFO] X=464 Y=-224 Src=0,0 - 128,32 TexW=128 TexH=32
2026-08-22 01:56:58 [INFO] X=592 Y=-224 Src=0,0 - 128,32 TexW=128 TexH=32
2026-08-22 01:56:58 [INFO] X=-253 Y=-206 Src=0,0 - 26,46 TexW=149 TexH=181
2026-08-22 01:56:58 [INFO] X=163 Y=-206 Src=0,0 - 26,46 TexW=149 TexH=181
2026-08-22 01:56:58 [INFO] X=168 Y=-214 Src=64,0 - 80,16 TexW=708 TexH=202
2026-08-22 01:56:58 [INFO] X=-352 Y=-160 Src=0,0 - 32,32 TexW=64 TexH=32
2026-08-22 01:56:58 [INFO] X=352 Y=-160 Src=608,64 - 640,96 TexW=640 TexH=742
2026-08-22 01:56:58 [INFO] X=480 Y=-160 Src=608,64 - 640,96 TexW=640 TexH=742
2026-08-22 01:56:58 [INFO] X=74 Y=-251 Src=0,0 - 77,155 TexW=77 TexH=155
2026-08-22 01:56:58 [INFO] X=419 Y=-142 Src=0,0 - 26,46 TexW=149 TexH=181
2026-08-22 01:56:58 [INFO] X=424 Y=-150 Src=320,0 - 336,16 TexW=708 TexH=202
2026-08-22 01:56:58 [INFO] X=448 Y=-128 Src=256,96 - 288,128 TexW=640 TexH=742
2026-08-22 01:56:58 [INFO] X=586 Y=-251 Src=0,0 - 77,155 TexW=77 TexH=155
2026-08-22 01:56:58 [INFO] X=-32 Y=-64 Src=608,64 - 640,96 TexW=640 TexH=742
2026-08-22 01:56:58 [INFO] X=448 Y=-64 Src=608,64 - 640,96 TexW=640 TexH=742
2026-08-22 01:56:58 [INFO] X=464 Y=-288 Src=0,0 - 256,256 TexW=256 TexH=256
2026-08-22 01:56:58 [INFO] X=0 Y=0 Src=608,64 - 640,96 TexW=640 TexH=742
2026-08-22 01:56:58 [INFO] X=291 Y=-14 Src=0,0 - 26,46 TexW=149 TexH=181
2026-08-22 01:56:58 [INFO] X=296 Y=-22 Src=256,48 - 272,64 TexW=708 TexH=202
2026-08-22 01:56:58 [INFO] X=736 Y=-64 Src=0,96 - 96,192 TexW=288 TexH=192
2026-08-22 01:56:58 [INFO] X=656 Y=32 Src=0,0 - 64,32 TexW=64 TexH=32
2026-08-22 01:56:58 [INFO] X=867 Y=18 Src=0,0 - 26,46 TexW=149 TexH=181
2026-08-22 01:56:58 [INFO] X=872 Y=10 Src=0,0 - 16,16 TexW=708 TexH=202
2026-08-22 01:56:58 [INFO] X=-349 Y=50 Src=0,0 - 26,46 TexW=149 TexH=181
2026-08-22 01:56:58 [INFO] X=-344 Y=42 Src=384,16 - 400,32 TexW=708 TexH=202
2026-08-22 01:56:58 [INFO] X=-285 Y=50 Src=0,0 - 26,46 TexW=149 TexH=181
2026-08-22 01:56:58 [INFO] X=-280 Y=42 Src=384,16 - 400,32 TexW=708 TexH=202
2026-08-22 01:56:58 [INFO] X=-182 Y=-59 Src=0,0 - 77,155 TexW=77 TexH=155
2026-08-22 01:56:58 [INFO] X=-61 Y=50 Src=0,0 - 26,46 TexW=149 TexH=181
2026-08-22 01:56:58 [INFO] X=-56 Y=42 Src=272,128 - 288,144 TexW=708 TexH=202
2026-08-22 01:56:58 [INFO] X=42 Y=-59 Src=0,0 - 77,155 TexW=77 TexH=155
2026-08-22 01:56:58 [INFO] X=259 Y=178 Src=0,0 - 26,46 TexW=149 TexH=181
2026-08-22 01:56:58 [INFO] X=264 Y=170 Src=128,16 - 144,32 TexW=708 TexH=202
2026-08-22 01:56:58 [INFO] X=611 Y=306 Src=0,0 - 26,46 TexW=149 TexH=181
2026-08-22 01:56:58 [INFO] X=616 Y=298 Src=256,48 - 272,64 TexW=708 TexH=202
2026-08-22 01:56:58 [INFO] X=-368 Y=128 Src=0,0 - 256,256 TexW=256 TexH=256
2026-08-22 01:56:58 [INFO] X=-240 Y=128 Src=0,0 - 256,256 TexW=256 TexH=256
2026-08-22 01:56:58 [INFO] X=-112 Y=128 Src=0,0 - 256,256 TexW=256 TexH=256
2026-08-22 01:56:58 [INFO] X=283 Y=384 Src=995,512 - 1038,576 TexW=1792 TexH=640
2026-08-22 01:56:58 [INFO] X=443 Y=384 Src=995,512 - 1038,576 TexW=1792 TexH=640
2026-08-22 01:56:58 [INFO] X=592 Y=192 Src=0,0 - 256,256 TexW=256 TexH=256
2026-08-22 01:56:58 [INFO] X=688 Y=192 Src=0,0 - 256,256 TexW=256 TexH=256
2026-08-22 01:56:58 [INFO] X=323 Y=448 Src=208,0 - 234,96 TexW=234 TexH=97
2026-08-22 01:56:58 [INFO] X=355 Y=498 Src=0,0 - 26,46 TexW=149 TexH=181
2026-08-22 01:56:58 [INFO] X=360 Y=490 Src=384,32 - 400,48 TexW=708 TexH=202
2026-08-22 01:56:58 [INFO] X=384 Y=512 Src=64,672 - 96,704 TexW=640 TexH=742
2026-08-22 01:56:58 [INFO] X=419 Y=448 Src=208,0 - 234,96 TexW=234 TexH=97
2026-08-22 01:56:58 [INFO] X=-368 Y=320 Src=0,0 - 256,256 TexW=256 TexH=256
2026-08-22 01:56:58 [INFO] X=688 Y=384 Src=0,0 - 256,256 TexW=256 TexH=256
2026-08-22 01:56:58 [INFO] X=-368 Y=448 Src=0,0 - 256,256 TexW=256 TexH=256
2026-08-22 01:56:58 [INFO] X=-127 Y=636 Src=240,0 - 270,68 TexW=270 TexH=68
2026-08-22 01:56:58 [INFO] X=-208 Y=448 Src=0,0 - 256,256 TexW=256 TexH=256
2026-08-22 01:56:58 [INFO] X=-285 Y=690 Src=0,0 - 26,46 TexW=149 TexH=181
2026-08-22 01:56:58 [INFO] X=-280 Y=682 Src=64,0 - 80,16 TexW=708 TexH=202
2026-08-22 01:56:58 [INFO] X=-253 Y=690 Src=0,0 - 26,46 TexW=149 TexH=181
2026-08-22 01:56:58 [INFO] X=-248 Y=682 Src=639,64 - 655,80 TexW=708 TexH=202
2026-08-22 01:56:58 [INFO] X=-221 Y=690 Src=0,0 - 26,46 TexW=149 TexH=181
2026-08-22 01:56:58 [INFO] X=-216 Y=682 Src=272,128 - 288,144 TexW=708 TexH=202
2026-08-22 01:56:58 [INFO] X=-32 Y=-32 Src=0,0 - 32,32 TexW=512 TexH=128
2026-08-22 01:56:58 [INFO] X=0 Y=-32 Src=32,0 - 64,32 TexW=512 TexH=128
2026-08-22 01:56:58 [INFO] X=32 Y=-32 Src=64,0 - 96,32 TexW=512 TexH=128
2026-08-22 01:56:58 [INFO] X=32 Y=-32 Src=512,192 - 544,224 TexW=640 TexH=742
2026-08-22 01:56:58 [INFO] X=64 Y=-32 Src=96,0 - 128,32 TexW=512 TexH=128
2026-08-22 01:56:58 [INFO] X=96 Y=-32 Src=0,0 - 32,32 TexW=512 TexH=128
2026-08-22 01:56:58 [INFO] X=128 Y=-32 Src=32,0 - 64,32 TexW=512 TexH=128
2026-08-22 01:56:58 [INFO] X=160 Y=-32 Src=64,0 - 96,32 TexW=512 TexH=128
2026-08-22 01:56:58 [INFO] X=192 Y=-32 Src=96,0 - 128,32 TexW=512 TexH=128
2026-08-22 01:56:58 [INFO] X=224 Y=-32 Src=0,0 - 32,32 TexW=512 TexH=128
2026-08-22 01:56:58 [INFO] X=256 Y=-32 Src=32,0 - 64,32 TexW=512 TexH=128
2026-08-22 01:56:58 [INFO] X=288 Y=-32 Src=64,0 - 96,32 TexW=512 TexH=128
2026-08-22 01:56:58 [INFO] X=320 Y=-32 Src=96,0 - 128,32 TexW=512 TexH=128
2026-08-22 01:56:58 [INFO] X=352 Y=-32 Src=0,0 - 32,32 TexW=512 TexH=128
2026-08-22 01:56:58 [INFO] X=384 Y=-32 Src=32,0 - 64,32 TexW=512 TexH=128
2026-08-22 01:56:58 [INFO] X=362 Y=-58 Src=0,0 - 77,58 TexW=77 TexH=58
2026-08-22 01:56:58 [INFO] X=416 Y=-32 Src=64,0 - 96,32 TexW=512 TexH=128
2026-08-22 01:56:58 [INFO] X=448 Y=-32 Src=96,0 - 128,32 TexW=512 TexH=128
2026-08-22 01:56:58 [INFO] X=480 Y=-32 Src=0,0 - 32,32 TexW=512 TexH=128
2026-08-22 01:56:58 [INFO] X=512 Y=-32 Src=32,0 - 64,32 TexW=512 TexH=128
2026-08-22 01:56:58 [INFO] X=544 Y=-32 Src=64,0 - 96,32 TexW=512 TexH=128
2026-08-22 01:56:58 [INFO] X=-32 Y=0 Src=0,64 - 32,96 TexW=512 TexH=128
2026-08-22 01:56:58 [INFO] X=0 Y=0 Src=32,64 - 64,96 TexW=512 TexH=128
2026-08-22 01:56:58 [INFO] X=32 Y=0 Src=64,64 - 96,96 TexW=512 TexH=128
2026-08-22 01:56:58 [INFO] X=64 Y=0 Src=96,64 - 128,96 TexW=512 TexH=128
2026-08-22 01:56:58 [INFO] X=96 Y=0 Src=0,64 - 32,96 TexW=512 TexH=128
2026-08-22 01:56:58 [INFO] X=128 Y=0 Src=32,64 - 64,96 TexW=512 TexH=128
2026-08-22 01:56:58 [INFO] X=160 Y=0 Src=64,64 - 96,96 TexW=512 TexH=128
2026-08-22 01:56:58 [INFO] X=192 Y=0 Src=96,64 - 128,96 TexW=512 TexH=128
2026-08-22 01:56:58 [INFO] X=224 Y=0 Src=0,64 - 32,96 TexW=512 TexH=128
2026-08-22 01:56:58 [INFO] X=256 Y=0 Src=32,64 - 64,96 TexW=512 TexH=128
2026-08-22 01:56:58 [INFO] X=288 Y=0 Src=64,64 - 96,96 TexW=512 TexH=128
2026-08-22 01:56:58 [INFO] X=320 Y=0 Src=96,64 - 128,96 TexW=512 TexH=128
2026-08-22 01:56:58 [INFO] X=352 Y=0 Src=0,64 - 32,96 TexW=512 TexH=128
2026-08-22 01:56:58 [INFO] X=384 Y=0 Src=32,64 - 64,96 TexW=512 TexH=128
2026-08-22 01:56:58 [INFO] X=416 Y=0 Src=64,64 - 96,96 TexW=512 TexH=128
2026-08-22 01:56:58 [INFO] X=448 Y=0 Src=96,64 - 128,96 TexW=512 TexH=128
2026-08-22 01:56:58 [INFO] X=480 Y=0 Src=0,64 - 32,96 TexW=512 TexH=128
2026-08-22 01:56:58 [INFO] X=512 Y=0 Src=32,64 - 64,96 TexW=512 TexH=128
2026-08-22 01:56:58 [INFO] X=544 Y=0 Src=64,64 - 96,96 TexW=512 TexH=128
2026-08-22 01:56:58 [INFO] X=-32 Y=32 Src=256,0 - 288,32 TexW=384 TexH=384
2026-08-22 01:56:58 [INFO] X=-32 Y=32 Src=128,128 - 160,160 TexW=256 TexH=384
2026-08-22 01:56:58 [INFO] X=0 Y=32 Src=288,0 - 320,32 TexW=384 TexH=384
2026-08-22 01:56:58 [INFO] X=0 Y=32 Src=160,128 - 192,160 TexW=256 TexH=384
2026-08-22 01:56:58 [INFO] X=32 Y=32 Src=320,0 - 352,32 TexW=384 TexH=384
2026-08-22 01:56:58 [INFO] X=32 Y=32 Src=128,128 - 160,160 TexW=256 TexH=384
2026-08-22 01:56:58 [INFO] X=64 Y=32 Src=352,0 - 384,32 TexW=384 TexH=384
2026-08-22 01:56:58 [INFO] X=64 Y=32 Src=160,128 - 192,160 TexW=256 TexH=384
2026-08-22 01:56:58 [INFO] X=96 Y=32 Src=256,0 - 288,32 TexW=384 TexH=384
2026-08-22 01:56:58 [INFO] X=96 Y=32 Src=128,128 - 160,160 TexW=256 TexH=384
2026-08-22 01:56:58 [INFO] X=128 Y=32 Src=288,0 - 320,32 TexW=384 TexH=384
2026-08-22 01:56:58 [INFO] X=128 Y=32 Src=160,128 - 192,160 TexW=256 TexH=384
2026-08-22 01:56:58 [INFO] X=160 Y=32 Src=320,0 - 352,32 TexW=384 TexH=384
2026-08-22 01:56:58 [INFO] X=160 Y=32 Src=128,128 - 160,160 TexW=256 TexH=384
2026-08-22 01:56:58 [INFO] X=192 Y=32 Src=352,0 - 384,32 TexW=384 TexH=384
2026-08-22 01:56:58 [INFO] X=192 Y=32 Src=160,128 - 192,160 TexW=256 TexH=384
2026-08-22 01:56:58 [INFO] X=224 Y=32 Src=256,0 - 288,32 TexW=384 TexH=384
2026-08-22 01:56:58 [INFO] X=224 Y=32 Src=128,128 - 160,160 TexW=256 TexH=384
2026-08-22 01:56:58 [INFO] X=256 Y=32 Src=288,0 - 320,32 TexW=384 TexH=384
2026-08-22 01:56:58 [INFO] X=256 Y=32 Src=160,128 - 192,160 TexW=256 TexH=384
2026-08-22 01:56:58 [INFO] X=288 Y=32 Src=320,0 - 352,32 TexW=384 TexH=384
2026-08-22 01:56:58 [INFO] X=288 Y=32 Src=128,128 - 160,160 TexW=256 TexH=384
2026-08-22 01:56:58 [INFO] X=320 Y=32 Src=352,0 - 384,32 TexW=384 TexH=384
2026-08-22 01:56:58 [INFO] X=320 Y=32 Src=160,128 - 192,160 TexW=256 TexH=384
2026-08-22 01:56:58 [INFO] X=352 Y=32 Src=256,0 - 288,32 TexW=384 TexH=384
2026-08-22 01:56:58 [INFO] X=352 Y=32 Src=128,128 - 160,160 TexW=256 TexH=384
2026-08-22 01:56:58 [INFO] X=384 Y=32 Src=288,0 - 320,32 TexW=384 TexH=384
2026-08-22 01:56:58 [INFO] X=384 Y=32 Src=160,128 - 192,160 TexW=256 TexH=384
2026-08-22 01:56:58 [INFO] X=416 Y=32 Src=320,0 - 352,32 TexW=384 TexH=384
2026-08-22 01:56:58 [INFO] X=416 Y=32 Src=128,128 - 160,160 TexW=256 TexH=384
2026-08-22 01:56:58 [INFO] X=448 Y=32 Src=352,0 - 384,32 TexW=384 TexH=384
2026-08-22 01:56:58 [INFO] X=448 Y=32 Src=160,128 - 192,160 TexW=256 TexH=384
2026-08-22 01:56:58 [INFO] X=480 Y=32 Src=256,0 - 288,32 TexW=384 TexH=384
2026-08-22 01:56:58 [INFO] X=480 Y=32 Src=128,128 - 160,160 TexW=256 TexH=384
2026-08-22 01:56:58 [INFO] X=512 Y=32 Src=288,0 - 320,32 TexW=384 TexH=384
2026-08-22 01:56:58 [INFO] X=512 Y=32 Src=160,128 - 192,160 TexW=256 TexH=384
2026-08-22 01:56:58 [INFO] X=544 Y=32 Src=320,0 - 352,32 TexW=384 TexH=384
2026-08-22 01:56:58 [INFO] X=544 Y=32 Src=128,128 - 160,160 TexW=256 TexH=384
2026-08-22 01:56:58 [INFO] X=-32 Y=64 Src=256,64 - 288,96 TexW=384 TexH=384
2026-08-22 01:56:58 [INFO] X=0 Y=64 Src=288,64 - 320,96 TexW=384 TexH=384
2026-08-22 01:56:58 [INFO] X=32 Y=64 Src=320,64 - 352,96 TexW=384 TexH=384
2026-08-22 01:56:58 [INFO] X=64 Y=64 Src=352,64 - 384,96 TexW=384 TexH=384
2026-08-22 01:56:58 [INFO] X=96 Y=64 Src=256,64 - 288,96 TexW=384 TexH=384
2026-08-22 01:56:58 [INFO] X=128 Y=64 Src=288,64 - 320,96 TexW=384 TexH=384
2026-08-22 01:56:58 [INFO] X=160 Y=64 Src=320,64 - 352,96 TexW=384 TexH=384
2026-08-22 01:56:58 [INFO] X=192 Y=64 Src=352,64 - 384,96 TexW=384 TexH=384
2026-08-22 01:56:58 [INFO] X=224 Y=64 Src=256,64 - 288,96 TexW=384 TexH=384
2026-08-22 01:56:58 [INFO] X=256 Y=64 Src=288,64 - 320,96 TexW=384 TexH=384
2026-08-22 01:56:58 [INFO] X=288 Y=64 Src=320,64 - 352,96 TexW=384 TexH=384
2026-08-22 01:56:58 [INFO] X=320 Y=64 Src=352,64 - 384,96 TexW=384 TexH=384
2026-08-22 01:56:58 [INFO] X=352 Y=64 Src=256,64 - 288,96 TexW=384 TexH=384
2026-08-22 01:56:58 [INFO] X=384 Y=64 Src=288,64 - 320,96 TexW=384 TexH=384
2026-08-22 01:56:58 [INFO] X=416 Y=64 Src=320,64 - 352,96 TexW=384 TexH=384
2026-08-22 01:56:58 [INFO] X=448 Y=64 Src=352,64 - 384,96 TexW=384 TexH=384
2026-08-22 01:56:58 [INFO] X=480 Y=64 Src=256,64 - 288,96 TexW=384 TexH=384
2026-08-22 01:56:58 [INFO] X=512 Y=64 Src=288,64 - 320,96 TexW=384 TexH=384
2026-08-22 01:56:58 [INFO] X=544 Y=64 Src=320,64 - 352,96 TexW=384 TexH=384
2026-08-22 01:56:58 [INFO] X=-32 Y=96 Src=256,0 - 288,32 TexW=384 TexH=384
2026-08-22 01:56:58 [INFO] X=0 Y=96 Src=288,0 - 320,32 TexW=384 TexH=384
2026-08-22 01:56:58 [INFO] X=32 Y=96 Src=320,0 - 352,32 TexW=384 TexH=384
2026-08-22 01:56:58 [INFO] X=64 Y=96 Src=352,0 - 384,32 TexW=384 TexH=384
2026-08-22 01:56:58 [INFO] X=96 Y=96 Src=256,0 - 288,32 TexW=384 TexH=384
2026-08-22 01:56:58 [INFO] X=128 Y=96 Src=288,0 - 320,32 TexW=384 TexH=384
2026-08-22 01:56:58 [INFO] X=160 Y=96 Src=320,0 - 352,32 TexW=384 TexH=384
2026-08-22 01:56:58 [INFO] X=192 Y=96 Src=352,0 - 384,32 TexW=384 TexH=384
2026-08-22 01:56:58 [INFO] X=224 Y=96 Src=256,0 - 288,32 TexW=384 TexH=384
2026-08-22 01:56:58 [INFO] X=256 Y=96 Src=288,0 - 320,32 TexW=384 TexH=384
2026-08-22 01:56:58 [INFO] X=288 Y=96 Src=320,0 - 352,32 TexW=384 TexH=384
2026-08-22 01:56:59 [INFO] X=320 Y=96 Src=352,0 - 384,32 TexW=384 TexH=384
2026-08-22 01:56:59 [INFO] X=352 Y=96 Src=256,0 - 288,32 TexW=384 TexH=384
2026-08-22 01:56:59 [INFO] X=384 Y=96 Src=288,0 - 320,32 TexW=384 TexH=384
2026-08-22 01:56:59 [INFO] X=416 Y=96 Src=320,0 - 352,32 TexW=384 TexH=384
2026-08-22 01:56:59 [INFO] X=448 Y=96 Src=352,0 - 384,32 TexW=384 TexH=384
2026-08-22 01:56:59 [INFO] X=480 Y=96 Src=256,0 - 288,32 TexW=384 TexH=384
2026-08-22 01:56:59 [INFO] X=512 Y=96 Src=288,0 - 320,32 TexW=384 TexH=384
2026-08-22 01:56:59 [INFO] X=544 Y=96 Src=320,0 - 352,32 TexW=384 TexH=384
2026-08-22 01:56:59 [INFO] X=-32 Y=128 Src=256,64 - 288,96 TexW=384 TexH=384
2026-08-22 01:56:59 [INFO] X=0 Y=128 Src=288,64 - 320,96 TexW=384 TexH=384
2026-08-22 01:56:59 [INFO] X=32 Y=128 Src=320,64 - 352,96 TexW=384 TexH=384
2026-08-22 01:56:59 [INFO] X=64 Y=128 Src=352,64 - 384,96 TexW=384 TexH=384
2026-08-22 01:56:59 [INFO] X=96 Y=128 Src=256,64 - 288,96 TexW=384 TexH=384
2026-08-22 01:56:59 [INFO] X=128 Y=128 Src=288,64 - 320,96 TexW=384 TexH=384
2026-08-22 01:56:59 [INFO] X=160 Y=128 Src=320,64 - 352,96 TexW=384 TexH=384
2026-08-22 01:56:59 [INFO] X=192 Y=128 Src=352,64 - 384,96 TexW=384 TexH=384
2026-08-22 01:56:59 [INFO] X=224 Y=128 Src=256,64 - 288,96 TexW=384 TexH=384
2026-08-22 01:56:59 [INFO] X=256 Y=128 Src=288,64 - 320,96 TexW=384 TexH=384
2026-08-22 01:56:59 [INFO] X=288 Y=128 Src=320,64 - 352,96 TexW=384 TexH=384
2026-08-22 01:56:59 [INFO] X=320 Y=128 Src=352,64 - 384,96 TexW=384 TexH=384
2026-08-22 01:56:59 [INFO] X=352 Y=128 Src=256,64 - 288,96 TexW=384 TexH=384
2026-08-22 01:56:59 [INFO] X=384 Y=128 Src=288,64 - 320,96 TexW=384 TexH=384
2026-08-22 01:56:59 [INFO] X=416 Y=128 Src=320,64 - 352,96 TexW=384 TexH=384
2026-08-22 01:56:59 [INFO] X=448 Y=128 Src=352,64 - 384,96 TexW=384 TexH=384
2026-08-22 01:56:59 [INFO] X=480 Y=128 Src=256,64 - 288,96 TexW=384 TexH=384
2026-08-22 01:56:59 [INFO] X=512 Y=128 Src=288,64 - 320,96 TexW=384 TexH=384
2026-08-22 01:56:59 [INFO] X=544 Y=128 Src=320,64 - 352,96 TexW=384 TexH=384
2026-08-22 01:56:59 [INFO] X=-32 Y=160 Src=256,0 - 288,32 TexW=384 TexH=384
2026-08-22 01:56:59 [INFO] X=0 Y=160 Src=288,0 - 320,32 TexW=384 TexH=384
2026-08-22 01:56:59 [INFO] X=32 Y=160 Src=320,0 - 352,32 TexW=384 TexH=384
2026-08-22 01:56:59 [INFO] X=64 Y=160 Src=352,0 - 384,32 TexW=384 TexH=384
2026-08-22 01:56:59 [INFO] X=96 Y=160 Src=256,0 - 288,32 TexW=384 TexH=384
2026-08-22 01:56:59 [INFO] X=128 Y=160 Src=288,0 - 320,32 TexW=384 TexH=384
2026-08-22 01:56:59 [INFO] X=160 Y=160 Src=320,0 - 352,32 TexW=384 TexH=384
2026-08-22 01:56:59 [INFO] X=192 Y=160 Src=352,0 - 384,32 TexW=384 TexH=384
2026-08-22 01:56:59 [INFO] X=224 Y=160 Src=256,0 - 288,32 TexW=384 TexH=384
2026-08-22 01:56:59 [INFO] X=256 Y=160 Src=288,0 - 320,32 TexW=384 TexH=384
2026-08-22 01:56:59 [INFO] X=288 Y=160 Src=320,0 - 352,32 TexW=384 TexH=384
2026-08-22 01:56:59 [INFO] X=320 Y=160 Src=352,0 - 384,32 TexW=384 TexH=384
2026-08-22 01:56:59 [INFO] X=352 Y=160 Src=256,0 - 288,32 TexW=384 TexH=384
2026-08-22 01:56:59 [INFO] X=384 Y=160 Src=288,0 - 320,32 TexW=384 TexH=384
2026-08-22 01:56:59 [INFO] X=416 Y=160 Src=320,0 - 352,32 TexW=384 TexH=384
2026-08-22 01:56:59 [INFO] X=448 Y=160 Src=352,0 - 384,32 TexW=384 TexH=384
2026-08-22 01:56:59 [INFO] X=480 Y=160 Src=256,0 - 288,32 TexW=384 TexH=384
2026-08-22 01:56:59 [INFO] X=512 Y=160 Src=288,0 - 320,32 TexW=384 TexH=384
2026-08-22 01:56:59 [INFO] X=544 Y=160 Src=320,0 - 352,32 TexW=384 TexH=384
2026-08-22 01:56:59 [INFO] X=-32 Y=192 Src=256,64 - 288,96 TexW=384 TexH=384
2026-08-22 01:56:59 [INFO] X=0 Y=192 Src=288,64 - 320,96 TexW=384 TexH=384
2026-08-22 01:56:59 [INFO] X=32 Y=192 Src=320,64 - 352,96 TexW=384 TexH=384
2026-08-22 01:56:59 [INFO] X=64 Y=192 Src=352,64 - 384,96 TexW=384 TexH=384
2026-08-22 01:56:59 [INFO] X=96 Y=192 Src=256,64 - 288,96 TexW=384 TexH=384
2026-08-22 01:56:59 [INFO] X=128 Y=192 Src=288,64 - 320,96 TexW=384 TexH=384
2026-08-22 01:56:59 [INFO] X=160 Y=192 Src=320,64 - 352,96 TexW=384 TexH=384
2026-08-22 01:56:59 [INFO] X=192 Y=192 Src=352,64 - 384,96 TexW=384 TexH=384
2026-08-22 01:56:59 [INFO] X=224 Y=192 Src=256,64 - 288,96 TexW=384 TexH=384
2026-08-22 01:56:59 [INFO] X=256 Y=192 Src=288,64 - 320,96 TexW=384 TexH=384
2026-08-22 01:56:59 [INFO] X=288 Y=192 Src=320,64 - 352,96 TexW=384 TexH=384
2026-08-22 01:56:59 [INFO] X=320 Y=192 Src=352,64 - 384,96 TexW=384 TexH=384
2026-08-22 01:56:59 [INFO] X=352 Y=192 Src=256,64 - 288,96 TexW=384 TexH=384
2026-08-22 01:56:59 [INFO] X=384 Y=192 Src=288,64 - 320,96 TexW=384 TexH=384
2026-08-22 01:56:59 [INFO] X=416 Y=192 Src=320,64 - 352,96 TexW=384 TexH=384
2026-08-22 01:56:59 [INFO] X=448 Y=192 Src=352,64 - 384,96 TexW=384 TexH=384
2026-08-22 01:56:59 [INFO] X=480 Y=192 Src=256,64 - 288,96 TexW=384 TexH=384
2026-08-22 01:56:59 [INFO] X=512 Y=192 Src=288,64 - 320,96 TexW=384 TexH=384
2026-08-22 01:56:59 [INFO] X=544 Y=192 Src=320,64 - 352,96 TexW=384 TexH=384
2026-08-22 01:56:59 [INFO] X=-304 Y=-415 Src=0,0 - 64,95 TexW=64 TexH=95
2026-08-22 01:56:59 [INFO] X=-368 Y=-576 Src=0,0 - 256,256 TexW=256 TexH=256
2026-08-22 01:56:59 [INFO] X=-182 Y=-475 Src=0,0 - 77,155 TexW=77 TexH=155
2026-08-22 01:56:59 [INFO] X=-208 Y=-576 Src=0,0 - 256,256 TexW=256 TexH=256
2026-08-22 01:56:59 [INFO] X=48 Y=-320 Src=0,0 - 128,32 TexW=128 TexH=32
2026-08-22 01:56:59 [INFO] X=176 Y=-320 Src=0,0 - 128,32 TexW=128 TexH=32
2026-08-22 01:56:59 [INFO] X=464 Y=-320 Src=0,0 - 128,32 TexW=128 TexH=32
2026-08-22 01:56:59 [INFO] X=592 Y=-320 Src=0,0 - 128,32 TexW=128 TexH=32
2026-08-22 01:56:59 [INFO] X=-176 Y=-512 Src=0,0 - 256,256 TexW=256 TexH=256
2026-08-22 01:56:59 [INFO] X=208 Y=-512 Src=0,0 - 256,256 TexW=256 TexH=256
2026-08-22 01:56:59 [INFO] X=-352 Y=-256 Src=0,0 - 32,32 TexW=64 TexH=32
2026-08-22 01:56:59 [INFO] X=835 Y=-270 Src=0,0 - 26,46 TexW=174 TexH=181
2026-08-22 01:56:59 [INFO] X=-176 Y=-448 Src=0,0 - 256,256 TexW=256 TexH=256
2026-08-22 01:56:59 [INFO] X=48 Y=-224 Src=0,0 - 128,32 TexW=128 TexH=32
2026-08-22 01:56:59 [INFO] X=176 Y=-224 Src=0,0 - 128,32 TexW=128 TexH=32
2026-08-22 01:56:59 [INFO] X=384 Y=-224 Src=608,64 - 640,96 TexW=640 TexH=742
2026-08-22 01:56:59 [INFO] X=480 Y=-224 Src=608,64 - 640,96 TexW=640 TexH=742
2026-08-22 01:56:59 [INFO] X=464 Y=-224 Src=0,0 - 128,32 TexW=128 TexH=32
2026-08-22 01:56:59 [INFO] X=592 Y=-224 Src=0,0 - 128,32 TexW=128 TexH=32
2026-08-22 01:56:59 [INFO] X=-253 Y=-206 Src=0,0 - 26,46 TexW=149 TexH=181
2026-08-22 01:56:59 [INFO] X=163 Y=-206 Src=0,0 - 26,46 TexW=149 TexH=181
2026-08-22 01:56:59 [INFO] X=168 Y=-214 Src=64,0 - 80,16 TexW=708 TexH=202
2026-08-22 01:56:59 [INFO] X=-352 Y=-160 Src=0,0 - 32,32 TexW=64 TexH=32
2026-08-22 01:56:59 [INFO] X=352 Y=-160 Src=608,64 - 640,96 TexW=640 TexH=742
2026-08-22 01:56:59 [INFO] X=480 Y=-160 Src=608,64 - 640,96 TexW=640 TexH=742
2026-08-22 01:56:59 [INFO] X=74 Y=-251 Src=0,0 - 77,155 TexW=77 TexH=155
2026-08-22 01:56:59 [INFO] X=419 Y=-142 Src=0,0 - 26,46 TexW=149 TexH=181
2026-08-22 01:56:59 [INFO] X=424 Y=-150 Src=320,0 - 336,16 TexW=708 TexH=202
2026-08-22 01:56:59 [INFO] X=448 Y=-128 Src=256,96 - 288,128 TexW=640 TexH=742
2026-08-22 01:56:59 [INFO] X=586 Y=-251 Src=0,0 - 77,155 TexW=77 TexH=155
2026-08-22 01:56:59 [INFO] X=-32 Y=-64 Src=608,64 - 640,96 TexW=640 TexH=742
2026-08-22 01:56:59 [INFO] X=448 Y=-64 Src=608,64 - 640,96 TexW=640 TexH=742
2026-08-22 01:56:59 [INFO] X=464 Y=-288 Src=0,0 - 256,256 TexW=256 TexH=256
2026-08-22 01:56:59 [INFO] X=0 Y=0 Src=608,64 - 640,96 TexW=640 TexH=742
2026-08-22 01:56:59 [INFO] X=291 Y=-14 Src=0,0 - 26,46 TexW=149 TexH=181
2026-08-22 01:56:59 [INFO] X=296 Y=-22 Src=256,48 - 272,64 TexW=708 TexH=202
2026-08-22 01:56:59 [INFO] X=736 Y=-64 Src=0,96 - 96,192 TexW=288 TexH=192
2026-08-22 01:56:59 [INFO] X=656 Y=32 Src=0,0 - 64,32 TexW=64 TexH=32
2026-08-22 01:56:59 [INFO] X=867 Y=18 Src=0,0 - 26,46 TexW=149 TexH=181
2026-08-22 01:56:59 [INFO] X=872 Y=10 Src=0,0 - 16,16 TexW=708 TexH=202
2026-08-22 01:56:59 [INFO] X=-349 Y=50 Src=0,0 - 26,46 TexW=149 TexH=181
2026-08-22 01:56:59 [INFO] X=-344 Y=42 Src=384,16 - 400,32 TexW=708 TexH=202
2026-08-22 01:56:59 [INFO] X=-285 Y=50 Src=0,0 - 26,46 TexW=149 TexH=181
2026-08-22 01:56:59 [INFO] X=-280 Y=42 Src=384,16 - 400,32 TexW=708 TexH=202
2026-08-22 01:56:59 [INFO] X=-182 Y=-59 Src=0,0 - 77,155 TexW=77 TexH=155
2026-08-22 01:56:59 [INFO] X=-61 Y=50 Src=0,0 - 26,46 TexW=149 TexH=181
2026-08-22 01:56:59 [INFO] X=-56 Y=42 Src=272,128 - 288,144 TexW=708 TexH=202
2026-08-22 01:56:59 [INFO] X=42 Y=-59 Src=0,0 - 77,155 TexW=77 TexH=155
2026-08-22 01:56:59 [INFO] X=259 Y=178 Src=0,0 - 26,46 TexW=149 TexH=181
2026-08-22 01:56:59 [INFO] X=264 Y=170 Src=128,16 - 144,32 TexW=708 TexH=202
2026-08-22 01:56:59 [INFO] X=611 Y=306 Src=0,0 - 26,46 TexW=149 TexH=181
2026-08-22 01:56:59 [INFO] X=616 Y=298 Src=256,48 - 272,64 TexW=708 TexH=202
2026-08-22 01:56:59 [INFO] X=-368 Y=128 Src=0,0 - 256,256 TexW=256 TexH=256
2026-08-22 01:56:59 [INFO] X=-240 Y=128 Src=0,0 - 256,256 TexW=256 TexH=256
2026-08-22 01:56:59 [INFO] X=-112 Y=128 Src=0,0 - 256,256 TexW=256 TexH=256
2026-08-22 01:56:59 [INFO] X=283 Y=384 Src=1038,512 - 1081,576 TexW=1792 TexH=640
2026-08-22 01:56:59 [INFO] X=443 Y=384 Src=1038,512 - 1081,576 TexW=1792 TexH=640
2026-08-22 01:56:59 [INFO] X=592 Y=192 Src=0,0 - 256,256 TexW=256 TexH=256
2026-08-22 01:56:59 [INFO] X=688 Y=192 Src=0,0 - 256,256 TexW=256 TexH=256
2026-08-22 01:56:59 [INFO] X=323 Y=448 Src=0,0 - 26,96 TexW=234 TexH=97
2026-08-22 01:56:59 [INFO] X=355 Y=498 Src=0,0 - 26,46 TexW=149 TexH=181
2026-08-22 01:56:59 [INFO] X=360 Y=490 Src=384,32 - 400,48 TexW=708 TexH=202
2026-08-22 01:56:59 [INFO] X=384 Y=512 Src=64,672 - 96,704 TexW=640 TexH=742
2026-08-22 01:56:59 [INFO] X=419 Y=448 Src=0,0 - 26,96 TexW=234 TexH=97
2026-08-22 01:56:59 [INFO] X=-368 Y=320 Src=0,0 - 256,256 TexW=256 TexH=256
2026-08-22 01:56:59 [INFO] X=688 Y=384 Src=0,0 - 256,256 TexW=256 TexH=256
2026-08-22 01:56:59 [INFO] X=-368 Y=448 Src=0,0 - 256,256 TexW=256 TexH=256
2026-08-22 01:56:59 [INFO] X=-127 Y=636 Src=0,0 - 30,68 TexW=270 TexH=68
2026-08-22 01:56:59 [INFO] X=-208 Y=448 Src=0,0 - 256,256 TexW=256 TexH=256
2026-08-22 01:56:59 [INFO] X=-285 Y=690 Src=0,0 - 26,46 TexW=149 TexH=181
2026-08-22 01:56:59 [INFO] X=-280 Y=682 Src=64,0 - 80,16 TexW=708 TexH=202
2026-08-22 01:56:59 [INFO] X=-253 Y=690 Src=0,0 - 26,46 TexW=149 TexH=181
2026-08-22 01:56:59 [INFO] X=-248 Y=682 Src=639,64 - 655,80 TexW=708 TexH=202
2026-08-22 01:56:59 [INFO] X=-221 Y=690 Src=0,0 - 26,46 TexW=149 TexH=181
2026-08-22 01:56:59 [INFO] X=-216 Y=682 Src=272,128 - 288,144 TexW=708 TexH=202
2026-08-22 01:56:59 [INFO] X=-32 Y=-32 Src=0,0 - 32,32 TexW=512 TexH=128
2026-08-22 01:56:59 [INFO] X=0 Y=-32 Src=32,0 - 64,32 TexW=512 TexH=128
2026-08-22 01:56:59 [INFO] X=32 Y=-32 Src=64,0 - 96,32 TexW=512 TexH=128
2026-08-22 01:56:59 [INFO] X=32 Y=-32 Src=512,192 - 544,224 TexW=640 TexH=742
2026-08-22 01:56:59 [INFO] X=64 Y=-32 Src=96,0 - 128,32 TexW=512 TexH=128
2026-08-22 01:56:59 [INFO] X=96 Y=-32 Src=0,0 - 32,32 TexW=512 TexH=128
2026-08-22 01:56:59 [INFO] X=128 Y=-32 Src=32,0 - 64,32 TexW=512 TexH=128
2026-08-22 01:56:59 [INFO] X=160 Y=-32 Src=64,0 - 96,32 TexW=512 TexH=128
2026-08-22 01:56:59 [INFO] X=192 Y=-32 Src=96,0 - 128,32 TexW=512 TexH=128
2026-08-22 01:56:59 [INFO] X=224 Y=-32 Src=0,0 - 32,32 TexW=512 TexH=128
2026-08-22 01:56:59 [INFO] X=256 Y=-32 Src=32,0 - 64,32 TexW=512 TexH=128
2026-08-22 01:56:59 [INFO] X=288 Y=-32 Src=64,0 - 96,32 TexW=512 TexH=128
2026-08-22 01:56:59 [INFO] X=320 Y=-32 Src=96,0 - 128,32 TexW=512 TexH=128
2026-08-22 01:56:59 [INFO] X=352 Y=-32 Src=0,0 - 32,32 TexW=512 TexH=128
2026-08-22 01:56:59 [INFO] X=384 Y=-32 Src=32,0 - 64,32 TexW=512 TexH=128
2026-08-22 01:56:59 [INFO] X=362 Y=-58 Src=0,0 - 77,58 TexW=77 TexH=58
2026-08-22 01:56:59 [INFO] X=416 Y=-32 Src=64,0 - 96,32 TexW=512 TexH=128
2026-08-22 01:56:59 [INFO] X=448 Y=-32 Src=96,0 - 128,32 TexW=512 TexH=128
2026-08-22 01:56:59 [INFO] X=480 Y=-32 Src=0,0 - 32,32 TexW=512 TexH=128
2026-08-22 01:56:59 [INFO] X=512 Y=-32 Src=32,0 - 64,32 TexW=512 TexH=128
2026-08-22 01:56:59 [INFO] X=544 Y=-32 Src=64,0 - 96,32 TexW=512 TexH=128
2026-08-22 01:56:59 [INFO] X=-32 Y=0 Src=0,64 - 32,96 TexW=512 TexH=128
2026-08-22 01:56:59 [INFO] X=0 Y=0 Src=32,64 - 64,96 TexW=512 TexH=128
2026-08-22 01:56:59 [INFO] X=32 Y=0 Src=64,64 - 96,96 TexW=512 TexH=128
2026-08-22 01:56:59 [INFO] X=64 Y=0 Src=96,64 - 128,96 TexW=512 TexH=128
2026-08-22 01:56:59 [INFO] X=96 Y=0 Src=0,64 - 32,96 TexW=512 TexH=128
2026-08-22 01:56:59 [INFO] X=128 Y=0 Src=32,64 - 64,96 TexW=512 TexH=128
2026-08-22 01:56:59 [INFO] X=160 Y=0 Src=64,64 - 96,96 TexW=512 TexH=128
2026-08-22 01:56:59 [INFO] X=192 Y=0 Src=96,64 - 128,96 TexW=512 TexH=128
2026-08-22 01:56:59 [INFO] X=224 Y=0 Src=0,64 - 32,96 TexW=512 TexH=128
2026-08-22 01:56:59 [INFO] X=256 Y=0 Src=32,64 - 64,96 TexW=512 TexH=128
2026-08-22 01:56:59 [INFO] X=288 Y=0 Src=64,64 - 96,96 TexW=512 TexH=128
2026-08-22 01:56:59 [INFO] X=320 Y=0 Src=96,64 - 128,96 TexW=512 TexH=128
2026-08-22 01:56:59 [INFO] X=352 Y=0 Src=0,64 - 32,96 TexW=512 TexH=128
2026-08-22 01:56:59 [INFO] X=384 Y=0 Src=32,64 - 64,96 TexW=512 TexH=128
2026-08-22 01:56:59 [INFO] X=416 Y=0 Src=64,64 - 96,96 TexW=512 TexH=128
2026-08-22 01:56:59 [INFO] X=448 Y=0 Src=96,64 - 128,96 TexW=512 TexH=128
2026-08-22 01:56:59 [INFO] X=480 Y=0 Src=0,64 - 32,96 TexW=512 TexH=128
2026-08-22 01:56:59 [INFO] X=512 Y=0 Src=32,64 - 64,96 TexW=512 TexH=128
2026-08-22 01:56:59 [INFO] X=544 Y=0 Src=64,64 - 96,96 TexW=512 TexH=128
2026-08-22 01:56:59 [INFO] X=-32 Y=32 Src=256,0 - 288,32 TexW=384 TexH=384
2026-08-22 01:56:59 [INFO] X=-32 Y=32 Src=128,128 - 160,160 TexW=256 TexH=384
2026-08-22 01:56:59 [INFO] X=0 Y=32 Src=288,0 - 320,32 TexW=384 TexH=384
2026-08-22 01:56:59 [INFO] X=0 Y=32 Src=160,128 - 192,160 TexW=256 TexH=384
2026-08-22 01:56:59 [INFO] X=32 Y=32 Src=320,0 - 352,32 TexW=384 TexH=384
2026-08-22 01:56:59 [INFO] X=32 Y=32 Src=128,128 - 160,160 TexW=256 TexH=384
2026-08-22 01:56:59 [INFO] X=64 Y=32 Src=352,0 - 384,32 TexW=384 TexH=384
2026-08-22 01:56:59 [INFO] X=64 Y=32 Src=160,128 - 192,160 TexW=256 TexH=384
2026-08-22 01:56:59 [INFO] X=96 Y=32 Src=256,0 - 288,32 TexW=384 TexH=384
2026-08-22 01:56:59 [INFO] X=96 Y=32 Src=128,128 - 160,160 TexW=256 TexH=384
2026-08-22 01:56:59 [INFO] X=128 Y=32 Src=288,0 - 320,32 TexW=384 TexH=384
2026-08-22 01:56:59 [INFO] X=128 Y=32 Src=160,128 - 192,160 TexW=256 TexH=384
2026-08-22 01:56:59 [INFO] X=160 Y=32 Src=320,0 - 352,32 TexW=384 TexH=384
2026-08-22 01:56:59 [INFO] X=160 Y=32 Src=128,128 - 160,160 TexW=256 TexH=384
2026-08-22 01:56:59 [INFO] X=192 Y=32 Src=352,0 - 384,32 TexW=384 TexH=384
2026-08-22 01:56:59 [INFO] X=192 Y=32 Src=160,128 - 192,160 TexW=256 TexH=384
2026-08-22 01:56:59 [INFO] X=224 Y=32 Src=256,0 - 288,32 TexW=384 TexH=384
2026-08-22 01:56:59 [INFO] X=224 Y=32 Src=128,128 - 160,160 TexW=256 TexH=384
2026-08-22 01:56:59 [INFO] X=256 Y=32 Src=288,0 - 320,32 TexW=384 TexH=384
2026-08-22 01:56:59 [INFO] X=256 Y=32 Src=160,128 - 192,160 TexW=256 TexH=384
2026-08-22 01:56:59 [INFO] X=288 Y=32 Src=320,0 - 352,32 TexW=384 TexH=384
2026-08-22 01:56:59 [INFO] X=288 Y=32 Src=128,128 - 160,160 TexW=256 TexH=384
2026-08-22 01:56:59 [INFO] X=320 Y=32 Src=352,0 - 384,32 TexW=384 TexH=384
2026-08-22 01:56:59 [INFO] X=320 Y=32 Src=160,128 - 192,160 TexW=256 TexH=384
2026-08-22 01:56:59 [INFO] X=352 Y=32 Src=256,0 - 288,32 TexW=384 TexH=384
2026-08-22 01:56:59 [INFO] X=352 Y=32 Src=128,128 - 160,160 TexW=256 TexH=384
2026-08-22 01:56:59 [INFO] X=384 Y=32 Src=288,0 - 320,32 TexW=384 TexH=384
2026-08-22 01:56:59 [INFO] X=384 Y=32 Src=160,128 - 192,160 TexW=256 TexH=384
2026-08-22 01:56:59 [INFO] X=416 Y=32 Src=320,0 - 352,32 TexW=384 TexH=384
2026-08-22 01:56:59 [INFO] X=416 Y=32 Src=128,128 - 160,160 TexW=256 TexH=384
2026-08-22 01:56:59 [INFO] X=448 Y=32 Src=352,0 - 384,32 TexW=384 TexH=384
2026-08-22 01:56:59 [INFO] X=448 Y=32 Src=160,128 - 192,160 TexW=256 TexH=384
2026-08-22 01:56:59 [INFO] X=480 Y=32 Src=256,0 - 288,32 TexW=384 TexH=384
2026-08-22 01:56:59 [INFO] X=480 Y=32 Src=128,128 - 160,160 TexW=256 TexH=384
2026-08-22 01:56:59 [INFO] X=512 Y=32 Src=288,0 - 320,32 TexW=384 TexH=384
2026-08-22 01:56:59 [INFO] X=512 Y=32 Src=160,128 - 192,160 TexW=256 TexH=384
2026-08-22 01:56:59 [INFO] X=544 Y=32 Src=320,0 - 352,32 TexW=384 TexH=384
2026-08-22 01:56:59 [INFO] X=544 Y=32 Src=128,128 - 160,160 TexW=256 TexH=384
2026-08-22 01:56:59 [INFO] X=-32 Y=64 Src=256,64 - 288,96 TexW=384 TexH=384
2026-08-22 01:56:59 [INFO] X=0 Y=64 Src=288,64 - 320,96 TexW=384 TexH=384
2026-08-22 01:56:59 [INFO] X=32 Y=64 Src=320,64 - 352,96 TexW=384 TexH=384
2026-08-22 01:56:59 [INFO] X=64 Y=64 Src=352,64 - 384,96 TexW=384 TexH=384
2026-08-22 01:56:59 [INFO] X=96 Y=64 Src=256,64 - 288,96 TexW=384 TexH=384
2026-08-22 01:56:59 [INFO] X=128 Y=64 Src=288,64 - 320,96 TexW=384 TexH=384
2026-08-22 01:56:59 [INFO] X=160 Y=64 Src=320,64 - 352,96 TexW=384 TexH=384
2026-08-22 01:56:59 [INFO] X=192 Y=64 Src=352,64 - 384,96 TexW=384 TexH=384
2026-08-22 01:56:59 [INFO] X=224 Y=64 Src=256,64 - 288,96 TexW=384 TexH=384
2026-08-22 01:56:59 [INFO] X=256 Y=64 Src=288,64 - 320,96 TexW=384 TexH=384
2026-08-22 01:56:59 [INFO] X=288 Y=64 Src=320,64 - 352,96 TexW=384 TexH=384
2026-08-22 01:56:59 [INFO] X=320 Y=64 Src=352,64 - 384,96 TexW=384 TexH=384
2026-08-22 01:56:59 [INFO] X=352 Y=64 Src=256,64 - 288,96 TexW=384 TexH=384
2026-08-22 01:56:59 [INFO] X=384 Y=64 Src=288,64 - 320,96 TexW=384 TexH=384
2026-08-22 01:56:59 [INFO] X=416 Y=64 Src=320,64 - 352,96 TexW=384 TexH=384
2026-08-22 01:56:59 [INFO] X=448 Y=64 Src=352,64 - 384,96 TexW=384 TexH=384
2026-08-22 01:56:59 [INFO] X=480 Y=64 Src=256,64 - 288,96 TexW=384 TexH=384
2026-08-22 01:56:59 [INFO] X=512 Y=64 Src=288,64 - 320,96 TexW=384 TexH=384
2026-08-22 01:56:59 [INFO] X=544 Y=64 Src=320,64 - 352,96 TexW=384 TexH=384
2026-08-22 01:56:59 [INFO] X=-32 Y=96 Src=256,0 - 288,32 TexW=384 TexH=384
2026-08-22 01:56:59 [INFO] X=0 Y=96 Src=288,0 - 320,32 TexW=384 TexH=384
2026-08-22 01:56:59 [INFO] X=32 Y=96 Src=320,0 - 352,32 TexW=384 TexH=384
2026-08-22 01:56:59 [INFO] X=64 Y=96 Src=352,0 - 384,32 TexW=384 TexH=384
2026-08-22 01:56:59 [INFO] X=96 Y=96 Src=256,0 - 288,32 TexW=384 TexH=384
2026-08-22 01:56:59 [INFO] X=128 Y=96 Src=288,0 - 320,32 TexW=384 TexH=384
2026-08-22 01:56:59 [INFO] X=160 Y=96 Src=320,0 - 352,32 TexW=384 TexH=384
2026-08-22 01:56:59 [INFO] X=192 Y=96 Src=352,0 - 384,32 TexW=384 TexH=384
2026-08-22 01:56:59 [INFO] X=224 Y=96 Src=256,0 - 288,32 TexW=384 TexH=384
2026-08-22 01:56:59 [INFO] X=256 Y=96 Src=288,0 - 320,32 TexW=384 TexH=384
2026-08-22 01:56:59 [INFO] X=288 Y=96 Src=320,0 - 352,32 TexW=384 TexH=384
2026-08-22 01:56:59 [INFO] X=320 Y=96 Src=352,0 - 384,32 TexW=384 TexH=384
2026-08-22 01:56:59 [INFO] X=352 Y=96 Src=256,0 - 288,32 TexW=384 TexH=384
2026-08-22 01:56:59 [INFO] X=384 Y=96 Src=288,0 - 320,32 TexW=384 TexH=384
2026-08-22 01:56:59 [INFO] X=416 Y=96 Src=320,0 - 352,32 TexW=384 TexH=384
2026-08-22 01:56:59 [INFO] X=448 Y=96 Src=352,0 - 384,32 TexW=384 TexH=384
2026-08-22 01:56:59 [INFO] X=480 Y=96 Src=256,0 - 288,32 TexW=384 TexH=384
2026-08-22 01:57:00 [INFO] X=512 Y=96 Src=288,0 - 320,32 TexW=384 TexH=384
2026-08-22 01:57:00 [INFO] X=544 Y=96 Src=320,0 - 352,32 TexW=384 TexH=384
2026-08-22 01:57:00 [INFO] X=-32 Y=128 Src=256,64 - 288,96 TexW=384 TexH=384
2026-08-22 01:57:00 [INFO] X=0 Y=128 Src=288,64 - 320,96 TexW=384 TexH=384
2026-08-22 01:57:00 [INFO] X=32 Y=128 Src=320,64 - 352,96 TexW=384 TexH=384
2026-08-22 01:57:00 [INFO] X=64 Y=128 Src=352,64 - 384,96 TexW=384 TexH=384
2026-08-22 01:57:00 [INFO] X=96 Y=128 Src=256,64 - 288,96 TexW=384 TexH=384
2026-08-22 01:57:00 [INFO] X=128 Y=128 Src=288,64 - 320,96 TexW=384 TexH=384
2026-08-22 01:57:00 [INFO] X=160 Y=128 Src=320,64 - 352,96 TexW=384 TexH=384
2026-08-22 01:57:00 [INFO] X=192 Y=128 Src=352,64 - 384,96 TexW=384 TexH=384
2026-08-22 01:57:00 [INFO] X=224 Y=128 Src=256,64 - 288,96 TexW=384 TexH=384
2026-08-22 01:57:00 [INFO] X=256 Y=128 Src=288,64 - 320,96 TexW=384 TexH=384
2026-08-22 01:57:00 [INFO] X=288 Y=128 Src=320,64 - 352,96 TexW=384 TexH=384
2026-08-22 01:57:00 [INFO] X=320 Y=128 Src=352,64 - 384,96 TexW=384 TexH=384
2026-08-22 01:57:00 [INFO] X=352 Y=128 Src=256,64 - 288,96 TexW=384 TexH=384
2026-08-22 01:57:00 [INFO] X=384 Y=128 Src=288,64 - 320,96 TexW=384 TexH=384
2026-08-22 01:57:00 [INFO] X=416 Y=128 Src=320,64 - 352,96 TexW=384 TexH=384
2026-08-22 01:57:00 [INFO] X=448 Y=128 Src=352,64 - 384,96 TexW=384 TexH=384
2026-08-22 01:57:00 [INFO] X=480 Y=128 Src=256,64 - 288,96 TexW=384 TexH=384
2026-08-22 01:57:00 [INFO] X=512 Y=128 Src=288,64 - 320,96 TexW=384 TexH=384
2026-08-22 01:57:00 [INFO] X=544 Y=128 Src=320,64 - 352,96 TexW=384 TexH=384
2026-08-22 01:57:00 [INFO] X=-32 Y=160 Src=256,0 - 288,32 TexW=384 TexH=384
2026-08-22 01:57:00 [INFO] X=0 Y=160 Src=288,0 - 320,32 TexW=384 TexH=384
2026-08-22 01:57:00 [INFO] X=32 Y=160 Src=320,0 - 352,32 TexW=384 TexH=384
2026-08-22 01:57:00 [INFO] X=64 Y=160 Src=352,0 - 384,32 TexW=384 TexH=384
2026-08-22 01:57:00 [INFO] X=96 Y=160 Src=256,0 - 288,32 TexW=384 TexH=384
2026-08-22 01:57:00 [INFO] X=128 Y=160 Src=288,0 - 320,32 TexW=384 TexH=384
2026-08-22 01:57:00 [INFO] X=160 Y=160 Src=320,0 - 352,32 TexW=384 TexH=384
2026-08-22 01:57:00 [INFO] X=192 Y=160 Src=352,0 - 384,32 TexW=384 TexH=384
2026-08-22 01:57:00 [INFO] X=224 Y=160 Src=256,0 - 288,32 TexW=384 TexH=384
2026-08-22 01:57:00 [INFO] X=256 Y=160 Src=288,0 - 320,32 TexW=384 TexH=384
2026-08-22 01:57:00 [INFO] X=288 Y=160 Src=320,0 - 352,32 TexW=384 TexH=384
2026-08-22 01:57:00 [INFO] X=320 Y=160 Src=352,0 - 384,32 TexW=384 TexH=384
2026-08-22 01:57:00 [INFO] X=352 Y=160 Src=256,0 - 288,32 TexW=384 TexH=384
2026-08-22 01:57:00 [INFO] X=384 Y=160 Src=288,0 - 320,32 TexW=384 TexH=384
2026-08-22 01:57:00 [INFO] X=416 Y=160 Src=320,0 - 352,32 TexW=384 TexH=384
2026-08-22 01:57:00 [INFO] X=448 Y=160 Src=352,0 - 384,32 TexW=384 TexH=384
2026-08-22 01:57:00 [INFO] X=480 Y=160 Src=256,0 - 288,32 TexW=384 TexH=384
2026-08-22 01:57:00 [INFO] X=512 Y=160 Src=288,0 - 320,32 TexW=384 TexH=384
2026-08-22 01:57:00 [INFO] X=544 Y=160 Src=320,0 - 352,32 TexW=384 TexH=384
2026-08-22 01:57:00 [INFO] X=-32 Y=192 Src=256,64 - 288,96 TexW=384 TexH=384
2026-08-22 01:57:00 [INFO] X=0 Y=192 Src=288,64 - 320,96 TexW=384 TexH=384
2026-08-22 01:57:00 [INFO] X=32 Y=192 Src=320,64 - 352,96 TexW=384 TexH=384
2026-08-22 01:57:00 [INFO] X=64 Y=192 Src=352,64 - 384,96 TexW=384 TexH=384
2026-08-22 01:57:00 [INFO] X=96 Y=192 Src=256,64 - 288,96 TexW=384 TexH=384
2026-08-22 01:57:00 [INFO] X=128 Y=192 Src=288,64 - 320,96 TexW=384 TexH=384
2026-08-22 01:57:00 [INFO] X=160 Y=192 Src=320,64 - 352,96 TexW=384 TexH=384
2026-08-22 01:57:00 [INFO] X=192 Y=192 Src=352,64 - 384,96 TexW=384 TexH=384
2026-08-22 01:57:00 [INFO] X=224 Y=192 Src=256,64 - 288,96 TexW=384 TexH=384
2026-08-22 01:57:00 [INFO] X=256 Y=192 Src=288,64 - 320,96 TexW=384 TexH=384
2026-08-22 01:57:00 [INFO] X=288 Y=192 Src=320,64 - 352,96 TexW=384 TexH=384
2026-08-22 01:57:00 [INFO] X=320 Y=192 Src=352,64 - 384,96 TexW=384 TexH=384
2026-08-22 01:57:00 [INFO] X=352 Y=192 Src=256,64 - 288,96 TexW=384 TexH=384
2026-08-22 01:57:00 [INFO] X=384 Y=192 Src=288,64 - 320,96 TexW=384 TexH=384
2026-08-22 01:57:00 [INFO] X=416 Y=192 Src=320,64 - 352,96 TexW=384 TexH=384
2026-08-22 01:57:00 [INFO] X=448 Y=192 Src=352,64 - 384,96 TexW=384 TexH=384
2026-08-22 01:57:00 [INFO] X=480 Y=192 Src=256,64 - 288,96 TexW=384 TexH=384
2026-08-22 01:57:00 [INFO] X=512 Y=192 Src=288,64 - 320,96 TexW=384 TexH=384
2026-08-22 01:57:00 [INFO] X=544 Y=192 Src=320,64 - 352,96 TexW=384 TexH=384
2026-08-22 01:57:00 [INFO] X=-304 Y=-415 Src=0,0 - 64,95 TexW=64 TexH=95
2026-08-22 01:57:00 [INFO] X=-368 Y=-576 Src=0,0 - 256,256 TexW=256 TexH=256
2026-08-22 01:57:00 [INFO] X=-182 Y=-475 Src=0,0 - 77,155 TexW=77 TexH=155
2026-08-22 01:57:00 [INFO] X=-208 Y=-576 Src=0,0 - 256,256 TexW=256 TexH=256
2026-08-22 01:57:00 [INFO] X=48 Y=-320 Src=0,0 - 128,32 TexW=128 TexH=32
2026-08-22 01:57:00 [INFO] X=176 Y=-320 Src=0,0 - 128,32 TexW=128 TexH=32
2026-08-22 01:57:00 [INFO] X=464 Y=-320 Src=0,0 - 128,32 TexW=128 TexH=32
2026-08-22 01:57:00 [INFO] X=592 Y=-320 Src=0,0 - 128,32 TexW=128 TexH=32
2026-08-22 01:57:00 [INFO] X=-176 Y=-512 Src=0,0 - 256,256 TexW=256 TexH=256
2026-08-22 01:57:00 [INFO] X=208 Y=-512 Src=0,0 - 256,256 TexW=256 TexH=256
2026-08-22 01:57:00 [INFO] X=-352 Y=-256 Src=0,0 - 32,32 TexW=64 TexH=32
2026-08-22 01:57:00 [INFO] X=835 Y=-270 Src=0,0 - 26,46 TexW=174 TexH=181
2026-08-22 01:57:00 [INFO] X=-176 Y=-448 Src=0,0 - 256,256 TexW=256 TexH=256
2026-08-22 01:57:00 [INFO] X=48 Y=-224 Src=0,0 - 128,32 TexW=128 TexH=32
2026-08-22 01:57:00 [INFO] X=176 Y=-224 Src=0,0 - 128,32 TexW=128 TexH=32
2026-08-22 01:57:00 [INFO] X=384 Y=-224 Src=608,64 - 640,96 TexW=640 TexH=742
2026-08-22 01:57:00 [INFO] X=480 Y=-224 Src=608,64 - 640,96 TexW=640 TexH=742
2026-08-22 01:57:00 [INFO] X=464 Y=-224 Src=0,0 - 128,32 TexW=128 TexH=32
2026-08-22 01:57:00 [INFO] X=592 Y=-224 Src=0,0 - 128,32 TexW=128 TexH=32
2026-08-22 01:57:00 [INFO] X=-253 Y=-206 Src=0,0 - 26,46 TexW=149 TexH=181
2026-08-22 01:57:00 [INFO] X=163 Y=-206 Src=0,0 - 26,46 TexW=149 TexH=181
2026-08-22 01:57:00 [INFO] X=168 Y=-214 Src=64,0 - 80,16 TexW=708 TexH=202
2026-08-22 01:57:00 [INFO] X=-352 Y=-160 Src=0,0 - 32,32 TexW=64 TexH=32
2026-08-22 01:57:00 [INFO] X=352 Y=-160 Src=608,64 - 640,96 TexW=640 TexH=742
2026-08-22 01:57:00 [INFO] X=480 Y=-160 Src=608,64 - 640,96 TexW=640 TexH=742
2026-08-22 01:57:00 [INFO] X=74 Y=-251 Src=0,0 - 77,155 TexW=77 TexH=155
2026-08-22 01:57:00 [INFO] X=419 Y=-142 Src=0,0 - 26,46 TexW=149 TexH=181
2026-08-22 01:57:00 [INFO] X=424 Y=-150 Src=320,0 - 336,16 TexW=708 TexH=202
2026-08-22 01:57:00 [INFO] X=448 Y=-128 Src=256,96 - 288,128 TexW=640 TexH=742
2026-08-22 01:57:00 [INFO] X=586 Y=-251 Src=0,0 - 77,155 TexW=77 TexH=155
2026-08-22 01:57:00 [INFO] X=-32 Y=-64 Src=608,64 - 640,96 TexW=640 TexH=742
2026-08-22 01:57:00 [INFO] X=448 Y=-64 Src=608,64 - 640,96 TexW=640 TexH=742
2026-08-22 01:57:00 [INFO] X=464 Y=-288 Src=0,0 - 256,256 TexW=256 TexH=256
2026-08-22 01:57:00 [INFO] X=0 Y=0 Src=608,64 - 640,96 TexW=640 TexH=742
2026-08-22 01:57:00 [INFO] X=291 Y=-14 Src=0,0 - 26,46 TexW=149 TexH=181
2026-08-22 01:57:00 [INFO] X=296 Y=-22 Src=256,48 - 272,64 TexW=708 TexH=202
2026-08-22 01:57:00 [INFO] X=736 Y=-64 Src=0,96 - 96,192 TexW=288 TexH=192
2026-08-22 01:57:00 [INFO] X=656 Y=32 Src=0,0 - 64,32 TexW=64 TexH=32
2026-08-22 01:57:00 [INFO] X=867 Y=18 Src=0,0 - 26,46 TexW=149 TexH=181
2026-08-22 01:57:00 [INFO] X=872 Y=10 Src=0,0 - 16,16 TexW=708 TexH=202
2026-08-22 01:57:00 [INFO] X=-349 Y=50 Src=0,0 - 26,46 TexW=149 TexH=181
2026-08-22 01:57:00 [INFO] X=-344 Y=42 Src=384,16 - 400,32 TexW=708 TexH=202
2026-08-22 01:57:00 [INFO] X=-285 Y=50 Src=0,0 - 26,46 TexW=149 TexH=181
2026-08-22 01:57:00 [INFO] X=-280 Y=42 Src=384,16 - 400,32 TexW=708 TexH=202
2026-08-22 01:57:00 [INFO] X=-182 Y=-59 Src=0,0 - 77,155 TexW=77 TexH=155
2026-08-22 01:57:00 [INFO] X=-61 Y=50 Src=0,0 - 26,46 TexW=149 TexH=181
2026-08-22 01:57:00 [INFO] X=-56 Y=42 Src=272,128 - 288,144 TexW=708 TexH=202
2026-08-22 01:57:00 [INFO] X=42 Y=-59 Src=0,0 - 77,155 TexW=77 TexH=155
2026-08-22 01:57:00 [INFO] X=259 Y=178 Src=0,0 - 26,46 TexW=149 TexH=181
2026-08-22 01:57:00 [INFO] X=264 Y=170 Src=128,16 - 144,32 TexW=708 TexH=202
2026-08-22 01:57:00 [INFO] X=611 Y=306 Src=0,0 - 26,46 TexW=149 TexH=181
2026-08-22 01:57:00 [INFO] X=616 Y=298 Src=256,48 - 272,64 TexW=708 TexH=202
2026-08-22 01:57:00 [INFO] X=-368 Y=128 Src=0,0 - 256,256 TexW=256 TexH=256
2026-08-22 01:57:00 [INFO] X=-240 Y=128 Src=0,0 - 256,256 TexW=256 TexH=256
2026-08-22 01:57:00 [INFO] X=-112 Y=128 Src=0,0 - 256,256 TexW=256 TexH=256
2026-08-22 01:57:00 [INFO] X=283 Y=384 Src=737,512 - 780,576 TexW=1792 TexH=640
2026-08-22 01:57:00 [INFO] X=443 Y=384 Src=737,512 - 780,576 TexW=1792 TexH=640
2026-08-22 01:57:00 [INFO] X=592 Y=192 Src=0,0 - 256,256 TexW=256 TexH=256
2026-08-22 01:57:00 [INFO] X=688 Y=192 Src=0,0 - 256,256 TexW=256 TexH=256
2026-08-22 01:57:00 [INFO] X=323 Y=448 Src=26,0 - 52,96 TexW=234 TexH=97
2026-08-22 01:57:00 [INFO] X=355 Y=498 Src=0,0 - 26,46 TexW=149 TexH=181
2026-08-22 01:57:00 [INFO] X=360 Y=490 Src=384,32 - 400,48 TexW=708 TexH=202
2026-08-22 01:57:00 [INFO] X=384 Y=512 Src=64,672 - 96,704 TexW=640 TexH=742
2026-08-22 01:57:00 [INFO] X=419 Y=448 Src=26,0 - 52,96 TexW=234 TexH=97
2026-08-22 01:57:00 [INFO] X=-368 Y=320 Src=0,0 - 256,256 TexW=256 TexH=256
2026-08-22 01:57:00 [INFO] X=688 Y=384 Src=0,0 - 256,256 TexW=256 TexH=256
2026-08-22 01:57:00 [INFO] X=-368 Y=448 Src=0,0 - 256,256 TexW=256 TexH=256
2026-08-22 01:57:00 [INFO] X=-127 Y=636 Src=30,0 - 60,68 TexW=270 TexH=68
2026-08-22 01:57:00 [INFO] X=-208 Y=448 Src=0,0 - 256,256 TexW=256 TexH=256
2026-08-22 01:57:00 [INFO] X=-285 Y=690 Src=0,0 - 26,46 TexW=149 TexH=181
2026-08-22 01:57:00 [INFO] X=-280 Y=682 Src=64,0 - 80,16 TexW=708 TexH=202
2026-08-22 01:57:00 [INFO] X=-253 Y=690 Src=0,0 - 26,46 TexW=149 TexH=181
2026-08-22 01:57:00 [INFO] X=-248 Y=682 Src=639,64 - 655,80 TexW=708 TexH=202
2026-08-22 01:57:00 [INFO] X=-221 Y=690 Src=0,0 - 26,46 TexW=149 TexH=181
2026-08-22 01:57:00 [INFO] X=-216 Y=682 Src=272,128 - 288,144 TexW=708 TexH=202
2026-08-22 01:57:00 [INFO] X=-32 Y=-32 Src=0,0 - 32,32 TexW=512 TexH=128
2026-08-22 01:57:00 [INFO] X=0 Y=-32 Src=32,0 - 64,32 TexW=512 TexH=128
2026-08-22 01:57:00 [INFO] X=32 Y=-32 Src=64,0 - 96,32 TexW=512 TexH=128
2026-08-22 01:57:00 [INFO] X=32 Y=-32 Src=512,192 - 544,224 TexW=640 TexH=742
2026-08-22 01:57:00 [INFO] X=64 Y=-32 Src=96,0 - 128,32 TexW=512 TexH=128
2026-08-22 01:57:00 [INFO] X=96 Y=-32 Src=0,0 - 32,32 TexW=512 TexH=128
2026-08-22 01:57:00 [INFO] X=128 Y=-32 Src=32,0 - 64,32 TexW=512 TexH=128
2026-08-22 01:57:00 [INFO] X=160 Y=-32 Src=64,0 - 96,32 TexW=512 TexH=128
2026-08-22 01:57:00 [INFO] X=192 Y=-32 Src=96,0 - 128,32 TexW=512 TexH=128
2026-08-22 01:57:00 [INFO] X=224 Y=-32 Src=0,0 - 32,32 TexW=512 TexH=128
2026-08-22 01:57:00 [INFO] X=256 Y=-32 Src=32,0 - 64,32 TexW=512 TexH=128
2026-08-22 01:57:00 [INFO] X=288 Y=-32 Src=64,0 - 96,32 TexW=512 TexH=128
2026-08-22 01:57:00 [INFO] X=320 Y=-32 Src=96,0 - 128,32 TexW=512 TexH=128
2026-08-22 01:57:00 [INFO] X=352 Y=-32 Src=0,0 - 32,32 TexW=512 TexH=128
2026-08-22 01:57:00 [INFO] X=384 Y=-32 Src=32,0 - 64,32 TexW=512 TexH=128
2026-08-22 01:57:00 [INFO] X=362 Y=-58 Src=0,0 - 77,58 TexW=77 TexH=58
2026-08-22 01:57:00 [INFO] X=416 Y=-32 Src=64,0 - 96,32 TexW=512 TexH=128
2026-08-22 01:57:00 [INFO] X=448 Y=-32 Src=96,0 - 128,32 TexW=512 TexH=128
2026-08-22 01:57:00 [INFO] X=480 Y=-32 Src=0,0 - 32,32 TexW=512 TexH=128
2026-08-22 01:57:00 [INFO] X=512 Y=-32 Src=32,0 - 64,32 TexW=512 TexH=128
2026-08-22 01:57:00 [INFO] X=544 Y=-32 Src=64,0 - 96,32 TexW=512 TexH=128
2026-08-22 01:57:00 [INFO] X=-32 Y=0 Src=0,64 - 32,96 TexW=512 TexH=128
2026-08-22 01:57:00 [INFO] X=0 Y=0 Src=32,64 - 64,96 TexW=512 TexH=128
2026-08-22 01:57:00 [INFO] X=32 Y=0 Src=64,64 - 96,96 TexW=512 TexH=128
2026-08-22 01:57:00 [INFO] X=64 Y=0 Src=96,64 - 128,96 TexW=512 TexH=128
2026-08-22 01:57:00 [INFO] X=96 Y=0 Src=0,64 - 32,96 TexW=512 TexH=128
2026-08-22 01:57:00 [INFO] X=128 Y=0 Src=32,64 - 64,96 TexW=512 TexH=128
2026-08-22 01:57:00 [INFO] X=160 Y=0 Src=64,64 - 96,96 TexW=512 TexH=128
2026-08-22 01:57:00 [INFO] X=192 Y=0 Src=96,64 - 128,96 TexW=512 TexH=128
2026-08-22 01:57:00 [INFO] X=224 Y=0 Src=0,64 - 32,96 TexW=512 TexH=128
2026-08-22 01:57:00 [INFO] X=256 Y=0 Src=32,64 - 64,96 TexW=512 TexH=128
2026-08-22 01:57:00 [INFO] X=288 Y=0 Src=64,64 - 96,96 TexW=512 TexH=128
2026-08-22 01:57:00 [INFO] X=320 Y=0 Src=96,64 - 128,96 TexW=512 TexH=128
2026-08-22 01:57:00 [INFO] X=352 Y=0 Src=0,64 - 32,96 TexW=512 TexH=128
2026-08-22 01:57:00 [INFO] X=384 Y=0 Src=32,64 - 64,96 TexW=512 TexH=128
2026-08-22 01:57:00 [INFO] X=416 Y=0 Src=64,64 - 96,96 TexW=512 TexH=128
2026-08-22 01:57:00 [INFO] X=448 Y=0 Src=96,64 - 128,96 TexW=512 TexH=128
2026-08-22 01:57:00 [INFO] X=480 Y=0 Src=0,64 - 32,96 TexW=512 TexH=128
2026-08-22 01:57:00 [INFO] X=512 Y=0 Src=32,64 - 64,96 TexW=512 TexH=128
2026-08-22 01:57:00 [INFO] X=544 Y=0 Src=64,64 - 96,96 TexW=512 TexH=128
2026-08-22 01:57:00 [INFO] X=-32 Y=32 Src=0,128 - 32,160 TexW=384 TexH=384
2026-08-22 01:57:00 [INFO] X=-32 Y=32 Src=128,128 - 160,160 TexW=256 TexH=384
2026-08-22 01:57:00 [INFO] X=0 Y=32 Src=32,128 - 64,160 TexW=384 TexH=384
2026-08-22 01:57:00 [INFO] X=0 Y=32 Src=160,128 - 192,160 TexW=256 TexH=384
2026-08-22 01:57:00 [INFO] X=32 Y=32 Src=64,128 - 96,160 TexW=384 TexH=384
2026-08-22 01:57:00 [INFO] X=32 Y=32 Src=128,128 - 160,160 TexW=256 TexH=384
2026-08-22 01:57:00 [INFO] X=64 Y=32 Src=96,128 - 128,160 TexW=384 TexH=384
2026-08-22 01:57:00 [INFO] X=64 Y=32 Src=160,128 - 192,160 TexW=256 TexH=384
2026-08-22 01:57:00 [INFO] X=96 Y=32 Src=0,128 - 32,160 TexW=384 TexH=384
2026-08-22 01:57:00 [INFO] X=96 Y=32 Src=128,128 - 160,160 TexW=256 TexH=384
2026-08-22 01:57:00 [INFO] X=128 Y=32 Src=32,128 - 64,160 TexW=384 TexH=384
2026-08-22 01:57:00 [INFO] X=128 Y=32 Src=160,128 - 192,160 TexW=256 TexH=384
2026-08-22 01:57:00 [INFO] X=160 Y=32 Src=64,128 - 96,160 TexW=384 TexH=384
2026-08-22 01:57:00 [INFO] X=160 Y=32 Src=128,128 - 160,160 TexW=256 TexH=384
2026-08-22 01:57:00 [INFO] X=192 Y=32 Src=96,128 - 128,160 TexW=384 TexH=384
2026-08-22 01:57:00 [INFO] X=192 Y=32 Src=160,128 - 192,160 TexW=256 TexH=384
2026-08-22 01:57:00 [INFO] X=224 Y=32 Src=0,128 - 32,160 TexW=384 TexH=384
2026-08-22 01:57:00 [INFO] X=224 Y=32 Src=128,128 - 160,160 TexW=256 TexH=384
2026-08-22 01:57:00 [INFO] X=256 Y=32 Src=32,128 - 64,160 TexW=384 TexH=384
2026-08-22 01:57:00 [INFO] X=256 Y=32 Src=160,128 - 192,160 TexW=256 TexH=384
2026-08-22 01:57:00 [INFO] X=288 Y=32 Src=64,128 - 96,160 TexW=384 TexH=384
2026-08-22 01:57:00 [INFO] X=288 Y=32 Src=128,128 - 160,160 TexW=256 TexH=384
2026-08-22 01:57:00 [INFO] X=320 Y=32 Src=96,128 - 128,160 TexW=384 TexH=384
2026-08-22 01:57:00 [INFO] X=320 Y=32 Src=160,128 - 192,160 TexW=256 TexH=384
2026-08-22 01:57:00 [INFO] X=352 Y=32 Src=0,128 - 32,160 TexW=384 TexH=384
2026-08-22 01:57:00 [INFO] X=352 Y=32 Src=128,128 - 160,160 TexW=256 TexH=384
2026-08-22 01:57:00 [INFO] X=384 Y=32 Src=32,128 - 64,160 TexW=384 TexH=384
2026-08-22 01:57:00 [INFO] X=384 Y=32 Src=160,128 - 192,160 TexW=256 TexH=384
2026-08-22 01:57:00 [INFO] X=416 Y=32 Src=64,128 - 96,160 TexW=384 TexH=384
2026-08-22 01:57:00 [INFO] X=416 Y=32 Src=128,128 - 160,160 TexW=256 TexH=384
2026-08-22 01:57:00 [INFO] X=448 Y=32 Src=96,128 - 128,160 TexW=384 TexH=384
2026-08-22 01:57:00 [INFO] X=448 Y=32 Src=160,128 - 192,160 TexW=256 TexH=384
2026-08-22 01:57:00 [INFO] X=480 Y=32 Src=0,128 - 32,160 TexW=384 TexH=384
2026-08-22 01:57:00 [INFO] X=480 Y=32 Src=128,128 - 160,160 TexW=256 TexH=384
2026-08-22 01:57:00 [INFO] X=512 Y=32 Src=32,128 - 64,160 TexW=384 TexH=384
2026-08-22 01:57:00 [INFO] X=512 Y=32 Src=160,128 - 192,160 TexW=256 TexH=384
2026-08-22 01:57:00 [INFO] X=544 Y=32 Src=64,128 - 96,160 TexW=384 TexH=384
2026-08-22 01:57:00 [INFO] X=544 Y=32 Src=128,128 - 160,160 TexW=256 TexH=384
2026-08-22 01:57:00 [INFO] X=-32 Y=64 Src=0,192 - 32,224 TexW=384 TexH=384
2026-08-22 01:57:00 [INFO] X=0 Y=64 Src=32,192 - 64,224 TexW=384 TexH=384
2026-08-22 01:57:01 [INFO] X=32 Y=64 Src=64,192 - 96,224 TexW=384 TexH=384
2026-08-22 01:57:01 [INFO] X=64 Y=64 Src=96,192 - 128,224 TexW=384 TexH=384
2026-08-22 01:57:01 [INFO] X=96 Y=64 Src=0,192 - 32,224 TexW=384 TexH=384
2026-08-22 01:57:01 [INFO] X=128 Y=64 Src=32,192 - 64,224 TexW=384 TexH=384
2026-08-22 01:57:01 [INFO] X=160 Y=64 Src=64,192 - 96,224 TexW=384 TexH=384
2026-08-22 01:57:01 [INFO] X=192 Y=64 Src=96,192 - 128,224 TexW=384 TexH=384
2026-08-22 01:57:01 [INFO] X=224 Y=64 Src=0,192 - 32,224 TexW=384 TexH=384
2026-08-22 01:57:01 [INFO] X=256 Y=64 Src=32,192 - 64,224 TexW=384 TexH=384
2026-08-22 01:57:01 [INFO] X=288 Y=64 Src=64,192 - 96,224 TexW=384 TexH=384
2026-08-22 01:57:01 [INFO] X=320 Y=64 Src=96,192 - 128,224 TexW=384 TexH=384
2026-08-22 01:57:01 [INFO] X=352 Y=64 Src=0,192 - 32,224 TexW=384 TexH=384
2026-08-22 01:57:01 [INFO] X=384 Y=64 Src=32,192 - 64,224 TexW=384 TexH=384
2026-08-22 01:57:01 [INFO] X=416 Y=64 Src=64,192 - 96,224 TexW=384 TexH=384
2026-08-22 01:57:01 [INFO] X=448 Y=64 Src=96,192 - 128,224 TexW=384 TexH=384
2026-08-22 01:57:01 [INFO] X=480 Y=64 Src=0,192 - 32,224 TexW=384 TexH=384
2026-08-22 01:57:01 [INFO] X=512 Y=64 Src=32,192 - 64,224 TexW=384 TexH=384
2026-08-22 01:57:01 [INFO] X=544 Y=64 Src=64,192 - 96,224 TexW=384 TexH=384
2026-08-22 01:57:01 [INFO] X=-32 Y=96 Src=0,128 - 32,160 TexW=384 TexH=384
2026-08-22 01:57:01 [INFO] X=0 Y=96 Src=32,128 - 64,160 TexW=384 TexH=384
2026-08-22 01:57:01 [INFO] X=32 Y=96 Src=64,128 - 96,160 TexW=384 TexH=384
2026-08-22 01:57:01 [INFO] X=64 Y=96 Src=96,128 - 128,160 TexW=384 TexH=384
2026-08-22 01:57:02 [INFO] X=96 Y=96 Src=0,128 - 32,160 TexW=384 TexH=384
2026-08-22 01:57:02 [INFO] X=128 Y=96 Src=32,128 - 64,160 TexW=384 TexH=384
2026-08-22 01:57:02 [INFO] X=160 Y=96 Src=64,128 - 96,160 TexW=384 TexH=384
2026-08-22 01:57:02 [INFO] X=192 Y=96 Src=96,128 - 128,160 TexW=384 TexH=384
2026-08-22 01:57:02 [INFO] X=224 Y=96 Src=0,128 - 32,160 TexW=384 TexH=384
2026-08-22 01:57:02 [INFO] X=256 Y=96 Src=32,128 - 64,160 TexW=384 TexH=384
2026-08-22 01:57:02 [INFO] X=288 Y=96 Src=64,128 - 96,160 TexW=384 TexH=384
2026-08-22 01:57:02 [INFO] X=320 Y=96 Src=96,128 - 128,160 TexW=384 TexH=384
2026-08-22 01:57:02 [INFO] X=352 Y=96 Src=0,128 - 32,160 TexW=384 TexH=384
2026-08-22 01:57:02 [INFO] X=384 Y=96 Src=32,128 - 64,160 TexW=384 TexH=384
2026-08-22 01:57:03 [INFO] X=416 Y=96 Src=64,128 - 96,160 TexW=384 TexH=384
2026-08-22 01:57:03 [INFO] X=448 Y=96 Src=96,128 - 128,160 TexW=384 TexH=384
2026-08-22 01:57:03 [INFO] X=480 Y=96 Src=0,128 - 32,160 TexW=384 TexH=384
2026-08-22 01:57:03 [INFO] X=512 Y=96 Src=32,128 - 64,160 TexW=384 TexH=384
2026-08-22 01:57:03 [INFO] X=544 Y=96 Src=64,128 - 96,160 TexW=384 TexH=384
2026-08-22 01:57:03 [INFO] X=-32 Y=128 Src=0,192 - 32,224 TexW=384 TexH=384
2026-08-22 01:57:03 [INFO] X=0 Y=128 Src=32,192 - 64,224 TexW=384 TexH=384
2026-08-22 01:57:03 [INFO] X=32 Y=128 Src=64,192 - 96,224 TexW=384 TexH=384
2026-08-22 01:57:03 [INFO] X=64 Y=128 Src=96,192 - 128,224 TexW=384 TexH=384
2026-08-22 01:57:03 [INFO] X=96 Y=128 Src=0,192 - 32,224 TexW=384 TexH=384
2026-08-22 01:57:03 [INFO] X=128 Y=128 Src=32,192 - 64,224 TexW=384 TexH=384
2026-08-22 01:57:03 [INFO] X=160 Y=128 Src=64,192 - 96,224 TexW=384 TexH=384
2026-08-22 01:57:03 [INFO] X=192 Y=128 Src=96,192 - 128,224 TexW=384 TexH=384
2026-08-22 01:57:03 [INFO] X=224 Y=128 Src=0,192 - 32,224 TexW=384 TexH=384
2026-08-22 01:57:03 [INFO] X=256 Y=128 Src=32,192 - 64,224 TexW=384 TexH=384
2026-08-22 01:57:03 [INFO] X=288 Y=128 Src=64,192 - 96,224 TexW=384 TexH=384
2026-08-22 01:57:03 [INFO] X=320 Y=128 Src=96,192 - 128,224 TexW=384 TexH=384
2026-08-22 01:57:03 [INFO] X=352 Y=128 Src=0,192 - 32,224 TexW=384 TexH=384
2026-08-22 01:57:03 [INFO] X=384 Y=128 Src=32,192 - 64,224 TexW=384 TexH=384
2026-08-22 01:57:03 [INFO] X=416 Y=128 Src=64,192 - 96,224 TexW=384 TexH=384
2026-08-22 01:57:03 [INFO] X=448 Y=128 Src=96,192 - 128,224 TexW=384 TexH=384
2026-08-22 01:57:03 [INFO] X=480 Y=128 Src=0,192 - 32,224 TexW=384 TexH=384
2026-08-22 01:57:03 [INFO] X=512 Y=128 Src=32,192 - 64,224 TexW=384 TexH=384
2026-08-22 01:57:03 [INFO] X=544 Y=128 Src=64,192 - 96,224 TexW=384 TexH=384
2026-08-22 01:57:03 [INFO] X=-32 Y=160 Src=0,128 - 32,160 TexW=384 TexH=384
2026-08-22 01:57:03 [INFO] X=0 Y=160 Src=32,128 - 64,160 TexW=384 TexH=384
2026-08-22 01:57:03 [INFO] X=32 Y=160 Src=64,128 - 96,160 TexW=384 TexH=384
2026-08-22 01:57:03 [INFO] X=64 Y=160 Src=96,128 - 128,160 TexW=384 TexH=384
2026-08-22 01:57:03 [INFO] X=96 Y=160 Src=0,128 - 32,160 TexW=384 TexH=384
2026-08-22 01:57:03 [INFO] X=128 Y=160 Src=32,128 - 64,160 TexW=384 TexH=384
2026-08-22 01:57:03 [INFO] X=160 Y=160 Src=64,128 - 96,160 TexW=384 TexH=384
2026-08-22 01:57:03 [INFO] X=192 Y=160 Src=96,128 - 128,160 TexW=384 TexH=384
2026-08-22 01:57:04 [INFO] X=224 Y=160 Src=0,128 - 32,160 TexW=384 TexH=384
2026-08-22 01:57:04 [INFO] X=256 Y=160 Src=32,128 - 64,160 TexW=384 TexH=384
2026-08-22 01:57:04 [INFO] X=288 Y=160 Src=64,128 - 96,160 TexW=384 TexH=384
2026-08-22 01:57:04 [INFO] X=320 Y=160 Src=96,128 - 128,160 TexW=384 TexH=384
2026-08-22 01:57:04 [INFO] X=352 Y=160 Src=0,128 - 32,160 TexW=384 TexH=384
2026-08-22 01:57:04 [INFO] X=384 Y=160 Src=32,128 - 64,160 TexW=384 TexH=384
2026-08-22 01:57:04 [INFO] X=416 Y=160 Src=64,128 - 96,160 TexW=384 TexH=384
2026-08-22 01:57:04 [INFO] X=448 Y=160 Src=96,128 - 128,160 TexW=384 TexH=384
2026-08-22 01:57:04 [INFO] X=480 Y=160 Src=0,128 - 32,160 TexW=384 TexH=384
2026-08-22 01:57:04 [INFO] X=512 Y=160 Src=32,128 - 64,160 TexW=384 TexH=384
2026-08-22 01:57:04 [INFO] X=544 Y=160 Src=64,128 - 96,160 TexW=384 TexH=384
2026-08-22 01:57:04 [INFO] X=-32 Y=192 Src=0,192 - 32,224 TexW=384 TexH=384
2026-08-22 01:57:04 [INFO] X=0 Y=192 Src=32,192 - 64,224 TexW=384 TexH=384
2026-08-22 01:57:04 [INFO] X=32 Y=192 Src=64,192 - 96,224 TexW=384 TexH=384
2026-08-22 01:57:04 [INFO] X=64 Y=192 Src=96,192 - 128,224 TexW=384 TexH=384
2026-08-22 01:57:04 [INFO] X=96 Y=192 Src=0,192 - 32,224 TexW=384 TexH=384
2026-08-22 01:57:04 [INFO] X=128 Y=192 Src=32,192 - 64,224 TexW=384 TexH=384
2026-08-22 01:57:04 [INFO] X=160 Y=192 Src=64,192 - 96,224 TexW=384 TexH=384
2026-08-22 01:57:04 [INFO] X=192 Y=192 Src=96,192 - 128,224 TexW=384 TexH=384
2026-08-22 01:57:04 [INFO] X=224 Y=192 Src=0,192 - 32,224 TexW=384 TexH=384
2026-08-22 01:57:04 [INFO] X=256 Y=192 Src=32,192 - 64,224 TexW=384 TexH=384
2026-08-22 01:57:04 [INFO] X=288 Y=192 Src=64,192 - 96,224 TexW=384 TexH=384
2026-08-22 01:57:04 [INFO] X=320 Y=192 Src=96,192 - 128,224 TexW=384 TexH=384
2026-08-22 01:57:04 [INFO] X=352 Y=192 Src=0,192 - 32,224 TexW=384 TexH=384
2026-08-22 01:57:04 [INFO] X=384 Y=192 Src=32,192 - 64,224 TexW=384 TexH=384
2026-08-22 01:57:04 [INFO] X=416 Y=192 Src=64,192 - 96,224 TexW=384 TexH=384
2026-08-22 01:57:04 [INFO] X=448 Y=192 Src=96,192 - 128,224 TexW=384 TexH=384
2026-08-22 01:57:04 [INFO] X=480 Y=192 Src=0,192 - 32,224 TexW=384 TexH=384
2026-08-22 01:57:04 [INFO] X=512 Y=192 Src=32,192 - 64,224 TexW=384 TexH=384
2026-08-22 01:57:04 [INFO] X=544 Y=192 Src=64,192 - 96,224 TexW=384 TexH=384
2026-08-22 01:57:04 [INFO] X=-304 Y=-415 Src=0,0 - 64,95 TexW=64 TexH=95
2026-08-22 01:57:04 [INFO] X=-368 Y=-576 Src=0,0 - 256,256 TexW=256 TexH=256
2026-08-22 01:57:04 [INFO] X=-182 Y=-475 Src=0,0 - 77,155 TexW=77 TexH=155
2026-08-22 01:57:04 [INFO] X=-208 Y=-576 Src=0,0 - 256,256 TexW=256 TexH=256
2026-08-22 01:57:04 [INFO] X=48 Y=-320 Src=0,0 - 128,32 TexW=128 TexH=32
2026-08-22 01:57:04 [INFO] X=176 Y=-320 Src=0,0 - 128,32 TexW=128 TexH=32
2026-08-22 01:57:04 [INFO] X=464 Y=-320 Src=0,0 - 128,32 TexW=128 TexH=32
2026-08-22 01:57:04 [INFO] X=592 Y=-320 Src=0,0 - 128,32 TexW=128 TexH=32
2026-08-22 01:57:04 [INFO] X=-176 Y=-512 Src=0,0 - 256,256 TexW=256 TexH=256
2026-08-22 01:57:04 [INFO] X=208 Y=-512 Src=0,0 - 256,256 TexW=256 TexH=256
2026-08-22 01:57:04 [INFO] X=-352 Y=-256 Src=0,0 - 32,32 TexW=64 TexH=32
2026-08-22 01:57:04 [INFO] X=835 Y=-270 Src=0,0 - 26,46 TexW=174 TexH=181
2026-08-22 01:57:04 [INFO] X=-176 Y=-448 Src=0,0 - 256,256 TexW=256 TexH=256
2026-08-22 01:57:04 [INFO] X=48 Y=-224 Src=0,0 - 128,32 TexW=128 TexH=32
2026-08-22 01:57:04 [INFO] X=176 Y=-224 Src=0,0 - 128,32 TexW=128 TexH=32
2026-08-22 01:57:04 [INFO] X=384 Y=-224 Src=608,64 - 640,96 TexW=640 TexH=742
2026-08-22 01:57:04 [INFO] X=480 Y=-224 Src=608,64 - 640,96 TexW=640 TexH=742
2026-08-22 01:57:04 [INFO] X=464 Y=-224 Src=0,0 - 128,32 TexW=128 TexH=32
2026-08-22 01:57:04 [INFO] X=592 Y=-224 Src=0,0 - 128,32 TexW=128 TexH=32
2026-08-22 01:57:04 [INFO] X=-253 Y=-206 Src=0,0 - 26,46 TexW=149 TexH=181
2026-08-22 01:57:04 [INFO] X=163 Y=-206 Src=0,0 - 26,46 TexW=149 TexH=181
2026-08-22 01:57:04 [INFO] X=168 Y=-214 Src=64,0 - 80,16 TexW=708 TexH=202
2026-08-22 01:57:04 [INFO] X=-352 Y=-160 Src=0,0 - 32,32 TexW=64 TexH=32
2026-08-22 01:57:04 [INFO] X=352 Y=-160 Src=608,64 - 640,96 TexW=640 TexH=742
2026-08-22 01:57:04 [INFO] X=480 Y=-160 Src=608,64 - 640,96 TexW=640 TexH=742
2026-08-22 01:57:04 [INFO] X=74 Y=-251 Src=0,0 - 77,155 TexW=77 TexH=155
2026-08-22 01:57:04 [INFO] X=419 Y=-142 Src=0,0 - 26,46 TexW=149 TexH=181
2026-08-22 01:57:04 [INFO] X=424 Y=-150 Src=320,0 - 336,16 TexW=708 TexH=202
2026-08-22 01:57:04 [INFO] X=448 Y=-128 Src=256,96 - 288,128 TexW=640 TexH=742
2026-08-22 01:57:04 [INFO] X=586 Y=-251 Src=0,0 - 77,155 TexW=77 TexH=155
2026-08-22 01:57:04 [INFO] X=-32 Y=-64 Src=608,64 - 640,96 TexW=640 TexH=742
2026-08-22 01:57:04 [INFO] X=448 Y=-64 Src=608,64 - 640,96 TexW=640 TexH=742
2026-08-22 01:57:04 [INFO] X=464 Y=-288 Src=0,0 - 256,256 TexW=256 TexH=256
2026-08-22 01:57:04 [INFO] X=0 Y=0 Src=608,64 - 640,96 TexW=640 TexH=742
2026-08-22 01:57:04 [INFO] X=291 Y=-14 Src=0,0 - 26,46 TexW=149 TexH=181
2026-08-22 01:57:04 [INFO] X=296 Y=-22 Src=256,48 - 272,64 TexW=708 TexH=202
2026-08-22 01:57:04 [INFO] X=736 Y=-64 Src=0,96 - 96,192 TexW=288 TexH=192
2026-08-22 01:57:04 [INFO] X=656 Y=32 Src=0,0 - 64,32 TexW=64 TexH=32
2026-08-22 01:57:04 [INFO] X=867 Y=18 Src=0,0 - 26,46 TexW=149 TexH=181
2026-08-22 01:57:04 [INFO] X=872 Y=10 Src=0,0 - 16,16 TexW=708 TexH=202
2026-08-22 01:57:04 [INFO] X=-349 Y=50 Src=0,0 - 26,46 TexW=149 TexH=181
2026-08-22 01:57:04 [INFO] X=-344 Y=42 Src=384,16 - 400,32 TexW=708 TexH=202
2026-08-22 01:57:04 [INFO] X=-285 Y=50 Src=0,0 - 26,46 TexW=149 TexH=181
2026-08-22 01:57:04 [INFO] X=-280 Y=42 Src=384,16 - 400,32 TexW=708 TexH=202
2026-08-22 01:57:04 [INFO] X=-182 Y=-59 Src=0,0 - 77,155 TexW=77 TexH=155
2026-08-22 01:57:04 [INFO] X=-61 Y=50 Src=0,0 - 26,46 TexW=149 TexH=181
2026-08-22 01:57:04 [INFO] X=-56 Y=42 Src=272,128 - 288,144 TexW=708 TexH=202
2026-08-22 01:57:04 [INFO] X=42 Y=-59 Src=0,0 - 77,155 TexW=77 TexH=155
2026-08-22 01:57:04 [INFO] X=259 Y=178 Src=0,0 - 26,46 TexW=149 TexH=181
2026-08-22 01:57:04 [INFO] X=264 Y=170 Src=128,16 - 144,32 TexW=708 TexH=202
2026-08-22 01:57:04 [INFO] X=611 Y=306 Src=0,0 - 26,46 TexW=149 TexH=181
2026-08-22 01:57:04 [INFO] X=616 Y=298 Src=256,48 - 272,64 TexW=708 TexH=202
2026-08-22 01:57:04 [INFO] X=-368 Y=128 Src=0,0 - 256,256 TexW=256 TexH=256
2026-08-22 01:57:04 [INFO] X=-240 Y=128 Src=0,0 - 256,256 TexW=256 TexH=256
2026-08-22 01:57:04 [INFO] X=-112 Y=128 Src=0,0 - 256,256 TexW=256 TexH=256
2026-08-22 01:57:04 [INFO] X=283 Y=384 Src=823,512 - 866,576 TexW=1792 TexH=640
2026-08-22 01:57:04 [INFO] X=443 Y=384 Src=823,512 - 866,576 TexW=1792 TexH=640
2026-08-22 01:57:04 [INFO] X=592 Y=192 Src=0,0 - 256,256 TexW=256 TexH=256
2026-08-22 01:57:04 [INFO] X=688 Y=192 Src=0,0 - 256,256 TexW=256 TexH=256
2026-08-22 01:57:04 [INFO] X=323 Y=448 Src=78,0 - 104,96 TexW=234 TexH=97
2026-08-22 01:57:04 [INFO] X=355 Y=498 Src=0,0 - 26,46 TexW=149 TexH=181
2026-08-22 01:57:04 [INFO] X=360 Y=490 Src=384,32 - 400,48 TexW=708 TexH=202
2026-08-22 01:57:04 [INFO] X=384 Y=512 Src=64,672 - 96,704 TexW=640 TexH=742
2026-08-22 01:57:04 [INFO] X=419 Y=448 Src=78,0 - 104,96 TexW=234 TexH=97
2026-08-22 01:57:04 [INFO] X=-368 Y=320 Src=0,0 - 256,256 TexW=256 TexH=256
2026-08-22 01:57:04 [INFO] X=688 Y=384 Src=0,0 - 256,256 TexW=256 TexH=256
2026-08-22 01:57:04 [INFO] X=-368 Y=448 Src=0,0 - 256,256 TexW=256 TexH=256
2026-08-22 01:57:04 [INFO] X=-127 Y=636 Src=90,0 - 120,68 TexW=270 TexH=68
2026-08-22 01:57:04 [INFO] X=-208 Y=448 Src=0,0 - 256,256 TexW=256 TexH=256
2026-08-22 01:57:04 [INFO] X=-285 Y=690 Src=0,0 - 26,46 TexW=149 TexH=181
2026-08-22 01:57:04 [INFO] X=-280 Y=682 Src=64,0 - 80,16 TexW=708 TexH=202
2026-08-22 01:57:04 [INFO] X=-253 Y=690 Src=0,0 - 26,46 TexW=149 TexH=181
2026-08-22 01:57:04 [INFO] X=-248 Y=682 Src=639,64 - 655,80 TexW=708 TexH=202
2026-08-22 01:57:04 [INFO] X=-221 Y=690 Src=0,0 - 26,46 TexW=149 TexH=181
2026-08-22 01:57:04 [INFO] X=-216 Y=682 Src=272,128 - 288,144 TexW=708 TexH=202
2026-08-22 01:57:04 [INFO] X=-32 Y=-32 Src=0,0 - 32,32 TexW=512 TexH=128
2026-08-22 01:57:04 [INFO] X=0 Y=-32 Src=32,0 - 64,32 TexW=512 TexH=128
2026-08-22 01:57:04 [INFO] X=32 Y=-32 Src=64,0 - 96,32 TexW=512 TexH=128
2026-08-22 01:57:04 [INFO] X=32 Y=-32 Src=512,192 - 544,224 TexW=640 TexH=742
2026-08-22 01:57:04 [INFO] X=64 Y=-32 Src=96,0 - 128,32 TexW=512 TexH=128
2026-08-22 01:57:04 [INFO] X=96 Y=-32 Src=0,0 - 32,32 TexW=512 TexH=128
2026-08-22 01:57:04 [INFO] X=128 Y=-32 Src=32,0 - 64,32 TexW=512 TexH=128
2026-08-22 01:57:04 [INFO] X=160 Y=-32 Src=64,0 - 96,32 TexW=512 TexH=128
2026-08-22 01:57:04 [INFO] X=192 Y=-32 Src=96,0 - 128,32 TexW=512 TexH=128
2026-08-22 01:57:04 [INFO] X=224 Y=-32 Src=0,0 - 32,32 TexW=512 TexH=128
2026-08-22 01:57:04 [INFO] X=256 Y=-32 Src=32,0 - 64,32 TexW=512 TexH=128
2026-08-22 01:57:04 [INFO] X=288 Y=-32 Src=64,0 - 96,32 TexW=512 TexH=128
2026-08-22 01:57:04 [INFO] X=320 Y=-32 Src=96,0 - 128,32 TexW=512 TexH=128
2026-08-22 01:57:04 [INFO] X=352 Y=-32 Src=0,0 - 32,32 TexW=512 TexH=128
2026-08-22 01:57:04 [INFO] X=384 Y=-32 Src=32,0 - 64,32 TexW=512 TexH=128
2026-08-22 01:57:04 [INFO] X=362 Y=-58 Src=0,0 - 77,58 TexW=77 TexH=58
2026-08-22 01:57:04 [INFO] X=416 Y=-32 Src=64,0 - 96,32 TexW=512 TexH=128
2026-08-22 01:57:04 [INFO] X=448 Y=-32 Src=96,0 - 128,32 TexW=512 TexH=128
2026-08-22 01:57:04 [INFO] X=480 Y=-32 Src=0,0 - 32,32 TexW=512 TexH=128
2026-08-22 01:57:04 [INFO] X=512 Y=-32 Src=32,0 - 64,32 TexW=512 TexH=128
2026-08-22 01:57:04 [INFO] X=544 Y=-32 Src=64,0 - 96,32 TexW=512 TexH=128
2026-08-22 01:57:04 [INFO] X=-32 Y=0 Src=0,64 - 32,96 TexW=512 TexH=128
2026-08-22 01:57:04 [INFO] X=0 Y=0 Src=32,64 - 64,96 TexW=512 TexH=128
2026-08-22 01:57:04 [INFO] X=32 Y=0 Src=64,64 - 96,96 TexW=512 TexH=128
2026-08-22 01:57:04 [INFO] X=64 Y=0 Src=96,64 - 128,96 TexW=512 TexH=128
2026-08-22 01:57:04 [INFO] X=96 Y=0 Src=0,64 - 32,96 TexW=512 TexH=128
2026-08-22 01:57:04 [INFO] X=128 Y=0 Src=32,64 - 64,96 TexW=512 TexH=128
2026-08-22 01:57:04 [INFO] X=160 Y=0 Src=64,64 - 96,96 TexW=512 TexH=128
2026-08-22 01:57:04 [INFO] X=192 Y=0 Src=96,64 - 128,96 TexW=512 TexH=128
2026-08-22 01:57:04 [INFO] X=224 Y=0 Src=0,64 - 32,96 TexW=512 TexH=128
2026-08-22 01:57:04 [INFO] X=256 Y=0 Src=32,64 - 64,96 TexW=512 TexH=128
2026-08-22 01:57:04 [INFO] X=288 Y=0 Src=64,64 - 96,96 TexW=512 TexH=128
2026-08-22 01:57:04 [INFO] X=320 Y=0 Src=96,64 - 128,96 TexW=512 TexH=128
2026-08-22 01:57:04 [INFO] X=352 Y=0 Src=0,64 - 32,96 TexW=512 TexH=128
2026-08-22 01:57:04 [INFO] X=384 Y=0 Src=32,64 - 64,96 TexW=512 TexH=128
2026-08-22 01:57:04 [INFO] X=416 Y=0 Src=64,64 - 96,96 TexW=512 TexH=128
2026-08-22 01:57:04 [INFO] X=448 Y=0 Src=96,64 - 128,96 TexW=512 TexH=128
2026-08-22 01:57:04 [INFO] X=480 Y=0 Src=0,64 - 32,96 TexW=512 TexH=128
2026-08-22 01:57:04 [INFO] X=512 Y=0 Src=32,64 - 64,96 TexW=512 TexH=128
2026-08-22 01:57:04 [INFO] X=544 Y=0 Src=64,64 - 96,96 TexW=512 TexH=128
2026-08-22 01:57:04 [INFO] X=-32 Y=32 Src=0,128 - 32,160 TexW=384 TexH=384
2026-08-22 01:57:04 [INFO] X=-32 Y=32 Src=128,128 - 160,160 TexW=256 TexH=384
2026-08-22 01:57:04 [INFO] X=0 Y=32 Src=32,128 - 64,160 TexW=384 TexH=384
2026-08-22 01:57:04 [INFO] X=0 Y=32 Src=160,128 - 192,160 TexW=256 TexH=384
2026-08-22 01:57:04 [INFO] X=32 Y=32 Src=64,128 - 96,160 TexW=384 TexH=384
2026-08-22 01:57:04 [INFO] X=32 Y=32 Src=128,128 - 160,160 TexW=256 TexH=384
2026-08-22 01:57:04 [INFO] X=64 Y=32 Src=96,128 - 128,160 TexW=384 TexH=384
2026-08-22 01:57:04 [INFO] X=64 Y=32 Src=160,128 - 192,160 TexW=256 TexH=384
2026-08-22 01:57:04 [INFO] X=96 Y=32 Src=0,128 - 32,160 TexW=384 TexH=384
2026-08-22 01:57:04 [INFO] X=96 Y=32 Src=128,128 - 160,160 TexW=256 TexH=384
2026-08-22 01:57:04 [INFO] X=128 Y=32 Src=32,128 - 64,160 TexW=384 TexH=384
2026-08-22 01:57:04 [INFO] X=128 Y=32 Src=160,128 - 192,160 TexW=256 TexH=384
2026-08-22 01:57:04 [INFO] X=160 Y=32 Src=64,128 - 96,160 TexW=384 TexH=384
2026-08-22 01:57:04 [INFO] X=160 Y=32 Src=128,128 - 160,160 TexW=256 TexH=384
2026-08-22 01:57:04 [INFO] X=192 Y=32 Src=96,128 - 128,160 TexW=384 TexH=384
2026-08-22 01:57:04 [INFO] X=192 Y=32 Src=160,128 - 192,160 TexW=256 TexH=384
2026-08-22 01:57:04 [INFO] X=224 Y=32 Src=0,128 - 32,160 TexW=384 TexH=384
2026-08-22 01:57:04 [INFO] X=224 Y=32 Src=128,128 - 160,160 TexW=256 TexH=384
2026-08-22 01:57:04 [INFO] X=256 Y=32 Src=32,128 - 64,160 TexW=384 TexH=384
2026-08-22 01:57:04 [INFO] X=256 Y=32 Src=160,128 - 192,160 TexW=256 TexH=384
2026-08-22 01:57:04 [INFO] X=288 Y=32 Src=64,128 - 96,160 TexW=384 TexH=384
2026-08-22 01:57:04 [INFO] X=288 Y=32 Src=128,128 - 160,160 TexW=256 TexH=384
2026-08-22 01:57:04 [INFO] X=320 Y=32 Src=96,128 - 128,160 TexW=384 TexH=384
2026-08-22 01:57:04 [INFO] X=320 Y=32 Src=160,128 - 192,160 TexW=256 TexH=384
2026-08-22 01:57:04 [INFO] X=352 Y=32 Src=0,128 - 32,160 TexW=384 TexH=384
2026-08-22 01:57:04 [INFO] X=352 Y=32 Src=128,128 - 160,160 TexW=256 TexH=384
2026-08-22 01:57:04 [INFO] X=384 Y=32 Src=32,128 - 64,160 TexW=384 TexH=384
2026-08-22 01:57:04 [INFO] X=384 Y=32 Src=160,128 - 192,160 TexW=256 TexH=384
2026-08-22 01:57:04 [INFO] X=416 Y=32 Src=64,128 - 96,160 TexW=384 TexH=384
2026-08-22 01:57:04 [INFO] X=416 Y=32 Src=128,128 - 160,160 TexW=256 TexH=384
2026-08-22 01:57:04 [INFO] X=448 Y=32 Src=96,128 - 128,160 TexW=384 TexH=384
2026-08-22 01:57:04 [INFO] X=448 Y=32 Src=160,128 - 192,160 TexW=256 TexH=384
2026-08-22 01:57:04 [INFO] X=480 Y=32 Src=0,128 - 32,160 TexW=384 TexH=384
2026-08-22 01:57:04 [INFO] X=480 Y=32 Src=128,128 - 160,160 TexW=256 TexH=384
2026-08-22 01:57:04 [INFO] X=512 Y=32 Src=32,128 - 64,160 TexW=384 TexH=384
2026-08-22 01:57:04 [INFO] X=512 Y=32 Src=160,128 - 192,160 TexW=256 TexH=384
2026-08-22 01:57:04 [INFO] X=544 Y=32 Src=64,128 - 96,160 TexW=384 TexH=384
2026-08-22 01:57:04 [INFO] X=544 Y=32 Src=128,128 - 160,160 TexW=256 TexH=384
2026-08-22 01:57:04 [INFO] X=-32 Y=64 Src=0,192 - 32,224 TexW=384 TexH=384
2026-08-22 01:57:04 [INFO] X=0 Y=64 Src=32,192 - 64,224 TexW=384 TexH=384
2026-08-22 01:57:04 [INFO] X=32 Y=64 Src=64,192 - 96,224 TexW=384 TexH=384
2026-08-22 01:57:04 [INFO] X=64 Y=64 Src=96,192 - 128,224 TexW=384 TexH=384
2026-08-22 01:57:04 [INFO] X=96 Y=64 Src=0,192 - 32,224 TexW=384 TexH=384
2026-08-22 01:57:04 [INFO] X=128 Y=64 Src=32,192 - 64,224 TexW=384 TexH=384
2026-08-22 01:57:04 [INFO] X=160 Y=64 Src=64,192 - 96,224 TexW=384 TexH=384
2026-08-22 01:57:04 [INFO] X=192 Y=64 Src=96,192 - 128,224 TexW=384 TexH=384
2026-08-22 01:57:04 [INFO] X=224 Y=64 Src=0,192 - 32,224 TexW=384 TexH=384
2026-08-22 01:57:04 [INFO] X=256 Y=64 Src=32,192 - 64,224 TexW=384 TexH=384
2026-08-22 01:57:04 [INFO] X=288 Y=64 Src=64,192 - 96,224 TexW=384 TexH=384
2026-08-22 01:57:04 [INFO] X=320 Y=64 Src=96,192 - 128,224 TexW=384 TexH=384
2026-08-22 01:57:04 [INFO] X=352 Y=64 Src=0,192 - 32,224 TexW=384 TexH=384
2026-08-22 01:57:04 [INFO] X=384 Y=64 Src=32,192 - 64,224 TexW=384 TexH=384
2026-08-22 01:57:04 [INFO] X=416 Y=64 Src=64,192 - 96,224 TexW=384 TexH=384
2026-08-22 01:57:04 [INFO] X=448 Y=64 Src=96,192 - 128,224 TexW=384 TexH=384
2026-08-22 01:57:04 [INFO] X=480 Y=64 Src=0,192 - 32,224 TexW=384 TexH=384
2026-08-22 01:57:04 [INFO] X=512 Y=64 Src=32,192 - 64,224 TexW=384 TexH=384
2026-08-22 01:57:04 [INFO] X=544 Y=64 Src=64,192 - 96,224 TexW=384 TexH=384
2026-08-22 01:57:04 [INFO] X=-32 Y=96 Src=0,128 - 32,160 TexW=384 TexH=384
2026-08-22 01:57:04 [INFO] X=0 Y=96 Src=32,128 - 64,160 TexW=384 TexH=384
2026-08-22 01:57:04 [INFO] X=32 Y=96 Src=64,128 - 96,160 TexW=384 TexH=384
2026-08-22 01:57:04 [INFO] X=64 Y=96 Src=96,128 - 128,160 TexW=384 TexH=384
2026-08-22 01:57:04 [INFO] X=96 Y=96 Src=0,128 - 32,160 TexW=384 TexH=384
2026-08-22 01:57:04 [INFO] X=128 Y=96 Src=32,128 - 64,160 TexW=384 TexH=384
2026-08-22 01:57:04 [INFO] X=160 Y=96 Src=64,128 - 96,160 TexW=384 TexH=384
2026-08-22 01:57:04 [INFO] X=192 Y=96 Src=96,128 - 128,160 TexW=384 TexH=384
2026-08-22 01:57:04 [INFO] X=224 Y=96 Src=0,128 - 32,160 TexW=384 TexH=384
2026-08-22 01:57:04 [INFO] X=256 Y=96 Src=32,128 - 64,160 TexW=384 TexH=384
2026-08-22 01:57:04 [INFO] X=288 Y=96 Src=64,128 - 96,160 TexW=384 TexH=384
2026-08-22 01:57:04 [INFO] X=320 Y=96 Src=96,128 - 128,160 TexW=384 TexH=384
2026-08-22 01:57:04 [INFO] X=352 Y=96 Src=0,128 - 32,160 TexW=384 TexH=384
2026-08-22 01:57:04 [INFO] X=384 Y=96 Src=32,128 - 64,160 TexW=384 TexH=384
2026-08-22 01:57:04 [INFO] X=416 Y=96 Src=64,128 - 96,160 TexW=384 TexH=384
2026-08-22 01:57:04 [INFO] X=448 Y=96 Src=96,128 - 128,160 TexW=384 TexH=384
2026-08-22 01:57:04 [INFO] X=480 Y=96 Src=0,128 - 32,160 TexW=384 TexH=384
2026-08-22 01:57:04 [INFO] X=512 Y=96 Src=32,128 - 64,160 TexW=384 TexH=384
2026-08-22 01:57:04 [INFO] X=544 Y=96 Src=64,128 - 96,160 TexW=384 TexH=384
2026-08-22 01:57:04 [INFO] X=-32 Y=128 Src=0,192 - 32,224 TexW=384 TexH=384
2026-08-22 01:57:04 [INFO] X=0 Y=128 Src=32,192 - 64,224 TexW=384 TexH=384
2026-08-22 01:57:04 [INFO] X=32 Y=128 Src=64,192 - 96,224 TexW=384 TexH=384
2026-08-22 01:57:04 [INFO] X=64 Y=128 Src=96,192 - 128,224 TexW=384 TexH=384
2026-08-22 01:57:04 [INFO] X=96 Y=128 Src=0,192 - 32,224 TexW=384 TexH=384
2026-08-22 01:57:04 [INFO] X=128 Y=128 Src=32,192 - 64,224 TexW=384 TexH=384
2026-08-22 01:57:04 [INFO] X=160 Y=128 Src=64,192 - 96,224 TexW=384 TexH=384
2026-08-22 01:57:04 [INFO] X=192 Y=128 Src=96,192 - 128,224 TexW=384 TexH=384
2026-08-22 01:57:04 [INFO] X=224 Y=128 Src=0,192 - 32,224 TexW=384 TexH=384
2026-08-22 01:57:04 [INFO] X=256 Y=128 Src=32,192 - 64,224 TexW=384 TexH=384
2026-08-22 01:57:04 [INFO] X=288 Y=128 Src=64,192 - 96,224 TexW=384 TexH=384
2026-08-22 01:57:04 [INFO] X=320 Y=128 Src=96,192 - 128,224 TexW=384 TexH=384
2026-08-22 01:57:04 [INFO] X=352 Y=128 Src=0,192 - 32,224 TexW=384 TexH=384
2026-08-22 01:57:04 [INFO] X=384 Y=128 Src=32,192 - 64,224 TexW=384 TexH=384
2026-08-22 01:57:04 [INFO] X=416 Y=128 Src=64,192 - 96,224 TexW=384 TexH=384
2026-08-22 01:57:04 [INFO] X=448 Y=128 Src=96,192 - 128,224 TexW=384 TexH=384
2026-08-22 01:57:04 [INFO] X=480 Y=128 Src=0,192 - 32,224 TexW=384 TexH=384
2026-08-22 01:57:04 [INFO] X=512 Y=128 Src=32,192 - 64,224 TexW=384 TexH=384
2026-08-22 01:57:04 [INFO] X=544 Y=128 Src=64,192 - 96,224 TexW=384 TexH=384
2026-08-22 01:57:04 [INFO] X=-32 Y=160 Src=0,128 - 32,160 TexW=384 TexH=384
2026-08-22 01:57:04 [INFO] X=0 Y=160 Src=32,128 - 64,160 TexW=384 TexH=384
2026-08-22 01:57:04 [INFO] X=32 Y=160 Src=64,128 - 96,160 TexW=384 TexH=384
2026-08-22 01:57:04 [INFO] X=64 Y=160 Src=96,128 - 128,160 TexW=384 TexH=384
2026-08-22 01:57:04 [INFO] X=96 Y=160 Src=0,128 - 32,160 TexW=384 TexH=384
2026-08-22 01:57:04 [INFO] X=128 Y=160 Src=32,128 - 64,160 TexW=384 TexH=384
2026-08-22 01:57:04 [INFO] X=160 Y=160 Src=64,128 - 96,160 TexW=384 TexH=384
2026-08-22 01:57:04 [INFO] X=192 Y=160 Src=96,128 - 128,160 TexW=384 TexH=384
2026-08-22 01:57:04 [INFO] X=224 Y=160 Src=0,128 - 32,160 TexW=384 TexH=384
2026-08-22 01:57:04 [INFO] X=256 Y=160 Src=32,128 - 64,160 TexW=384 TexH=384
2026-08-22 01:57:04 [INFO] X=288 Y=160 Src=64,128 - 96,160 TexW=384 TexH=384
2026-08-22 01:57:04 [INFO] X=320 Y=160 Src=96,128 - 128,160 TexW=384 TexH=384
2026-08-22 01:57:04 [INFO] X=352 Y=160 Src=0,128 - 32,160 TexW=384 TexH=384
2026-08-22 01:57:04 [INFO] X=384 Y=160 Src=32,128 - 64,160 TexW=384 TexH=384
2026-08-22 01:57:04 [INFO] X=416 Y=160 Src=64,128 - 96,160 TexW=384 TexH=384
2026-08-22 01:57:04 [INFO] X=448 Y=160 Src=96,128 - 128,160 TexW=384 TexH=384
2026-08-22 01:57:04 [INFO] X=480 Y=160 Src=0,128 - 32,160 TexW=384 TexH=384
2026-08-22 01:57:04 [INFO] X=512 Y=160 Src=32,128 - 64,160 TexW=384 TexH=384
2026-08-22 01:57:04 [INFO] X=544 Y=160 Src=64,128 - 96,160 TexW=384 TexH=384
2026-08-22 01:57:04 [INFO] X=-32 Y=192 Src=0,192 - 32,224 TexW=384 TexH=384
2026-08-22 01:57:04 [INFO] X=0 Y=192 Src=32,192 - 64,224 TexW=384 TexH=384
2026-08-22 01:57:04 [INFO] X=32 Y=192 Src=64,192 - 96,224 TexW=384 TexH=384
2026-08-22 01:57:04 [INFO] X=64 Y=192 Src=96,192 - 128,224 TexW=384 TexH=384
2026-08-22 01:57:04 [INFO] X=96 Y=192 Src=0,192 - 32,224 TexW=384 TexH=384
2026-08-22 01:57:04 [INFO] X=128 Y=192 Src=32,192 - 64,224 TexW=384 TexH=384
2026-08-22 01:57:04 [INFO] X=160 Y=192 Src=64,192 - 96,224 TexW=384 TexH=384
2026-08-22 01:57:04 [INFO] X=192 Y=192 Src=96,192 - 128,224 TexW=384 TexH=384
2026-08-22 01:57:04 [INFO] X=224 Y=192 Src=0,192 - 32,224 TexW=384 TexH=384
2026-08-22 01:57:04 [INFO] X=256 Y=192 Src=32,192 - 64,224 TexW=384 TexH=384
2026-08-22 01:57:04 [INFO] X=288 Y=192 Src=64,192 - 96,224 TexW=384 TexH=384
2026-08-22 01:57:04 [INFO] X=320 Y=192 Src=96,192 - 128,224 TexW=384 TexH=384
2026-08-22 01:57:04 [INFO] X=352 Y=192 Src=0,192 - 32,224 TexW=384 TexH=384
2026-08-22 01:57:04 [INFO] X=384 Y=192 Src=32,192 - 64,224 TexW=384 TexH=384
2026-08-22 01:57:04 [INFO] X=416 Y=192 Src=64,192 - 96,224 TexW=384 TexH=384
2026-08-22 01:57:04 [INFO] X=448 Y=192 Src=96,192 - 128,224 TexW=384 TexH=384
2026-08-22 01:57:04 [INFO] X=480 Y=192 Src=0,192 - 32,224 TexW=384 TexH=384
2026-08-22 01:57:04 [INFO] X=512 Y=192 Src=32,192 - 64,224 TexW=384 TexH=384
2026-08-22 01:57:04 [INFO] X=544 Y=192 Src=64,192 - 96,224 TexW=384 TexH=384
2026-08-22 01:57:05 [INFO] X=-304 Y=-415 Src=0,0 - 64,95 TexW=64 TexH=95
2026-08-22 01:57:05 [INFO] X=-368 Y=-576 Src=0,0 - 256,256 TexW=256 TexH=256
2026-08-22 01:57:05 [INFO] X=-182 Y=-475 Src=0,0 - 77,155 TexW=77 TexH=155
2026-08-22 01:57:05 [INFO] X=-208 Y=-576 Src=0,0 - 256,256 TexW=256 TexH=256
2026-08-22 01:57:05 [INFO] X=48 Y=-320 Src=0,0 - 128,32 TexW=128 TexH=32
2026-08-22 01:57:05 [INFO] X=176 Y=-320 Src=0,0 - 128,32 TexW=128 TexH=32
2026-08-22 01:57:05 [INFO] X=464 Y=-320 Src=0,0 - 128,32 TexW=128 TexH=32
2026-08-22 01:57:05 [INFO] X=592 Y=-320 Src=0,0 - 128,32 TexW=128 TexH=32
2026-08-22 01:57:05 [INFO] X=-176 Y=-512 Src=0,0 - 256,256 TexW=256 TexH=256
2026-08-22 01:57:05 [INFO] X=208 Y=-512 Src=0,0 - 256,256 TexW=256 TexH=256
2026-08-22 01:57:05 [INFO] X=-352 Y=-256 Src=0,0 - 32,32 TexW=64 TexH=32
2026-08-22 01:57:05 [INFO] X=835 Y=-270 Src=0,0 - 26,46 TexW=174 TexH=181
2026-08-22 01:57:05 [INFO] X=-176 Y=-448 Src=0,0 - 256,256 TexW=256 TexH=256
2026-08-22 01:57:05 [INFO] X=48 Y=-224 Src=0,0 - 128,32 TexW=128 TexH=32
2026-08-22 01:57:05 [INFO] X=176 Y=-224 Src=0,0 - 128,32 TexW=128 TexH=32
2026-08-22 01:57:05 [INFO] X=384 Y=-224 Src=608,64 - 640,96 TexW=640 TexH=742
2026-08-22 01:57:05 [INFO] X=480 Y=-224 Src=608,64 - 640,96 TexW=640 TexH=742
2026-08-22 01:57:05 [INFO] X=464 Y=-224 Src=0,0 - 128,32 TexW=128 TexH=32
2026-08-22 01:57:05 [INFO] X=592 Y=-224 Src=0,0 - 128,32 TexW=128 TexH=32
2026-08-22 01:57:05 [INFO] X=-253 Y=-206 Src=0,0 - 26,46 TexW=149 TexH=181
2026-08-22 01:57:05 [INFO] X=163 Y=-206 Src=0,0 - 26,46 TexW=149 TexH=181
2026-08-22 01:57:05 [INFO] X=168 Y=-214 Src=64,0 - 80,16 TexW=708 TexH=202
2026-08-22 01:57:05 [INFO] X=-352 Y=-160 Src=0,0 - 32,32 TexW=64 TexH=32
2026-08-22 01:57:05 [INFO] X=352 Y=-160 Src=608,64 - 640,96 TexW=640 TexH=742
2026-08-22 01:57:05 [INFO] X=480 Y=-160 Src=608,64 - 640,96 TexW=640 TexH=742
2026-08-22 01:57:05 [INFO] X=74 Y=-251 Src=0,0 - 77,155 TexW=77 TexH=155
2026-08-22 01:57:05 [INFO] X=419 Y=-142 Src=0,0 - 26,46 TexW=149 TexH=181
2026-08-22 01:57:05 [INFO] X=424 Y=-150 Src=320,0 - 336,16 TexW=708 TexH=202
2026-08-22 01:57:05 [INFO] X=448 Y=-128 Src=256,96 - 288,128 TexW=640 TexH=742
2026-08-22 01:57:05 [INFO] X=586 Y=-251 Src=0,0 - 77,155 TexW=77 TexH=155
2026-08-22 01:57:05 [INFO] X=-32 Y=-64 Src=608,64 - 640,96 TexW=640 TexH=742
2026-08-22 01:57:05 [INFO] X=448 Y=-64 Src=608,64 - 640,96 TexW=640 TexH=742
2026-08-22 01:57:05 [INFO] X=464 Y=-288 Src=0,0 - 256,256 TexW=256 TexH=256
2026-08-22 01:57:05 [INFO] X=0 Y=0 Src=608,64 - 640,96 TexW=640 TexH=742
2026-08-22 01:57:05 [INFO] X=291 Y=-14 Src=0,0 - 26,46 TexW=149 TexH=181
2026-08-22 01:57:05 [INFO] X=296 Y=-22 Src=256,48 - 272,64 TexW=708 TexH=202
2026-08-22 01:57:05 [INFO] X=736 Y=-64 Src=0,96 - 96,192 TexW=288 TexH=192
2026-08-22 01:57:05 [INFO] X=656 Y=32 Src=0,0 - 64,32 TexW=64 TexH=32
2026-08-22 01:57:05 [INFO] X=867 Y=18 Src=0,0 - 26,46 TexW=149 TexH=181
2026-08-22 01:57:05 [INFO] X=872 Y=10 Src=0,0 - 16,16 TexW=708 TexH=202
2026-08-22 01:57:05 [INFO] X=-349 Y=50 Src=0,0 - 26,46 TexW=149 TexH=181
2026-08-22 01:57:05 [INFO] X=-344 Y=42 Src=384,16 - 400,32 TexW=708 TexH=202
2026-08-22 01:57:05 [INFO] X=-285 Y=50 Src=0,0 - 26,46 TexW=149 TexH=181
2026-08-22 01:57:05 [INFO] X=-280 Y=42 Src=384,16 - 400,32 TexW=708 TexH=202
2026-08-22 01:57:05 [INFO] X=-182 Y=-59 Src=0,0 - 77,155 TexW=77 TexH=155
2026-08-22 01:57:05 [INFO] X=-61 Y=50 Src=0,0 - 26,46 TexW=149 TexH=181
2026-08-22 01:57:05 [INFO] X=-56 Y=42 Src=272,128 - 288,144 TexW=708 TexH=202
2026-08-22 01:57:05 [INFO] X=42 Y=-59 Src=0,0 - 77,155 TexW=77 TexH=155
2026-08-22 01:57:05 [INFO] X=259 Y=178 Src=0,0 - 26,46 TexW=149 TexH=181
2026-08-22 01:57:05 [INFO] X=264 Y=170 Src=128,16 - 144,32 TexW=708 TexH=202
2026-08-22 01:57:05 [INFO] X=611 Y=306 Src=0,0 - 26,46 TexW=149 TexH=181
2026-08-22 01:57:05 [INFO] X=616 Y=298 Src=256,48 - 272,64 TexW=708 TexH=202
2026-08-22 01:57:05 [INFO] X=-368 Y=128 Src=0,0 - 256,256 TexW=256 TexH=256
2026-08-22 01:57:05 [INFO] X=-240 Y=128 Src=0,0 - 256,256 TexW=256 TexH=256
2026-08-22 01:57:05 [INFO] X=-112 Y=128 Src=0,0 - 256,256 TexW=256 TexH=256
2026-08-22 01:57:05 [INFO] X=283 Y=384 Src=737,512 - 780,576 TexW=1792 TexH=640
2026-08-22 01:57:05 [INFO] X=443 Y=384 Src=737,512 - 780,576 TexW=1792 TexH=640
2026-08-22 01:57:05 [INFO] X=592 Y=192 Src=0,0 - 256,256 TexW=256 TexH=256
2026-08-22 01:57:05 [INFO] X=688 Y=192 Src=0,0 - 256,256 TexW=256 TexH=256
2026-08-22 01:57:05 [INFO] X=323 Y=448 Src=26,0 - 52,96 TexW=234 TexH=97
2026-08-22 01:57:05 [INFO] X=355 Y=498 Src=0,0 - 26,46 TexW=149 TexH=181
2026-08-22 01:57:05 [INFO] X=360 Y=490 Src=384,32 - 400,48 TexW=708 TexH=202
2026-08-22 01:57:05 [INFO] X=384 Y=512 Src=64,672 - 96,704 TexW=640 TexH=742
2026-08-22 01:57:05 [INFO] X=419 Y=448 Src=26,0 - 52,96 TexW=234 TexH=97
2026-08-22 01:57:05 [INFO] X=-368 Y=320 Src=0,0 - 256,256 TexW=256 TexH=256
2026-08-22 01:57:05 [INFO] X=688 Y=384 Src=0,0 - 256,256 TexW=256 TexH=256
2026-08-22 01:57:05 [INFO] X=-368 Y=448 Src=0,0 - 256,256 TexW=256 TexH=256
2026-08-22 01:57:05 [INFO] X=-127 Y=636 Src=30,0 - 60,68 TexW=270 TexH=68
2026-08-22 01:57:05 [INFO] X=-208 Y=448 Src=0,0 - 256,256 TexW=256 TexH=256
2026-08-22 01:57:05 [INFO] X=-285 Y=690 Src=0,0 - 26,46 TexW=149 TexH=181
2026-08-22 01:57:05 [INFO] X=-280 Y=682 Src=64,0 - 80,16 TexW=708 TexH=202
2026-08-22 01:57:05 [INFO] X=-253 Y=690 Src=0,0 - 26,46 TexW=149 TexH=181
2026-08-22 01:57:05 [INFO] X=-248 Y=682 Src=639,64 - 655,80 TexW=708 TexH=202
2026-08-22 01:57:05 [INFO] X=-221 Y=690 Src=0,0 - 26,46 TexW=149 TexH=181
2026-08-22 01:57:05 [INFO] X=-216 Y=682 Src=272,128 - 288,144 TexW=708 TexH=202
2026-08-22 01:57:05 [INFO] X=-32 Y=-32 Src=0,0 - 32,32 TexW=512 TexH=128
2026-08-22 01:57:05 [INFO] X=0 Y=-32 Src=32,0 - 64,32 TexW=512 TexH=128
2026-08-22 01:57:05 [INFO] X=32 Y=-32 Src=64,0 - 96,32 TexW=512 TexH=128
2026-08-22 01:57:05 [INFO] X=32 Y=-32 Src=512,192 - 544,224 TexW=640 TexH=742
2026-08-22 01:57:05 [INFO] X=64 Y=-32 Src=96,0 - 128,32 TexW=512 TexH=128
2026-08-22 01:57:05 [INFO] X=96 Y=-32 Src=0,0 - 32,32 TexW=512 TexH=128
2026-08-22 01:57:05 [INFO] X=128 Y=-32 Src=32,0 - 64,32 TexW=512 TexH=128
2026-08-22 01:57:05 [INFO] X=160 Y=-32 Src=64,0 - 96,32 TexW=512 TexH=128
2026-08-22 01:57:05 [INFO] X=192 Y=-32 Src=96,0 - 128,32 TexW=512 TexH=128
2026-08-22 01:57:05 [INFO] X=224 Y=-32 Src=0,0 - 32,32 TexW=512 TexH=128
2026-08-22 01:57:05 [INFO] X=256 Y=-32 Src=32,0 - 64,32 TexW=512 TexH=128
2026-08-22 01:57:05 [INFO] X=288 Y=-32 Src=64,0 - 96,32 TexW=512 TexH=128
2026-08-22 01:57:05 [INFO] X=320 Y=-32 Src=96,0 - 128,32 TexW=512 TexH=128
2026-08-22 01:57:05 [INFO] X=352 Y=-32 Src=0,0 - 32,32 TexW=512 TexH=128
2026-08-22 01:57:05 [INFO] X=384 Y=-32 Src=32,0 - 64,32 TexW=512 TexH=128
2026-08-22 01:57:05 [INFO] X=362 Y=-58 Src=0,0 - 77,58 TexW=77 TexH=58
2026-08-22 01:57:05 [INFO] X=416 Y=-32 Src=64,0 - 96,32 TexW=512 TexH=128
2026-08-22 01:57:05 [INFO] X=448 Y=-32 Src=96,0 - 128,32 TexW=512 TexH=128
2026-08-22 01:57:05 [INFO] X=480 Y=-32 Src=0,0 - 32,32 TexW=512 TexH=128
2026-08-22 01:57:05 [INFO] X=512 Y=-32 Src=32,0 - 64,32 TexW=512 TexH=128
2026-08-22 01:57:05 [INFO] X=544 Y=-32 Src=64,0 - 96,32 TexW=512 TexH=128
2026-08-22 01:57:05 [INFO] X=-32 Y=0 Src=0,64 - 32,96 TexW=512 TexH=128
2026-08-22 01:57:05 [INFO] X=0 Y=0 Src=32,64 - 64,96 TexW=512 TexH=128
2026-08-22 01:57:05 [INFO] X=32 Y=0 Src=64,64 - 96,96 TexW=512 TexH=128
2026-08-22 01:57:05 [INFO] X=64 Y=0 Src=96,64 - 128,96 TexW=512 TexH=128
2026-08-22 01:57:05 [INFO] X=96 Y=0 Src=0,64 - 32,96 TexW=512 TexH=128
2026-08-22 01:57:05 [INFO] X=128 Y=0 Src=32,64 - 64,96 TexW=512 TexH=128
2026-08-22 01:57:05 [INFO] X=160 Y=0 Src=64,64 - 96,96 TexW=512 TexH=128
2026-08-22 01:57:05 [INFO] X=192 Y=0 Src=96,64 - 128,96 TexW=512 TexH=128
2026-08-22 01:57:05 [INFO] X=224 Y=0 Src=0,64 - 32,96 TexW=512 TexH=128
2026-08-22 01:57:05 [INFO] X=256 Y=0 Src=32,64 - 64,96 TexW=512 TexH=128
2026-08-22 01:57:05 [INFO] X=288 Y=0 Src=64,64 - 96,96 TexW=512 TexH=128
2026-08-22 01:57:05 [INFO] X=320 Y=0 Src=96,64 - 128,96 TexW=512 TexH=128
2026-08-22 01:57:05 [INFO] X=352 Y=0 Src=0,64 - 32,96 TexW=512 TexH=128
2026-08-22 01:57:05 [INFO] X=384 Y=0 Src=32,64 - 64,96 TexW=512 TexH=128
2026-08-22 01:57:05 [INFO] X=416 Y=0 Src=64,64 - 96,96 TexW=512 TexH=128
2026-08-22 01:57:05 [INFO] X=448 Y=0 Src=96,64 - 128,96 TexW=512 TexH=128
2026-08-22 01:57:05 [INFO] X=480 Y=0 Src=0,64 - 32,96 TexW=512 TexH=128
2026-08-22 01:57:05 [INFO] X=512 Y=0 Src=32,64 - 64,96 TexW=512 TexH=128
2026-08-22 01:57:05 [INFO] X=544 Y=0 Src=64,64 - 96,96 TexW=512 TexH=128
2026-08-22 01:57:05 [INFO] X=-32 Y=32 Src=128,0 - 160,32 TexW=384 TexH=384
2026-08-22 01:57:05 [INFO] X=-32 Y=32 Src=128,128 - 160,160 TexW=256 TexH=384
2026-08-22 01:57:05 [INFO] X=0 Y=32 Src=160,0 - 192,32 TexW=384 TexH=384
2026-08-22 01:57:05 [INFO] X=0 Y=32 Src=160,128 - 192,160 TexW=256 TexH=384
2026-08-22 01:57:05 [INFO] X=32 Y=32 Src=192,0 - 224,32 TexW=384 TexH=384
2026-08-22 01:57:05 [INFO] X=32 Y=32 Src=128,128 - 160,160 TexW=256 TexH=384
2026-08-22 01:57:05 [INFO] X=64 Y=32 Src=224,0 - 256,32 TexW=384 TexH=384
2026-08-22 01:57:05 [INFO] X=64 Y=32 Src=160,128 - 192,160 TexW=256 TexH=384
2026-08-22 01:57:05 [INFO] X=96 Y=32 Src=128,0 - 160,32 TexW=384 TexH=384
2026-08-22 01:57:05 [INFO] X=96 Y=32 Src=128,128 - 160,160 TexW=256 TexH=384
2026-08-22 01:57:05 [INFO] X=128 Y=32 Src=160,0 - 192,32 TexW=384 TexH=384
2026-08-22 01:57:05 [INFO] X=128 Y=32 Src=160,128 - 192,160 TexW=256 TexH=384
2026-08-22 01:57:05 [INFO] X=160 Y=32 Src=192,0 - 224,32 TexW=384 TexH=384
2026-08-22 01:57:05 [INFO] X=160 Y=32 Src=128,128 - 160,160 TexW=256 TexH=384
2026-08-22 01:57:05 [INFO] X=192 Y=32 Src=224,0 - 256,32 TexW=384 TexH=384
2026-08-22 01:57:05 [INFO] X=192 Y=32 Src=160,128 - 192,160 TexW=256 TexH=384
2026-08-22 01:57:05 [INFO] X=224 Y=32 Src=128,0 - 160,32 TexW=384 TexH=384
2026-08-22 01:57:05 [INFO] X=224 Y=32 Src=128,128 - 160,160 TexW=256 TexH=384
2026-08-22 01:57:05 [INFO] X=256 Y=32 Src=160,0 - 192,32 TexW=384 TexH=384
2026-08-22 01:57:05 [INFO] X=256 Y=32 Src=160,128 - 192,160 TexW=256 TexH=384
2026-08-22 01:57:05 [INFO] X=288 Y=32 Src=192,0 - 224,32 TexW=384 TexH=384
2026-08-22 01:57:05 [INFO] X=288 Y=32 Src=128,128 - 160,160 TexW=256 TexH=384
2026-08-22 01:57:05 [INFO] X=320 Y=32 Src=224,0 - 256,32 TexW=384 TexH=384
2026-08-22 01:57:05 [INFO] X=320 Y=32 Src=160,128 - 192,160 TexW=256 TexH=384
2026-08-22 01:57:05 [INFO] X=352 Y=32 Src=128,0 - 160,32 TexW=384 TexH=384
2026-08-22 01:57:05 [INFO] X=352 Y=32 Src=128,128 - 160,160 TexW=256 TexH=384
2026-08-22 01:57:05 [INFO] X=384 Y=32 Src=160,0 - 192,32 TexW=384 TexH=384
2026-08-22 01:57:05 [INFO] X=384 Y=32 Src=160,128 - 192,160 TexW=256 TexH=384
2026-08-22 01:57:05 [INFO] X=416 Y=32 Src=192,0 - 224,32 TexW=384 TexH=384
2026-08-22 01:57:05 [INFO] X=416 Y=32 Src=128,128 - 160,160 TexW=256 TexH=384
2026-08-22 01:57:05 [INFO] X=448 Y=32 Src=224,0 - 256,32 TexW=384 TexH=384
2026-08-22 01:57:05 [INFO] X=448 Y=32 Src=160,128 - 192,160 TexW=256 TexH=384
2026-08-22 01:57:05 [INFO] X=480 Y=32 Src=128,0 - 160,32 TexW=384 TexH=384
2026-08-22 01:57:05 [INFO] X=480 Y=32 Src=128,128 - 160,160 TexW=256 TexH=384
2026-08-22 01:57:05 [INFO] X=512 Y=32 Src=160,0 - 192,32 TexW=384 TexH=384
2026-08-22 01:57:05 [INFO] X=512 Y=32 Src=160,128 - 192,160 TexW=256 TexH=384
2026-08-22 01:57:05 [INFO] X=544 Y=32 Src=192,0 - 224,32 TexW=384 TexH=384
2026-08-22 01:57:05 [INFO] X=544 Y=32 Src=128,128 - 160,160 TexW=256 TexH=384
2026-08-22 01:57:05 [INFO] X=-32 Y=64 Src=128,64 - 160,96 TexW=384 TexH=384
2026-08-22 01:57:05 [INFO] X=0 Y=64 Src=160,64 - 192,96 TexW=384 TexH=384
2026-08-22 01:57:05 [INFO] X=32 Y=64 Src=192,64 - 224,96 TexW=384 TexH=384
2026-08-22 01:57:05 [INFO] X=64 Y=64 Src=224,64 - 256,96 TexW=384 TexH=384
2026-08-22 01:57:05 [INFO] X=96 Y=64 Src=128,64 - 160,96 TexW=384 TexH=384
2026-08-22 01:57:05 [INFO] X=128 Y=64 Src=160,64 - 192,96 TexW=384 TexH=384
2026-08-22 01:57:05 [INFO] X=160 Y=64 Src=192,64 - 224,96 TexW=384 TexH=384
2026-08-22 01:57:05 [INFO] X=192 Y=64 Src=224,64 - 256,96 TexW=384 TexH=384
2026-08-22 01:57:05 [INFO] X=224 Y=64 Src=128,64 - 160,96 TexW=384 TexH=384
2026-08-22 01:57:05 [INFO] X=256 Y=64 Src=160,64 - 192,96 TexW=384 TexH=384
2026-08-22 01:57:05 [INFO] X=288 Y=64 Src=192,64 - 224,96 TexW=384 TexH=384
2026-08-22 01:57:05 [INFO] X=320 Y=64 Src=224,64 - 256,96 TexW=384 TexH=384
2026-08-22 01:57:05 [INFO] X=352 Y=64 Src=128,64 - 160,96 TexW=384 TexH=384
2026-08-22 01:57:05 [INFO] X=384 Y=64 Src=160,64 - 192,96 TexW=384 TexH=384
2026-08-22 01:57:05 [INFO] X=416 Y=64 Src=192,64 - 224,96 TexW=384 TexH=384
2026-08-22 01:57:05 [INFO] X=448 Y=64 Src=224,64 - 256,96 TexW=384 TexH=384
2026-08-22 01:57:05 [INFO] X=480 Y=64 Src=128,64 - 160,96 TexW=384 TexH=384
2026-08-22 01:57:05 [INFO] X=512 Y=64 Src=160,64 - 192,96 TexW=384 TexH=384
2026-08-22 01:57:05 [INFO] X=544 Y=64 Src=192,64 - 224,96 TexW=384 TexH=384
2026-08-22 01:57:05 [INFO] X=-32 Y=96 Src=128,0 - 160,32 TexW=384 TexH=384
2026-08-22 01:57:05 [INFO] X=0 Y=96 Src=160,0 - 192,32 TexW=384 TexH=384
2026-08-22 01:57:05 [INFO] X=32 Y=96 Src=192,0 - 224,32 TexW=384 TexH=384
2026-08-22 01:57:05 [INFO] X=64 Y=96 Src=224,0 - 256,32 TexW=384 TexH=384
2026-08-22 01:57:05 [INFO] X=96 Y=96 Src=128,0 - 160,32 TexW=384 TexH=384
2026-08-22 01:57:05 [INFO] X=128 Y=96 Src=160,0 - 192,32 TexW=384 TexH=384
2026-08-22 01:57:05 [INFO] X=160 Y=96 Src=192,0 - 224,32 TexW=384 TexH=384
2026-08-22 01:57:05 [INFO] X=192 Y=96 Src=224,0 - 256,32 TexW=384 TexH=384
2026-08-22 01:57:05 [INFO] X=224 Y=96 Src=128,0 - 160,32 TexW=384 TexH=384
2026-08-22 01:57:05 [INFO] X=256 Y=96 Src=160,0 - 192,32 TexW=384 TexH=384
2026-08-22 01:57:05 [INFO] X=288 Y=96 Src=192,0 - 224,32 TexW=384 TexH=384
2026-08-22 01:57:05 [INFO] X=320 Y=96 Src=224,0 - 256,32 TexW=384 TexH=384
2026-08-22 01:57:05 [INFO] X=352 Y=96 Src=128,0 - 160,32 TexW=384 TexH=384
2026-08-22 01:57:05 [INFO] X=384 Y=96 Src=160,0 - 192,32 TexW=384 TexH=384
2026-08-22 01:57:05 [INFO] X=416 Y=96 Src=192,0 - 224,32 TexW=384 TexH=384
2026-08-22 01:57:05 [INFO] X=448 Y=96 Src=224,0 - 256,32 TexW=384 TexH=384
2026-08-22 01:57:05 [INFO] X=480 Y=96 Src=128,0 - 160,32 TexW=384 TexH=384
2026-08-22 01:57:05 [INFO] X=512 Y=96 Src=160,0 - 192,32 TexW=384 TexH=384
2026-08-22 01:57:05 [INFO] X=544 Y=96 Src=192,0 - 224,32 TexW=384 TexH=384
2026-08-22 01:57:05 [INFO] X=-32 Y=128 Src=128,64 - 160,96 TexW=384 TexH=384
2026-08-22 01:57:05 [INFO] X=0 Y=128 Src=160,64 - 192,96 TexW=384 TexH=384
2026-08-22 01:57:05 [INFO] X=32 Y=128 Src=192,64 - 224,96 TexW=384 TexH=384
2026-08-22 01:57:05 [INFO] X=64 Y=128 Src=224,64 - 256,96 TexW=384 TexH=384
2026-08-22 01:57:05 [INFO] X=96 Y=128 Src=128,64 - 160,96 TexW=384 TexH=384
2026-08-22 01:57:05 [INFO] X=128 Y=128 Src=160,64 - 192,96 TexW=384 TexH=384
2026-08-22 01:57:05 [INFO] X=160 Y=128 Src=192,64 - 224,96 TexW=384 TexH=384
2026-08-22 01:57:05 [INFO] X=192 Y=128 Src=224,64 - 256,96 TexW=384 TexH=384
2026-08-22 01:57:05 [INFO] X=224 Y=128 Src=128,64 - 160,96 TexW=384 TexH=384
2026-08-22 01:57:05 [INFO] X=256 Y=128 Src=160,64 - 192,96 TexW=384 TexH=384
2026-08-22 01:57:05 [INFO] X=288 Y=128 Src=192,64 - 224,96 TexW=384 TexH=384
2026-08-22 01:57:05 [INFO] X=320 Y=128 Src=224,64 - 256,96 TexW=384 TexH=384
2026-08-22 01:57:05 [INFO] X=352 Y=128 Src=128,64 - 160,96 TexW=384 TexH=384
2026-08-22 01:57:05 [INFO] X=384 Y=128 Src=160,64 - 192,96 TexW=384 TexH=384
2026-08-22 01:57:05 [INFO] X=416 Y=128 Src=192,64 - 224,96 TexW=384 TexH=384
2026-08-22 01:57:05 [INFO] X=448 Y=128 Src=224,64 - 256,96 TexW=384 TexH=384
2026-08-22 01:57:05 [INFO] X=480 Y=128 Src=128,64 - 160,96 TexW=384 TexH=384
2026-08-22 01:57:05 [INFO] X=512 Y=128 Src=160,64 - 192,96 TexW=384 TexH=384
2026-08-22 01:57:05 [INFO] X=544 Y=128 Src=192,64 - 224,96 TexW=384 TexH=384
2026-08-22 01:57:05 [INFO] X=-32 Y=160 Src=128,0 - 160,32 TexW=384 TexH=384
2026-08-22 01:57:05 [INFO] X=0 Y=160 Src=160,0 - 192,32 TexW=384 TexH=384
2026-08-22 01:57:05 [INFO] X=32 Y=160 Src=192,0 - 224,32 TexW=384 TexH=384
2026-08-22 01:57:05 [INFO] X=64 Y=160 Src=224,0 - 256,32 TexW=384 TexH=384
2026-08-22 01:57:05 [INFO] X=96 Y=160 Src=128,0 - 160,32 TexW=384 TexH=384
2026-08-22 01:57:05 [INFO] X=128 Y=160 Src=160,0 - 192,32 TexW=384 TexH=384
2026-08-22 01:57:05 [INFO] X=160 Y=160 Src=192,0 - 224,32 TexW=384 TexH=384
2026-08-22 01:57:05 [INFO] X=192 Y=160 Src=224,0 - 256,32 TexW=384 TexH=384
2026-08-22 01:57:05 [INFO] X=224 Y=160 Src=128,0 - 160,32 TexW=384 TexH=384
2026-08-22 01:57:05 [INFO] X=256 Y=160 Src=160,0 - 192,32 TexW=384 TexH=384
2026-08-22 01:57:05 [INFO] X=288 Y=160 Src=192,0 - 224,32 TexW=384 TexH=384
2026-08-22 01:57:05 [INFO] X=320 Y=160 Src=224,0 - 256,32 TexW=384 TexH=384
2026-08-22 01:57:05 [INFO] X=352 Y=160 Src=128,0 - 160,32 TexW=384 TexH=384
2026-08-22 01:57:05 [INFO] X=384 Y=160 Src=160,0 - 192,32 TexW=384 TexH=384
2026-08-22 01:57:05 [INFO] X=416 Y=160 Src=192,0 - 224,32 TexW=384 TexH=384
2026-08-22 01:57:05 [INFO] X=448 Y=160 Src=224,0 - 256,32 TexW=384 TexH=384
2026-08-22 01:57:05 [INFO] X=480 Y=160 Src=128,0 - 160,32 TexW=384 TexH=384
2026-08-22 01:57:05 [INFO] X=512 Y=160 Src=160,0 - 192,32 TexW=384 TexH=384
2026-08-22 01:57:05 [INFO] X=544 Y=160 Src=192,0 - 224,32 TexW=384 TexH=384
2026-08-22 01:57:05 [INFO] X=-32 Y=192 Src=128,64 - 160,96 TexW=384 TexH=384
2026-08-22 01:57:05 [INFO] X=0 Y=192 Src=160,64 - 192,96 TexW=384 TexH=384
2026-08-22 01:57:05 [INFO] X=32 Y=192 Src=192,64 - 224,96 TexW=384 TexH=384
2026-08-22 01:57:05 [INFO] X=64 Y=192 Src=224,64 - 256,96 TexW=384 TexH=384
2026-08-22 01:57:05 [INFO] X=96 Y=192 Src=128,64 - 160,96 TexW=384 TexH=384
2026-08-22 01:57:05 [INFO] X=128 Y=192 Src=160,64 - 192,96 TexW=384 TexH=384
2026-08-22 01:57:05 [INFO] X=160 Y=192 Src=192,64 - 224,96 TexW=384 TexH=384
2026-08-22 01:57:05 [INFO] X=192 Y=192 Src=224,64 - 256,96 TexW=384 TexH=384
2026-08-22 01:57:05 [INFO] X=224 Y=192 Src=128,64 - 160,96 TexW=384 TexH=384
2026-08-22 01:57:05 [INFO] X=256 Y=192 Src=160,64 - 192,96 TexW=384 TexH=384
2026-08-22 01:57:05 [INFO] X=288 Y=192 Src=192,64 - 224,96 TexW=384 TexH=384
2026-08-22 01:57:05 [INFO] X=320 Y=192 Src=224,64 - 256,96 TexW=384 TexH=384
2026-08-22 01:57:05 [INFO] X=352 Y=192 Src=128,64 - 160,96 TexW=384 TexH=384
2026-08-22 01:57:05 [INFO] X=384 Y=192 Src=160,64 - 192,96 TexW=384 TexH=384
2026-08-22 01:57:05 [INFO] X=416 Y=192 Src=192,64 - 224,96 TexW=384 TexH=384
2026-08-22 01:57:05 [INFO] X=448 Y=192 Src=224,64 - 256,96 TexW=384 TexH=384
2026-08-22 01:57:05 [INFO] X=480 Y=192 Src=128,64 - 160,96 TexW=384 TexH=384
2026-08-22 01:57:05 [INFO] X=512 Y=192 Src=160,64 - 192,96 TexW=384 TexH=384
2026-08-22 01:57:05 [INFO] X=544 Y=192 Src=192,64 - 224,96 TexW=384 TexH=384
2026-08-22 01:57:05 [INFO] X=-304 Y=-415 Src=0,0 - 64,95 TexW=64 TexH=95
2026-08-22 01:57:05 [INFO] X=-368 Y=-576 Src=0,0 - 256,256 TexW=256 TexH=256
2026-08-22 01:57:05 [INFO] X=-182 Y=-475 Src=0,0 - 77,155 TexW=77 TexH=155
2026-08-22 01:57:05 [INFO] X=-208 Y=-576 Src=0,0 - 256,256 TexW=256 TexH=256
2026-08-22 01:57:05 [INFO] X=48 Y=-320 Src=0,0 - 128,32 TexW=128 TexH=32
2026-08-22 01:57:05 [INFO] X=176 Y=-320 Src=0,0 - 128,32 TexW=128 TexH=32
2026-08-22 01:57:05 [INFO] X=464 Y=-320 Src=0,0 - 128,32 TexW=128 TexH=32
2026-08-22 01:57:05 [INFO] X=592 Y=-320 Src=0,0 - 128,32 TexW=128 TexH=32
2026-08-22 01:57:05 [INFO] X=-176 Y=-512 Src=0,0 - 256,256 TexW=256 TexH=256
2026-08-22 01:57:05 [INFO] X=208 Y=-512 Src=0,0 - 256,256 TexW=256 TexH=256
2026-08-22 01:57:05 [INFO] X=-352 Y=-256 Src=0,0 - 32,32 TexW=64 TexH=32
2026-08-22 01:57:05 [INFO] X=835 Y=-270 Src=0,0 - 26,46 TexW=174 TexH=181
2026-08-22 01:57:05 [INFO] X=-176 Y=-448 Src=0,0 - 256,256 TexW=256 TexH=256
2026-08-22 01:57:05 [INFO] X=48 Y=-224 Src=0,0 - 128,32 TexW=128 TexH=32
2026-08-22 01:57:05 [INFO] X=176 Y=-224 Src=0,0 - 128,32 TexW=128 TexH=32
2026-08-22 01:57:05 [INFO] X=384 Y=-224 Src=608,64 - 640,96 TexW=640 TexH=742
2026-08-22 01:57:05 [INFO] X=480 Y=-224 Src=608,64 - 640,96 TexW=640 TexH=742
2026-08-22 01:57:05 [INFO] X=464 Y=-224 Src=0,0 - 128,32 TexW=128 TexH=32
2026-08-22 01:57:05 [INFO] X=592 Y=-224 Src=0,0 - 128,32 TexW=128 TexH=32
2026-08-22 01:57:05 [INFO] X=-253 Y=-206 Src=0,0 - 26,46 TexW=149 TexH=181
2026-08-22 01:57:05 [INFO] X=163 Y=-206 Src=0,0 - 26,46 TexW=149 TexH=181
2026-08-22 01:57:05 [INFO] X=168 Y=-214 Src=64,0 - 80,16 TexW=708 TexH=202
2026-08-22 01:57:05 [INFO] X=-352 Y=-160 Src=0,0 - 32,32 TexW=64 TexH=32
2026-08-22 01:57:05 [INFO] X=352 Y=-160 Src=608,64 - 640,96 TexW=640 TexH=742
2026-08-22 01:57:05 [INFO] X=480 Y=-160 Src=608,64 - 640,96 TexW=640 TexH=742
2026-08-22 01:57:05 [INFO] X=74 Y=-251 Src=0,0 - 77,155 TexW=77 TexH=155
2026-08-22 01:57:05 [INFO] X=419 Y=-142 Src=0,0 - 26,46 TexW=149 TexH=181
2026-08-22 01:57:05 [INFO] X=424 Y=-150 Src=320,0 - 336,16 TexW=708 TexH=202
2026-08-22 01:57:05 [INFO] X=448 Y=-128 Src=256,96 - 288,128 TexW=640 TexH=742
2026-08-22 01:57:05 [INFO] X=586 Y=-251 Src=0,0 - 77,155 TexW=77 TexH=155
2026-08-22 01:57:05 [INFO] X=-32 Y=-64 Src=608,64 - 640,96 TexW=640 TexH=742
2026-08-22 01:57:05 [INFO] X=448 Y=-64 Src=608,64 - 640,96 TexW=640 TexH=742
2026-08-22 01:57:05 [INFO] X=464 Y=-288 Src=0,0 - 256,256 TexW=256 TexH=256
2026-08-22 01:57:05 [INFO] X=0 Y=0 Src=608,64 - 640,96 TexW=640 TexH=742
2026-08-22 01:57:05 [INFO] X=291 Y=-14 Src=0,0 - 26,46 TexW=149 TexH=181
2026-08-22 01:57:05 [INFO] X=296 Y=-22 Src=256,48 - 272,64 TexW=708 TexH=202
2026-08-22 01:57:05 [INFO] X=736 Y=-64 Src=0,96 - 96,192 TexW=288 TexH=192
2026-08-22 01:57:05 [INFO] X=656 Y=32 Src=0,0 - 64,32 TexW=64 TexH=32
2026-08-22 01:57:05 [INFO] X=867 Y=18 Src=0,0 - 26,46 TexW=149 TexH=181
2026-08-22 01:57:05 [INFO] X=872 Y=10 Src=0,0 - 16,16 TexW=708 TexH=202
2026-08-22 01:57:05 [INFO] X=-349 Y=50 Src=0,0 - 26,46 TexW=149 TexH=181
2026-08-22 01:57:05 [INFO] X=-344 Y=42 Src=384,16 - 400,32 TexW=708 TexH=202
2026-08-22 01:57:05 [INFO] X=-285 Y=50 Src=0,0 - 26,46 TexW=149 TexH=181
2026-08-22 01:57:05 [INFO] X=-280 Y=42 Src=384,16 - 400,32 TexW=708 TexH=202
2026-08-22 01:57:05 [INFO] X=-182 Y=-59 Src=0,0 - 77,155 TexW=77 TexH=155
2026-08-22 01:57:05 [INFO] X=-61 Y=50 Src=0,0 - 26,46 TexW=149 TexH=181
2026-08-22 01:57:05 [INFO] X=-56 Y=42 Src=272,128 - 288,144 TexW=708 TexH=202
2026-08-22 01:57:05 [INFO] X=42 Y=-59 Src=0,0 - 77,155 TexW=77 TexH=155
2026-08-22 01:57:05 [INFO] X=259 Y=178 Src=0,0 - 26,46 TexW=149 TexH=181
2026-08-22 01:57:05 [INFO] X=264 Y=170 Src=128,16 - 144,32 TexW=708 TexH=202
2026-08-22 01:57:05 [INFO] X=611 Y=306 Src=0,0 - 26,46 TexW=149 TexH=181
2026-08-22 01:57:05 [INFO] X=616 Y=298 Src=256,48 - 272,64 TexW=708 TexH=202
2026-08-22 01:57:05 [INFO] X=-368 Y=128 Src=0,0 - 256,256 TexW=256 TexH=256
2026-08-22 01:57:05 [INFO] X=-240 Y=128 Src=0,0 - 256,256 TexW=256 TexH=256
2026-08-22 01:57:05 [INFO] X=-112 Y=128 Src=0,0 - 256,256 TexW=256 TexH=256
2026-08-22 01:57:05 [INFO] X=283 Y=384 Src=737,512 - 780,576 TexW=1792 TexH=640
2026-08-22 01:57:05 [INFO] X=443 Y=384 Src=737,512 - 780,576 TexW=1792 TexH=640
2026-08-22 01:57:05 [INFO] X=592 Y=192 Src=0,0 - 256,256 TexW=256 TexH=256
2026-08-22 01:57:05 [INFO] X=688 Y=192 Src=0,0 - 256,256 TexW=256 TexH=256
2026-08-22 01:57:05 [INFO] X=323 Y=448 Src=26,0 - 52,96 TexW=234 TexH=97
2026-08-22 01:57:05 [INFO] X=355 Y=498 Src=0,0 - 26,46 TexW=149 TexH=181
2026-08-22 01:57:05 [INFO] X=360 Y=490 Src=384,32 - 400,48 TexW=708 TexH=202
2026-08-22 01:57:05 [INFO] X=384 Y=512 Src=64,672 - 96,704 TexW=640 TexH=742
2026-08-22 01:57:05 [INFO] X=419 Y=448 Src=26,0 - 52,96 TexW=234 TexH=97
2026-08-22 01:57:05 [INFO] X=-368 Y=320 Src=0,0 - 256,256 TexW=256 TexH=256
2026-08-22 01:57:05 [INFO] X=688 Y=384 Src=0,0 - 256,256 TexW=256 TexH=256
2026-08-22 01:57:05 [INFO] X=-368 Y=448 Src=0,0 - 256,256 TexW=256 TexH=256
2026-08-22 01:57:05 [INFO] X=-127 Y=636 Src=30,0 - 60,68 TexW=270 TexH=68
2026-08-22 01:57:05 [INFO] X=-208 Y=448 Src=0,0 - 256,256 TexW=256 TexH=256
2026-08-22 01:57:05 [INFO] X=-285 Y=690 Src=0,0 - 26,46 TexW=149 TexH=181
2026-08-22 01:57:05 [INFO] X=-280 Y=682 Src=64,0 - 80,16 TexW=708 TexH=202
2026-08-22 01:57:05 [INFO] X=-253 Y=690 Src=0,0 - 26,46 TexW=149 TexH=181
2026-08-22 01:57:05 [INFO] X=-248 Y=682 Src=639,64 - 655,80 TexW=708 TexH=202
2026-08-22 01:57:05 [INFO] X=-221 Y=690 Src=0,0 - 26,46 TexW=149 TexH=181
2026-08-22 01:57:05 [INFO] X=-216 Y=682 Src=272,128 - 288,144 TexW=708 TexH=202
2026-08-22 01:57:05 [INFO] X=-32 Y=-32 Src=0,0 - 32,32 TexW=512 TexH=128
2026-08-22 01:57:05 [INFO] X=0 Y=-32 Src=32,0 - 64,32 TexW=512 TexH=128
2026-08-22 01:57:05 [INFO] X=32 Y=-32 Src=64,0 - 96,32 TexW=512 TexH=128
2026-08-22 01:57:05 [INFO] X=32 Y=-32 Src=512,192 - 544,224 TexW=640 TexH=742
2026-08-22 01:57:05 [INFO] X=64 Y=-32 Src=96,0 - 128,32 TexW=512 TexH=128
2026-08-22 01:57:05 [INFO] X=96 Y=-32 Src=0,0 - 32,32 TexW=512 TexH=128
2026-08-22 01:57:05 [INFO] X=128 Y=-32 Src=32,0 - 64,32 TexW=512 TexH=128
2026-08-22 01:57:05 [INFO] X=160 Y=-32 Src=64,0 - 96,32 TexW=512 TexH=128
2026-08-22 01:57:05 [INFO] X=192 Y=-32 Src=96,0 - 128,32 TexW=512 TexH=128
2026-08-22 01:57:05 [INFO] X=224 Y=-32 Src=0,0 - 32,32 TexW=512 TexH=128
2026-08-22 01:57:05 [INFO] X=256 Y=-32 Src=32,0 - 64,32 TexW=512 TexH=128
2026-08-22 01:57:05 [INFO] X=288 Y=-32 Src=64,0 - 96,32 TexW=512 TexH=128
2026-08-22 01:57:05 [INFO] X=320 Y=-32 Src=96,0 - 128,32 TexW=512 TexH=128
2026-08-22 01:57:05 [INFO] X=352 Y=-32 Src=0,0 - 32,32 TexW=512 TexH=128
2026-08-22 01:57:05 [INFO] X=384 Y=-32 Src=32,0 - 64,32 TexW=512 TexH=128
2026-08-22 01:57:05 [INFO] X=362 Y=-58 Src=0,0 - 77,58 TexW=77 TexH=58
2026-08-22 01:57:05 [INFO] X=416 Y=-32 Src=64,0 - 96,32 TexW=512 TexH=128
2026-08-22 01:57:05 [INFO] X=448 Y=-32 Src=96,0 - 128,32 TexW=512 TexH=128
2026-08-22 01:57:05 [INFO] X=480 Y=-32 Src=0,0 - 32,32 TexW=512 TexH=128
2026-08-22 01:57:05 [INFO] X=512 Y=-32 Src=32,0 - 64,32 TexW=512 TexH=128
2026-08-22 01:57:05 [INFO] X=544 Y=-32 Src=64,0 - 96,32 TexW=512 TexH=128
2026-08-22 01:57:05 [INFO] X=-32 Y=0 Src=0,64 - 32,96 TexW=512 TexH=128
2026-08-22 01:57:05 [INFO] X=0 Y=0 Src=32,64 - 64,96 TexW=512 TexH=128
2026-08-22 01:57:05 [INFO] X=32 Y=0 Src=64,64 - 96,96 TexW=512 TexH=128
2026-08-22 01:57:05 [INFO] X=64 Y=0 Src=96,64 - 128,96 TexW=512 TexH=128
2026-08-22 01:57:05 [INFO] X=96 Y=0 Src=0,64 - 32,96 TexW=512 TexH=128
2026-08-22 01:57:05 [INFO] X=128 Y=0 Src=32,64 - 64,96 TexW=512 TexH=128
2026-08-22 01:57:05 [INFO] X=160 Y=0 Src=64,64 - 96,96 TexW=512 TexH=128
2026-08-22 01:57:05 [INFO] X=192 Y=0 Src=96,64 - 128,96 TexW=512 TexH=128
2026-08-22 01:57:05 [INFO] X=224 Y=0 Src=0,64 - 32,96 TexW=512 TexH=128
2026-08-22 01:57:05 [INFO] X=256 Y=0 Src=32,64 - 64,96 TexW=512 TexH=128
2026-08-22 01:57:05 [INFO] X=288 Y=0 Src=64,64 - 96,96 TexW=512 TexH=128
2026-08-22 01:57:05 [INFO] X=320 Y=0 Src=96,64 - 128,96 TexW=512 TexH=128
2026-08-22 01:57:05 [INFO] X=352 Y=0 Src=0,64 - 32,96 TexW=512 TexH=128
2026-08-22 01:57:06 [INFO] X=384 Y=0 Src=32,64 - 64,96 TexW=512 TexH=128
2026-08-22 01:57:06 [INFO] X=416 Y=0 Src=64,64 - 96,96 TexW=512 TexH=128
2026-08-22 01:57:06 [INFO] X=448 Y=0 Src=96,64 - 128,96 TexW=512 TexH=128
2026-08-22 01:57:06 [INFO] X=480 Y=0 Src=0,64 - 32,96 TexW=512 TexH=128
2026-08-22 01:57:06 [INFO] X=512 Y=0 Src=32,64 - 64,96 TexW=512 TexH=128
2026-08-22 01:57:06 [INFO] X=544 Y=0 Src=64,64 - 96,96 TexW=512 TexH=128
2026-08-22 01:57:06 [INFO] X=-32 Y=32 Src=128,0 - 160,32 TexW=384 TexH=384
2026-08-22 01:57:06 [INFO] X=-32 Y=32 Src=128,128 - 160,160 TexW=256 TexH=384
2026-08-22 01:57:06 [INFO] X=0 Y=32 Src=160,0 - 192,32 TexW=384 TexH=384
2026-08-22 01:57:06 [INFO] X=0 Y=32 Src=160,128 - 192,160 TexW=256 TexH=384
2026-08-22 01:57:06 [INFO] X=32 Y=32 Src=192,0 - 224,32 TexW=384 TexH=384
2026-08-22 01:57:06 [INFO] X=32 Y=32 Src=128,128 - 160,160 TexW=256 TexH=384
2026-08-22 01:57:06 [INFO] X=64 Y=32 Src=224,0 - 256,32 TexW=384 TexH=384
2026-08-22 01:57:06 [INFO] X=64 Y=32 Src=160,128 - 192,160 TexW=256 TexH=384
2026-08-22 01:57:06 [INFO] X=96 Y=32 Src=128,0 - 160,32 TexW=384 TexH=384
2026-08-22 01:57:06 [INFO] X=96 Y=32 Src=128,128 - 160,160 TexW=256 TexH=384
2026-08-22 01:57:06 [INFO] X=128 Y=32 Src=160,0 - 192,32 TexW=384 TexH=384
2026-08-22 01:57:06 [INFO] X=128 Y=32 Src=160,128 - 192,160 TexW=256 TexH=384
2026-08-22 01:57:06 [INFO] X=160 Y=32 Src=192,0 - 224,32 TexW=384 TexH=384
2026-08-22 01:57:06 [INFO] X=160 Y=32 Src=128,128 - 160,160 TexW=256 TexH=384
2026-08-22 01:57:06 [INFO] X=192 Y=32 Src=224,0 - 256,32 TexW=384 TexH=384
2026-08-22 01:57:06 [INFO] X=192 Y=32 Src=160,128 - 192,160 TexW=256 TexH=384
2026-08-22 01:57:06 [INFO] X=224 Y=32 Src=128,0 - 160,32 TexW=384 TexH=384
2026-08-22 01:57:06 [INFO] X=224 Y=32 Src=128,128 - 160,160 TexW=256 TexH=384
2026-08-22 01:57:06 [INFO] X=256 Y=32 Src=160,0 - 192,32 TexW=384 TexH=384
2026-08-22 01:57:06 [INFO] X=256 Y=32 Src=160,128 - 192,160 TexW=256 TexH=384
2026-08-22 01:57:06 [INFO] X=288 Y=32 Src=192,0 - 224,32 TexW=384 TexH=384
2026-08-22 01:57:06 [INFO] X=288 Y=32 Src=128,128 - 160,160 TexW=256 TexH=384
2026-08-22 01:57:06 [INFO] X=320 Y=32 Src=224,0 - 256,32 TexW=384 TexH=384
2026-08-22 01:57:06 [INFO] X=320 Y=32 Src=160,128 - 192,160 TexW=256 TexH=384
2026-08-22 01:57:06 [INFO] X=352 Y=32 Src=128,0 - 160,32 TexW=384 TexH=384
2026-08-22 01:57:06 [INFO] X=352 Y=32 Src=128,128 - 160,160 TexW=256 TexH=384
2026-08-22 01:57:06 [INFO] X=384 Y=32 Src=160,0 - 192,32 TexW=384 TexH=384
2026-08-22 01:57:06 [INFO] X=384 Y=32 Src=160,128 - 192,160 TexW=256 TexH=384
2026-08-22 01:57:06 [INFO] X=416 Y=32 Src=192,0 - 224,32 TexW=384 TexH=384
2026-08-22 01:57:06 [INFO] X=416 Y=32 Src=128,128 - 160,160 TexW=256 TexH=384
2026-08-22 01:57:06 [INFO] X=448 Y=32 Src=224,0 - 256,32 TexW=384 TexH=384
2026-08-22 01:57:06 [INFO] X=448 Y=32 Src=160,128 - 192,160 TexW=256 TexH=384
2026-08-22 01:57:06 [INFO] X=480 Y=32 Src=128,0 - 160,32 TexW=384 TexH=384
2026-08-22 01:57:06 [INFO] X=480 Y=32 Src=128,128 - 160,160 TexW=256 TexH=384
2026-08-22 01:57:06 [INFO] X=512 Y=32 Src=160,0 - 192,32 TexW=384 TexH=384
2026-08-22 01:57:06 [INFO] X=512 Y=32 Src=160,128 - 192,160 TexW=256 TexH=384
2026-08-22 01:57:06 [INFO] X=544 Y=32 Src=192,0 - 224,32 TexW=384 TexH=384
2026-08-22 01:57:06 [INFO] X=544 Y=32 Src=128,128 - 160,160 TexW=256 TexH=384
2026-08-22 01:57:06 [INFO] X=-32 Y=64 Src=128,64 - 160,96 TexW=384 TexH=384
2026-08-22 01:57:06 [INFO] X=0 Y=64 Src=160,64 - 192,96 TexW=384 TexH=384
2026-08-22 01:57:06 [INFO] X=32 Y=64 Src=192,64 - 224,96 TexW=384 TexH=384
2026-08-22 01:57:06 [INFO] X=64 Y=64 Src=224,64 - 256,96 TexW=384 TexH=384
2026-08-22 01:57:06 [INFO] X=96 Y=64 Src=128,64 - 160,96 TexW=384 TexH=384
2026-08-22 01:57:06 [INFO] X=128 Y=64 Src=160,64 - 192,96 TexW=384 TexH=384
2026-08-22 01:57:06 [INFO] X=160 Y=64 Src=192,64 - 224,96 TexW=384 TexH=384
2026-08-22 01:57:06 [INFO] X=192 Y=64 Src=224,64 - 256,96 TexW=384 TexH=384
2026-08-22 01:57:06 [INFO] X=224 Y=64 Src=128,64 - 160,96 TexW=384 TexH=384
2026-08-22 01:57:06 [INFO] X=256 Y=64 Src=160,64 - 192,96 TexW=384 TexH=384
2026-08-22 01:57:06 [INFO] X=288 Y=64 Src=192,64 - 224,96 TexW=384 TexH=384
2026-08-22 01:57:06 [INFO] X=320 Y=64 Src=224,64 - 256,96 TexW=384 TexH=384
2026-08-22 01:57:06 [INFO] X=352 Y=64 Src=128,64 - 160,96 TexW=384 TexH=384
2026-08-22 01:57:06 [INFO] X=384 Y=64 Src=160,64 - 192,96 TexW=384 TexH=384
2026-08-22 01:57:06 [INFO] X=416 Y=64 Src=192,64 - 224,96 TexW=384 TexH=384
2026-08-22 01:57:06 [INFO] X=448 Y=64 Src=224,64 - 256,96 TexW=384 TexH=384
2026-08-22 01:57:06 [INFO] X=480 Y=64 Src=128,64 - 160,96 TexW=384 TexH=384
2026-08-22 01:57:06 [INFO] X=512 Y=64 Src=160,64 - 192,96 TexW=384 TexH=384
2026-08-22 01:57:06 [INFO] X=544 Y=64 Src=192,64 - 224,96 TexW=384 TexH=384
2026-08-22 01:57:06 [INFO] X=-32 Y=96 Src=128,0 - 160,32 TexW=384 TexH=384
2026-08-22 01:57:06 [INFO] X=0 Y=96 Src=160,0 - 192,32 TexW=384 TexH=384
2026-08-22 01:57:06 [INFO] X=32 Y=96 Src=192,0 - 224,32 TexW=384 TexH=384
2026-08-22 01:57:06 [INFO] X=64 Y=96 Src=224,0 - 256,32 TexW=384 TexH=384
2026-08-22 01:57:06 [INFO] X=96 Y=96 Src=128,0 - 160,32 TexW=384 TexH=384
2026-08-22 01:57:06 [INFO] X=128 Y=96 Src=160,0 - 192,32 TexW=384 TexH=384
2026-08-22 01:57:06 [INFO] X=160 Y=96 Src=192,0 - 224,32 TexW=384 TexH=384
2026-08-22 01:57:06 [INFO] X=192 Y=96 Src=224,0 - 256,32 TexW=384 TexH=384
2026-08-22 01:57:06 [INFO] X=224 Y=96 Src=128,0 - 160,32 TexW=384 TexH=384
2026-08-22 01:57:06 [INFO] X=256 Y=96 Src=160,0 - 192,32 TexW=384 TexH=384
2026-08-22 01:57:06 [INFO] X=288 Y=96 Src=192,0 - 224,32 TexW=384 TexH=384
2026-08-22 01:57:06 [INFO] X=320 Y=96 Src=224,0 - 256,32 TexW=384 TexH=384
2026-08-22 01:57:06 [INFO] X=352 Y=96 Src=128,0 - 160,32 TexW=384 TexH=384
2026-08-22 01:57:06 [INFO] X=384 Y=96 Src=160,0 - 192,32 TexW=384 TexH=384
2026-08-22 01:57:06 [INFO] X=416 Y=96 Src=192,0 - 224,32 TexW=384 TexH=384
2026-08-22 01:57:06 [INFO] X=448 Y=96 Src=224,0 - 256,32 TexW=384 TexH=384
2026-08-22 01:57:06 [INFO] X=480 Y=96 Src=128,0 - 160,32 TexW=384 TexH=384
2026-08-22 01:57:06 [INFO] X=512 Y=96 Src=160,0 - 192,32 TexW=384 TexH=384
2026-08-22 01:57:06 [INFO] X=544 Y=96 Src=192,0 - 224,32 TexW=384 TexH=384
2026-08-22 01:57:06 [INFO] X=-32 Y=128 Src=128,64 - 160,96 TexW=384 TexH=384
2026-08-22 01:57:06 [INFO] X=0 Y=128 Src=160,64 - 192,96 TexW=384 TexH=384
2026-08-22 01:57:06 [INFO] X=32 Y=128 Src=192,64 - 224,96 TexW=384 TexH=384
2026-08-22 01:57:06 [INFO] X=64 Y=128 Src=224,64 - 256,96 TexW=384 TexH=384
2026-08-22 01:57:06 [INFO] X=96 Y=128 Src=128,64 - 160,96 TexW=384 TexH=384
2026-08-22 01:57:06 [INFO] X=128 Y=128 Src=160,64 - 192,96 TexW=384 TexH=384
2026-08-22 01:57:06 [INFO] X=160 Y=128 Src=192,64 - 224,96 TexW=384 TexH=384
2026-08-22 01:57:06 [INFO] X=192 Y=128 Src=224,64 - 256,96 TexW=384 TexH=384
2026-08-22 01:57:06 [INFO] X=224 Y=128 Src=128,64 - 160,96 TexW=384 TexH=384
2026-08-22 01:57:06 [INFO] X=256 Y=128 Src=160,64 - 192,96 TexW=384 TexH=384
2026-08-22 01:57:06 [INFO] X=288 Y=128 Src=192,64 - 224,96 TexW=384 TexH=384
2026-08-22 01:57:06 [INFO] X=320 Y=128 Src=224,64 - 256,96 TexW=384 TexH=384
2026-08-22 01:57:06 [INFO] X=352 Y=128 Src=128,64 - 160,96 TexW=384 TexH=384
2026-08-22 01:57:06 [INFO] X=384 Y=128 Src=160,64 - 192,96 TexW=384 TexH=384
2026-08-22 01:57:06 [INFO] X=416 Y=128 Src=192,64 - 224,96 TexW=384 TexH=384
2026-08-22 01:57:06 [INFO] X=448 Y=128 Src=224,64 - 256,96 TexW=384 TexH=384
2026-08-22 01:57:06 [INFO] X=480 Y=128 Src=128,64 - 160,96 TexW=384 TexH=384
2026-08-22 01:57:06 [INFO] X=512 Y=128 Src=160,64 - 192,96 TexW=384 TexH=384
2026-08-22 01:57:06 [INFO] X=544 Y=128 Src=192,64 - 224,96 TexW=384 TexH=384
2026-08-22 01:57:06 [INFO] X=-32 Y=160 Src=128,0 - 160,32 TexW=384 TexH=384
2026-08-22 01:57:06 [INFO] X=0 Y=160 Src=160,0 - 192,32 TexW=384 TexH=384
2026-08-22 01:57:06 [INFO] X=32 Y=160 Src=192,0 - 224,32 TexW=384 TexH=384
2026-08-22 01:57:06 [INFO] X=64 Y=160 Src=224,0 - 256,32 TexW=384 TexH=384
2026-08-22 01:57:06 [INFO] X=96 Y=160 Src=128,0 - 160,32 TexW=384 TexH=384
2026-08-22 01:57:06 [INFO] X=128 Y=160 Src=160,0 - 192,32 TexW=384 TexH=384
2026-08-22 01:57:06 [INFO] X=160 Y=160 Src=192,0 - 224,32 TexW=384 TexH=384
2026-08-22 01:57:06 [INFO] X=192 Y=160 Src=224,0 - 256,32 TexW=384 TexH=384
2026-08-22 01:57:06 [INFO] X=224 Y=160 Src=128,0 - 160,32 TexW=384 TexH=384
2026-08-22 01:57:06 [INFO] X=256 Y=160 Src=160,0 - 192,32 TexW=384 TexH=384
2026-08-22 01:57:06 [INFO] X=288 Y=160 Src=192,0 - 224,32 TexW=384 TexH=384
2026-08-22 01:57:06 [INFO] X=320 Y=160 Src=224,0 - 256,32 TexW=384 TexH=384
2026-08-22 01:57:06 [INFO] X=352 Y=160 Src=128,0 - 160,32 TexW=384 TexH=384
2026-08-22 01:57:06 [INFO] X=384 Y=160 Src=160,0 - 192,32 TexW=384 TexH=384
2026-08-22 01:57:06 [INFO] X=416 Y=160 Src=192,0 - 224,32 TexW=384 TexH=384
2026-08-22 01:57:06 [INFO] X=448 Y=160 Src=224,0 - 256,32 TexW=384 TexH=384
2026-08-22 01:57:06 [INFO] X=480 Y=160 Src=128,0 - 160,32 TexW=384 TexH=384
2026-08-22 01:57:06 [INFO] X=512 Y=160 Src=160,0 - 192,32 TexW=384 TexH=384
2026-08-22 01:57:06 [INFO] X=544 Y=160 Src=192,0 - 224,32 TexW=384 TexH=384
2026-08-22 01:57:06 [INFO] X=-32 Y=192 Src=128,64 - 160,96 TexW=384 TexH=384
2026-08-22 01:57:06 [INFO] X=0 Y=192 Src=160,64 - 192,96 TexW=384 TexH=384
2026-08-22 01:57:06 [INFO] X=32 Y=192 Src=192,64 - 224,96 TexW=384 TexH=384
2026-08-22 01:57:06 [INFO] X=64 Y=192 Src=224,64 - 256,96 TexW=384 TexH=384
2026-08-22 01:57:06 [INFO] X=96 Y=192 Src=128,64 - 160,96 TexW=384 TexH=384
2026-08-22 01:57:06 [INFO] X=128 Y=192 Src=160,64 - 192,96 TexW=384 TexH=384
2026-08-22 01:57:06 [INFO] X=160 Y=192 Src=192,64 - 224,96 TexW=384 TexH=384
2026-08-22 01:57:06 [INFO] X=192 Y=192 Src=224,64 - 256,96 TexW=384 TexH=384
2026-08-22 01:57:06 [INFO] X=224 Y=192 Src=128,64 - 160,96 TexW=384 TexH=384
2026-08-22 01:57:06 [INFO] X=256 Y=192 Src=160,64 - 192,96 TexW=384 TexH=384
2026-08-22 01:57:06 [INFO] X=288 Y=192 Src=192,64 - 224,96 TexW=384 TexH=384
2026-08-22 01:57:06 [INFO] X=320 Y=192 Src=224,64 - 256,96 TexW=384 TexH=384
2026-08-22 01:57:06 [INFO] X=352 Y=192 Src=128,64 - 160,96 TexW=384 TexH=384
2026-08-22 01:57:06 [INFO] X=384 Y=192 Src=160,64 - 192,96 TexW=384 TexH=384
2026-08-22 01:57:06 [INFO] X=416 Y=192 Src=192,64 - 224,96 TexW=384 TexH=384
2026-08-22 01:57:06 [INFO] X=448 Y=192 Src=224,64 - 256,96 TexW=384 TexH=384
2026-08-22 01:57:06 [INFO] X=480 Y=192 Src=128,64 - 160,96 TexW=384 TexH=384
2026-08-22 01:57:06 [INFO] X=512 Y=192 Src=160,64 - 192,96 TexW=384 TexH=384
2026-08-22 01:57:06 [INFO] X=544 Y=192 Src=192,64 - 224,96 TexW=384 TexH=384
2026-08-22 01:57:06 [INFO] X=-304 Y=-415 Src=0,0 - 64,95 TexW=64 TexH=95
2026-08-22 01:57:06 [INFO] X=-368 Y=-576 Src=0,0 - 256,256 TexW=256 TexH=256
2026-08-22 01:57:06 [INFO] X=-182 Y=-475 Src=0,0 - 77,155 TexW=77 TexH=155
2026-08-22 01:57:06 [INFO] X=-208 Y=-576 Src=0,0 - 256,256 TexW=256 TexH=256
2026-08-22 01:57:06 [INFO] X=48 Y=-320 Src=0,0 - 128,32 TexW=128 TexH=32
2026-08-22 01:57:06 [INFO] X=176 Y=-320 Src=0,0 - 128,32 TexW=128 TexH=32
2026-08-22 01:57:06 [INFO] X=464 Y=-320 Src=0,0 - 128,32 TexW=128 TexH=32
2026-08-22 01:57:06 [INFO] X=592 Y=-320 Src=0,0 - 128,32 TexW=128 TexH=32
2026-08-22 01:57:06 [INFO] X=-176 Y=-512 Src=0,0 - 256,256 TexW=256 TexH=256
2026-08-22 01:57:06 [INFO] X=208 Y=-512 Src=0,0 - 256,256 TexW=256 TexH=256
2026-08-22 01:57:06 [INFO] X=-352 Y=-256 Src=0,0 - 32,32 TexW=64 TexH=32
2026-08-22 01:57:06 [INFO] X=835 Y=-270 Src=0,0 - 26,46 TexW=174 TexH=181
2026-08-22 01:57:06 [INFO] X=-176 Y=-448 Src=0,0 - 256,256 TexW=256 TexH=256
2026-08-22 01:57:06 [INFO] X=48 Y=-224 Src=0,0 - 128,32 TexW=128 TexH=32
2026-08-22 01:57:06 [INFO] X=176 Y=-224 Src=0,0 - 128,32 TexW=128 TexH=32
2026-08-22 01:57:06 [INFO] X=384 Y=-224 Src=608,64 - 640,96 TexW=640 TexH=742
2026-08-22 01:57:06 [INFO] X=480 Y=-224 Src=608,64 - 640,96 TexW=640 TexH=742
2026-08-22 01:57:06 [INFO] X=464 Y=-224 Src=0,0 - 128,32 TexW=128 TexH=32
2026-08-22 01:57:06 [INFO] X=592 Y=-224 Src=0,0 - 128,32 TexW=128 TexH=32
2026-08-22 01:57:06 [INFO] X=-253 Y=-206 Src=0,0 - 26,46 TexW=149 TexH=181
2026-08-22 01:57:06 [INFO] X=163 Y=-206 Src=0,0 - 26,46 TexW=149 TexH=181
2026-08-22 01:57:06 [INFO] X=168 Y=-214 Src=64,0 - 80,16 TexW=708 TexH=202
2026-08-22 01:57:06 [INFO] X=-352 Y=-160 Src=0,0 - 32,32 TexW=64 TexH=32
2026-08-22 01:57:06 [INFO] X=352 Y=-160 Src=608,64 - 640,96 TexW=640 TexH=742
2026-08-22 01:57:06 [INFO] X=480 Y=-160 Src=608,64 - 640,96 TexW=640 TexH=742
2026-08-22 01:57:06 [INFO] X=74 Y=-251 Src=0,0 - 77,155 TexW=77 TexH=155
2026-08-22 01:57:06 [INFO] X=419 Y=-142 Src=0,0 - 26,46 TexW=149 TexH=181
2026-08-22 01:57:06 [INFO] X=424 Y=-150 Src=320,0 - 336,16 TexW=708 TexH=202
2026-08-22 01:57:06 [INFO] X=448 Y=-128 Src=256,96 - 288,128 TexW=640 TexH=742
2026-08-22 01:57:06 [INFO] X=586 Y=-251 Src=0,0 - 77,155 TexW=77 TexH=155
2026-08-22 01:57:06 [INFO] X=-32 Y=-64 Src=608,64 - 640,96 TexW=640 TexH=742
2026-08-22 01:57:06 [INFO] X=448 Y=-64 Src=608,64 - 640,96 TexW=640 TexH=742
2026-08-22 01:57:06 [INFO] X=464 Y=-288 Src=0,0 - 256,256 TexW=256 TexH=256
2026-08-22 01:57:06 [INFO] X=0 Y=0 Src=608,64 - 640,96 TexW=640 TexH=742
2026-08-22 01:57:06 [INFO] X=291 Y=-14 Src=0,0 - 26,46 TexW=149 TexH=181
2026-08-22 01:57:06 [INFO] X=296 Y=-22 Src=256,48 - 272,64 TexW=708 TexH=202
2026-08-22 01:57:06 [INFO] X=736 Y=-64 Src=0,96 - 96,192 TexW=288 TexH=192
2026-08-22 01:57:06 [INFO] X=656 Y=32 Src=0,0 - 64,32 TexW=64 TexH=32
2026-08-22 01:57:06 [INFO] X=867 Y=18 Src=0,0 - 26,46 TexW=149 TexH=181
2026-08-22 01:57:06 [INFO] X=872 Y=10 Src=0,0 - 16,16 TexW=708 TexH=202
2026-08-22 01:57:06 [INFO] X=-349 Y=50 Src=0,0 - 26,46 TexW=149 TexH=181
2026-08-22 01:57:06 [INFO] X=-344 Y=42 Src=384,16 - 400,32 TexW=708 TexH=202
2026-08-22 01:57:06 [INFO] X=-285 Y=50 Src=0,0 - 26,46 TexW=149 TexH=181
2026-08-22 01:57:06 [INFO] X=-280 Y=42 Src=384,16 - 400,32 TexW=708 TexH=202
2026-08-22 01:57:06 [INFO] X=-182 Y=-59 Src=0,0 - 77,155 TexW=77 TexH=155
2026-08-22 01:57:06 [INFO] X=-61 Y=50 Src=0,0 - 26,46 TexW=149 TexH=181
2026-08-22 01:57:06 [INFO] X=-56 Y=42 Src=272,128 - 288,144 TexW=708 TexH=202
2026-08-22 01:57:06 [INFO] X=42 Y=-59 Src=0,0 - 77,155 TexW=77 TexH=155
2026-08-22 01:57:06 [INFO] X=259 Y=178 Src=0,0 - 26,46 TexW=149 TexH=181
2026-08-22 01:57:06 [INFO] X=264 Y=170 Src=128,16 - 144,32 TexW=708 TexH=202
2026-08-22 01:57:06 [INFO] X=611 Y=306 Src=0,0 - 26,46 TexW=149 TexH=181
2026-08-22 01:57:06 [INFO] X=616 Y=298 Src=256,48 - 272,64 TexW=708 TexH=202
2026-08-22 01:57:06 [INFO] X=-368 Y=128 Src=0,0 - 256,256 TexW=256 TexH=256
2026-08-22 01:57:06 [INFO] X=-240 Y=128 Src=0,0 - 256,256 TexW=256 TexH=256
2026-08-22 01:57:06 [INFO] X=-112 Y=128 Src=0,0 - 256,256 TexW=256 TexH=256
2026-08-22 01:57:06 [INFO] X=283 Y=384 Src=952,512 - 995,576 TexW=1792 TexH=640
2026-08-22 01:57:06 [INFO] X=443 Y=384 Src=952,512 - 995,576 TexW=1792 TexH=640
2026-08-22 01:57:06 [INFO] X=592 Y=192 Src=0,0 - 256,256 TexW=256 TexH=256
2026-08-22 01:57:06 [INFO] X=688 Y=192 Src=0,0 - 256,256 TexW=256 TexH=256
2026-08-22 01:57:06 [INFO] X=323 Y=448 Src=182,0 - 208,96 TexW=234 TexH=97
2026-08-22 01:57:06 [INFO] X=355 Y=498 Src=0,0 - 26,46 TexW=149 TexH=181
2026-08-22 01:57:06 [INFO] X=360 Y=490 Src=384,32 - 400,48 TexW=708 TexH=202
2026-08-22 01:57:06 [INFO] X=384 Y=512 Src=64,672 - 96,704 TexW=640 TexH=742
2026-08-22 01:57:06 [INFO] X=419 Y=448 Src=182,0 - 208,96 TexW=234 TexH=97
2026-08-22 01:57:06 [INFO] X=-368 Y=320 Src=0,0 - 256,256 TexW=256 TexH=256
2026-08-22 01:57:06 [INFO] X=688 Y=384 Src=0,0 - 256,256 TexW=256 TexH=256
2026-08-22 01:57:06 [INFO] X=-368 Y=448 Src=0,0 - 256,256 TexW=256 TexH=256
2026-08-22 01:57:06 [INFO] X=-127 Y=636 Src=210,0 - 240,68 TexW=270 TexH=68
2026-08-22 01:57:06 [INFO] X=-208 Y=448 Src=0,0 - 256,256 TexW=256 TexH=256
2026-08-22 01:57:06 [INFO] X=-285 Y=690 Src=0,0 - 26,46 TexW=149 TexH=181
2026-08-22 01:57:06 [INFO] X=-280 Y=682 Src=64,0 - 80,16 TexW=708 TexH=202
2026-08-22 01:57:06 [INFO] X=-253 Y=690 Src=0,0 - 26,46 TexW=149 TexH=181
2026-08-22 01:57:06 [INFO] X=-248 Y=682 Src=639,64 - 655,80 TexW=708 TexH=202
2026-08-22 01:57:06 [INFO] X=-221 Y=690 Src=0,0 - 26,46 TexW=149 TexH=181
2026-08-22 01:57:06 [INFO] X=-216 Y=682 Src=272,128 - 288,144 TexW=708 TexH=202
2026-08-22 01:57:06 [INFO] X=-32 Y=-32 Src=0,0 - 32,32 TexW=512 TexH=128
2026-08-22 01:57:06 [INFO] X=0 Y=-32 Src=32,0 - 64,32 TexW=512 TexH=128
2026-08-22 01:57:06 [INFO] X=32 Y=-32 Src=64,0 - 96,32 TexW=512 TexH=128
2026-08-22 01:57:06 [INFO] X=32 Y=-32 Src=512,192 - 544,224 TexW=640 TexH=742
2026-08-22 01:57:06 [INFO] X=64 Y=-32 Src=96,0 - 128,32 TexW=512 TexH=128
2026-08-22 01:57:06 [INFO] X=96 Y=-32 Src=0,0 - 32,32 TexW=512 TexH=128
2026-08-22 01:57:06 [INFO] X=128 Y=-32 Src=32,0 - 64,32 TexW=512 TexH=128
2026-08-22 01:57:06 [INFO] X=160 Y=-32 Src=64,0 - 96,32 TexW=512 TexH=128
2026-08-22 01:57:06 [INFO] X=192 Y=-32 Src=96,0 - 128,32 TexW=512 TexH=128
2026-08-22 01:57:06 [INFO] X=224 Y=-32 Src=0,0 - 32,32 TexW=512 TexH=128
2026-08-22 01:57:06 [INFO] X=256 Y=-32 Src=32,0 - 64,32 TexW=512 TexH=128
2026-08-22 01:57:06 [INFO] X=288 Y=-32 Src=64,0 - 96,32 TexW=512 TexH=128
2026-08-22 01:57:06 [INFO] X=320 Y=-32 Src=96,0 - 128,32 TexW=512 TexH=128
2026-08-22 01:57:06 [INFO] X=352 Y=-32 Src=0,0 - 32,32 TexW=512 TexH=128
2026-08-22 01:57:06 [INFO] X=384 Y=-32 Src=32,0 - 64,32 TexW=512 TexH=128
2026-08-22 01:57:06 [INFO] X=362 Y=-58 Src=0,0 - 77,58 TexW=77 TexH=58
2026-08-22 01:57:06 [INFO] X=416 Y=-32 Src=64,0 - 96,32 TexW=512 TexH=128
2026-08-22 01:57:06 [INFO] X=448 Y=-32 Src=96,0 - 128,32 TexW=512 TexH=128
2026-08-22 01:57:06 [INFO] X=480 Y=-32 Src=0,0 - 32,32 TexW=512 TexH=128
2026-08-22 01:57:06 [INFO] X=512 Y=-32 Src=32,0 - 64,32 TexW=512 TexH=128
2026-08-22 01:57:06 [INFO] X=544 Y=-32 Src=64,0 - 96,32 TexW=512 TexH=128
2026-08-22 01:57:06 [INFO] X=-32 Y=0 Src=0,64 - 32,96 TexW=512 TexH=128
2026-08-22 01:57:06 [INFO] X=0 Y=0 Src=32,64 - 64,96 TexW=512 TexH=128
2026-08-22 01:57:06 [INFO] X=32 Y=0 Src=64,64 - 96,96 TexW=512 TexH=128
2026-08-22 01:57:06 [INFO] X=64 Y=0 Src=96,64 - 128,96 TexW=512 TexH=128
2026-08-22 01:57:06 [INFO] X=96 Y=0 Src=0,64 - 32,96 TexW=512 TexH=128
2026-08-22 01:57:06 [INFO] X=128 Y=0 Src=32,64 - 64,96 TexW=512 TexH=128
2026-08-22 01:57:06 [INFO] X=160 Y=0 Src=64,64 - 96,96 TexW=512 TexH=128
2026-08-22 01:57:06 [INFO] X=192 Y=0 Src=96,64 - 128,96 TexW=512 TexH=128
2026-08-22 01:57:06 [INFO] X=224 Y=0 Src=0,64 - 32,96 TexW=512 TexH=128
2026-08-22 01:57:06 [INFO] X=256 Y=0 Src=32,64 - 64,96 TexW=512 TexH=128
2026-08-22 01:57:06 [INFO] X=288 Y=0 Src=64,64 - 96,96 TexW=512 TexH=128
2026-08-22 01:57:06 [INFO] X=320 Y=0 Src=96,64 - 128,96 TexW=512 TexH=128
2026-08-22 01:57:06 [INFO] X=352 Y=0 Src=0,64 - 32,96 TexW=512 TexH=128
2026-08-22 01:57:06 [INFO] X=384 Y=0 Src=32,64 - 64,96 TexW=512 TexH=128
2026-08-22 01:57:06 [INFO] X=416 Y=0 Src=64,64 - 96,96 TexW=512 TexH=128
2026-08-22 01:57:06 [INFO] X=448 Y=0 Src=96,64 - 128,96 TexW=512 TexH=128
2026-08-22 01:57:06 [INFO] X=480 Y=0 Src=0,64 - 32,96 TexW=512 TexH=128
2026-08-22 01:57:06 [INFO] X=512 Y=0 Src=32,64 - 64,96 TexW=512 TexH=128
2026-08-22 01:57:06 [INFO] X=544 Y=0 Src=64,64 - 96,96 TexW=512 TexH=128
2026-08-22 01:57:06 [INFO] X=-32 Y=32 Src=0,128 - 32,160 TexW=384 TexH=384
2026-08-22 01:57:06 [INFO] X=-32 Y=32 Src=128,128 - 160,160 TexW=256 TexH=384
2026-08-22 01:57:06 [INFO] X=0 Y=32 Src=32,128 - 64,160 TexW=384 TexH=384
2026-08-22 01:57:06 [INFO] X=0 Y=32 Src=160,128 - 192,160 TexW=256 TexH=384
2026-08-22 01:57:06 [INFO] X=32 Y=32 Src=64,128 - 96,160 TexW=384 TexH=384
2026-08-22 01:57:06 [INFO] X=32 Y=32 Src=128,128 - 160,160 TexW=256 TexH=384
2026-08-22 01:57:06 [INFO] X=64 Y=32 Src=96,128 - 128,160 TexW=384 TexH=384
2026-08-22 01:57:06 [INFO] X=64 Y=32 Src=160,128 - 192,160 TexW=256 TexH=384
2026-08-22 01:57:06 [INFO] X=96 Y=32 Src=0,128 - 32,160 TexW=384 TexH=384
2026-08-22 01:57:06 [INFO] X=96 Y=32 Src=128,128 - 160,160 TexW=256 TexH=384
2026-08-22 01:57:06 [INFO] X=128 Y=32 Src=32,128 - 64,160 TexW=384 TexH=384
2026-08-22 01:57:06 [INFO] X=128 Y=32 Src=160,128 - 192,160 TexW=256 TexH=384
2026-08-22 01:57:06 [INFO] X=160 Y=32 Src=64,128 - 96,160 TexW=384 TexH=384
2026-08-22 01:57:06 [INFO] X=160 Y=32 Src=128,128 - 160,160 TexW=256 TexH=384
2026-08-22 01:57:06 [INFO] X=192 Y=32 Src=96,128 - 128,160 TexW=384 TexH=384
2026-08-22 01:57:06 [INFO] X=192 Y=32 Src=160,128 - 192,160 TexW=256 TexH=384
2026-08-22 01:57:06 [INFO] X=224 Y=32 Src=0,128 - 32,160 TexW=384 TexH=384
2026-08-22 01:57:06 [INFO] X=224 Y=32 Src=128,128 - 160,160 TexW=256 TexH=384
2026-08-22 01:57:06 [INFO] X=256 Y=32 Src=32,128 - 64,160 TexW=384 TexH=384
2026-08-22 01:57:06 [INFO] X=256 Y=32 Src=160,128 - 192,160 TexW=256 TexH=384
2026-08-22 01:57:06 [INFO] X=288 Y=32 Src=64,128 - 96,160 TexW=384 TexH=384
2026-08-22 01:57:06 [INFO] X=288 Y=32 Src=128,128 - 160,160 TexW=256 TexH=384
2026-08-22 01:57:06 [INFO] X=320 Y=32 Src=96,128 - 128,160 TexW=384 TexH=384
2026-08-22 01:57:06 [INFO] X=320 Y=32 Src=160,128 - 192,160 TexW=256 TexH=384
2026-08-22 01:57:06 [INFO] X=352 Y=32 Src=0,128 - 32,160 TexW=384 TexH=384
2026-08-22 01:57:06 [INFO] X=352 Y=32 Src=128,128 - 160,160 TexW=256 TexH=384
2026-08-22 01:57:06 [INFO] X=384 Y=32 Src=32,128 - 64,160 TexW=384 TexH=384
2026-08-22 01:57:06 [INFO] X=384 Y=32 Src=160,128 - 192,160 TexW=256 TexH=384
2026-08-22 01:57:06 [INFO] X=416 Y=32 Src=64,128 - 96,160 TexW=384 TexH=384
2026-08-22 01:57:06 [INFO] X=416 Y=32 Src=128,128 - 160,160 TexW=256 TexH=384
2026-08-22 01:57:06 [INFO] X=448 Y=32 Src=96,128 - 128,160 TexW=384 TexH=384
2026-08-22 01:57:06 [INFO] X=448 Y=32 Src=160,128 - 192,160 TexW=256 TexH=384
2026-08-22 01:57:06 [INFO] X=480 Y=32 Src=0,128 - 32,160 TexW=384 TexH=384
2026-08-22 01:57:06 [INFO] X=480 Y=32 Src=128,128 - 160,160 TexW=256 TexH=384
2026-08-22 01:57:06 [INFO] X=512 Y=32 Src=32,128 - 64,160 TexW=384 TexH=384
2026-08-22 01:57:06 [INFO] X=512 Y=32 Src=160,128 - 192,160 TexW=256 TexH=384
2026-08-22 01:57:06 [INFO] X=544 Y=32 Src=64,128 - 96,160 TexW=384 TexH=384
2026-08-22 01:57:06 [INFO] X=544 Y=32 Src=128,128 - 160,160 TexW=256 TexH=384
2026-08-22 01:57:06 [INFO] X=-32 Y=64 Src=0,192 - 32,224 TexW=384 TexH=384
2026-08-22 01:57:06 [INFO] X=0 Y=64 Src=32,192 - 64,224 TexW=384 TexH=384
2026-08-22 01:57:06 [INFO] X=32 Y=64 Src=64,192 - 96,224 TexW=384 TexH=384
2026-08-22 01:57:06 [INFO] X=64 Y=64 Src=96,192 - 128,224 TexW=384 TexH=384
2026-08-22 01:57:06 [INFO] X=96 Y=64 Src=0,192 - 32,224 TexW=384 TexH=384
2026-08-22 01:57:06 [INFO] X=128 Y=64 Src=32,192 - 64,224 TexW=384 TexH=384
2026-08-22 01:57:06 [INFO] X=160 Y=64 Src=64,192 - 96,224 TexW=384 TexH=384
2026-08-22 01:57:06 [INFO] X=192 Y=64 Src=96,192 - 128,224 TexW=384 TexH=384
2026-08-22 01:57:06 [INFO] X=224 Y=64 Src=0,192 - 32,224 TexW=384 TexH=384
2026-08-22 01:57:06 [INFO] X=256 Y=64 Src=32,192 - 64,224 TexW=384 TexH=384
2026-08-22 01:57:06 [INFO] X=288 Y=64 Src=64,192 - 96,224 TexW=384 TexH=384
2026-08-22 01:57:06 [INFO] X=320 Y=64 Src=96,192 - 128,224 TexW=384 TexH=384
2026-08-22 01:57:06 [INFO] X=352 Y=64 Src=0,192 - 32,224 TexW=384 TexH=384
2026-08-22 01:57:06 [INFO] X=384 Y=64 Src=32,192 - 64,224 TexW=384 TexH=384
2026-08-22 01:57:06 [INFO] X=416 Y=64 Src=64,192 - 96,224 TexW=384 TexH=384
2026-08-22 01:57:06 [INFO] X=448 Y=64 Src=96,192 - 128,224 TexW=384 TexH=384
2026-08-22 01:57:06 [INFO] X=480 Y=64 Src=0,192 - 32,224 TexW=384 TexH=384
2026-08-22 01:57:06 [INFO] X=512 Y=64 Src=32,192 - 64,224 TexW=384 TexH=384
2026-08-22 01:57:06 [INFO] X=544 Y=64 Src=64,192 - 96,224 TexW=384 TexH=384
2026-08-22 01:57:06 [INFO] X=-32 Y=96 Src=0,128 - 32,160 TexW=384 TexH=384
2026-08-22 01:57:06 [INFO] X=0 Y=96 Src=32,128 - 64,160 TexW=384 TexH=384
2026-08-22 01:57:06 [INFO] X=32 Y=96 Src=64,128 - 96,160 TexW=384 TexH=384
2026-08-22 01:57:06 [INFO] X=64 Y=96 Src=96,128 - 128,160 TexW=384 TexH=384
2026-08-22 01:57:06 [INFO] X=96 Y=96 Src=0,128 - 32,160 TexW=384 TexH=384
2026-08-22 01:57:06 [INFO] X=128 Y=96 Src=32,128 - 64,160 TexW=384 TexH=384
2026-08-22 01:57:06 [INFO] X=160 Y=96 Src=64,128 - 96,160 TexW=384 TexH=384
2026-08-22 01:57:06 [INFO] X=192 Y=96 Src=96,128 - 128,160 TexW=384 TexH=384
2026-08-22 01:57:06 [INFO] X=224 Y=96 Src=0,128 - 32,160 TexW=384 TexH=384
2026-08-22 01:57:06 [INFO] X=256 Y=96 Src=32,128 - 64,160 TexW=384 TexH=384
2026-08-22 01:57:06 [INFO] X=288 Y=96 Src=64,128 - 96,160 TexW=384 TexH=384
2026-08-22 01:57:06 [INFO] X=320 Y=96 Src=96,128 - 128,160 TexW=384 TexH=384
2026-08-22 01:57:06 [INFO] X=352 Y=96 Src=0,128 - 32,160 TexW=384 TexH=384
2026-08-22 01:57:06 [INFO] X=384 Y=96 Src=32,128 - 64,160 TexW=384 TexH=384
2026-08-22 01:57:06 [INFO] X=416 Y=96 Src=64,128 - 96,160 TexW=384 TexH=384
2026-08-22 01:57:06 [INFO] X=448 Y=96 Src=96,128 - 128,160 TexW=384 TexH=384
2026-08-22 01:57:06 [INFO] X=480 Y=96 Src=0,128 - 32,160 TexW=384 TexH=384
2026-08-22 01:57:06 [INFO] X=512 Y=96 Src=32,128 - 64,160 TexW=384 TexH=384
2026-08-22 01:57:06 [INFO] X=544 Y=96 Src=64,128 - 96,160 TexW=384 TexH=384
2026-08-22 01:57:06 [INFO] X=-32 Y=128 Src=0,192 - 32,224 TexW=384 TexH=384
2026-08-22 01:57:06 [INFO] X=0 Y=128 Src=32,192 - 64,224 TexW=384 TexH=384
2026-08-22 01:57:06 [INFO] X=32 Y=128 Src=64,192 - 96,224 TexW=384 TexH=384
2026-08-22 01:57:06 [INFO] X=64 Y=128 Src=96,192 - 128,224 TexW=384 TexH=384
2026-08-22 01:57:06 [INFO] X=96 Y=128 Src=0,192 - 32,224 TexW=384 TexH=384
2026-08-22 01:57:06 [INFO] X=128 Y=128 Src=32,192 - 64,224 TexW=384 TexH=384
2026-08-22 01:57:06 [INFO] X=160 Y=128 Src=64,192 - 96,224 TexW=384 TexH=384
2026-08-22 01:57:06 [INFO] X=192 Y=128 Src=96,192 - 128,224 TexW=384 TexH=384
2026-08-22 01:57:06 [INFO] X=224 Y=128 Src=0,192 - 32,224 TexW=384 TexH=384
2026-08-22 01:57:06 [INFO] X=256 Y=128 Src=32,192 - 64,224 TexW=384 TexH=384
2026-08-22 01:57:06 [INFO] X=288 Y=128 Src=64,192 - 96,224 TexW=384 TexH=384
2026-08-22 01:57:06 [INFO] X=320 Y=128 Src=96,192 - 128,224 TexW=384 TexH=384
2026-08-22 01:57:06 [INFO] X=352 Y=128 Src=0,192 - 32,224 TexW=384 TexH=384
2026-08-22 01:57:06 [INFO] X=384 Y=128 Src=32,192 - 64,224 TexW=384 TexH=384
2026-08-22 01:57:06 [INFO] X=416 Y=128 Src=64,192 - 96,224 TexW=384 TexH=384
2026-08-22 01:57:06 [INFO] X=448 Y=128 Src=96,192 - 128,224 TexW=384 TexH=384
2026-08-22 01:57:06 [INFO] X=480 Y=128 Src=0,192 - 32,224 TexW=384 TexH=384
2026-08-22 01:57:06 [INFO] X=512 Y=128 Src=32,192 - 64,224 TexW=384 TexH=384
2026-08-22 01:57:06 [INFO] X=544 Y=128 Src=64,192 - 96,224 TexW=384 TexH=384
2026-08-22 01:57:06 [INFO] X=-32 Y=160 Src=0,128 - 32,160 TexW=384 TexH=384
2026-08-22 01:57:06 [INFO] X=0 Y=160 Src=32,128 - 64,160 TexW=384 TexH=384
2026-08-22 01:57:06 [INFO] X=32 Y=160 Src=64,128 - 96,160 TexW=384 TexH=384
2026-08-22 01:57:06 [INFO] X=64 Y=160 Src=96,128 - 128,160 TexW=384 TexH=384
2026-08-22 01:57:06 [INFO] X=96 Y=160 Src=0,128 - 32,160 TexW=384 TexH=384
2026-08-22 01:57:06 [INFO] X=128 Y=160 Src=32,128 - 64,160 TexW=384 TexH=384
2026-08-22 01:57:06 [INFO] X=160 Y=160 Src=64,128 - 96,160 TexW=384 TexH=384
2026-08-22 01:57:06 [INFO] X=192 Y=160 Src=96,128 - 128,160 TexW=384 TexH=384
2026-08-22 01:57:06 [INFO] X=224 Y=160 Src=0,128 - 32,160 TexW=384 TexH=384
2026-08-22 01:57:06 [INFO] X=256 Y=160 Src=32,128 - 64,160 TexW=384 TexH=384
2026-08-22 01:57:06 [INFO] X=288 Y=160 Src=64,128 - 96,160 TexW=384 TexH=384
2026-08-22 01:57:06 [INFO] X=320 Y=160 Src=96,128 - 128,160 TexW=384 TexH=384
2026-08-22 01:57:06 [INFO] X=352 Y=160 Src=0,128 - 32,160 TexW=384 TexH=384
2026-08-22 01:57:06 [INFO] X=384 Y=160 Src=32,128 - 64,160 TexW=384 TexH=384
2026-08-22 01:57:06 [INFO] X=416 Y=160 Src=64,128 - 96,160 TexW=384 TexH=384
2026-08-22 01:57:06 [INFO] X=448 Y=160 Src=96,128 - 128,160 TexW=384 TexH=384
2026-08-22 01:57:06 [INFO] X=480 Y=160 Src=0,128 - 32,160 TexW=384 TexH=384
2026-08-22 01:57:06 [INFO] X=512 Y=160 Src=32,128 - 64,160 TexW=384 TexH=384
2026-08-22 01:57:06 [INFO] X=544 Y=160 Src=64,128 - 96,160 TexW=384 TexH=384
2026-08-22 01:57:06 [INFO] X=-32 Y=192 Src=0,192 - 32,224 TexW=384 TexH=384
2026-08-22 01:57:06 [INFO] X=0 Y=192 Src=32,192 - 64,224 TexW=384 TexH=384
2026-08-22 01:57:06 [INFO] X=32 Y=192 Src=64,192 - 96,224 TexW=384 TexH=384
2026-08-22 01:57:06 [INFO] X=64 Y=192 Src=96,192 - 128,224 TexW=384 TexH=384
2026-08-22 01:57:06 [INFO] X=96 Y=192 Src=0,192 - 32,224 TexW=384 TexH=384
2026-08-22 01:57:06 [INFO] X=128 Y=192 Src=32,192 - 64,224 TexW=384 TexH=384
2026-08-22 01:57:06 [INFO] X=160 Y=192 Src=64,192 - 96,224 TexW=384 TexH=384
2026-08-22 01:57:06 [INFO] X=192 Y=192 Src=96,192 - 128,224 TexW=384 TexH=384
2026-08-22 01:57:06 [INFO] X=224 Y=192 Src=0,192 - 32,224 TexW=384 TexH=384
2026-08-22 01:57:06 [INFO] X=256 Y=192 Src=32,192 - 64,224 TexW=384 TexH=384
2026-08-22 01:57:06 [INFO] X=288 Y=192 Src=64,192 - 96,224 TexW=384 TexH=384
2026-08-22 01:57:06 [INFO] X=320 Y=192 Src=96,192 - 128,224 TexW=384 TexH=384
2026-08-22 01:57:06 [INFO] X=352 Y=192 Src=0,192 - 32,224 TexW=384 TexH=384
2026-08-22 01:57:06 [INFO] X=384 Y=192 Src=32,192 - 64,224 TexW=384 TexH=384
2026-08-22 01:57:06 [INFO] X=416 Y=192 Src=64,192 - 96,224 TexW=384 TexH=384
2026-08-22 01:57:06 [INFO] X=448 Y=192 Src=96,192 - 128,224 TexW=384 TexH=384
2026-08-22 01:57:06 [INFO] X=480 Y=192 Src=0,192 - 32,224 TexW=384 TexH=384
2026-08-22 01:57:06 [INFO] X=512 Y=192 Src=32,192 - 64,224 TexW=384 TexH=384
2026-08-22 01:57:06 [INFO] X=544 Y=192 Src=64,192 - 96,224 TexW=384 TexH=384
2026-08-22 01:57:06 [INFO] X=-304 Y=-415 Src=0,0 - 64,95 TexW=64 TexH=95
2026-08-22 01:57:06 [INFO] X=-368 Y=-576 Src=0,0 - 256,256 TexW=256 TexH=256
2026-08-22 01:57:06 [INFO] X=-182 Y=-475 Src=0,0 - 77,155 TexW=77 TexH=155
2026-08-22 01:57:06 [INFO] X=-208 Y=-576 Src=0,0 - 256,256 TexW=256 TexH=256
2026-08-22 01:57:06 [INFO] X=48 Y=-320 Src=0,0 - 128,32 TexW=128 TexH=32
2026-08-22 01:57:06 [INFO] X=176 Y=-320 Src=0,0 - 128,32 TexW=128 TexH=32
2026-08-22 01:57:06 [INFO] X=464 Y=-320 Src=0,0 - 128,32 TexW=128 TexH=32
2026-08-22 01:57:06 [INFO] X=592 Y=-320 Src=0,0 - 128,32 TexW=128 TexH=32
2026-08-22 01:57:06 [INFO] X=-176 Y=-512 Src=0,0 - 256,256 TexW=256 TexH=256
2026-08-22 01:57:06 [INFO] X=208 Y=-512 Src=0,0 - 256,256 TexW=256 TexH=256
2026-08-22 01:57:06 [INFO] X=-352 Y=-256 Src=0,0 - 32,32 TexW=64 TexH=32
2026-08-22 01:57:06 [INFO] X=835 Y=-270 Src=0,0 - 26,46 TexW=174 TexH=181
2026-08-22 01:57:06 [INFO] X=-176 Y=-448 Src=0,0 - 256,256 TexW=256 TexH=256
2026-08-22 01:57:06 [INFO] X=48 Y=-224 Src=0,0 - 128,32 TexW=128 TexH=32
2026-08-22 01:57:06 [INFO] X=176 Y=-224 Src=0,0 - 128,32 TexW=128 TexH=32
2026-08-22 01:57:06 [INFO] X=384 Y=-224 Src=608,64 - 640,96 TexW=640 TexH=742
2026-08-22 01:57:06 [INFO] X=480 Y=-224 Src=608,64 - 640,96 TexW=640 TexH=742
2026-08-22 01:57:06 [INFO] X=464 Y=-224 Src=0,0 - 128,32 TexW=128 TexH=32
2026-08-22 01:57:06 [INFO] X=592 Y=-224 Src=0,0 - 128,32 TexW=128 TexH=32
2026-08-22 01:57:06 [INFO] X=-253 Y=-206 Src=0,0 - 26,46 TexW=149 TexH=181
2026-08-22 01:57:06 [INFO] X=163 Y=-206 Src=0,0 - 26,46 TexW=149 TexH=181
2026-08-22 01:57:06 [INFO] X=168 Y=-214 Src=64,0 - 80,16 TexW=708 TexH=202
2026-08-22 01:57:06 [INFO] X=-352 Y=-160 Src=0,0 - 32,32 TexW=64 TexH=32
2026-08-22 01:57:06 [INFO] X=352 Y=-160 Src=608,64 - 640,96 TexW=640 TexH=742
2026-08-22 01:57:06 [INFO] X=480 Y=-160 Src=608,64 - 640,96 TexW=640 TexH=742
2026-08-22 01:57:06 [INFO] X=74 Y=-251 Src=0,0 - 77,155 TexW=77 TexH=155
2026-08-22 01:57:06 [INFO] X=419 Y=-142 Src=0,0 - 26,46 TexW=149 TexH=181
2026-08-22 01:57:06 [INFO] X=424 Y=-150 Src=320,0 - 336,16 TexW=708 TexH=202
2026-08-22 01:57:06 [INFO] X=448 Y=-128 Src=256,96 - 288,128 TexW=640 TexH=742
2026-08-22 01:57:06 [INFO] X=586 Y=-251 Src=0,0 - 77,155 TexW=77 TexH=155
2026-08-22 01:57:06 [INFO] X=-32 Y=-64 Src=608,64 - 640,96 TexW=640 TexH=742
2026-08-22 01:57:06 [INFO] X=448 Y=-64 Src=608,64 - 640,96 TexW=640 TexH=742
2026-08-22 01:57:06 [INFO] X=464 Y=-288 Src=0,0 - 256,256 TexW=256 TexH=256
2026-08-22 01:57:06 [INFO] X=0 Y=0 Src=608,64 - 640,96 TexW=640 TexH=742
2026-08-22 01:57:06 [INFO] X=291 Y=-14 Src=0,0 - 26,46 TexW=149 TexH=181
2026-08-22 01:57:06 [INFO] X=296 Y=-22 Src=256,48 - 272,64 TexW=708 TexH=202
2026-08-22 01:57:06 [INFO] X=736 Y=-64 Src=0,96 - 96,192 TexW=288 TexH=192
2026-08-22 01:57:06 [INFO] X=656 Y=32 Src=0,0 - 64,32 TexW=64 TexH=32
2026-08-22 01:57:06 [INFO] X=867 Y=18 Src=0,0 - 26,46 TexW=149 TexH=181
2026-08-22 01:57:06 [INFO] X=872 Y=10 Src=0,0 - 16,16 TexW=708 TexH=202
2026-08-22 01:57:06 [INFO] X=-349 Y=50 Src=0,0 - 26,46 TexW=149 TexH=181
2026-08-22 01:57:06 [INFO] X=-344 Y=42 Src=384,16 - 400,32 TexW=708 TexH=202
2026-08-22 01:57:06 [INFO] X=-285 Y=50 Src=0,0 - 26,46 TexW=149 TexH=181
2026-08-22 01:57:06 [INFO] X=-280 Y=42 Src=384,16 - 400,32 TexW=708 TexH=202
2026-08-22 01:57:06 [INFO] X=-182 Y=-59 Src=0,0 - 77,155 TexW=77 TexH=155
2026-08-22 01:57:06 [INFO] X=-61 Y=50 Src=0,0 - 26,46 TexW=149 TexH=181
2026-08-22 01:57:06 [INFO] X=-56 Y=42 Src=272,128 - 288,144 TexW=708 TexH=202
2026-08-22 01:57:06 [INFO] X=42 Y=-59 Src=0,0 - 77,155 TexW=77 TexH=155
2026-08-22 01:57:06 [INFO] X=259 Y=178 Src=0,0 - 26,46 TexW=149 TexH=181
2026-08-22 01:57:06 [INFO] X=264 Y=170 Src=128,16 - 144,32 TexW=708 TexH=202
2026-08-22 01:57:06 [INFO] X=611 Y=306 Src=0,0 - 26,46 TexW=149 TexH=181
2026-08-22 01:57:06 [INFO] X=616 Y=298 Src=256,48 - 272,64 TexW=708 TexH=202
2026-08-22 01:57:06 [INFO] X=-368 Y=128 Src=0,0 - 256,256 TexW=256 TexH=256
2026-08-22 01:57:06 [INFO] X=-240 Y=128 Src=0,0 - 256,256 TexW=256 TexH=256
2026-08-22 01:57:06 [INFO] X=-112 Y=128 Src=0,0 - 256,256 TexW=256 TexH=256
2026-08-22 01:57:06 [INFO] X=283 Y=384 Src=952,512 - 995,576 TexW=1792 TexH=640
2026-08-22 01:57:06 [INFO] X=443 Y=384 Src=952,512 - 995,576 TexW=1792 TexH=640
2026-08-22 01:57:06 [INFO] X=592 Y=192 Src=0,0 - 256,256 TexW=256 TexH=256
2026-08-22 01:57:06 [INFO] X=688 Y=192 Src=0,0 - 256,256 TexW=256 TexH=256
2026-08-22 01:57:06 [INFO] X=323 Y=448 Src=156,0 - 182,96 TexW=234 TexH=97
2026-08-22 01:57:06 [INFO] X=355 Y=498 Src=0,0 - 26,46 TexW=149 TexH=181
2026-08-22 01:57:06 [INFO] X=360 Y=490 Src=384,32 - 400,48 TexW=708 TexH=202
2026-08-22 01:57:06 [INFO] X=384 Y=512 Src=64,672 - 96,704 TexW=640 TexH=742
2026-08-22 01:57:06 [INFO] X=419 Y=448 Src=156,0 - 182,96 TexW=234 TexH=97
2026-08-22 01:57:06 [INFO] X=-368 Y=320 Src=0,0 - 256,256 TexW=256 TexH=256
2026-08-22 01:57:06 [INFO] X=688 Y=384 Src=0,0 - 256,256 TexW=256 TexH=256
2026-08-22 01:57:06 [INFO] X=-368 Y=448 Src=0,0 - 256,256 TexW=256 TexH=256
2026-08-22 01:57:06 [INFO] X=-127 Y=636 Src=180,0 - 210,68 TexW=270 TexH=68
2026-08-22 01:57:06 [INFO] X=-208 Y=448 Src=0,0 - 256,256 TexW=256 TexH=256
2026-08-22 01:57:06 [INFO] X=-285 Y=690 Src=0,0 - 26,46 TexW=149 TexH=181
2026-08-22 01:57:06 [INFO] X=-280 Y=682 Src=64,0 - 80,16 TexW=708 TexH=202
2026-08-22 01:57:06 [INFO] X=-253 Y=690 Src=0,0 - 26,46 TexW=149 TexH=181
2026-08-22 01:57:06 [INFO] X=-248 Y=682 Src=639,64 - 655,80 TexW=708 TexH=202
2026-08-22 01:57:06 [INFO] X=-221 Y=690 Src=0,0 - 26,46 TexW=149 TexH=181
2026-08-22 01:57:06 [INFO] X=-216 Y=682 Src=272,128 - 288,144 TexW=708 TexH=202
2026-08-22 01:57:06 [INFO] X=-32 Y=-32 Src=0,0 - 32,32 TexW=512 TexH=128
2026-08-22 01:57:06 [INFO] X=0 Y=-32 Src=32,0 - 64,32 TexW=512 TexH=128
2026-08-22 01:57:06 [INFO] X=32 Y=-32 Src=64,0 - 96,32 TexW=512 TexH=128
2026-08-22 01:57:06 [INFO] X=32 Y=-32 Src=512,192 - 544,224 TexW=640 TexH=742
2026-08-22 01:57:06 [INFO] X=64 Y=-32 Src=96,0 - 128,32 TexW=512 TexH=128
2026-08-22 01:57:06 [INFO] X=96 Y=-32 Src=0,0 - 32,32 TexW=512 TexH=128
2026-08-22 01:57:06 [INFO] X=128 Y=-32 Src=32,0 - 64,32 TexW=512 TexH=128
2026-08-22 01:57:06 [INFO] X=160 Y=-32 Src=64,0 - 96,32 TexW=512 TexH=128
2026-08-22 01:57:06 [INFO] X=192 Y=-32 Src=96,0 - 128,32 TexW=512 TexH=128
2026-08-22 01:57:06 [INFO] X=224 Y=-32 Src=0,0 - 32,32 TexW=512 TexH=128
2026-08-22 01:57:06 [INFO] X=256 Y=-32 Src=32,0 - 64,32 TexW=512 TexH=128
2026-08-22 01:57:06 [INFO] X=288 Y=-32 Src=64,0 - 96,32 TexW=512 TexH=128
2026-08-22 01:57:06 [INFO] X=320 Y=-32 Src=96,0 - 128,32 TexW=512 TexH=128
2026-08-22 01:57:06 [INFO] X=352 Y=-32 Src=0,0 - 32,32 TexW=512 TexH=128
2026-08-22 01:57:06 [INFO] X=384 Y=-32 Src=32,0 - 64,32 TexW=512 TexH=128
2026-08-22 01:57:06 [INFO] X=362 Y=-58 Src=0,0 - 77,58 TexW=77 TexH=58
2026-08-22 01:57:06 [INFO] X=416 Y=-32 Src=64,0 - 96,32 TexW=512 TexH=128
2026-08-22 01:57:06 [INFO] X=448 Y=-32 Src=96,0 - 128,32 TexW=512 TexH=128
2026-08-22 01:57:06 [INFO] X=480 Y=-32 Src=0,0 - 32,32 TexW=512 TexH=128
2026-08-22 01:57:06 [INFO] X=512 Y=-32 Src=32,0 - 64,32 TexW=512 TexH=128
2026-08-22 01:57:06 [INFO] X=544 Y=-32 Src=64,0 - 96,32 TexW=512 TexH=128
2026-08-22 01:57:06 [INFO] X=-32 Y=0 Src=0,64 - 32,96 TexW=512 TexH=128
2026-08-22 01:57:06 [INFO] X=0 Y=0 Src=32,64 - 64,96 TexW=512 TexH=128
2026-08-22 01:57:06 [INFO] X=32 Y=0 Src=64,64 - 96,96 TexW=512 TexH=128
2026-08-22 01:57:06 [INFO] X=64 Y=0 Src=96,64 - 128,96 TexW=512 TexH=128
2026-08-22 01:57:06 [INFO] X=96 Y=0 Src=0,64 - 32,96 TexW=512 TexH=128
2026-08-22 01:57:06 [INFO] X=128 Y=0 Src=32,64 - 64,96 TexW=512 TexH=128
2026-08-22 01:57:06 [INFO] X=160 Y=0 Src=64,64 - 96,96 TexW=512 TexH=128
2026-08-22 01:57:06 [INFO] X=192 Y=0 Src=96,64 - 128,96 TexW=512 TexH=128
2026-08-22 01:57:06 [INFO] X=224 Y=0 Src=0,64 - 32,96 TexW=512 TexH=128
2026-08-22 01:57:06 [INFO] X=256 Y=0 Src=32,64 - 64,96 TexW=512 TexH=128
2026-08-22 01:57:06 [INFO] X=288 Y=0 Src=64,64 - 96,96 TexW=512 TexH=128
2026-08-22 01:57:06 [INFO] X=320 Y=0 Src=96,64 - 128,96 TexW=512 TexH=128
2026-08-22 01:57:06 [INFO] X=352 Y=0 Src=0,64 - 32,96 TexW=512 TexH=128
2026-08-22 01:57:06 [INFO] X=384 Y=0 Src=32,64 - 64,96 TexW=512 TexH=128
2026-08-22 01:57:06 [INFO] X=416 Y=0 Src=64,64 - 96,96 TexW=512 TexH=128
2026-08-22 01:57:06 [INFO] X=448 Y=0 Src=96,64 - 128,96 TexW=512 TexH=128
2026-08-22 01:57:06 [INFO] X=480 Y=0 Src=0,64 - 32,96 TexW=512 TexH=128
2026-08-22 01:57:06 [INFO] X=512 Y=0 Src=32,64 - 64,96 TexW=512 TexH=128
2026-08-22 01:57:06 [INFO] X=544 Y=0 Src=64,64 - 96,96 TexW=512 TexH=128
2026-08-22 01:57:06 [INFO] X=-32 Y=32 Src=0,128 - 32,160 TexW=384 TexH=384
2026-08-22 01:57:06 [INFO] X=-32 Y=32 Src=128,128 - 160,160 TexW=256 TexH=384
2026-08-22 01:57:06 [INFO] X=0 Y=32 Src=32,128 - 64,160 TexW=384 TexH=384
2026-08-22 01:57:06 [INFO] X=0 Y=32 Src=160,128 - 192,160 TexW=256 TexH=384
2026-08-22 01:57:06 [INFO] X=32 Y=32 Src=64,128 - 96,160 TexW=384 TexH=384
2026-08-22 01:57:06 [INFO] X=32 Y=32 Src=128,128 - 160,160 TexW=256 TexH=384
2026-08-22 01:57:06 [INFO] X=64 Y=32 Src=96,128 - 128,160 TexW=384 TexH=384
2026-08-22 01:57:06 [INFO] X=64 Y=32 Src=160,128 - 192,160 TexW=256 TexH=384
2026-08-22 01:57:06 [INFO] X=96 Y=32 Src=0,128 - 32,160 TexW=384 TexH=384
2026-08-22 01:57:06 [INFO] X=96 Y=32 Src=128,128 - 160,160 TexW=256 TexH=384
2026-08-22 01:57:06 [INFO] X=128 Y=32 Src=32,128 - 64,160 TexW=384 TexH=384
2026-08-22 01:57:06 [INFO] X=128 Y=32 Src=160,128 - 192,160 TexW=256 TexH=384
2026-08-22 01:57:06 [INFO] X=160 Y=32 Src=64,128 - 96,160 TexW=384 TexH=384
2026-08-22 01:57:06 [INFO] X=160 Y=32 Src=128,128 - 160,160 TexW=256 TexH=384
2026-08-22 01:57:06 [INFO] X=192 Y=32 Src=96,128 - 128,160 TexW=384 TexH=384
2026-08-22 01:57:06 [INFO] X=192 Y=32 Src=160,128 - 192,160 TexW=256 TexH=384
2026-08-22 01:57:06 [INFO] X=224 Y=32 Src=0,128 - 32,160 TexW=384 TexH=384
2026-08-22 01:57:06 [INFO] X=224 Y=32 Src=128,128 - 160,160 TexW=256 TexH=384
2026-08-22 01:57:06 [INFO] X=256 Y=32 Src=32,128 - 64,160 TexW=384 TexH=384
2026-08-22 01:57:06 [INFO] X=256 Y=32 Src=160,128 - 192,160 TexW=256 TexH=384
2026-08-22 01:57:06 [INFO] X=288 Y=32 Src=64,128 - 96,160 TexW=384 TexH=384
2026-08-22 01:57:06 [INFO] X=288 Y=32 Src=128,128 - 160,160 TexW=256 TexH=384
2026-08-22 01:57:06 [INFO] X=320 Y=32 Src=96,128 - 128,160 TexW=384 TexH=384
2026-08-22 01:57:06 [INFO] X=320 Y=32 Src=160,128 - 192,160 TexW=256 TexH=384
2026-08-22 01:57:06 [INFO] X=352 Y=32 Src=0,128 - 32,160 TexW=384 TexH=384
2026-08-22 01:57:06 [INFO] X=352 Y=32 Src=128,128 - 160,160 TexW=256 TexH=384
2026-08-22 01:57:06 [INFO] X=384 Y=32 Src=32,128 - 64,160 TexW=384 TexH=384
2026-08-22 01:57:06 [INFO] X=384 Y=32 Src=160,128 - 192,160 TexW=256 TexH=384
2026-08-22 01:57:06 [INFO] X=416 Y=32 Src=64,128 - 96,160 TexW=384 TexH=384
2026-08-22 01:57:06 [INFO] X=416 Y=32 Src=128,128 - 160,160 TexW=256 TexH=384
2026-08-22 01:57:06 [INFO] X=448 Y=32 Src=96,128 - 128,160 TexW=384 TexH=384
2026-08-22 01:57:06 [INFO] X=448 Y=32 Src=160,128 - 192,160 TexW=256 TexH=384
2026-08-22 01:57:06 [INFO] X=480 Y=32 Src=0,128 - 32,160 TexW=384 TexH=384
2026-08-22 01:57:06 [INFO] X=480 Y=32 Src=128,128 - 160,160 TexW=256 TexH=384
2026-08-22 01:57:06 [INFO] X=512 Y=32 Src=32,128 - 64,160 TexW=384 TexH=384
2026-08-22 01:57:06 [INFO] X=512 Y=32 Src=160,128 - 192,160 TexW=256 TexH=384
2026-08-22 01:57:06 [INFO] X=544 Y=32 Src=64,128 - 96,160 TexW=384 TexH=384
2026-08-22 01:57:06 [INFO] X=544 Y=32 Src=128,128 - 160,160 TexW=256 TexH=384
2026-08-22 01:57:06 [INFO] X=-32 Y=64 Src=0,192 - 32,224 TexW=384 TexH=384
2026-08-22 01:57:06 [INFO] X=0 Y=64 Src=32,192 - 64,224 TexW=384 TexH=384
2026-08-22 01:57:06 [INFO] X=32 Y=64 Src=64,192 - 96,224 TexW=384 TexH=384
2026-08-22 01:57:06 [INFO] X=64 Y=64 Src=96,192 - 128,224 TexW=384 TexH=384
2026-08-22 01:57:06 [INFO] X=96 Y=64 Src=0,192 - 32,224 TexW=384 TexH=384
2026-08-22 01:57:06 [INFO] X=128 Y=64 Src=32,192 - 64,224 TexW=384 TexH=384
2026-08-22 01:57:06 [INFO] X=160 Y=64 Src=64,192 - 96,224 TexW=384 TexH=384
2026-08-22 01:57:06 [INFO] X=192 Y=64 Src=96,192 - 128,224 TexW=384 TexH=384
2026-08-22 01:57:06 [INFO] X=224 Y=64 Src=0,192 - 32,224 TexW=384 TexH=384
2026-08-22 01:57:06 [INFO] X=256 Y=64 Src=32,192 - 64,224 TexW=384 TexH=384
2026-08-22 01:57:06 [INFO] X=288 Y=64 Src=64,192 - 96,224 TexW=384 TexH=384
2026-08-22 01:57:06 [INFO] X=320 Y=64 Src=96,192 - 128,224 TexW=384 TexH=384
2026-08-22 01:57:06 [INFO] X=352 Y=64 Src=0,192 - 32,224 TexW=384 TexH=384
2026-08-22 01:57:06 [INFO] X=384 Y=64 Src=32,192 - 64,224 TexW=384 TexH=384
2026-08-22 01:57:07 [INFO] X=416 Y=64 Src=64,192 - 96,224 TexW=384 TexH=384
2026-08-22 01:57:07 [INFO] X=448 Y=64 Src=96,192 - 128,224 TexW=384 TexH=384
2026-08-22 01:57:07 [INFO] X=480 Y=64 Src=0,192 - 32,224 TexW=384 TexH=384
2026-08-22 01:57:07 [INFO] X=512 Y=64 Src=32,192 - 64,224 TexW=384 TexH=384
2026-08-22 01:57:07 [INFO] X=544 Y=64 Src=64,192 - 96,224 TexW=384 TexH=384
2026-08-22 01:57:07 [INFO] X=-32 Y=96 Src=0,128 - 32,160 TexW=384 TexH=384
2026-08-22 01:57:07 [INFO] X=0 Y=96 Src=32,128 - 64,160 TexW=384 TexH=384
2026-08-22 01:57:07 [INFO] X=32 Y=96 Src=64,128 - 96,160 TexW=384 TexH=384
2026-08-22 01:57:07 [INFO] X=64 Y=96 Src=96,128 - 128,160 TexW=384 TexH=384
2026-08-22 01:57:07 [INFO] X=96 Y=96 Src=0,128 - 32,160 TexW=384 TexH=384
2026-08-22 01:57:07 [INFO] X=128 Y=96 Src=32,128 - 64,160 TexW=384 TexH=384
2026-08-22 01:57:07 [INFO] X=160 Y=96 Src=64,128 - 96,160 TexW=384 TexH=384
2026-08-22 01:57:07 [INFO] X=192 Y=96 Src=96,128 - 128,160 TexW=384 TexH=384
2026-08-22 01:57:07 [INFO] X=224 Y=96 Src=0,128 - 32,160 TexW=384 TexH=384
2026-08-22 01:57:07 [INFO] X=256 Y=96 Src=32,128 - 64,160 TexW=384 TexH=384
2026-08-22 01:57:07 [INFO] X=288 Y=96 Src=64,128 - 96,160 TexW=384 TexH=384
2026-08-22 01:57:07 [INFO] X=320 Y=96 Src=96,128 - 128,160 TexW=384 TexH=384
2026-08-22 01:57:07 [INFO] X=352 Y=96 Src=0,128 - 32,160 TexW=384 TexH=384
2026-08-22 01:57:07 [INFO] X=384 Y=96 Src=32,128 - 64,160 TexW=384 TexH=384
2026-08-22 01:57:07 [INFO] X=416 Y=96 Src=64,128 - 96,160 TexW=384 TexH=384
2026-08-22 01:57:07 [INFO] X=448 Y=96 Src=96,128 - 128,160 TexW=384 TexH=384
2026-08-22 01:57:07 [INFO] X=480 Y=96 Src=0,128 - 32,160 TexW=384 TexH=384
2026-08-22 01:57:07 [INFO] X=512 Y=96 Src=32,128 - 64,160 TexW=384 TexH=384
2026-08-22 01:57:07 [INFO] X=544 Y=96 Src=64,128 - 96,160 TexW=384 TexH=384
2026-08-22 01:57:07 [INFO] X=-32 Y=128 Src=0,192 - 32,224 TexW=384 TexH=384
2026-08-22 01:57:07 [INFO] X=0 Y=128 Src=32,192 - 64,224 TexW=384 TexH=384
2026-08-22 01:57:07 [INFO] X=32 Y=128 Src=64,192 - 96,224 TexW=384 TexH=384
2026-08-22 01:57:07 [INFO] X=64 Y=128 Src=96,192 - 128,224 TexW=384 TexH=384
2026-08-22 01:57:07 [INFO] X=96 Y=128 Src=0,192 - 32,224 TexW=384 TexH=384
2026-08-22 01:57:07 [INFO] X=128 Y=128 Src=32,192 - 64,224 TexW=384 TexH=384
2026-08-22 01:57:07 [INFO] X=160 Y=128 Src=64,192 - 96,224 TexW=384 TexH=384
2026-08-22 01:57:07 [INFO] X=192 Y=128 Src=96,192 - 128,224 TexW=384 TexH=384
2026-08-22 01:57:07 [INFO] X=224 Y=128 Src=0,192 - 32,224 TexW=384 TexH=384
2026-08-22 01:57:07 [INFO] X=256 Y=128 Src=32,192 - 64,224 TexW=384 TexH=384
2026-08-22 01:57:07 [INFO] X=288 Y=128 Src=64,192 - 96,224 TexW=384 TexH=384
2026-08-22 01:57:07 [INFO] X=320 Y=128 Src=96,192 - 128,224 TexW=384 TexH=384
2026-08-22 01:57:07 [INFO] X=352 Y=128 Src=0,192 - 32,224 TexW=384 TexH=384
2026-08-22 01:57:07 [INFO] X=384 Y=128 Src=32,192 - 64,224 TexW=384 TexH=384
2026-08-22 01:57:07 [INFO] X=416 Y=128 Src=64,192 - 96,224 TexW=384 TexH=384
2026-08-22 01:57:07 [INFO] X=448 Y=128 Src=96,192 - 128,224 TexW=384 TexH=384
2026-08-22 01:57:07 [INFO] X=480 Y=128 Src=0,192 - 32,224 TexW=384 TexH=384
2026-08-22 01:57:07 [INFO] X=512 Y=128 Src=32,192 - 64,224 TexW=384 TexH=384
2026-08-22 01:57:07 [INFO] X=544 Y=128 Src=64,192 - 96,224 TexW=384 TexH=384
2026-08-22 01:57:07 [INFO] X=-32 Y=160 Src=0,128 - 32,160 TexW=384 TexH=384
2026-08-22 01:57:07 [INFO] X=0 Y=160 Src=32,128 - 64,160 TexW=384 TexH=384
2026-08-22 01:57:07 [INFO] X=32 Y=160 Src=64,128 - 96,160 TexW=384 TexH=384
2026-08-22 01:57:07 [INFO] X=64 Y=160 Src=96,128 - 128,160 TexW=384 TexH=384
2026-08-22 01:57:07 [INFO] X=96 Y=160 Src=0,128 - 32,160 TexW=384 TexH=384
2026-08-22 01:57:07 [INFO] X=128 Y=160 Src=32,128 - 64,160 TexW=384 TexH=384
2026-08-22 01:57:07 [INFO] X=160 Y=160 Src=64,128 - 96,160 TexW=384 TexH=384
2026-08-22 01:57:07 [INFO] X=192 Y=160 Src=96,128 - 128,160 TexW=384 TexH=384
2026-08-22 01:57:07 [INFO] X=224 Y=160 Src=0,128 - 32,160 TexW=384 TexH=384
2026-08-22 01:57:07 [INFO] X=256 Y=160 Src=32,128 - 64,160 TexW=384 TexH=384
2026-08-22 01:57:07 [INFO] X=288 Y=160 Src=64,128 - 96,160 TexW=384 TexH=384
2026-08-22 01:57:07 [INFO] X=320 Y=160 Src=96,128 - 128,160 TexW=384 TexH=384
2026-08-22 01:57:07 [INFO] X=352 Y=160 Src=0,128 - 32,160 TexW=384 TexH=384
2026-08-22 01:57:07 [INFO] X=384 Y=160 Src=32,128 - 64,160 TexW=384 TexH=384
2026-08-22 01:57:07 [INFO] X=416 Y=160 Src=64,128 - 96,160 TexW=384 TexH=384
2026-08-22 01:57:07 [INFO] X=448 Y=160 Src=96,128 - 128,160 TexW=384 TexH=384
2026-08-22 01:57:07 [INFO] X=480 Y=160 Src=0,128 - 32,160 TexW=384 TexH=384
2026-08-22 01:57:07 [INFO] X=512 Y=160 Src=32,128 - 64,160 TexW=384 TexH=384
2026-08-22 01:57:07 [INFO] X=544 Y=160 Src=64,128 - 96,160 TexW=384 TexH=384
2026-08-22 01:57:07 [INFO] X=-32 Y=192 Src=0,192 - 32,224 TexW=384 TexH=384
2026-08-22 01:57:07 [INFO] X=0 Y=192 Src=32,192 - 64,224 TexW=384 TexH=384
2026-08-22 01:57:07 [INFO] X=32 Y=192 Src=64,192 - 96,224 TexW=384 TexH=384
2026-08-22 01:57:07 [INFO] X=64 Y=192 Src=96,192 - 128,224 TexW=384 TexH=384
2026-08-22 01:57:07 [INFO] X=96 Y=192 Src=0,192 - 32,224 TexW=384 TexH=384
2026-08-22 01:57:07 [INFO] X=128 Y=192 Src=32,192 - 64,224 TexW=384 TexH=384
2026-08-22 01:57:07 [INFO] X=160 Y=192 Src=64,192 - 96,224 TexW=384 TexH=384
2026-08-22 01:57:07 [INFO] X=192 Y=192 Src=96,192 - 128,224 TexW=384 TexH=384
2026-08-22 01:57:07 [INFO] X=224 Y=192 Src=0,192 - 32,224 TexW=384 TexH=384
2026-08-22 01:57:07 [INFO] X=256 Y=192 Src=32,192 - 64,224 TexW=384 TexH=384
2026-08-22 01:57:07 [INFO] X=288 Y=192 Src=64,192 - 96,224 TexW=384 TexH=384
2026-08-22 01:57:07 [INFO] X=320 Y=192 Src=96,192 - 128,224 TexW=384 TexH=384
2026-08-22 01:57:07 [INFO] X=352 Y=192 Src=0,192 - 32,224 TexW=384 TexH=384
2026-08-22 01:57:07 [INFO] X=384 Y=192 Src=32,192 - 64,224 TexW=384 TexH=384
2026-08-22 01:57:07 [INFO] X=416 Y=192 Src=64,192 - 96,224 TexW=384 TexH=384
2026-08-22 01:57:07 [INFO] X=448 Y=192 Src=96,192 - 128,224 TexW=384 TexH=384
2026-08-22 01:57:07 [INFO] X=480 Y=192 Src=0,192 - 32,224 TexW=384 TexH=384
2026-08-22 01:57:07 [INFO] X=512 Y=192 Src=32,192 - 64,224 TexW=384 TexH=384
2026-08-22 01:57:07 [INFO] X=544 Y=192 Src=64,192 - 96,224 TexW=384 TexH=384
2026-08-22 01:57:07 [INFO] X=-304 Y=-415 Src=0,0 - 64,95 TexW=64 TexH=95
2026-08-22 01:57:07 [INFO] X=-368 Y=-576 Src=0,0 - 256,256 TexW=256 TexH=256
2026-08-22 01:57:07 [INFO] X=-182 Y=-475 Src=0,0 - 77,155 TexW=77 TexH=155
2026-08-22 01:57:07 [INFO] X=-208 Y=-576 Src=0,0 - 256,256 TexW=256 TexH=256
2026-08-22 01:57:07 [INFO] X=48 Y=-320 Src=0,0 - 128,32 TexW=128 TexH=32
2026-08-22 01:57:07 [INFO] X=176 Y=-320 Src=0,0 - 128,32 TexW=128 TexH=32
2026-08-22 01:57:07 [INFO] X=464 Y=-320 Src=0,0 - 128,32 TexW=128 TexH=32
2026-08-22 01:57:07 [INFO] X=592 Y=-320 Src=0,0 - 128,32 TexW=128 TexH=32
2026-08-22 01:57:07 [INFO] X=-176 Y=-512 Src=0,0 - 256,256 TexW=256 TexH=256
2026-08-22 01:57:07 [INFO] X=208 Y=-512 Src=0,0 - 256,256 TexW=256 TexH=256
2026-08-22 01:57:07 [INFO] X=-352 Y=-256 Src=0,0 - 32,32 TexW=64 TexH=32
2026-08-22 01:57:07 [INFO] X=835 Y=-270 Src=0,0 - 26,46 TexW=174 TexH=181
2026-08-22 01:57:07 [INFO] X=-176 Y=-448 Src=0,0 - 256,256 TexW=256 TexH=256
2026-08-22 01:57:07 [INFO] X=48 Y=-224 Src=0,0 - 128,32 TexW=128 TexH=32
2026-08-22 01:57:07 [INFO] X=176 Y=-224 Src=0,0 - 128,32 TexW=128 TexH=32
2026-08-22 01:57:07 [INFO] X=384 Y=-224 Src=608,64 - 640,96 TexW=640 TexH=742
2026-08-22 01:57:07 [INFO] X=480 Y=-224 Src=608,64 - 640,96 TexW=640 TexH=742
2026-08-22 01:57:07 [INFO] X=464 Y=-224 Src=0,0 - 128,32 TexW=128 TexH=32
2026-08-22 01:57:07 [INFO] X=592 Y=-224 Src=0,0 - 128,32 TexW=128 TexH=32
2026-08-22 01:57:07 [INFO] X=-253 Y=-206 Src=0,0 - 26,46 TexW=149 TexH=181
2026-08-22 01:57:07 [INFO] X=163 Y=-206 Src=0,0 - 26,46 TexW=149 TexH=181
2026-08-22 01:57:07 [INFO] X=168 Y=-214 Src=64,0 - 80,16 TexW=708 TexH=202
2026-08-22 01:57:07 [INFO] X=-352 Y=-160 Src=0,0 - 32,32 TexW=64 TexH=32
2026-08-22 01:57:07 [INFO] X=352 Y=-160 Src=608,64 - 640,96 TexW=640 TexH=742
2026-08-22 01:57:07 [INFO] X=480 Y=-160 Src=608,64 - 640,96 TexW=640 TexH=742
2026-08-22 01:57:07 [INFO] X=74 Y=-251 Src=0,0 - 77,155 TexW=77 TexH=155
2026-08-22 01:57:07 [INFO] X=419 Y=-142 Src=0,0 - 26,46 TexW=149 TexH=181
2026-08-22 01:57:07 [INFO] X=424 Y=-150 Src=320,0 - 336,16 TexW=708 TexH=202
2026-08-22 01:57:07 [INFO] X=448 Y=-128 Src=256,96 - 288,128 TexW=640 TexH=742
2026-08-22 01:57:07 [INFO] X=586 Y=-251 Src=0,0 - 77,155 TexW=77 TexH=155
2026-08-22 01:57:07 [INFO] X=-32 Y=-64 Src=608,64 - 640,96 TexW=640 TexH=742
2026-08-22 01:57:07 [INFO] X=448 Y=-64 Src=608,64 - 640,96 TexW=640 TexH=742
2026-08-22 01:57:07 [INFO] X=464 Y=-288 Src=0,0 - 256,256 TexW=256 TexH=256
2026-08-22 01:57:07 [INFO] X=0 Y=0 Src=608,64 - 640,96 TexW=640 TexH=742
2026-08-22 01:57:07 [INFO] X=291 Y=-14 Src=0,0 - 26,46 TexW=149 TexH=181
2026-08-22 01:57:07 [INFO] X=296 Y=-22 Src=256,48 - 272,64 TexW=708 TexH=202
2026-08-22 01:57:07 [INFO] X=736 Y=-64 Src=0,96 - 96,192 TexW=288 TexH=192
2026-08-22 01:57:07 [INFO] X=656 Y=32 Src=0,0 - 64,32 TexW=64 TexH=32
2026-08-22 01:57:07 [INFO] X=867 Y=18 Src=0,0 - 26,46 TexW=149 TexH=181
2026-08-22 01:57:07 [INFO] X=872 Y=10 Src=0,0 - 16,16 TexW=708 TexH=202
2026-08-22 01:57:07 [INFO] X=-349 Y=50 Src=0,0 - 26,46 TexW=149 TexH=181
2026-08-22 01:57:07 [INFO] X=-344 Y=42 Src=384,16 - 400,32 TexW=708 TexH=202
2026-08-22 01:57:07 [INFO] X=-285 Y=50 Src=0,0 - 26,46 TexW=149 TexH=181
2026-08-22 01:57:07 [INFO] X=-280 Y=42 Src=384,16 - 400,32 TexW=708 TexH=202
2026-08-22 01:57:07 [INFO] X=-182 Y=-59 Src=0,0 - 77,155 TexW=77 TexH=155
2026-08-22 01:57:07 [INFO] X=-61 Y=50 Src=0,0 - 26,46 TexW=149 TexH=181
2026-08-22 01:57:07 [INFO] X=-56 Y=42 Src=272,128 - 288,144 TexW=708 TexH=202
2026-08-22 01:57:07 [INFO] X=42 Y=-59 Src=0,0 - 77,155 TexW=77 TexH=155
2026-08-22 01:57:07 [INFO] X=259 Y=178 Src=0,0 - 26,46 TexW=149 TexH=181
2026-08-22 01:57:07 [INFO] X=264 Y=170 Src=128,16 - 144,32 TexW=708 TexH=202
2026-08-22 01:57:07 [INFO] X=611 Y=306 Src=0,0 - 26,46 TexW=149 TexH=181
2026-08-22 01:57:07 [INFO] X=616 Y=298 Src=256,48 - 272,64 TexW=708 TexH=202
2026-08-22 01:57:07 [INFO] X=-368 Y=128 Src=0,0 - 256,256 TexW=256 TexH=256
2026-08-22 01:57:07 [INFO] X=-240 Y=128 Src=0,0 - 256,256 TexW=256 TexH=256
2026-08-22 01:57:07 [INFO] X=-112 Y=128 Src=0,0 - 256,256 TexW=256 TexH=256
2026-08-22 01:57:07 [INFO] X=283 Y=384 Src=823,512 - 866,576 TexW=1792 TexH=640
2026-08-22 01:57:07 [INFO] X=443 Y=384 Src=823,512 - 866,576 TexW=1792 TexH=640
2026-08-22 01:57:07 [INFO] X=592 Y=192 Src=0,0 - 256,256 TexW=256 TexH=256
2026-08-22 01:57:07 [INFO] X=688 Y=192 Src=0,0 - 256,256 TexW=256 TexH=256
2026-08-22 01:57:07 [INFO] X=323 Y=448 Src=78,0 - 104,96 TexW=234 TexH=97
2026-08-22 01:57:07 [INFO] X=355 Y=498 Src=0,0 - 26,46 TexW=149 TexH=181
2026-08-22 01:57:07 [INFO] X=360 Y=490 Src=384,32 - 400,48 TexW=708 TexH=202
2026-08-22 01:57:07 [INFO] X=384 Y=512 Src=64,672 - 96,704 TexW=640 TexH=742
2026-08-22 01:57:07 [INFO] X=419 Y=448 Src=78,0 - 104,96 TexW=234 TexH=97
2026-08-22 01:57:07 [INFO] X=-368 Y=320 Src=0,0 - 256,256 TexW=256 TexH=256
2026-08-22 01:57:07 [INFO] X=688 Y=384 Src=0,0 - 256,256 TexW=256 TexH=256
2026-08-22 01:57:07 [INFO] X=-368 Y=448 Src=0,0 - 256,256 TexW=256 TexH=256
2026-08-22 01:57:07 [INFO] X=-127 Y=636 Src=90,0 - 120,68 TexW=270 TexH=68
2026-08-22 01:57:07 [INFO] X=-208 Y=448 Src=0,0 - 256,256 TexW=256 TexH=256
2026-08-22 01:57:07 [INFO] X=-285 Y=690 Src=0,0 - 26,46 TexW=149 TexH=181
2026-08-22 01:57:07 [INFO] X=-280 Y=682 Src=64,0 - 80,16 TexW=708 TexH=202
2026-08-22 01:57:07 [INFO] X=-253 Y=690 Src=0,0 - 26,46 TexW=149 TexH=181
2026-08-22 01:57:07 [INFO] X=-248 Y=682 Src=639,64 - 655,80 TexW=708 TexH=202
2026-08-22 01:57:07 [INFO] X=-221 Y=690 Src=0,0 - 26,46 TexW=149 TexH=181
2026-08-22 01:57:07 [INFO] X=-216 Y=682 Src=272,128 - 288,144 TexW=708 TexH=202
2026-08-22 01:57:07 [INFO] X=-32 Y=-32 Src=0,0 - 32,32 TexW=512 TexH=128
2026-08-22 01:57:07 [INFO] X=0 Y=-32 Src=32,0 - 64,32 TexW=512 TexH=128
2026-08-22 01:57:07 [INFO] X=32 Y=-32 Src=64,0 - 96,32 TexW=512 TexH=128
2026-08-22 01:57:07 [INFO] X=32 Y=-32 Src=512,192 - 544,224 TexW=640 TexH=742
2026-08-22 01:57:07 [INFO] X=64 Y=-32 Src=96,0 - 128,32 TexW=512 TexH=128
2026-08-22 01:57:07 [INFO] X=96 Y=-32 Src=0,0 - 32,32 TexW=512 TexH=128
2026-08-22 01:57:07 [INFO] X=128 Y=-32 Src=32,0 - 64,32 TexW=512 TexH=128
2026-08-22 01:57:07 [INFO] X=160 Y=-32 Src=64,0 - 96,32 TexW=512 TexH=128
2026-08-22 01:57:07 [INFO] X=192 Y=-32 Src=96,0 - 128,32 TexW=512 TexH=128
2026-08-22 01:57:07 [INFO] X=224 Y=-32 Src=0,0 - 32,32 TexW=512 TexH=128
2026-08-22 01:57:07 [INFO] X=256 Y=-32 Src=32,0 - 64,32 TexW=512 TexH=128
2026-08-22 01:57:07 [INFO] X=288 Y=-32 Src=64,0 - 96,32 TexW=512 TexH=128
2026-08-22 01:57:07 [INFO] X=320 Y=-32 Src=96,0 - 128,32 TexW=512 TexH=128
2026-08-22 01:57:07 [INFO] X=352 Y=-32 Src=0,0 - 32,32 TexW=512 TexH=128
2026-08-22 01:57:07 [INFO] X=384 Y=-32 Src=32,0 - 64,32 TexW=512 TexH=128
2026-08-22 01:57:07 [INFO] X=362 Y=-58 Src=0,0 - 77,58 TexW=77 TexH=58
2026-08-22 01:57:07 [INFO] X=416 Y=-32 Src=64,0 - 96,32 TexW=512 TexH=128
2026-08-22 01:57:07 [INFO] X=448 Y=-32 Src=96,0 - 128,32 TexW=512 TexH=128
2026-08-22 01:57:07 [INFO] X=480 Y=-32 Src=0,0 - 32,32 TexW=512 TexH=128
2026-08-22 01:57:07 [INFO] X=512 Y=-32 Src=32,0 - 64,32 TexW=512 TexH=128
2026-08-22 01:57:07 [INFO] X=544 Y=-32 Src=64,0 - 96,32 TexW=512 TexH=128
2026-08-22 01:57:07 [INFO] X=-32 Y=0 Src=0,64 - 32,96 TexW=512 TexH=128
2026-08-22 01:57:07 [INFO] X=0 Y=0 Src=32,64 - 64,96 TexW=512 TexH=128
2026-08-22 01:57:07 [INFO] X=32 Y=0 Src=64,64 - 96,96 TexW=512 TexH=128
2026-08-22 01:57:07 [INFO] X=64 Y=0 Src=96,64 - 128,96 TexW=512 TexH=128
2026-08-22 01:57:07 [INFO] X=96 Y=0 Src=0,64 - 32,96 TexW=512 TexH=128
2026-08-22 01:57:07 [INFO] X=128 Y=0 Src=32,64 - 64,96 TexW=512 TexH=128
2026-08-22 01:57:07 [INFO] X=160 Y=0 Src=64,64 - 96,96 TexW=512 TexH=128
2026-08-22 01:57:07 [INFO] X=192 Y=0 Src=96,64 - 128,96 TexW=512 TexH=128
2026-08-22 01:57:07 [INFO] X=224 Y=0 Src=0,64 - 32,96 TexW=512 TexH=128
2026-08-22 01:57:07 [INFO] X=256 Y=0 Src=32,64 - 64,96 TexW=512 TexH=128
2026-08-22 01:57:07 [INFO] X=288 Y=0 Src=64,64 - 96,96 TexW=512 TexH=128
2026-08-22 01:57:07 [INFO] X=320 Y=0 Src=96,64 - 128,96 TexW=512 TexH=128
2026-08-22 01:57:07 [INFO] X=352 Y=0 Src=0,64 - 32,96 TexW=512 TexH=128
2026-08-22 01:57:07 [INFO] X=384 Y=0 Src=32,64 - 64,96 TexW=512 TexH=128
2026-08-22 01:57:07 [INFO] X=416 Y=0 Src=64,64 - 96,96 TexW=512 TexH=128
2026-08-22 01:57:07 [INFO] X=448 Y=0 Src=96,64 - 128,96 TexW=512 TexH=128
2026-08-22 01:57:07 [INFO] X=480 Y=0 Src=0,64 - 32,96 TexW=512 TexH=128
2026-08-22 01:57:07 [INFO] X=512 Y=0 Src=32,64 - 64,96 TexW=512 TexH=128
2026-08-22 01:57:07 [INFO] X=544 Y=0 Src=64,64 - 96,96 TexW=512 TexH=128
2026-08-22 01:57:07 [INFO] X=-32 Y=32 Src=0,128 - 32,160 TexW=384 TexH=384
2026-08-22 01:57:07 [INFO] X=-32 Y=32 Src=128,128 - 160,160 TexW=256 TexH=384
2026-08-22 01:57:07 [INFO] X=0 Y=32 Src=32,128 - 64,160 TexW=384 TexH=384
2026-08-22 01:57:07 [INFO] X=0 Y=32 Src=160,128 - 192,160 TexW=256 TexH=384
2026-08-22 01:57:07 [INFO] X=32 Y=32 Src=64,128 - 96,160 TexW=384 TexH=384
2026-08-22 01:57:07 [INFO] X=32 Y=32 Src=128,128 - 160,160 TexW=256 TexH=384
2026-08-22 01:57:07 [INFO] X=64 Y=32 Src=96,128 - 128,160 TexW=384 TexH=384
2026-08-22 01:57:07 [INFO] X=64 Y=32 Src=160,128 - 192,160 TexW=256 TexH=384
2026-08-22 01:57:07 [INFO] X=96 Y=32 Src=0,128 - 32,160 TexW=384 TexH=384
2026-08-22 01:57:07 [INFO] X=96 Y=32 Src=128,128 - 160,160 TexW=256 TexH=384
2026-08-22 01:57:07 [INFO] X=128 Y=32 Src=32,128 - 64,160 TexW=384 TexH=384
2026-08-22 01:57:07 [INFO] X=128 Y=32 Src=160,128 - 192,160 TexW=256 TexH=384
2026-08-22 01:57:07 [INFO] X=160 Y=32 Src=64,128 - 96,160 TexW=384 TexH=384
2026-08-22 01:57:07 [INFO] X=160 Y=32 Src=128,128 - 160,160 TexW=256 TexH=384
2026-08-22 01:57:07 [INFO] X=192 Y=32 Src=96,128 - 128,160 TexW=384 TexH=384
2026-08-22 01:57:07 [INFO] X=192 Y=32 Src=160,128 - 192,160 TexW=256 TexH=384
2026-08-22 01:57:07 [INFO] X=224 Y=32 Src=0,128 - 32,160 TexW=384 TexH=384
2026-08-22 01:57:07 [INFO] X=224 Y=32 Src=128,128 - 160,160 TexW=256 TexH=384
2026-08-22 01:57:07 [INFO] X=256 Y=32 Src=32,128 - 64,160 TexW=384 TexH=384
2026-08-22 01:57:07 [INFO] X=256 Y=32 Src=160,128 - 192,160 TexW=256 TexH=384
2026-08-22 01:57:07 [INFO] X=288 Y=32 Src=64,128 - 96,160 TexW=384 TexH=384
2026-08-22 01:57:07 [INFO] X=288 Y=32 Src=128,128 - 160,160 TexW=256 TexH=384
2026-08-22 01:57:07 [INFO] X=320 Y=32 Src=96,128 - 128,160 TexW=384 TexH=384
2026-08-22 01:57:07 [INFO] X=320 Y=32 Src=160,128 - 192,160 TexW=256 TexH=384
2026-08-22 01:57:07 [INFO] X=352 Y=32 Src=0,128 - 32,160 TexW=384 TexH=384
2026-08-22 01:57:07 [INFO] X=352 Y=32 Src=128,128 - 160,160 TexW=256 TexH=384
2026-08-22 01:57:07 [INFO] X=384 Y=32 Src=32,128 - 64,160 TexW=384 TexH=384
2026-08-22 01:57:07 [INFO] X=384 Y=32 Src=160,128 - 192,160 TexW=256 TexH=384
2026-08-22 01:57:07 [INFO] X=416 Y=32 Src=64,128 - 96,160 TexW=384 TexH=384
2026-08-22 01:57:07 [INFO] X=416 Y=32 Src=128,128 - 160,160 TexW=256 TexH=384
2026-08-22 01:57:07 [INFO] X=448 Y=32 Src=96,128 - 128,160 TexW=384 TexH=384
2026-08-22 01:57:07 [INFO] X=448 Y=32 Src=160,128 - 192,160 TexW=256 TexH=384
2026-08-22 01:57:07 [INFO] X=480 Y=32 Src=0,128 - 32,160 TexW=384 TexH=384
2026-08-22 01:57:07 [INFO] X=480 Y=32 Src=128,128 - 160,160 TexW=256 TexH=384
2026-08-22 01:57:07 [INFO] X=512 Y=32 Src=32,128 - 64,160 TexW=384 TexH=384
2026-08-22 01:57:07 [INFO] X=512 Y=32 Src=160,128 - 192,160 TexW=256 TexH=384
2026-08-22 01:57:07 [INFO] X=544 Y=32 Src=64,128 - 96,160 TexW=384 TexH=384
2026-08-22 01:57:07 [INFO] X=544 Y=32 Src=128,128 - 160,160 TexW=256 TexH=384
2026-08-22 01:57:07 [INFO] X=-32 Y=64 Src=0,192 - 32,224 TexW=384 TexH=384
2026-08-22 01:57:07 [INFO] X=0 Y=64 Src=32,192 - 64,224 TexW=384 TexH=384
2026-08-22 01:57:07 [INFO] X=32 Y=64 Src=64,192 - 96,224 TexW=384 TexH=384
2026-08-22 01:57:07 [INFO] X=64 Y=64 Src=96,192 - 128,224 TexW=384 TexH=384
2026-08-22 01:57:07 [INFO] X=96 Y=64 Src=0,192 - 32,224 TexW=384 TexH=384
2026-08-22 01:57:07 [INFO] X=128 Y=64 Src=32,192 - 64,224 TexW=384 TexH=384
2026-08-22 01:57:07 [INFO] X=160 Y=64 Src=64,192 - 96,224 TexW=384 TexH=384
2026-08-22 01:57:07 [INFO] X=192 Y=64 Src=96,192 - 128,224 TexW=384 TexH=384
2026-08-22 01:57:07 [INFO] X=224 Y=64 Src=0,192 - 32,224 TexW=384 TexH=384
2026-08-22 01:57:07 [INFO] X=256 Y=64 Src=32,192 - 64,224 TexW=384 TexH=384
2026-08-22 01:57:07 [INFO] X=288 Y=64 Src=64,192 - 96,224 TexW=384 TexH=384
2026-08-22 01:57:07 [INFO] X=320 Y=64 Src=96,192 - 128,224 TexW=384 TexH=384
2026-08-22 01:57:07 [INFO] X=352 Y=64 Src=0,192 - 32,224 TexW=384 TexH=384
2026-08-22 01:57:07 [INFO] X=384 Y=64 Src=32,192 - 64,224 TexW=384 TexH=384
2026-08-22 01:57:07 [INFO] X=416 Y=64 Src=64,192 - 96,224 TexW=384 TexH=384
2026-08-22 01:57:07 [INFO] X=448 Y=64 Src=96,192 - 128,224 TexW=384 TexH=384
2026-08-22 01:57:07 [INFO] X=480 Y=64 Src=0,192 - 32,224 TexW=384 TexH=384
2026-08-22 01:57:07 [INFO] X=512 Y=64 Src=32,192 - 64,224 TexW=384 TexH=384
2026-08-22 01:57:07 [INFO] X=544 Y=64 Src=64,192 - 96,224 TexW=384 TexH=384
2026-08-22 01:57:07 [INFO] X=-32 Y=96 Src=0,128 - 32,160 TexW=384 TexH=384
2026-08-22 01:57:07 [INFO] X=0 Y=96 Src=32,128 - 64,160 TexW=384 TexH=384
2026-08-22 01:57:07 [INFO] X=32 Y=96 Src=64,128 - 96,160 TexW=384 TexH=384
2026-08-22 01:57:07 [INFO] X=64 Y=96 Src=96,128 - 128,160 TexW=384 TexH=384
2026-08-22 01:57:07 [INFO] X=96 Y=96 Src=0,128 - 32,160 TexW=384 TexH=384
2026-08-22 01:57:07 [INFO] X=128 Y=96 Src=32,128 - 64,160 TexW=384 TexH=384
2026-08-22 01:57:07 [INFO] X=160 Y=96 Src=64,128 - 96,160 TexW=384 TexH=384
2026-08-22 01:57:07 [INFO] X=192 Y=96 Src=96,128 - 128,160 TexW=384 TexH=384
2026-08-22 01:57:07 [INFO] X=224 Y=96 Src=0,128 - 32,160 TexW=384 TexH=384
2026-08-22 01:57:07 [INFO] X=256 Y=96 Src=32,128 - 64,160 TexW=384 TexH=384
2026-08-22 01:57:07 [INFO] X=288 Y=96 Src=64,128 - 96,160 TexW=384 TexH=384
2026-08-22 01:57:07 [INFO] X=320 Y=96 Src=96,128 - 128,160 TexW=384 TexH=384
2026-08-22 01:57:07 [INFO] X=352 Y=96 Src=0,128 - 32,160 TexW=384 TexH=384
2026-08-22 01:57:07 [INFO] X=384 Y=96 Src=32,128 - 64,160 TexW=384 TexH=384
2026-08-22 01:57:07 [INFO] X=416 Y=96 Src=64,128 - 96,160 TexW=384 TexH=384
2026-08-22 01:57:07 [INFO] X=448 Y=96 Src=96,128 - 128,160 TexW=384 TexH=384
2026-08-22 01:57:07 [INFO] X=480 Y=96 Src=0,128 - 32,160 TexW=384 TexH=384
2026-08-22 01:57:07 [INFO] X=512 Y=96 Src=32,128 - 64,160 TexW=384 TexH=384
2026-08-22 01:57:07 [INFO] X=544 Y=96 Src=64,128 - 96,160 TexW=384 TexH=384
2026-08-22 01:57:07 [INFO] X=-32 Y=128 Src=0,192 - 32,224 TexW=384 TexH=384
2026-08-22 01:57:07 [INFO] X=0 Y=128 Src=32,192 - 64,224 TexW=384 TexH=384
2026-08-22 01:57:07 [INFO] X=32 Y=128 Src=64,192 - 96,224 TexW=384 TexH=384
2026-08-22 01:57:07 [INFO] X=64 Y=128 Src=96,192 - 128,224 TexW=384 TexH=384
2026-08-22 01:57:07 [INFO] X=96 Y=128 Src=0,192 - 32,224 TexW=384 TexH=384
2026-08-22 01:57:07 [INFO] X=128 Y=128 Src=32,192 - 64,224 TexW=384 TexH=384
2026-08-22 01:57:07 [INFO] X=160 Y=128 Src=64,192 - 96,224 TexW=384 TexH=384
2026-08-22 01:57:07 [INFO] X=192 Y=128 Src=96,192 - 128,224 TexW=384 TexH=384
2026-08-22 01:57:07 [INFO] X=224 Y=128 Src=0,192 - 32,224 TexW=384 TexH=384
2026-08-22 01:57:07 [INFO] X=256 Y=128 Src=32,192 - 64,224 TexW=384 TexH=384
2026-08-22 01:57:07 [INFO] X=288 Y=128 Src=64,192 - 96,224 TexW=384 TexH=384
2026-08-22 01:57:07 [INFO] X=320 Y=128 Src=96,192 - 128,224 TexW=384 TexH=384
2026-08-22 01:57:07 [INFO] X=352 Y=128 Src=0,192 - 32,224 TexW=384 TexH=384
2026-08-22 01:57:07 [INFO] X=384 Y=128 Src=32,192 - 64,224 TexW=384 TexH=384
2026-08-22 01:57:07 [INFO] X=416 Y=128 Src=64,192 - 96,224 TexW=384 TexH=384
2026-08-22 01:57:07 [INFO] X=448 Y=128 Src=96,192 - 128,224 TexW=384 TexH=384
2026-08-22 01:57:07 [INFO] X=480 Y=128 Src=0,192 - 32,224 TexW=384 TexH=384
2026-08-22 01:57:07 [INFO] X=512 Y=128 Src=32,192 - 64,224 TexW=384 TexH=384
2026-08-22 01:57:07 [INFO] X=544 Y=128 Src=64,192 - 96,224 TexW=384 TexH=384
2026-08-22 01:57:07 [INFO] X=-32 Y=160 Src=0,128 - 32,160 TexW=384 TexH=384
2026-08-22 01:57:07 [INFO] X=0 Y=160 Src=32,128 - 64,160 TexW=384 TexH=384
2026-08-22 01:57:07 [INFO] X=32 Y=160 Src=64,128 - 96,160 TexW=384 TexH=384
2026-08-22 01:57:07 [INFO] X=64 Y=160 Src=96,128 - 128,160 TexW=384 TexH=384
2026-08-22 01:57:07 [INFO] X=96 Y=160 Src=0,128 - 32,160 TexW=384 TexH=384
2026-08-22 01:57:07 [INFO] X=128 Y=160 Src=32,128 - 64,160 TexW=384 TexH=384
2026-08-22 01:57:07 [INFO] X=160 Y=160 Src=64,128 - 96,160 TexW=384 TexH=384
2026-08-22 01:57:07 [INFO] X=192 Y=160 Src=96,128 - 128,160 TexW=384 TexH=384
2026-08-22 01:57:07 [INFO] X=224 Y=160 Src=0,128 - 32,160 TexW=384 TexH=384
2026-08-22 01:57:07 [INFO] X=256 Y=160 Src=32,128 - 64,160 TexW=384 TexH=384
2026-08-22 01:57:07 [INFO] X=288 Y=160 Src=64,128 - 96,160 TexW=384 TexH=384
2026-08-22 01:57:07 [INFO] X=320 Y=160 Src=96,128 - 128,160 TexW=384 TexH=384
2026-08-22 01:57:07 [INFO] X=352 Y=160 Src=0,128 - 32,160 TexW=384 TexH=384
2026-08-22 01:57:07 [INFO] X=384 Y=160 Src=32,128 - 64,160 TexW=384 TexH=384
2026-08-22 01:57:07 [INFO] X=416 Y=160 Src=64,128 - 96,160 TexW=384 TexH=384
2026-08-22 01:57:07 [INFO] X=448 Y=160 Src=96,128 - 128,160 TexW=384 TexH=384
2026-08-22 01:57:07 [INFO] X=480 Y=160 Src=0,128 - 32,160 TexW=384 TexH=384
2026-08-22 01:57:07 [INFO] X=512 Y=160 Src=32,128 - 64,160 TexW=384 TexH=384
2026-08-22 01:57:07 [INFO] X=544 Y=160 Src=64,128 - 96,160 TexW=384 TexH=384
2026-08-22 01:57:07 [INFO] X=-32 Y=192 Src=0,192 - 32,224 TexW=384 TexH=384
2026-08-22 01:57:07 [INFO] X=0 Y=192 Src=32,192 - 64,224 TexW=384 TexH=384
2026-08-22 01:57:07 [INFO] X=32 Y=192 Src=64,192 - 96,224 TexW=384 TexH=384
2026-08-22 01:57:07 [INFO] X=64 Y=192 Src=96,192 - 128,224 TexW=384 TexH=384
2026-08-22 01:57:07 [INFO] X=96 Y=192 Src=0,192 - 32,224 TexW=384 TexH=384
2026-08-22 01:57:07 [INFO] X=128 Y=192 Src=32,192 - 64,224 TexW=384 TexH=384
2026-08-22 01:57:07 [INFO] X=160 Y=192 Src=64,192 - 96,224 TexW=384 TexH=384
2026-08-22 01:57:07 [INFO] X=192 Y=192 Src=96,192 - 128,224 TexW=384 TexH=384
2026-08-22 01:57:07 [INFO] X=224 Y=192 Src=0,192 - 32,224 TexW=384 TexH=384
2026-08-22 01:57:07 [INFO] X=256 Y=192 Src=32,192 - 64,224 TexW=384 TexH=384
2026-08-22 01:57:07 [INFO] X=288 Y=192 Src=64,192 - 96,224 TexW=384 TexH=384
2026-08-22 01:57:07 [INFO] X=320 Y=192 Src=96,192 - 128,224 TexW=384 TexH=384
2026-08-22 01:57:07 [INFO] X=352 Y=192 Src=0,192 - 32,224 TexW=384 TexH=384
2026-08-22 01:57:07 [INFO] X=384 Y=192 Src=32,192 - 64,224 TexW=384 TexH=384
2026-08-22 01:57:07 [INFO] X=416 Y=192 Src=64,192 - 96,224 TexW=384 TexH=384
2026-08-22 01:57:07 [INFO] X=448 Y=192 Src=96,192 - 128,224 TexW=384 TexH=384
2026-08-22 01:57:07 [INFO] X=480 Y=192 Src=0,192 - 32,224 TexW=384 TexH=384
2026-08-22 01:57:07 [INFO] X=512 Y=192 Src=32,192 - 64,224 TexW=384 TexH=384
2026-08-22 01:57:07 [INFO] X=544 Y=192 Src=64,192 - 96,224 TexW=384 TexH=384
2026-08-22 01:57:07 [INFO] X=-304 Y=-415 Src=0,0 - 64,95 TexW=64 TexH=95
2026-08-22 01:57:07 [INFO] X=-368 Y=-576 Src=0,0 - 256,256 TexW=256 TexH=256
2026-08-22 01:57:07 [INFO] X=-182 Y=-475 Src=0,0 - 77,155 TexW=77 TexH=155
2026-08-22 01:57:07 [INFO] X=-208 Y=-576 Src=0,0 - 256,256 TexW=256 TexH=256
2026-08-22 01:57:07 [INFO] X=48 Y=-320 Src=0,0 - 128,32 TexW=128 TexH=32
2026-08-22 01:57:07 [INFO] X=176 Y=-320 Src=0,0 - 128,32 TexW=128 TexH=32
2026-08-22 01:57:07 [INFO] X=464 Y=-320 Src=0,0 - 128,32 TexW=128 TexH=32
2026-08-22 01:57:07 [INFO] X=592 Y=-320 Src=0,0 - 128,32 TexW=128 TexH=32
2026-08-22 01:57:07 [INFO] X=-176 Y=-512 Src=0,0 - 256,256 TexW=256 TexH=256
2026-08-22 01:57:07 [INFO] X=208 Y=-512 Src=0,0 - 256,256 TexW=256 TexH=256
2026-08-22 01:57:07 [INFO] X=-352 Y=-256 Src=0,0 - 32,32 TexW=64 TexH=32
2026-08-22 01:57:07 [INFO] X=835 Y=-270 Src=0,0 - 26,46 TexW=174 TexH=181
2026-08-22 01:57:07 [INFO] X=-176 Y=-448 Src=0,0 - 256,256 TexW=256 TexH=256
2026-08-22 01:57:07 [INFO] X=48 Y=-224 Src=0,0 - 128,32 TexW=128 TexH=32
2026-08-22 01:57:07 [INFO] X=176 Y=-224 Src=0,0 - 128,32 TexW=128 TexH=32
2026-08-22 01:57:07 [INFO] X=384 Y=-224 Src=608,64 - 640,96 TexW=640 TexH=742
2026-08-22 01:57:07 [INFO] X=480 Y=-224 Src=608,64 - 640,96 TexW=640 TexH=742
2026-08-22 01:57:07 [INFO] X=464 Y=-224 Src=0,0 - 128,32 TexW=128 TexH=32
2026-08-22 01:57:07 [INFO] X=592 Y=-224 Src=0,0 - 128,32 TexW=128 TexH=32
2026-08-22 01:57:07 [INFO] X=-253 Y=-206 Src=0,0 - 26,46 TexW=149 TexH=181
2026-08-22 01:57:07 [INFO] X=163 Y=-206 Src=0,0 - 26,46 TexW=149 TexH=181
2026-08-22 01:57:07 [INFO] X=168 Y=-214 Src=64,0 - 80,16 TexW=708 TexH=202
2026-08-22 01:57:07 [INFO] X=-352 Y=-160 Src=0,0 - 32,32 TexW=64 TexH=32
2026-08-22 01:57:07 [INFO] X=352 Y=-160 Src=608,64 - 640,96 TexW=640 TexH=742
2026-08-22 01:57:07 [INFO] X=480 Y=-160 Src=608,64 - 640,96 TexW=640 TexH=742
2026-08-22 01:57:07 [INFO] X=74 Y=-251 Src=0,0 - 77,155 TexW=77 TexH=155
2026-08-22 01:57:07 [INFO] X=419 Y=-142 Src=0,0 - 26,46 TexW=149 TexH=181
2026-08-22 01:57:07 [INFO] X=424 Y=-150 Src=320,0 - 336,16 TexW=708 TexH=202
2026-08-22 01:57:07 [INFO] X=448 Y=-128 Src=256,96 - 288,128 TexW=640 TexH=742
2026-08-22 01:57:07 [INFO] X=586 Y=-251 Src=0,0 - 77,155 TexW=77 TexH=155
2026-08-22 01:57:07 [INFO] X=-32 Y=-64 Src=608,64 - 640,96 TexW=640 TexH=742
2026-08-22 01:57:07 [INFO] X=448 Y=-64 Src=608,64 - 640,96 TexW=640 TexH=742
2026-08-22 01:57:07 [INFO] X=464 Y=-288 Src=0,0 - 256,256 TexW=256 TexH=256
2026-08-22 01:57:07 [INFO] X=0 Y=0 Src=608,64 - 640,96 TexW=640 TexH=742
2026-08-22 01:57:07 [INFO] X=291 Y=-14 Src=0,0 - 26,46 TexW=149 TexH=181
2026-08-22 01:57:07 [INFO] X=296 Y=-22 Src=256,48 - 272,64 TexW=708 TexH=202
2026-08-22 01:57:07 [INFO] X=736 Y=-64 Src=0,96 - 96,192 TexW=288 TexH=192
2026-08-22 01:57:07 [INFO] X=656 Y=32 Src=0,0 - 64,32 TexW=64 TexH=32
2026-08-22 01:57:07 [INFO] X=867 Y=18 Src=0,0 - 26,46 TexW=149 TexH=181
2026-08-22 01:57:07 [INFO] X=872 Y=10 Src=0,0 - 16,16 TexW=708 TexH=202
2026-08-22 01:57:07 [INFO] X=-349 Y=50 Src=0,0 - 26,46 TexW=149 TexH=181
2026-08-22 01:57:07 [INFO] X=-344 Y=42 Src=384,16 - 400,32 TexW=708 TexH=202
2026-08-22 01:57:07 [INFO] X=-285 Y=50 Src=0,0 - 26,46 TexW=149 TexH=181
2026-08-22 01:57:07 [INFO] X=-280 Y=42 Src=384,16 - 400,32 TexW=708 TexH=202
2026-08-22 01:57:07 [INFO] X=-182 Y=-59 Src=0,0 - 77,155 TexW=77 TexH=155
2026-08-22 01:57:07 [INFO] X=-61 Y=50 Src=0,0 - 26,46 TexW=149 TexH=181
2026-08-22 01:57:07 [INFO] X=-56 Y=42 Src=272,128 - 288,144 TexW=708 TexH=202
2026-08-22 01:57:07 [INFO] X=42 Y=-59 Src=0,0 - 77,155 TexW=77 TexH=155
2026-08-22 01:57:07 [INFO] X=259 Y=178 Src=0,0 - 26,46 TexW=149 TexH=181
2026-08-22 01:57:07 [INFO] X=264 Y=170 Src=128,16 - 144,32 TexW=708 TexH=202
2026-08-22 01:57:07 [INFO] X=611 Y=306 Src=0,0 - 26,46 TexW=149 TexH=181
2026-08-22 01:57:07 [INFO] X=616 Y=298 Src=256,48 - 272,64 TexW=708 TexH=202
2026-08-22 01:57:07 [INFO] X=-368 Y=128 Src=0,0 - 256,256 TexW=256 TexH=256
2026-08-22 01:57:07 [INFO] X=-240 Y=128 Src=0,0 - 256,256 TexW=256 TexH=256
2026-08-22 01:57:07 [INFO] X=-112 Y=128 Src=0,0 - 256,256 TexW=256 TexH=256
2026-08-22 01:57:07 [INFO] X=283 Y=384 Src=1038,512 - 1081,576 TexW=1792 TexH=640
2026-08-22 01:57:07 [INFO] X=443 Y=384 Src=1038,512 - 1081,576 TexW=1792 TexH=640
2026-08-22 01:57:07 [INFO] X=592 Y=192 Src=0,0 - 256,256 TexW=256 TexH=256
2026-08-22 01:57:07 [INFO] X=688 Y=192 Src=0,0 - 256,256 TexW=256 TexH=256
2026-08-22 01:57:07 [INFO] X=323 Y=448 Src=0,0 - 26,96 TexW=234 TexH=97
2026-08-22 01:57:07 [INFO] X=355 Y=498 Src=0,0 - 26,46 TexW=149 TexH=181
2026-08-22 01:57:07 [INFO] X=360 Y=490 Src=384,32 - 400,48 TexW=708 TexH=202
2026-08-22 01:57:07 [INFO] X=384 Y=512 Src=64,672 - 96,704 TexW=640 TexH=742
2026-08-22 01:57:07 [INFO] X=419 Y=448 Src=0,0 - 26,96 TexW=234 TexH=97
2026-08-22 01:57:07 [INFO] X=-368 Y=320 Src=0,0 - 256,256 TexW=256 TexH=256
2026-08-22 01:57:07 [INFO] X=688 Y=384 Src=0,0 - 256,256 TexW=256 TexH=256
2026-08-22 01:57:07 [INFO] X=-368 Y=448 Src=0,0 - 256,256 TexW=256 TexH=256
2026-08-22 01:57:07 [INFO] X=-127 Y=636 Src=0,0 - 30,68 TexW=270 TexH=68
2026-08-22 01:57:07 [INFO] X=-208 Y=448 Src=0,0 - 256,256 TexW=256 TexH=256
2026-08-22 01:57:07 [INFO] X=-285 Y=690 Src=0,0 - 26,46 TexW=149 TexH=181
2026-08-22 01:57:07 [INFO] X=-280 Y=682 Src=64,0 - 80,16 TexW=708 TexH=202
2026-08-22 01:57:07 [INFO] X=-253 Y=690 Src=0,0 - 26,46 TexW=149 TexH=181
2026-08-22 01:57:07 [INFO] X=-248 Y=682 Src=639,64 - 655,80 TexW=708 TexH=202
2026-08-22 01:57:07 [INFO] X=-221 Y=690 Src=0,0 - 26,46 TexW=149 TexH=181
2026-08-22 01:57:07 [INFO] X=-216 Y=682 Src=272,128 - 288,144 TexW=708 TexH=202
