2026-08-21 01:47:58 [INFO] X=-32 Y=-32 Src=0,0 - 32,32 TexW=512 TexH=128
2026-08-21 01:47:58 [INFO] X=0 Y=-32 Src=32,0 - 64,32 TexW=512 TexH=128
2026-08-21 01:47:58 [INFO] X=32 Y=-32 Src=64,0 - 96,32 TexW=512 TexH=128
2026-08-21 01:47:58 [INFO] X=32 Y=-32 Src=512,192 - 544,224 TexW=640 TexH=742
2026-08-21 01:47:58 [INFO] X=64 Y=-32 Src=96,0 - 128,32 TexW=512 TexH=128
2026-08-21 01:47:58 [INFO] X=96 Y=-32 Src=0,0 - 32,32 TexW=512 TexH=128
2026-08-21 01:47:58 [INFO] X=128 Y=-32 Src=32,0 - 64,32 TexW=512 TexH=128
2026-08-21 01:47:58 [INFO] X=160 Y=-32 Src=64,0 - 96,32 TexW=512 TexH=128
2026-08-21 01:47:58 [INFO] X=192 Y=-32 Src=96,0 - 128,32 TexW=512 TexH=128
2026-08-21 01:47:58 [INFO] X=224 Y=-32 Src=0,0 - 32,32 TexW=512 TexH=128
2026-08-21 01:47:58 [INFO] X=256 Y=-32 Src=32,0 - 64,32 TexW=512 TexH=128
2026-08-21 01:47:58 [INFO] X=288 Y=-32 Src=64,0 - 96,32 TexW=512 TexH=128
2026-08-21 01:47:58 [INFO] X=320 Y=-32 Src=96,0 - 128,32 TexW=512 TexH=128
2026-08-21 01:47:58 [INFO] X=352 Y=-32 Src=0,0 - 32,32 TexW=512 TexH=128
2026-08-21 01:47:58 [INFO] X=384 Y=-32 Src=32,0 - 64,32 TexW=512 TexH=128
2026-08-21 01:47:58 [INFO] X=362 Y=-58 Src=0,0 - 77,58 TexW=77 TexH=58
2026-08-21 01:47:58 [INFO] X=416 Y=-32 Src=64,0 - 96,32 TexW=512 TexH=128
2026-08-21 01:47:58 [INFO] X=448 Y=-32 Src=96,0 - 128,32 TexW=512 TexH=128
2026-08-21 01:47:58 [INFO] X=480 Y=-32 Src=0,0 - 32,32 TexW=512 TexH=128
2026-08-21 01:47:58 [INFO] X=512 Y=-32 Src=32,0 - 64,32 TexW=512 TexH=128
2026-08-21 01:47:58 [INFO] X=544 Y=-32 Src=64,0 - 96,32 TexW=512 TexH=128
2026-08-21 01:47:58 [INFO] X=-32 Y=0 Src=0,64 - 32,96 TexW=512 TexH=128
2026-08-21 01:47:58 [INFO] X=0 Y=0 Src=32,64 - 64,96 TexW=512 TexH=128
2026-08-21 01:47:58 [INFO] X=32 Y=0 Src=64,64 - 96,96 TexW=512 TexH=128
2026-08-21 01:47:58 [INFO] X=64 Y=0 Src=96,64 - 128,96 TexW=512 TexH=128
2026-08-21 01:47:58 [INFO] X=96 Y=0 Src=0,64 - 32,96 TexW=512 TexH=128
2026-08-21 01:47:58 [INFO] X=128 Y=0 Src=32,64 - 64,96 TexW=512 TexH=128
2026-08-21 01:47:58 [INFO] X=160 Y=0 Src=64,64 - 96,96 TexW=512 TexH=128
2026-08-21 01:47:58 [INFO] X=192 Y=0 Src=96,64 - 128,96 TexW=512 TexH=128
2026-08-21 01:47:58 [INFO] X=224 Y=0 Src=0,64 - 32,96 TexW=512 TexH=128
2026-08-21 01:47:58 [INFO] X=256 Y=0 Src=32,64 - 64,96 TexW=512 TexH=128
2026-08-21 01:47:58 [INFO] X=288 Y=0 Src=64,64 - 96,96 TexW=512 TexH=128
2026-08-21 01:47:58 [INFO] X=320 Y=0 Src=96,64 - 128,96 TexW=512 TexH=128
2026-08-21 01:47:58 [INFO] X=352 Y=0 Src=0,64 - 32,96 TexW=512 TexH=128
2026-08-21 01:47:58 [INFO] X=384 Y=0 Src=32,64 - 64,96 TexW=512 TexH=128
2026-08-21 01:47:58 [INFO] X=416 Y=0 Src=64,64 - 96,96 TexW=512 TexH=128
2026-08-21 01:47:58 [INFO] X=448 Y=0 Src=96,64 - 128,96 TexW=512 TexH=128
2026-08-21 01:47:58 [INFO] X=480 Y=0 Src=0,64 - 32,96 TexW=512 TexH=128
2026-08-21 01:47:58 [INFO] X=512 Y=0 Src=32,64 - 64,96 TexW=512 TexH=128
2026-08-21 01:47:58 [INFO] X=544 Y=0 Src=64,64 - 96,96 TexW=512 TexH=128
2026-08-21 01:47:58 [INFO] X=-32 Y=32 Src=0,0 - 32,32 TexW=384 TexH=384
2026-08-21 01:47:58 [INFO] X=-32 Y=32 Src=128,128 - 160,160 TexW=256 TexH=384
2026-08-21 01:47:58 [INFO] X=0 Y=32 Src=32,0 - 64,32 TexW=384 TexH=384
2026-08-21 01:47:58 [INFO] X=0 Y=32 Src=160,128 - 192,160 TexW=256 TexH=384
2026-08-21 01:47:58 [INFO] X=32 Y=32 Src=64,0 - 96,32 TexW=384 TexH=384
2026-08-21 01:47:58 [INFO] X=32 Y=32 Src=128,128 - 160,160 TexW=256 TexH=384
2026-08-21 01:47:58 [INFO] X=64 Y=32 Src=96,0 - 128,32 TexW=384 TexH=384
2026-08-21 01:47:58 [INFO] X=64 Y=32 Src=160,128 - 192,160 TexW=256 TexH=384
2026-08-21 01:47:58 [INFO] X=96 Y=32 Src=0,0 - 32,32 TexW=384 TexH=384
2026-08-21 01:47:58 [INFO] X=96 Y=32 Src=128,128 - 160,160 TexW=256 TexH=384
2026-08-21 01:47:58 [INFO] X=128 Y=32 Src=32,0 - 64,32 TexW=384 TexH=384
2026-08-21 01:47:58 [INFO] X=128 Y=32 Src=160,128 - 192,160 TexW=256 TexH=384
2026-08-21 01:47:58 [INFO] X=160 Y=32 Src=64,0 - 96,32 TexW=384 TexH=384
2026-08-21 01:47:58 [INFO] X=160 Y=32 Src=128,128 - 160,160 TexW=256 TexH=384
2026-08-21 01:47:58 [INFO] X=192 Y=32 Src=96,0 - 128,32 TexW=384 TexH=384
2026-08-21 01:47:58 [INFO] X=192 Y=32 Src=160,128 - 192,160 TexW=256 TexH=384
2026-08-21 01:47:58 [INFO] X=224 Y=32 Src=0,0 - 32,32 TexW=384 TexH=384
2026-08-21 01:47:58 [INFO] X=224 Y=32 Src=128,128 - 160,160 TexW=256 TexH=384
2026-08-21 01:47:58 [INFO] X=256 Y=32 Src=32,0 - 64,32 TexW=384 TexH=384
2026-08-21 01:47:58 [INFO] X=256 Y=32 Src=160,128 - 192,160 TexW=256 TexH=384
2026-08-21 01:47:58 [INFO] X=288 Y=32 Src=64,0 - 96,32 TexW=384 TexH=384
2026-08-21 01:47:58 [INFO] X=288 Y=32 Src=128,128 - 160,160 TexW=256 TexH=384
2026-08-21 01:47:58 [INFO] X=320 Y=32 Src=96,0 - 128,32 TexW=384 TexH=384
2026-08-21 01:47:58 [INFO] X=320 Y=32 Src=160,128 - 192,160 TexW=256 TexH=384
2026-08-21 01:47:58 [INFO] X=352 Y=32 Src=0,0 - 32,32 TexW=384 TexH=384
2026-08-21 01:47:58 [INFO] X=352 Y=32 Src=128,128 - 160,160 TexW=256 TexH=384
2026-08-21 01:47:58 [INFO] X=384 Y=32 Src=32,0 - 64,32 TexW=384 TexH=384
2026-08-21 01:47:58 [INFO] X=384 Y=32 Src=160,128 - 192,160 TexW=256 TexH=384
2026-08-21 01:47:58 [INFO] X=416 Y=32 Src=64,0 - 96,32 TexW=384 TexH=384
2026-08-21 01:47:58 [INFO] X=416 Y=32 Src=128,128 - 160,160 TexW=256 TexH=384
2026-08-21 01:47:58 [INFO] X=448 Y=32 Src=96,0 - 128,32 TexW=384 TexH=384
2026-08-21 01:47:58 [INFO] X=448 Y=32 Src=160,128 - 192,160 TexW=256 TexH=384
2026-08-21 01:47:58 [INFO] X=480 Y=32 Src=0,0 - 32,32 TexW=384 TexH=384
2026-08-21 01:47:58 [INFO] X=480 Y=32 Src=128,128 - 160,160 TexW=256 TexH=384
2026-08-21 01:47:58 [INFO] X=512 Y=32 Src=32,0 - 64,32 TexW=384 TexH=384
2026-08-21 01:47:58 [INFO] X=512 Y=32 Src=160,128 - 192,160 TexW=256 TexH=384
2026-08-21 01:47:58 [INFO] X=544 Y=32 Src=64,0 - 96,32 TexW=384 TexH=384
2026-08-21 01:47:58 [INFO] X=544 Y=32 Src=128,128 - 160,160 TexW=256 TexH=384
2026-08-21 01:47:58 [INFO] X=-32 Y=64 Src=0,64 - 32,96 TexW=384 TexH=384
2026-08-21 01:47:58 [INFO] X=0 Y=64 Src=32,64 - 64,96 TexW=384 TexH=384
2026-08-21 01:47:58 [INFO] X=32 Y=64 Src=64,64 - 96,96 TexW=384 TexH=384
2026-08-21 01:47:58 [INFO] X=64 Y=64 Src=96,64 - 128,96 TexW=384 TexH=384
2026-08-21 01:47:58 [INFO] X=96 Y=64 Src=0,64 - 32,96 TexW=384 TexH=384
2026-08-21 01:47:58 [INFO] X=128 Y=64 Src=32,64 - 64,96 TexW=384 TexH=384
2026-08-21 01:47:58 [INFO] X=160 Y=64 Src=64,64 - 96,96 TexW=384 TexH=384
2026-08-21 01:47:58 [INFO] X=192 Y=64 Src=96,64 - 128,96 TexW=384 TexH=384
2026-08-21 01:47:58 [INFO] X=224 Y=64 Src=0,64 - 32,96 TexW=384 TexH=384
2026-08-21 01:47:58 [INFO] X=256 Y=64 Src=32,64 - 64,96 TexW=384 TexH=384
2026-08-21 01:47:58 [INFO] X=288 Y=64 Src=64,64 - 96,96 TexW=384 TexH=384
2026-08-21 01:47:58 [INFO] X=320 Y=64 Src=96,64 - 128,96 TexW=384 TexH=384
2026-08-21 01:47:58 [INFO] X=352 Y=64 Src=0,64 - 32,96 TexW=384 TexH=384
2026-08-21 01:47:58 [INFO] X=384 Y=64 Src=32,64 - 64,96 TexW=384 TexH=384
2026-08-21 01:47:58 [INFO] X=416 Y=64 Src=64,64 - 96,96 TexW=384 TexH=384
2026-08-21 01:47:58 [INFO] X=448 Y=64 Src=96,64 - 128,96 TexW=384 TexH=384
2026-08-21 01:47:58 [INFO] X=480 Y=64 Src=0,64 - 32,96 TexW=384 TexH=384
2026-08-21 01:47:58 [INFO] X=512 Y=64 Src=32,64 - 64,96 TexW=384 TexH=384
2026-08-21 01:47:58 [INFO] X=544 Y=64 Src=64,64 - 96,96 TexW=384 TexH=384
2026-08-21 01:47:58 [INFO] X=-32 Y=96 Src=0,0 - 32,32 TexW=384 TexH=384
2026-08-21 01:47:58 [INFO] X=0 Y=96 Src=32,0 - 64,32 TexW=384 TexH=384
2026-08-21 01:47:58 [INFO] X=32 Y=96 Src=64,0 - 96,32 TexW=384 TexH=384
2026-08-21 01:47:58 [INFO] X=64 Y=96 Src=96,0 - 128,32 TexW=384 TexH=384
2026-08-21 01:47:58 [INFO] X=96 Y=96 Src=0,0 - 32,32 TexW=384 TexH=384
2026-08-21 01:47:58 [INFO] X=128 Y=96 Src=32,0 - 64,32 TexW=384 TexH=384
2026-08-21 01:47:58 [INFO] X=160 Y=96 Src=64,0 - 96,32 TexW=384 TexH=384
2026-08-21 01:47:58 [INFO] X=192 Y=96 Src=96,0 - 128,32 TexW=384 TexH=384
2026-08-21 01:47:58 [INFO] X=224 Y=96 Src=0,0 - 32,32 TexW=384 TexH=384
2026-08-21 01:47:58 [INFO] X=256 Y=96 Src=32,0 - 64,32 TexW=384 TexH=384
2026-08-21 01:47:58 [INFO] X=288 Y=96 Src=64,0 - 96,32 TexW=384 TexH=384
2026-08-21 01:47:58 [INFO] X=320 Y=96 Src=96,0 - 128,32 TexW=384 TexH=384
2026-08-21 01:47:58 [INFO] X=352 Y=96 Src=0,0 - 32,32 TexW=384 TexH=384
2026-08-21 01:47:58 [INFO] X=384 Y=96 Src=32,0 - 64,32 TexW=384 TexH=384
2026-08-21 01:47:58 [INFO] X=416 Y=96 Src=64,0 - 96,32 TexW=384 TexH=384
2026-08-21 01:47:58 [INFO] X=448 Y=96 Src=96,0 - 128,32 TexW=384 TexH=384
2026-08-21 01:47:58 [INFO] X=480 Y=96 Src=0,0 - 32,32 TexW=384 TexH=384
2026-08-21 01:47:58 [INFO] X=512 Y=96 Src=32,0 - 64,32 TexW=384 TexH=384
2026-08-21 01:47:58 [INFO] X=544 Y=96 Src=64,0 - 96,32 TexW=384 TexH=384
2026-08-21 01:47:58 [INFO] X=-32 Y=128 Src=0,64 - 32,96 TexW=384 TexH=384
2026-08-21 01:47:58 [INFO] X=0 Y=128 Src=32,64 - 64,96 TexW=384 TexH=384
2026-08-21 01:47:58 [INFO] X=32 Y=128 Src=64,64 - 96,96 TexW=384 TexH=384
2026-08-21 01:47:58 [INFO] X=64 Y=128 Src=96,64 - 128,96 TexW=384 TexH=384
2026-08-21 01:47:58 [INFO] X=96 Y=128 Src=0,64 - 32,96 TexW=384 TexH=384
2026-08-21 01:47:58 [INFO] X=128 Y=128 Src=32,64 - 64,96 TexW=384 TexH=384
2026-08-21 01:47:58 [INFO] X=160 Y=128 Src=64,64 - 96,96 TexW=384 TexH=384
2026-08-21 01:47:58 [INFO] X=192 Y=128 Src=96,64 - 128,96 TexW=384 TexH=384
2026-08-21 01:47:58 [INFO] X=224 Y=128 Src=0,64 - 32,96 TexW=384 TexH=384
2026-08-21 01:47:58 [INFO] X=256 Y=128 Src=32,64 - 64,96 TexW=384 TexH=384
2026-08-21 01:47:58 [INFO] X=288 Y=128 Src=64,64 - 96,96 TexW=384 TexH=384
2026-08-21 01:47:58 [INFO] X=320 Y=128 Src=96,64 - 128,96 TexW=384 TexH=384
2026-08-21 01:47:58 [INFO] X=352 Y=128 Src=0,64 - 32,96 TexW=384 TexH=384
2026-08-21 01:47:58 [INFO] X=384 Y=128 Src=32,64 - 64,96 TexW=384 TexH=384
2026-08-21 01:47:58 [INFO] X=416 Y=128 Src=64,64 - 96,96 TexW=384 TexH=384
2026-08-21 01:47:58 [INFO] X=448 Y=128 Src=96,64 - 128,96 TexW=384 TexH=384
2026-08-21 01:47:58 [INFO] X=480 Y=128 Src=0,64 - 32,96 TexW=384 TexH=384
2026-08-21 01:47:58 [INFO] X=512 Y=128 Src=32,64 - 64,96 TexW=384 TexH=384
2026-08-21 01:47:58 [INFO] X=544 Y=128 Src=64,64 - 96,96 TexW=384 TexH=384
2026-08-21 01:47:58 [INFO] X=-32 Y=160 Src=0,0 - 32,32 TexW=384 TexH=384
2026-08-21 01:47:58 [INFO] X=0 Y=160 Src=32,0 - 64,32 TexW=384 TexH=384
2026-08-21 01:47:58 [INFO] X=32 Y=160 Src=64,0 - 96,32 TexW=384 TexH=384
2026-08-21 01:47:58 [INFO] X=64 Y=160 Src=96,0 - 128,32 TexW=384 TexH=384
2026-08-21 01:47:58 [INFO] X=96 Y=160 Src=0,0 - 32,32 TexW=384 TexH=384
2026-08-21 01:47:58 [INFO] X=128 Y=160 Src=32,0 - 64,32 TexW=384 TexH=384
2026-08-21 01:47:58 [INFO] X=160 Y=160 Src=64,0 - 96,32 TexW=384 TexH=384
2026-08-21 01:47:58 [INFO] X=192 Y=160 Src=96,0 - 128,32 TexW=384 TexH=384
2026-08-21 01:47:58 [INFO] X=224 Y=160 Src=0,0 - 32,32 TexW=384 TexH=384
2026-08-21 01:47:58 [INFO] X=256 Y=160 Src=32,0 - 64,32 TexW=384 TexH=384
2026-08-21 01:47:58 [INFO] X=288 Y=160 Src=64,0 - 96,32 TexW=384 TexH=384
2026-08-21 01:47:58 [INFO] X=320 Y=160 Src=96,0 - 128,32 TexW=384 TexH=384
2026-08-21 01:47:58 [INFO] X=352 Y=160 Src=0,0 - 32,32 TexW=384 TexH=384
2026-08-21 01:47:58 [INFO] X=384 Y=160 Src=32,0 - 64,32 TexW=384 TexH=384
2026-08-21 01:47:58 [INFO] X=416 Y=160 Src=64,0 - 96,32 TexW=384 TexH=384
2026-08-21 01:47:58 [INFO] X=448 Y=160 Src=96,0 - 128,32 TexW=384 TexH=384
2026-08-21 01:47:58 [INFO] X=480 Y=160 Src=0,0 - 32,32 TexW=384 TexH=384
2026-08-21 01:47:58 [INFO] X=512 Y=160 Src=32,0 - 64,32 TexW=384 TexH=384
2026-08-21 01:47:58 [INFO] X=544 Y=160 Src=64,0 - 96,32 TexW=384 TexH=384
2026-08-21 01:47:58 [INFO] X=-32 Y=192 Src=0,64 - 32,96 TexW=384 TexH=384
2026-08-21 01:47:58 [INFO] X=0 Y=192 Src=32,64 - 64,96 TexW=384 TexH=384
2026-08-21 01:47:58 [INFO] X=32 Y=192 Src=64,64 - 96,96 TexW=384 TexH=384
2026-08-21 01:47:58 [INFO] X=64 Y=192 Src=96,64 - 128,96 TexW=384 TexH=384
2026-08-21 01:47:58 [INFO] X=96 Y=192 Src=0,64 - 32,96 TexW=384 TexH=384
2026-08-21 01:47:58 [INFO] X=128 Y=192 Src=32,64 - 64,96 TexW=384 TexH=384
2026-08-21 01:47:58 [INFO] X=160 Y=192 Src=64,64 - 96,96 TexW=384 TexH=384
2026-08-21 01:47:58 [INFO] X=192 Y=192 Src=96,64 - 128,96 TexW=384 TexH=384
2026-08-21 01:47:58 [INFO] X=224 Y=192 Src=0,64 - 32,96 TexW=384 TexH=384
2026-08-21 01:47:58 [INFO] X=256 Y=192 Src=32,64 - 64,96 TexW=384 TexH=384
2026-08-21 01:47:58 [INFO] X=288 Y=192 Src=64,64 - 96,96 TexW=384 TexH=384
2026-08-21 01:47:58 [INFO] X=320 Y=192 Src=96,64 - 128,96 TexW=384 TexH=384
2026-08-21 01:47:58 [INFO] X=352 Y=192 Src=0,64 - 32,96 TexW=384 TexH=384
2026-08-21 01:47:58 [INFO] X=384 Y=192 Src=32,64 - 64,96 TexW=384 TexH=384
2026-08-21 01:47:58 [INFO] X=416 Y=192 Src=64,64 - 96,96 TexW=384 TexH=384
2026-08-21 01:47:58 [INFO] X=448 Y=192 Src=96,64 - 128,96 TexW=384 TexH=384
2026-08-21 01:47:58 [INFO] X=480 Y=192 Src=0,64 - 32,96 TexW=384 TexH=384
2026-08-21 01:47:58 [INFO] X=512 Y=192 Src=32,64 - 64,96 TexW=384 TexH=384
2026-08-21 01:47:58 [INFO] X=544 Y=192 Src=64,64 - 96,96 TexW=384 TexH=384
2026-08-21 01:47:58 [INFO] X=-304 Y=-415 Src=0,0 - 64,95 TexW=64 TexH=95
2026-08-21 01:47:58 [INFO] X=-368 Y=-576 Src=0,0 - 256,256 TexW=256 TexH=256
2026-08-21 01:47:58 [INFO] X=-182 Y=-475 Src=0,0 - 77,155 TexW=77 TexH=155
2026-08-21 01:47:58 [INFO] X=-208 Y=-576 Src=0,0 - 256,256 TexW=256 TexH=256
2026-08-21 01:47:58 [INFO] X=48 Y=-320 Src=0,0 - 128,32 TexW=128 TexH=32
2026-08-21 01:47:58 [INFO] X=176 Y=-320 Src=0,0 - 128,32 TexW=128 TexH=32
2026-08-21 01:47:58 [INFO] X=464 Y=-320 Src=0,0 - 128,32 TexW=128 TexH=32
2026-08-21 01:47:58 [INFO] X=592 Y=-320 Src=0,0 - 128,32 TexW=128 TexH=32
2026-08-21 01:47:58 [INFO] X=-176 Y=-512 Src=0,0 - 256,256 TexW=256 TexH=256
2026-08-21 01:47:58 [INFO] X=208 Y=-512 Src=0,0 - 256,256 TexW=256 TexH=256
2026-08-21 01:47:58 [INFO] X=-352 Y=-256 Src=0,0 - 32,32 TexW=64 TexH=32
2026-08-21 01:47:58 [INFO] X=835 Y=-270 Src=0,0 - 26,46 TexW=174 TexH=181
2026-08-21 01:47:58 [INFO] X=-176 Y=-448 Src=0,0 - 256,256 TexW=256 TexH=256
2026-08-21 01:47:58 [INFO] X=48 Y=-224 Src=0,0 - 128,32 TexW=128 TexH=32
2026-08-21 01:47:58 [INFO] X=176 Y=-224 Src=0,0 - 128,32 TexW=128 TexH=32
2026-08-21 01:47:58 [INFO] X=384 Y=-224 Src=608,64 - 640,96 TexW=640 TexH=742
2026-08-21 01:47:58 [INFO] X=480 Y=-224 Src=608,64 - 640,96 TexW=640 TexH=742
2026-08-21 01:47:58 [INFO] X=464 Y=-224 Src=0,0 - 128,32 TexW=128 TexH=32
2026-08-21 01:47:58 [INFO] X=592 Y=-224 Src=0,0 - 128,32 TexW=128 TexH=32
2026-08-21 01:47:58 [INFO] X=-253 Y=-206 Src=0,0 - 26,46 TexW=149 TexH=181
2026-08-21 01:47:58 [INFO] X=163 Y=-206 Src=0,0 - 26,46 TexW=149 TexH=181
2026-08-21 01:47:58 [INFO] X=168 Y=-214 Src=64,0 - 80,16 TexW=708 TexH=202
2026-08-21 01:47:58 [INFO] X=-352 Y=-160 Src=0,0 - 32,32 TexW=64 TexH=32
2026-08-21 01:47:58 [INFO] X=352 Y=-160 Src=608,64 - 640,96 TexW=640 TexH=742
2026-08-21 01:47:58 [INFO] X=480 Y=-160 Src=608,64 - 640,96 TexW=640 TexH=742
2026-08-21 01:47:58 [INFO] X=74 Y=-251 Src=0,0 - 77,155 TexW=77 TexH=155
2026-08-21 01:47:58 [INFO] X=419 Y=-142 Src=0,0 - 26,46 TexW=149 TexH=181
2026-08-21 01:47:58 [INFO] X=424 Y=-150 Src=320,0 - 336,16 TexW=708 TexH=202
2026-08-21 01:47:58 [INFO] X=448 Y=-128 Src=256,96 - 288,128 TexW=640 TexH=742
2026-08-21 01:47:58 [INFO] X=586 Y=-251 Src=0,0 - 77,155 TexW=77 TexH=155
2026-08-21 01:47:58 [INFO] X=-32 Y=-64 Src=608,64 - 640,96 TexW=640 TexH=742
2026-08-21 01:47:58 [INFO] X=448 Y=-64 Src=608,64 - 640,96 TexW=640 TexH=742
2026-08-21 01:47:58 [INFO] X=464 Y=-288 Src=0,0 - 256,256 TexW=256 TexH=256
2026-08-21 01:47:58 [INFO] X=0 Y=0 Src=608,64 - 640,96 TexW=640 TexH=742
2026-08-21 01:47:58 [INFO] X=291 Y=-14 Src=0,0 - 26,46 TexW=149 TexH=181
2026-08-21 01:47:58 [INFO] X=296 Y=-22 Src=256,48 - 272,64 TexW=708 TexH=202
2026-08-21 01:47:58 [INFO] X=736 Y=-64 Src=0,96 - 96,192 TexW=288 TexH=192
2026-08-21 01:47:58 [INFO] X=656 Y=32 Src=0,0 - 64,32 TexW=64 TexH=32
2026-08-21 01:47:58 [INFO] X=867 Y=18 Src=0,0 - 26,46 TexW=149 TexH=181
2026-08-21 01:47:58 [INFO] X=872 Y=10 Src=0,0 - 16,16 TexW=708 TexH=202
2026-08-21 01:47:58 [INFO] X=-349 Y=50 Src=0,0 - 26,46 TexW=149 TexH=181
2026-08-21 01:47:58 [INFO] X=-344 Y=42 Src=384,16 - 400,32 TexW=708 TexH=202
2026-08-21 01:47:58 [INFO] X=-285 Y=50 Src=0,0 - 26,46 TexW=149 TexH=181
2026-08-21 01:47:58 [INFO] X=-280 Y=42 Src=384,16 - 400,32 TexW=708 TexH=202
2026-08-21 01:47:58 [INFO] X=-182 Y=-59 Src=0,0 - 77,155 TexW=77 TexH=155
2026-08-21 01:47:58 [INFO] X=-61 Y=50 Src=0,0 - 26,46 TexW=149 TexH=181
2026-08-21 01:47:58 [INFO] X=-56 Y=42 Src=272,128 - 288,144 TexW=708 TexH=202
2026-08-21 01:47:58 [INFO] X=42 Y=-59 Src=0,0 - 77,155 TexW=77 TexH=155
2026-08-21 01:47:58 [INFO] X=259 Y=178 Src=0,0 - 26,46 TexW=149 TexH=181
2026-08-21 01:47:58 [INFO] X=264 Y=170 Src=128,16 - 144,32 TexW=708 TexH=202
2026-08-21 01:47:59 [INFO] X=208 Y=96 Src=0,540 - 128,668 TexW=1792 TexH=1060
2026-08-21 01:47:59 [INFO] X=611 Y=306 Src=0,0 - 26,46 TexW=149 TexH=181
2026-08-21 01:47:59 [INFO] X=616 Y=298 Src=256,48 - 272,64 TexW=708 TexH=202
2026-08-21 01:47:59 [INFO] X=-368 Y=128 Src=0,0 - 256,256 TexW=256 TexH=256
2026-08-21 01:47:59 [INFO] X=-240 Y=128 Src=0,0 - 256,256 TexW=256 TexH=256
2026-08-21 01:47:59 [INFO] X=-112 Y=128 Src=0,0 - 256,256 TexW=256 TexH=256
2026-08-21 01:47:59 [INFO] X=283 Y=384 Src=737,512 - 780,576 TexW=1792 TexH=640
2026-08-21 01:47:59 [INFO] X=443 Y=384 Src=737,512 - 780,576 TexW=1792 TexH=640
2026-08-21 01:47:59 [INFO] X=592 Y=192 Src=0,0 - 256,256 TexW=256 TexH=256
2026-08-21 01:47:59 [INFO] X=688 Y=192 Src=0,0 - 256,256 TexW=256 TexH=256
2026-08-21 01:47:59 [INFO] X=323 Y=448 Src=0,0 - 26,96 TexW=234 TexH=97
2026-08-21 01:47:59 [INFO] X=355 Y=498 Src=0,0 - 26,46 TexW=149 TexH=181
2026-08-21 01:47:59 [INFO] X=360 Y=490 Src=384,32 - 400,48 TexW=708 TexH=202
2026-08-21 01:47:59 [INFO] X=384 Y=512 Src=64,672 - 96,704 TexW=640 TexH=742
2026-08-21 01:47:59 [INFO] X=419 Y=448 Src=0,0 - 26,96 TexW=234 TexH=97
2026-08-21 01:47:59 [INFO] X=-368 Y=320 Src=0,0 - 256,256 TexW=256 TexH=256
2026-08-21 01:47:59 [INFO] X=688 Y=384 Src=0,0 - 256,256 TexW=256 TexH=256
2026-08-21 01:47:59 [INFO] X=-368 Y=448 Src=0,0 - 256,256 TexW=256 TexH=256
2026-08-21 01:47:59 [INFO] X=-127 Y=636 Src=0,0 - 30,68 TexW=270 TexH=68
2026-08-21 01:47:59 [INFO] X=-208 Y=448 Src=0,0 - 256,256 TexW=256 TexH=256
2026-08-21 01:47:59 [INFO] X=-285 Y=690 Src=0,0 - 26,46 TexW=149 TexH=181
2026-08-21 01:47:59 [INFO] X=-280 Y=682 Src=64,0 - 80,16 TexW=708 TexH=202
2026-08-21 01:47:59 [INFO] X=-253 Y=690 Src=0,0 - 26,46 TexW=149 TexH=181
2026-08-21 01:47:59 [INFO] X=-248 Y=682 Src=639,64 - 655,80 TexW=708 TexH=202
2026-08-21 01:47:59 [INFO] X=-221 Y=690 Src=0,0 - 26,46 TexW=149 TexH=181
2026-08-21 01:47:59 [INFO] X=-216 Y=682 Src=272,128 - 288,144 TexW=708 TexH=202
2026-08-21 01:47:59 [INFO] X=-32 Y=-32 Src=0,0 - 32,32 TexW=512 TexH=128
2026-08-21 01:47:59 [INFO] X=0 Y=-32 Src=32,0 - 64,32 TexW=512 TexH=128
2026-08-21 01:47:59 [INFO] X=32 Y=-32 Src=64,0 - 96,32 TexW=512 TexH=128
2026-08-21 01:47:59 [INFO] X=32 Y=-32 Src=512,192 - 544,224 TexW=640 TexH=742
2026-08-21 01:47:59 [INFO] X=64 Y=-32 Src=96,0 - 128,32 TexW=512 TexH=128
2026-08-21 01:47:59 [INFO] X=96 Y=-32 Src=0,0 - 32,32 TexW=512 TexH=128
2026-08-21 01:47:59 [INFO] X=128 Y=-32 Src=32,0 - 64,32 TexW=512 TexH=128
2026-08-21 01:47:59 [INFO] X=160 Y=-32 Src=64,0 - 96,32 TexW=512 TexH=128
2026-08-21 01:47:59 [INFO] X=192 Y=-32 Src=96,0 - 128,32 TexW=512 TexH=128
2026-08-21 01:47:59 [INFO] X=224 Y=-32 Src=0,0 - 32,32 TexW=512 TexH=128
2026-08-21 01:47:59 [INFO] X=256 Y=-32 Src=32,0 - 64,32 TexW=512 TexH=128
2026-08-21 01:47:59 [INFO] X=288 Y=-32 Src=64,0 - 96,32 TexW=512 TexH=128
2026-08-21 01:47:59 [INFO] X=320 Y=-32 Src=96,0 - 128,32 TexW=512 TexH=128
2026-08-21 01:47:59 [INFO] X=352 Y=-32 Src=0,0 - 32,32 TexW=512 TexH=128
2026-08-21 01:47:59 [INFO] X=384 Y=-32 Src=32,0 - 64,32 TexW=512 TexH=128
2026-08-21 01:47:59 [INFO] X=362 Y=-58 Src=0,0 - 77,58 TexW=77 TexH=58
2026-08-21 01:47:59 [INFO] X=416 Y=-32 Src=64,0 - 96,32 TexW=512 TexH=128
2026-08-21 01:47:59 [INFO] X=448 Y=-32 Src=96,0 - 128,32 TexW=512 TexH=128
2026-08-21 01:47:59 [INFO] X=480 Y=-32 Src=0,0 - 32,32 TexW=512 TexH=128
2026-08-21 01:47:59 [INFO] X=512 Y=-32 Src=32,0 - 64,32 TexW=512 TexH=128
2026-08-21 01:47:59 [INFO] X=544 Y=-32 Src=64,0 - 96,32 TexW=512 TexH=128
2026-08-21 01:47:59 [INFO] X=-32 Y=0 Src=0,64 - 32,96 TexW=512 TexH=128
2026-08-21 01:47:59 [INFO] X=0 Y=0 Src=32,64 - 64,96 TexW=512 TexH=128
2026-08-21 01:47:59 [INFO] X=32 Y=0 Src=64,64 - 96,96 TexW=512 TexH=128
2026-08-21 01:47:59 [INFO] X=64 Y=0 Src=96,64 - 128,96 TexW=512 TexH=128
2026-08-21 01:47:59 [INFO] X=96 Y=0 Src=0,64 - 32,96 TexW=512 TexH=128
2026-08-21 01:47:59 [INFO] X=128 Y=0 Src=32,64 - 64,96 TexW=512 TexH=128
2026-08-21 01:47:59 [INFO] X=160 Y=0 Src=64,64 - 96,96 TexW=512 TexH=128
2026-08-21 01:47:59 [INFO] X=192 Y=0 Src=96,64 - 128,96 TexW=512 TexH=128
2026-08-21 01:47:59 [INFO] X=224 Y=0 Src=0,64 - 32,96 TexW=512 TexH=128
2026-08-21 01:47:59 [INFO] X=256 Y=0 Src=32,64 - 64,96 TexW=512 TexH=128
2026-08-21 01:47:59 [INFO] X=288 Y=0 Src=64,64 - 96,96 TexW=512 TexH=128
2026-08-21 01:47:59 [INFO] X=320 Y=0 Src=96,64 - 128,96 TexW=512 TexH=128
2026-08-21 01:47:59 [INFO] X=352 Y=0 Src=0,64 - 32,96 TexW=512 TexH=128
2026-08-21 01:47:59 [INFO] X=384 Y=0 Src=32,64 - 64,96 TexW=512 TexH=128
2026-08-21 01:47:59 [INFO] X=416 Y=0 Src=64,64 - 96,96 TexW=512 TexH=128
2026-08-21 01:47:59 [INFO] X=448 Y=0 Src=96,64 - 128,96 TexW=512 TexH=128
2026-08-21 01:47:59 [INFO] X=480 Y=0 Src=0,64 - 32,96 TexW=512 TexH=128
2026-08-21 01:47:59 [INFO] X=512 Y=0 Src=32,64 - 64,96 TexW=512 TexH=128
2026-08-21 01:47:59 [INFO] X=544 Y=0 Src=64,64 - 96,96 TexW=512 TexH=128
2026-08-21 01:47:59 [INFO] X=-32 Y=32 Src=0,0 - 32,32 TexW=384 TexH=384
2026-08-21 01:47:59 [INFO] X=-32 Y=32 Src=128,128 - 160,160 TexW=256 TexH=384
2026-08-21 01:47:59 [INFO] X=0 Y=32 Src=32,0 - 64,32 TexW=384 TexH=384
2026-08-21 01:47:59 [INFO] X=0 Y=32 Src=160,128 - 192,160 TexW=256 TexH=384
2026-08-21 01:47:59 [INFO] X=32 Y=32 Src=64,0 - 96,32 TexW=384 TexH=384
2026-08-21 01:47:59 [INFO] X=32 Y=32 Src=128,128 - 160,160 TexW=256 TexH=384
2026-08-21 01:47:59 [INFO] X=64 Y=32 Src=96,0 - 128,32 TexW=384 TexH=384
2026-08-21 01:47:59 [INFO] X=64 Y=32 Src=160,128 - 192,160 TexW=256 TexH=384
2026-08-21 01:47:59 [INFO] X=96 Y=32 Src=0,0 - 32,32 TexW=384 TexH=384
2026-08-21 01:47:59 [INFO] X=96 Y=32 Src=128,128 - 160,160 TexW=256 TexH=384
2026-08-21 01:47:59 [INFO] X=128 Y=32 Src=32,0 - 64,32 TexW=384 TexH=384
2026-08-21 01:47:59 [INFO] X=128 Y=32 Src=160,128 - 192,160 TexW=256 TexH=384
2026-08-21 01:47:59 [INFO] X=160 Y=32 Src=64,0 - 96,32 TexW=384 TexH=384
2026-08-21 01:47:59 [INFO] X=160 Y=32 Src=128,128 - 160,160 TexW=256 TexH=384
2026-08-21 01:47:59 [INFO] X=192 Y=32 Src=96,0 - 128,32 TexW=384 TexH=384
2026-08-21 01:47:59 [INFO] X=192 Y=32 Src=160,128 - 192,160 TexW=256 TexH=384
2026-08-21 01:47:59 [INFO] X=224 Y=32 Src=0,0 - 32,32 TexW=384 TexH=384
2026-08-21 01:47:59 [INFO] X=224 Y=32 Src=128,128 - 160,160 TexW=256 TexH=384
2026-08-21 01:47:59 [INFO] X=256 Y=32 Src=32,0 - 64,32 TexW=384 TexH=384
2026-08-21 01:47:59 [INFO] X=256 Y=32 Src=160,128 - 192,160 TexW=256 TexH=384
2026-08-21 01:47:59 [INFO] X=288 Y=32 Src=64,0 - 96,32 TexW=384 TexH=384
2026-08-21 01:47:59 [INFO] X=288 Y=32 Src=128,128 - 160,160 TexW=256 TexH=384
2026-08-21 01:47:59 [INFO] X=320 Y=32 Src=96,0 - 128,32 TexW=384 TexH=384
2026-08-21 01:47:59 [INFO] X=320 Y=32 Src=160,128 - 192,160 TexW=256 TexH=384
2026-08-21 01:47:59 [INFO] X=352 Y=32 Src=0,0 - 32,32 TexW=384 TexH=384
2026-08-21 01:47:59 [INFO] X=352 Y=32 Src=128,128 - 160,160 TexW=256 TexH=384
2026-08-21 01:47:59 [INFO] X=384 Y=32 Src=32,0 - 64,32 TexW=384 TexH=384
2026-08-21 01:47:59 [INFO] X=384 Y=32 Src=160,128 - 192,160 TexW=256 TexH=384
2026-08-21 01:47:59 [INFO] X=416 Y=32 Src=64,0 - 96,32 TexW=384 TexH=384
2026-08-21 01:47:59 [INFO] X=416 Y=32 Src=128,128 - 160,160 TexW=256 TexH=384
2026-08-21 01:47:59 [INFO] X=448 Y=32 Src=96,0 - 128,32 TexW=384 TexH=384
2026-08-21 01:47:59 [INFO] X=448 Y=32 Src=160,128 - 192,160 TexW=256 TexH=384
2026-08-21 01:47:59 [INFO] X=480 Y=32 Src=0,0 - 32,32 TexW=384 TexH=384
2026-08-21 01:47:59 [INFO] X=480 Y=32 Src=128,128 - 160,160 TexW=256 TexH=384
2026-08-21 01:47:59 [INFO] X=512 Y=32 Src=32,0 - 64,32 TexW=384 TexH=384
2026-08-21 01:47:59 [INFO] X=512 Y=32 Src=160,128 - 192,160 TexW=256 TexH=384
2026-08-21 01:47:59 [INFO] X=544 Y=32 Src=64,0 - 96,32 TexW=384 TexH=384
2026-08-21 01:47:59 [INFO] X=544 Y=32 Src=128,128 - 160,160 TexW=256 TexH=384
2026-08-21 01:47:59 [INFO] X=-32 Y=64 Src=0,64 - 32,96 TexW=384 TexH=384
2026-08-21 01:47:59 [INFO] X=0 Y=64 Src=32,64 - 64,96 TexW=384 TexH=384
2026-08-21 01:47:59 [INFO] X=32 Y=64 Src=64,64 - 96,96 TexW=384 TexH=384
2026-08-21 01:47:59 [INFO] X=64 Y=64 Src=96,64 - 128,96 TexW=384 TexH=384
2026-08-21 01:47:59 [INFO] X=96 Y=64 Src=0,64 - 32,96 TexW=384 TexH=384
2026-08-21 01:47:59 [INFO] X=128 Y=64 Src=32,64 - 64,96 TexW=384 TexH=384
2026-08-21 01:47:59 [INFO] X=160 Y=64 Src=64,64 - 96,96 TexW=384 TexH=384
2026-08-21 01:47:59 [INFO] X=192 Y=64 Src=96,64 - 128,96 TexW=384 TexH=384
2026-08-21 01:47:59 [INFO] X=224 Y=64 Src=0,64 - 32,96 TexW=384 TexH=384
2026-08-21 01:47:59 [INFO] X=256 Y=64 Src=32,64 - 64,96 TexW=384 TexH=384
2026-08-21 01:47:59 [INFO] X=288 Y=64 Src=64,64 - 96,96 TexW=384 TexH=384
2026-08-21 01:47:59 [INFO] X=320 Y=64 Src=96,64 - 128,96 TexW=384 TexH=384
2026-08-21 01:47:59 [INFO] X=352 Y=64 Src=0,64 - 32,96 TexW=384 TexH=384
2026-08-21 01:47:59 [INFO] X=384 Y=64 Src=32,64 - 64,96 TexW=384 TexH=384
2026-08-21 01:47:59 [INFO] X=416 Y=64 Src=64,64 - 96,96 TexW=384 TexH=384
2026-08-21 01:47:59 [INFO] X=448 Y=64 Src=96,64 - 128,96 TexW=384 TexH=384
2026-08-21 01:47:59 [INFO] X=480 Y=64 Src=0,64 - 32,96 TexW=384 TexH=384
2026-08-21 01:47:59 [INFO] X=512 Y=64 Src=32,64 - 64,96 TexW=384 TexH=384
2026-08-21 01:47:59 [INFO] X=544 Y=64 Src=64,64 - 96,96 TexW=384 TexH=384
2026-08-21 01:47:59 [INFO] X=-32 Y=96 Src=0,0 - 32,32 TexW=384 TexH=384
2026-08-21 01:47:59 [INFO] X=0 Y=96 Src=32,0 - 64,32 TexW=384 TexH=384
2026-08-21 01:47:59 [INFO] X=32 Y=96 Src=64,0 - 96,32 TexW=384 TexH=384
2026-08-21 01:47:59 [INFO] X=64 Y=96 Src=96,0 - 128,32 TexW=384 TexH=384
2026-08-21 01:47:59 [INFO] X=96 Y=96 Src=0,0 - 32,32 TexW=384 TexH=384
2026-08-21 01:47:59 [INFO] X=128 Y=96 Src=32,0 - 64,32 TexW=384 TexH=384
2026-08-21 01:47:59 [INFO] X=160 Y=96 Src=64,0 - 96,32 TexW=384 TexH=384
2026-08-21 01:47:59 [INFO] X=192 Y=96 Src=96,0 - 128,32 TexW=384 TexH=384
2026-08-21 01:47:59 [INFO] X=224 Y=96 Src=0,0 - 32,32 TexW=384 TexH=384
2026-08-21 01:47:59 [INFO] X=256 Y=96 Src=32,0 - 64,32 TexW=384 TexH=384
2026-08-21 01:47:59 [INFO] X=288 Y=96 Src=64,0 - 96,32 TexW=384 TexH=384
2026-08-21 01:47:59 [INFO] X=320 Y=96 Src=96,0 - 128,32 TexW=384 TexH=384
2026-08-21 01:47:59 [INFO] X=352 Y=96 Src=0,0 - 32,32 TexW=384 TexH=384
2026-08-21 01:47:59 [INFO] X=384 Y=96 Src=32,0 - 64,32 TexW=384 TexH=384
2026-08-21 01:47:59 [INFO] X=416 Y=96 Src=64,0 - 96,32 TexW=384 TexH=384
2026-08-21 01:47:59 [INFO] X=448 Y=96 Src=96,0 - 128,32 TexW=384 TexH=384
2026-08-21 01:47:59 [INFO] X=480 Y=96 Src=0,0 - 32,32 TexW=384 TexH=384
2026-08-21 01:47:59 [INFO] X=512 Y=96 Src=32,0 - 64,32 TexW=384 TexH=384
2026-08-21 01:47:59 [INFO] X=544 Y=96 Src=64,0 - 96,32 TexW=384 TexH=384
2026-08-21 01:47:59 [INFO] X=-32 Y=128 Src=0,64 - 32,96 TexW=384 TexH=384
2026-08-21 01:47:59 [INFO] X=0 Y=128 Src=32,64 - 64,96 TexW=384 TexH=384
2026-08-21 01:47:59 [INFO] X=32 Y=128 Src=64,64 - 96,96 TexW=384 TexH=384
2026-08-21 01:47:59 [INFO] X=64 Y=128 Src=96,64 - 128,96 TexW=384 TexH=384
2026-08-21 01:47:59 [INFO] X=96 Y=128 Src=0,64 - 32,96 TexW=384 TexH=384
2026-08-21 01:47:59 [INFO] X=128 Y=128 Src=32,64 - 64,96 TexW=384 TexH=384
2026-08-21 01:47:59 [INFO] X=160 Y=128 Src=64,64 - 96,96 TexW=384 TexH=384
2026-08-21 01:47:59 [INFO] X=192 Y=128 Src=96,64 - 128,96 TexW=384 TexH=384
2026-08-21 01:47:59 [INFO] X=224 Y=128 Src=0,64 - 32,96 TexW=384 TexH=384
2026-08-21 01:47:59 [INFO] X=256 Y=128 Src=32,64 - 64,96 TexW=384 TexH=384
2026-08-21 01:47:59 [INFO] X=288 Y=128 Src=64,64 - 96,96 TexW=384 TexH=384
2026-08-21 01:47:59 [INFO] X=320 Y=128 Src=96,64 - 128,96 TexW=384 TexH=384
2026-08-21 01:47:59 [INFO] X=352 Y=128 Src=0,64 - 32,96 TexW=384 TexH=384
2026-08-21 01:47:59 [INFO] X=384 Y=128 Src=32,64 - 64,96 TexW=384 TexH=384
2026-08-21 01:47:59 [INFO] X=416 Y=128 Src=64,64 - 96,96 TexW=384 TexH=384
2026-08-21 01:47:59 [INFO] X=448 Y=128 Src=96,64 - 128,96 TexW=384 TexH=384
2026-08-21 01:47:59 [INFO] X=480 Y=128 Src=0,64 - 32,96 TexW=384 TexH=384
2026-08-21 01:47:59 [INFO] X=512 Y=128 Src=32,64 - 64,96 TexW=384 TexH=384
2026-08-21 01:47:59 [INFO] X=544 Y=128 Src=64,64 - 96,96 TexW=384 TexH=384
2026-08-21 01:47:59 [INFO] X=-32 Y=160 Src=0,0 - 32,32 TexW=384 TexH=384
2026-08-21 01:47:59 [INFO] X=0 Y=160 Src=32,0 - 64,32 TexW=384 TexH=384
2026-08-21 01:47:59 [INFO] X=32 Y=160 Src=64,0 - 96,32 TexW=384 TexH=384
2026-08-21 01:47:59 [INFO] X=64 Y=160 Src=96,0 - 128,32 TexW=384 TexH=384
2026-08-21 01:47:59 [INFO] X=96 Y=160 Src=0,0 - 32,32 TexW=384 TexH=384
2026-08-21 01:47:59 [INFO] X=128 Y=160 Src=32,0 - 64,32 TexW=384 TexH=384
2026-08-21 01:47:59 [INFO] X=160 Y=160 Src=64,0 - 96,32 TexW=384 TexH=384
2026-08-21 01:47:59 [INFO] X=192 Y=160 Src=96,0 - 128,32 TexW=384 TexH=384
2026-08-21 01:47:59 [INFO] X=224 Y=160 Src=0,0 - 32,32 TexW=384 TexH=384
2026-08-21 01:47:59 [INFO] X=256 Y=160 Src=32,0 - 64,32 TexW=384 TexH=384
2026-08-21 01:47:59 [INFO] X=288 Y=160 Src=64,0 - 96,32 TexW=384 TexH=384
2026-08-21 01:47:59 [INFO] X=320 Y=160 Src=96,0 - 128,32 TexW=384 TexH=384
2026-08-21 01:47:59 [INFO] X=352 Y=160 Src=0,0 - 32,32 TexW=384 TexH=384
2026-08-21 01:47:59 [INFO] X=384 Y=160 Src=32,0 - 64,32 TexW=384 TexH=384
2026-08-21 01:47:59 [INFO] X=416 Y=160 Src=64,0 - 96,32 TexW=384 TexH=384
2026-08-21 01:47:59 [INFO] X=448 Y=160 Src=96,0 - 128,32 TexW=384 TexH=384
2026-08-21 01:47:59 [INFO] X=480 Y=160 Src=0,0 - 32,32 TexW=384 TexH=384
2026-08-21 01:47:59 [INFO] X=512 Y=160 Src=32,0 - 64,32 TexW=384 TexH=384
2026-08-21 01:47:59 [INFO] X=544 Y=160 Src=64,0 - 96,32 TexW=384 TexH=384
2026-08-21 01:47:59 [INFO] X=-32 Y=192 Src=0,64 - 32,96 TexW=384 TexH=384
2026-08-21 01:47:59 [INFO] X=0 Y=192 Src=32,64 - 64,96 TexW=384 TexH=384
2026-08-21 01:47:59 [INFO] X=32 Y=192 Src=64,64 - 96,96 TexW=384 TexH=384
2026-08-21 01:47:59 [INFO] X=64 Y=192 Src=96,64 - 128,96 TexW=384 TexH=384
2026-08-21 01:47:59 [INFO] X=96 Y=192 Src=0,64 - 32,96 TexW=384 TexH=384
2026-08-21 01:47:59 [INFO] X=128 Y=192 Src=32,64 - 64,96 TexW=384 TexH=384
2026-08-21 01:47:59 [INFO] X=160 Y=192 Src=64,64 - 96,96 TexW=384 TexH=384
2026-08-21 01:47:59 [INFO] X=192 Y=192 Src=96,64 - 128,96 TexW=384 TexH=384
2026-08-21 01:47:59 [INFO] X=224 Y=192 Src=0,64 - 32,96 TexW=384 TexH=384
2026-08-21 01:47:59 [INFO] X=256 Y=192 Src=32,64 - 64,96 TexW=384 TexH=384
2026-08-21 01:47:59 [INFO] X=288 Y=192 Src=64,64 - 96,96 TexW=384 TexH=384
2026-08-21 01:47:59 [INFO] X=320 Y=192 Src=96,64 - 128,96 TexW=384 TexH=384
2026-08-21 01:47:59 [INFO] X=352 Y=192 Src=0,64 - 32,96 TexW=384 TexH=384
2026-08-21 01:47:59 [INFO] X=384 Y=192 Src=32,64 - 64,96 TexW=384 TexH=384
2026-08-21 01:47:59 [INFO] X=416 Y=192 Src=64,64 - 96,96 TexW=384 TexH=384
2026-08-21 01:47:59 [INFO] X=448 Y=192 Src=96,64 - 128,96 TexW=384 TexH=384
2026-08-21 01:47:59 [INFO] X=480 Y=192 Src=0,64 - 32,96 TexW=384 TexH=384
2026-08-21 01:47:59 [INFO] X=512 Y=192 Src=32,64 - 64,96 TexW=384 TexH=384
2026-08-21 01:47:59 [INFO] X=544 Y=192 Src=64,64 - 96,96 TexW=384 TexH=384
2026-08-21 01:47:59 [INFO] X=-304 Y=-415 Src=0,0 - 64,95 TexW=64 TexH=95
2026-08-21 01:47:59 [INFO] X=-368 Y=-576 Src=0,0 - 256,256 TexW=256 TexH=256
2026-08-21 01:47:59 [INFO] X=-182 Y=-475 Src=0,0 - 77,155 TexW=77 TexH=155
2026-08-21 01:47:59 [INFO] X=-208 Y=-576 Src=0,0 - 256,256 TexW=256 TexH=256
2026-08-21 01:47:59 [INFO] X=48 Y=-320 Src=0,0 - 128,32 TexW=128 TexH=32
2026-08-21 01:47:59 [INFO] X=176 Y=-320 Src=0,0 - 128,32 TexW=128 TexH=32
2026-08-21 01:47:59 [INFO] X=464 Y=-320 Src=0,0 - 128,32 TexW=128 TexH=32
2026-08-21 01:47:59 [INFO] X=592 Y=-320 Src=0,0 - 128,32 TexW=128 TexH=32
2026-08-21 01:47:59 [INFO] X=-176 Y=-512 Src=0,0 - 256,256 TexW=256 TexH=256
2026-08-21 01:47:59 [INFO] X=208 Y=-512 Src=0,0 - 256,256 TexW=256 TexH=256
2026-08-21 01:47:59 [INFO] X=-352 Y=-256 Src=0,0 - 32,32 TexW=64 TexH=32
2026-08-21 01:47:59 [INFO] X=835 Y=-270 Src=0,0 - 26,46 TexW=174 TexH=181
2026-08-21 01:47:59 [INFO] X=-176 Y=-448 Src=0,0 - 256,256 TexW=256 TexH=256
2026-08-21 01:47:59 [INFO] X=48 Y=-224 Src=0,0 - 128,32 TexW=128 TexH=32
2026-08-21 01:47:59 [INFO] X=176 Y=-224 Src=0,0 - 128,32 TexW=128 TexH=32
2026-08-21 01:47:59 [INFO] X=384 Y=-224 Src=608,64 - 640,96 TexW=640 TexH=742
2026-08-21 01:47:59 [INFO] X=480 Y=-224 Src=608,64 - 640,96 TexW=640 TexH=742
2026-08-21 01:47:59 [INFO] X=464 Y=-224 Src=0,0 - 128,32 TexW=128 TexH=32
2026-08-21 01:47:59 [INFO] X=592 Y=-224 Src=0,0 - 128,32 TexW=128 TexH=32
2026-08-21 01:47:59 [INFO] X=-253 Y=-206 Src=0,0 - 26,46 TexW=149 TexH=181
2026-08-21 01:47:59 [INFO] X=163 Y=-206 Src=0,0 - 26,46 TexW=149 TexH=181
2026-08-21 01:47:59 [INFO] X=168 Y=-214 Src=64,0 - 80,16 TexW=708 TexH=202
2026-08-21 01:47:59 [INFO] X=-352 Y=-160 Src=0,0 - 32,32 TexW=64 TexH=32
2026-08-21 01:47:59 [INFO] X=352 Y=-160 Src=608,64 - 640,96 TexW=640 TexH=742
2026-08-21 01:47:59 [INFO] X=480 Y=-160 Src=608,64 - 640,96 TexW=640 TexH=742
2026-08-21 01:47:59 [INFO] X=74 Y=-251 Src=0,0 - 77,155 TexW=77 TexH=155
2026-08-21 01:47:59 [INFO] X=419 Y=-142 Src=0,0 - 26,46 TexW=149 TexH=181
2026-08-21 01:47:59 [INFO] X=424 Y=-150 Src=320,0 - 336,16 TexW=708 TexH=202
2026-08-21 01:47:59 [INFO] X=448 Y=-128 Src=256,96 - 288,128 TexW=640 TexH=742
2026-08-21 01:47:59 [INFO] X=586 Y=-251 Src=0,0 - 77,155 TexW=77 TexH=155
2026-08-21 01:47:59 [INFO] X=-32 Y=-64 Src=608,64 - 640,96 TexW=640 TexH=742
2026-08-21 01:47:59 [INFO] X=448 Y=-64 Src=608,64 - 640,96 TexW=640 TexH=742
2026-08-21 01:47:59 [INFO] X=464 Y=-288 Src=0,0 - 256,256 TexW=256 TexH=256
2026-08-21 01:47:59 [INFO] X=0 Y=0 Src=608,64 - 640,96 TexW=640 TexH=742
2026-08-21 01:47:59 [INFO] X=291 Y=-14 Src=0,0 - 26,46 TexW=149 TexH=181
2026-08-21 01:47:59 [INFO] X=296 Y=-22 Src=256,48 - 272,64 TexW=708 TexH=202
2026-08-21 01:47:59 [INFO] X=736 Y=-64 Src=0,96 - 96,192 TexW=288 TexH=192
2026-08-21 01:47:59 [INFO] X=656 Y=32 Src=0,0 - 64,32 TexW=64 TexH=32
2026-08-21 01:47:59 [INFO] X=867 Y=18 Src=0,0 - 26,46 TexW=149 TexH=181
2026-08-21 01:47:59 [INFO] X=872 Y=10 Src=0,0 - 16,16 TexW=708 TexH=202
2026-08-21 01:47:59 [INFO] X=-349 Y=50 Src=0,0 - 26,46 TexW=149 TexH=181
2026-08-21 01:47:59 [INFO] X=-344 Y=42 Src=384,16 - 400,32 TexW=708 TexH=202
2026-08-21 01:47:59 [INFO] X=-285 Y=50 Src=0,0 - 26,46 TexW=149 TexH=181
2026-08-21 01:47:59 [INFO] X=-280 Y=42 Src=384,16 - 400,32 TexW=708 TexH=202
2026-08-21 01:47:59 [INFO] X=-182 Y=-59 Src=0,0 - 77,155 TexW=77 TexH=155
2026-08-21 01:47:59 [INFO] X=-61 Y=50 Src=0,0 - 26,46 TexW=149 TexH=181
2026-08-21 01:47:59 [INFO] X=-56 Y=42 Src=272,128 - 288,144 TexW=708 TexH=202
2026-08-21 01:47:59 [INFO] X=42 Y=-59 Src=0,0 - 77,155 TexW=77 TexH=155
2026-08-21 01:47:59 [INFO] X=259 Y=178 Src=0,0 - 26,46 TexW=149 TexH=181
2026-08-21 01:47:59 [INFO] X=264 Y=170 Src=128,16 - 144,32 TexW=708 TexH=202
2026-08-21 01:47:59 [INFO] X=208 Y=96 Src=1280,540 - 1408,668 TexW=1792 TexH=1060
2026-08-21 01:47:59 [INFO] X=611 Y=306 Src=0,0 - 26,46 TexW=149 TexH=181
2026-08-21 01:47:59 [INFO] X=616 Y=298 Src=256,48 - 272,64 TexW=708 TexH=202
2026-08-21 01:47:59 [INFO] X=-368 Y=128 Src=0,0 - 256,256 TexW=256 TexH=256
2026-08-21 01:47:59 [INFO] X=-240 Y=128 Src=0,0 - 256,256 TexW=256 TexH=256
2026-08-21 01:47:59 [INFO] X=-112 Y=128 Src=0,0 - 256,256 TexW=256 TexH=256
2026-08-21 01:47:59 [INFO] X=283 Y=384 Src=737,512 - 780,576 TexW=1792 TexH=640
2026-08-21 01:47:59 [INFO] X=443 Y=384 Src=737,512 - 780,576 TexW=1792 TexH=640
2026-08-21 01:47:59 [INFO] X=592 Y=192 Src=0,0 - 256,256 TexW=256 TexH=256
2026-08-21 01:47:59 [INFO] X=688 Y=192 Src=0,0 - 256,256 TexW=256 TexH=256
2026-08-21 01:47:59 [INFO] X=323 Y=448 Src=156,0 - 182,96 TexW=234 TexH=97
2026-08-21 01:47:59 [INFO] X=355 Y=498 Src=0,0 - 26,46 TexW=149 TexH=181
2026-08-21 01:47:59 [INFO] X=360 Y=490 Src=384,32 - 400,48 TexW=708 TexH=202
2026-08-21 01:47:59 [INFO] X=384 Y=512 Src=64,672 - 96,704 TexW=640 TexH=742
2026-08-21 01:47:59 [INFO] X=419 Y=448 Src=156,0 - 182,96 TexW=234 TexH=97
2026-08-21 01:47:59 [INFO] X=-368 Y=320 Src=0,0 - 256,256 TexW=256 TexH=256
2026-08-21 01:47:59 [INFO] X=688 Y=384 Src=0,0 - 256,256 TexW=256 TexH=256
2026-08-21 01:47:59 [INFO] X=-368 Y=448 Src=0,0 - 256,256 TexW=256 TexH=256
2026-08-21 01:47:59 [INFO] X=-127 Y=636 Src=180,0 - 210,68 TexW=270 TexH=68
2026-08-21 01:47:59 [INFO] X=-208 Y=448 Src=0,0 - 256,256 TexW=256 TexH=256
2026-08-21 01:47:59 [INFO] X=-285 Y=690 Src=0,0 - 26,46 TexW=149 TexH=181
2026-08-21 01:47:59 [INFO] X=-280 Y=682 Src=64,0 - 80,16 TexW=708 TexH=202
2026-08-21 01:47:59 [INFO] X=-253 Y=690 Src=0,0 - 26,46 TexW=149 TexH=181
2026-08-21 01:47:59 [INFO] X=-248 Y=682 Src=639,64 - 655,80 TexW=708 TexH=202
2026-08-21 01:47:59 [INFO] X=-221 Y=690 Src=0,0 - 26,46 TexW=149 TexH=181
2026-08-21 01:47:59 [INFO] X=-216 Y=682 Src=272,128 - 288,144 TexW=708 TexH=202
2026-08-21 01:47:59 [INFO] X=-32 Y=-32 Src=0,0 - 32,32 TexW=512 TexH=128
2026-08-21 01:47:59 [INFO] X=0 Y=-32 Src=32,0 - 64,32 TexW=512 TexH=128
2026-08-21 01:47:59 [INFO] X=32 Y=-32 Src=64,0 - 96,32 TexW=512 TexH=128
2026-08-21 01:47:59 [INFO] X=32 Y=-32 Src=512,192 - 544,224 TexW=640 TexH=742
2026-08-21 01:47:59 [INFO] X=64 Y=-32 Src=96,0 - 128,32 TexW=512 TexH=128
2026-08-21 01:47:59 [INFO] X=96 Y=-32 Src=0,0 - 32,32 TexW=512 TexH=128
2026-08-21 01:47:59 [INFO] X=128 Y=-32 Src=32,0 - 64,32 TexW=512 TexH=128
2026-08-21 01:47:59 [INFO] X=160 Y=-32 Src=64,0 - 96,32 TexW=512 TexH=128
2026-08-21 01:47:59 [INFO] X=192 Y=-32 Src=96,0 - 128,32 TexW=512 TexH=128
2026-08-21 01:47:59 [INFO] X=224 Y=-32 Src=0,0 - 32,32 TexW=512 TexH=128
2026-08-21 01:47:59 [INFO] X=256 Y=-32 Src=32,0 - 64,32 TexW=512 TexH=128
2026-08-21 01:47:59 [INFO] X=288 Y=-32 Src=64,0 - 96,32 TexW=512 TexH=128
2026-08-21 01:47:59 [INFO] X=320 Y=-32 Src=96,0 - 128,32 TexW=512 TexH=128
2026-08-21 01:47:59 [INFO] X=352 Y=-32 Src=0,0 - 32,32 TexW=512 TexH=128
2026-08-21 01:47:59 [INFO] X=384 Y=-32 Src=32,0 - 64,32 TexW=512 TexH=128
2026-08-21 01:47:59 [INFO] X=362 Y=-58 Src=0,0 - 77,58 TexW=77 TexH=58
2026-08-21 01:47:59 [INFO] X=416 Y=-32 Src=64,0 - 96,32 TexW=512 TexH=128
2026-08-21 01:47:59 [INFO] X=448 Y=-32 Src=96,0 - 128,32 TexW=512 TexH=128
2026-08-21 01:47:59 [INFO] X=480 Y=-32 Src=0,0 - 32,32 TexW=512 TexH=128
2026-08-21 01:47:59 [INFO] X=512 Y=-32 Src=32,0 - 64,32 TexW=512 TexH=128
2026-08-21 01:47:59 [INFO] X=544 Y=-32 Src=64,0 - 96,32 TexW=512 TexH=128
2026-08-21 01:47:59 [INFO] X=-32 Y=0 Src=0,64 - 32,96 TexW=512 TexH=128
2026-08-21 01:47:59 [INFO] X=0 Y=0 Src=32,64 - 64,96 TexW=512 TexH=128
2026-08-21 01:47:59 [INFO] X=32 Y=0 Src=64,64 - 96,96 TexW=512 TexH=128
2026-08-21 01:47:59 [INFO] X=64 Y=0 Src=96,64 - 128,96 TexW=512 TexH=128
2026-08-21 01:47:59 [INFO] X=96 Y=0 Src=0,64 - 32,96 TexW=512 TexH=128
2026-08-21 01:47:59 [INFO] X=128 Y=0 Src=32,64 - 64,96 TexW=512 TexH=128
2026-08-21 01:47:59 [INFO] X=160 Y=0 Src=64,64 - 96,96 TexW=512 TexH=128
2026-08-21 01:47:59 [INFO] X=192 Y=0 Src=96,64 - 128,96 TexW=512 TexH=128
2026-08-21 01:47:59 [INFO] X=224 Y=0 Src=0,64 - 32,96 TexW=512 TexH=128
2026-08-21 01:47:59 [INFO] X=256 Y=0 Src=32,64 - 64,96 TexW=512 TexH=128
2026-08-21 01:47:59 [INFO] X=288 Y=0 Src=64,64 - 96,96 TexW=512 TexH=128
2026-08-21 01:47:59 [INFO] X=320 Y=0 Src=96,64 - 128,96 TexW=512 TexH=128
2026-08-21 01:47:59 [INFO] X=352 Y=0 Src=0,64 - 32,96 TexW=512 TexH=128
2026-08-21 01:47:59 [INFO] X=384 Y=0 Src=32,64 - 64,96 TexW=512 TexH=128
2026-08-21 01:47:59 [INFO] X=416 Y=0 Src=64,64 - 96,96 TexW=512 TexH=128
2026-08-21 01:47:59 [INFO] X=448 Y=0 Src=96,64 - 128,96 TexW=512 TexH=128
2026-08-21 01:47:59 [INFO] X=480 Y=0 Src=0,64 - 32,96 TexW=512 TexH=128
2026-08-21 01:47:59 [INFO] X=512 Y=0 Src=32,64 - 64,96 TexW=512 TexH=128
2026-08-21 01:47:59 [INFO] X=544 Y=0 Src=64,64 - 96,96 TexW=512 TexH=128
2026-08-21 01:47:59 [INFO] X=-32 Y=32 Src=0,0 - 32,32 TexW=384 TexH=384
2026-08-21 01:47:59 [INFO] X=-32 Y=32 Src=128,128 - 160,160 TexW=256 TexH=384
2026-08-21 01:47:59 [INFO] X=0 Y=32 Src=32,0 - 64,32 TexW=384 TexH=384
2026-08-21 01:47:59 [INFO] X=0 Y=32 Src=160,128 - 192,160 TexW=256 TexH=384
2026-08-21 01:47:59 [INFO] X=32 Y=32 Src=64,0 - 96,32 TexW=384 TexH=384
2026-08-21 01:47:59 [INFO] X=32 Y=32 Src=128,128 - 160,160 TexW=256 TexH=384
2026-08-21 01:47:59 [INFO] X=64 Y=32 Src=96,0 - 128,32 TexW=384 TexH=384
2026-08-21 01:47:59 [INFO] X=64 Y=32 Src=160,128 - 192,160 TexW=256 TexH=384
2026-08-21 01:47:59 [INFO] X=96 Y=32 Src=0,0 - 32,32 TexW=384 TexH=384
2026-08-21 01:47:59 [INFO] X=96 Y=32 Src=128,128 - 160,160 TexW=256 TexH=384
2026-08-21 01:48:00 [INFO] X=128 Y=32 Src=32,0 - 64,32 TexW=384 TexH=384
2026-08-21 01:48:00 [INFO] X=128 Y=32 Src=160,128 - 192,160 TexW=256 TexH=384
2026-08-21 01:48:00 [INFO] X=160 Y=32 Src=64,0 - 96,32 TexW=384 TexH=384
2026-08-21 01:48:00 [INFO] X=160 Y=32 Src=128,128 - 160,160 TexW=256 TexH=384
2026-08-21 01:48:00 [INFO] X=192 Y=32 Src=96,0 - 128,32 TexW=384 TexH=384
2026-08-21 01:48:00 [INFO] X=192 Y=32 Src=160,128 - 192,160 TexW=256 TexH=384
2026-08-21 01:48:00 [INFO] X=224 Y=32 Src=0,0 - 32,32 TexW=384 TexH=384
2026-08-21 01:48:00 [INFO] X=224 Y=32 Src=128,128 - 160,160 TexW=256 TexH=384
2026-08-21 01:48:00 [INFO] X=256 Y=32 Src=32,0 - 64,32 TexW=384 TexH=384
2026-08-21 01:48:00 [INFO] X=256 Y=32 Src=160,128 - 192,160 TexW=256 TexH=384
2026-08-21 01:48:00 [INFO] X=288 Y=32 Src=64,0 - 96,32 TexW=384 TexH=384
2026-08-21 01:48:00 [INFO] X=288 Y=32 Src=128,128 - 160,160 TexW=256 TexH=384
2026-08-21 01:48:00 [INFO] X=320 Y=32 Src=96,0 - 128,32 TexW=384 TexH=384
2026-08-21 01:48:00 [INFO] X=320 Y=32 Src=160,128 - 192,160 TexW=256 TexH=384
2026-08-21 01:48:00 [INFO] X=352 Y=32 Src=0,0 - 32,32 TexW=384 TexH=384
2026-08-21 01:48:00 [INFO] X=352 Y=32 Src=128,128 - 160,160 TexW=256 TexH=384
2026-08-21 01:48:00 [INFO] X=384 Y=32 Src=32,0 - 64,32 TexW=384 TexH=384
2026-08-21 01:48:00 [INFO] X=384 Y=32 Src=160,128 - 192,160 TexW=256 TexH=384
2026-08-21 01:48:00 [INFO] X=416 Y=32 Src=64,0 - 96,32 TexW=384 TexH=384
2026-08-21 01:48:00 [INFO] X=416 Y=32 Src=128,128 - 160,160 TexW=256 TexH=384
2026-08-21 01:48:00 [INFO] X=448 Y=32 Src=96,0 - 128,32 TexW=384 TexH=384
2026-08-21 01:48:00 [INFO] X=448 Y=32 Src=160,128 - 192,160 TexW=256 TexH=384
2026-08-21 01:48:00 [INFO] X=480 Y=32 Src=0,0 - 32,32 TexW=384 TexH=384
2026-08-21 01:48:00 [INFO] X=480 Y=32 Src=128,128 - 160,160 TexW=256 TexH=384
2026-08-21 01:48:00 [INFO] X=512 Y=32 Src=32,0 - 64,32 TexW=384 TexH=384
2026-08-21 01:48:00 [INFO] X=512 Y=32 Src=160,128 - 192,160 TexW=256 TexH=384
2026-08-21 01:48:00 [INFO] X=544 Y=32 Src=64,0 - 96,32 TexW=384 TexH=384
2026-08-21 01:48:00 [INFO] X=544 Y=32 Src=128,128 - 160,160 TexW=256 TexH=384
2026-08-21 01:48:00 [INFO] X=-32 Y=64 Src=0,64 - 32,96 TexW=384 TexH=384
2026-08-21 01:48:00 [INFO] X=0 Y=64 Src=32,64 - 64,96 TexW=384 TexH=384
2026-08-21 01:48:00 [INFO] X=32 Y=64 Src=64,64 - 96,96 TexW=384 TexH=384
2026-08-21 01:48:00 [INFO] X=64 Y=64 Src=96,64 - 128,96 TexW=384 TexH=384
2026-08-21 01:48:00 [INFO] X=96 Y=64 Src=0,64 - 32,96 TexW=384 TexH=384
2026-08-21 01:48:00 [INFO] X=128 Y=64 Src=32,64 - 64,96 TexW=384 TexH=384
2026-08-21 01:48:00 [INFO] X=160 Y=64 Src=64,64 - 96,96 TexW=384 TexH=384
2026-08-21 01:48:00 [INFO] X=192 Y=64 Src=96,64 - 128,96 TexW=384 TexH=384
2026-08-21 01:48:00 [INFO] X=224 Y=64 Src=0,64 - 32,96 TexW=384 TexH=384
2026-08-21 01:48:00 [INFO] X=256 Y=64 Src=32,64 - 64,96 TexW=384 TexH=384
2026-08-21 01:48:00 [INFO] X=288 Y=64 Src=64,64 - 96,96 TexW=384 TexH=384
2026-08-21 01:48:00 [INFO] X=320 Y=64 Src=96,64 - 128,96 TexW=384 TexH=384
2026-08-21 01:48:00 [INFO] X=352 Y=64 Src=0,64 - 32,96 TexW=384 TexH=384
2026-08-21 01:48:00 [INFO] X=384 Y=64 Src=32,64 - 64,96 TexW=384 TexH=384
2026-08-21 01:48:00 [INFO] X=416 Y=64 Src=64,64 - 96,96 TexW=384 TexH=384
2026-08-21 01:48:00 [INFO] X=448 Y=64 Src=96,64 - 128,96 TexW=384 TexH=384
2026-08-21 01:48:00 [INFO] X=480 Y=64 Src=0,64 - 32,96 TexW=384 TexH=384
2026-08-21 01:48:00 [INFO] X=512 Y=64 Src=32,64 - 64,96 TexW=384 TexH=384
2026-08-21 01:48:00 [INFO] X=544 Y=64 Src=64,64 - 96,96 TexW=384 TexH=384
2026-08-21 01:48:00 [INFO] X=-32 Y=96 Src=0,0 - 32,32 TexW=384 TexH=384
2026-08-21 01:48:00 [INFO] X=0 Y=96 Src=32,0 - 64,32 TexW=384 TexH=384
2026-08-21 01:48:00 [INFO] X=32 Y=96 Src=64,0 - 96,32 TexW=384 TexH=384
2026-08-21 01:48:00 [INFO] X=64 Y=96 Src=96,0 - 128,32 TexW=384 TexH=384
2026-08-21 01:48:00 [INFO] X=96 Y=96 Src=0,0 - 32,32 TexW=384 TexH=384
2026-08-21 01:48:00 [INFO] X=128 Y=96 Src=32,0 - 64,32 TexW=384 TexH=384
2026-08-21 01:48:00 [INFO] X=160 Y=96 Src=64,0 - 96,32 TexW=384 TexH=384
2026-08-21 01:48:00 [INFO] X=192 Y=96 Src=96,0 - 128,32 TexW=384 TexH=384
2026-08-21 01:48:00 [INFO] X=224 Y=96 Src=0,0 - 32,32 TexW=384 TexH=384
2026-08-21 01:48:00 [INFO] X=256 Y=96 Src=32,0 - 64,32 TexW=384 TexH=384
2026-08-21 01:48:00 [INFO] X=288 Y=96 Src=64,0 - 96,32 TexW=384 TexH=384
2026-08-21 01:48:00 [INFO] X=320 Y=96 Src=96,0 - 128,32 TexW=384 TexH=384
2026-08-21 01:48:00 [INFO] X=352 Y=96 Src=0,0 - 32,32 TexW=384 TexH=384
2026-08-21 01:48:00 [INFO] X=384 Y=96 Src=32,0 - 64,32 TexW=384 TexH=384
2026-08-21 01:48:00 [INFO] X=416 Y=96 Src=64,0 - 96,32 TexW=384 TexH=384
2026-08-21 01:48:00 [INFO] X=448 Y=96 Src=96,0 - 128,32 TexW=384 TexH=384
2026-08-21 01:48:00 [INFO] X=480 Y=96 Src=0,0 - 32,32 TexW=384 TexH=384
2026-08-21 01:48:00 [INFO] X=512 Y=96 Src=32,0 - 64,32 TexW=384 TexH=384
2026-08-21 01:48:00 [INFO] X=544 Y=96 Src=64,0 - 96,32 TexW=384 TexH=384
2026-08-21 01:48:00 [INFO] X=-32 Y=128 Src=0,64 - 32,96 TexW=384 TexH=384
2026-08-21 01:48:00 [INFO] X=0 Y=128 Src=32,64 - 64,96 TexW=384 TexH=384
2026-08-21 01:48:00 [INFO] X=32 Y=128 Src=64,64 - 96,96 TexW=384 TexH=384
2026-08-21 01:48:00 [INFO] X=64 Y=128 Src=96,64 - 128,96 TexW=384 TexH=384
2026-08-21 01:48:00 [INFO] X=96 Y=128 Src=0,64 - 32,96 TexW=384 TexH=384
2026-08-21 01:48:00 [INFO] X=128 Y=128 Src=32,64 - 64,96 TexW=384 TexH=384
2026-08-21 01:48:00 [INFO] X=160 Y=128 Src=64,64 - 96,96 TexW=384 TexH=384
2026-08-21 01:48:00 [INFO] X=192 Y=128 Src=96,64 - 128,96 TexW=384 TexH=384
2026-08-21 01:48:00 [INFO] X=224 Y=128 Src=0,64 - 32,96 TexW=384 TexH=384
2026-08-21 01:48:00 [INFO] X=256 Y=128 Src=32,64 - 64,96 TexW=384 TexH=384
2026-08-21 01:48:00 [INFO] X=288 Y=128 Src=64,64 - 96,96 TexW=384 TexH=384
2026-08-21 01:48:00 [INFO] X=320 Y=128 Src=96,64 - 128,96 TexW=384 TexH=384
2026-08-21 01:48:00 [INFO] X=352 Y=128 Src=0,64 - 32,96 TexW=384 TexH=384
2026-08-21 01:48:00 [INFO] X=384 Y=128 Src=32,64 - 64,96 TexW=384 TexH=384
2026-08-21 01:48:00 [INFO] X=416 Y=128 Src=64,64 - 96,96 TexW=384 TexH=384
2026-08-21 01:48:00 [INFO] X=448 Y=128 Src=96,64 - 128,96 TexW=384 TexH=384
2026-08-21 01:48:00 [INFO] X=480 Y=128 Src=0,64 - 32,96 TexW=384 TexH=384
2026-08-21 01:48:00 [INFO] X=512 Y=128 Src=32,64 - 64,96 TexW=384 TexH=384
2026-08-21 01:48:00 [INFO] X=544 Y=128 Src=64,64 - 96,96 TexW=384 TexH=384
2026-08-21 01:48:00 [INFO] X=-32 Y=160 Src=0,0 - 32,32 TexW=384 TexH=384
2026-08-21 01:48:00 [INFO] X=0 Y=160 Src=32,0 - 64,32 TexW=384 TexH=384
2026-08-21 01:48:00 [INFO] X=32 Y=160 Src=64,0 - 96,32 TexW=384 TexH=384
2026-08-21 01:48:00 [INFO] X=64 Y=160 Src=96,0 - 128,32 TexW=384 TexH=384
2026-08-21 01:48:00 [INFO] X=96 Y=160 Src=0,0 - 32,32 TexW=384 TexH=384
2026-08-21 01:48:00 [INFO] X=128 Y=160 Src=32,0 - 64,32 TexW=384 TexH=384
2026-08-21 01:48:00 [INFO] X=160 Y=160 Src=64,0 - 96,32 TexW=384 TexH=384
2026-08-21 01:48:00 [INFO] X=192 Y=160 Src=96,0 - 128,32 TexW=384 TexH=384
2026-08-21 01:48:00 [INFO] X=224 Y=160 Src=0,0 - 32,32 TexW=384 TexH=384
2026-08-21 01:48:00 [INFO] X=256 Y=160 Src=32,0 - 64,32 TexW=384 TexH=384
2026-08-21 01:48:00 [INFO] X=288 Y=160 Src=64,0 - 96,32 TexW=384 TexH=384
2026-08-21 01:48:00 [INFO] X=320 Y=160 Src=96,0 - 128,32 TexW=384 TexH=384
2026-08-21 01:48:00 [INFO] X=352 Y=160 Src=0,0 - 32,32 TexW=384 TexH=384
2026-08-21 01:48:00 [INFO] X=384 Y=160 Src=32,0 - 64,32 TexW=384 TexH=384
2026-08-21 01:48:00 [INFO] X=416 Y=160 Src=64,0 - 96,32 TexW=384 TexH=384
2026-08-21 01:48:00 [INFO] X=448 Y=160 Src=96,0 - 128,32 TexW=384 TexH=384
2026-08-21 01:48:00 [INFO] X=480 Y=160 Src=0,0 - 32,32 TexW=384 TexH=384
2026-08-21 01:48:00 [INFO] X=512 Y=160 Src=32,0 - 64,32 TexW=384 TexH=384
2026-08-21 01:48:00 [INFO] X=544 Y=160 Src=64,0 - 96,32 TexW=384 TexH=384
2026-08-21 01:48:00 [INFO] X=-32 Y=192 Src=0,64 - 32,96 TexW=384 TexH=384
2026-08-21 01:48:00 [INFO] X=0 Y=192 Src=32,64 - 64,96 TexW=384 TexH=384
2026-08-21 01:48:00 [INFO] X=32 Y=192 Src=64,64 - 96,96 TexW=384 TexH=384
2026-08-21 01:48:00 [INFO] X=64 Y=192 Src=96,64 - 128,96 TexW=384 TexH=384
2026-08-21 01:48:00 [INFO] X=96 Y=192 Src=0,64 - 32,96 TexW=384 TexH=384
2026-08-21 01:48:00 [INFO] X=128 Y=192 Src=32,64 - 64,96 TexW=384 TexH=384
2026-08-21 01:48:00 [INFO] X=160 Y=192 Src=64,64 - 96,96 TexW=384 TexH=384
2026-08-21 01:48:00 [INFO] X=192 Y=192 Src=96,64 - 128,96 TexW=384 TexH=384
2026-08-21 01:48:00 [INFO] X=224 Y=192 Src=0,64 - 32,96 TexW=384 TexH=384
2026-08-21 01:48:00 [INFO] X=256 Y=192 Src=32,64 - 64,96 TexW=384 TexH=384
2026-08-21 01:48:00 [INFO] X=288 Y=192 Src=64,64 - 96,96 TexW=384 TexH=384
2026-08-21 01:48:00 [INFO] X=320 Y=192 Src=96,64 - 128,96 TexW=384 TexH=384
2026-08-21 01:48:00 [INFO] X=352 Y=192 Src=0,64 - 32,96 TexW=384 TexH=384
2026-08-21 01:48:00 [INFO] X=384 Y=192 Src=32,64 - 64,96 TexW=384 TexH=384
2026-08-21 01:48:00 [INFO] X=416 Y=192 Src=64,64 - 96,96 TexW=384 TexH=384
2026-08-21 01:48:00 [INFO] X=448 Y=192 Src=96,64 - 128,96 TexW=384 TexH=384
2026-08-21 01:48:00 [INFO] X=480 Y=192 Src=0,64 - 32,96 TexW=384 TexH=384
2026-08-21 01:48:00 [INFO] X=512 Y=192 Src=32,64 - 64,96 TexW=384 TexH=384
2026-08-21 01:48:00 [INFO] X=544 Y=192 Src=64,64 - 96,96 TexW=384 TexH=384
2026-08-21 01:48:00 [INFO] X=-304 Y=-415 Src=0,0 - 64,95 TexW=64 TexH=95
2026-08-21 01:48:00 [INFO] X=-368 Y=-576 Src=0,0 - 256,256 TexW=256 TexH=256
2026-08-21 01:48:00 [INFO] X=-182 Y=-475 Src=0,0 - 77,155 TexW=77 TexH=155
2026-08-21 01:48:00 [INFO] X=-208 Y=-576 Src=0,0 - 256,256 TexW=256 TexH=256
2026-08-21 01:48:00 [INFO] X=48 Y=-320 Src=0,0 - 128,32 TexW=128 TexH=32
2026-08-21 01:48:00 [INFO] X=176 Y=-320 Src=0,0 - 128,32 TexW=128 TexH=32
2026-08-21 01:48:00 [INFO] X=464 Y=-320 Src=0,0 - 128,32 TexW=128 TexH=32
2026-08-21 01:48:00 [INFO] X=592 Y=-320 Src=0,0 - 128,32 TexW=128 TexH=32
2026-08-21 01:48:00 [INFO] X=-176 Y=-512 Src=0,0 - 256,256 TexW=256 TexH=256
2026-08-21 01:48:00 [INFO] X=208 Y=-512 Src=0,0 - 256,256 TexW=256 TexH=256
2026-08-21 01:48:00 [INFO] X=-352 Y=-256 Src=0,0 - 32,32 TexW=64 TexH=32
2026-08-21 01:48:00 [INFO] X=835 Y=-270 Src=0,0 - 26,46 TexW=174 TexH=181
2026-08-21 01:48:00 [INFO] X=-176 Y=-448 Src=0,0 - 256,256 TexW=256 TexH=256
2026-08-21 01:48:00 [INFO] X=48 Y=-224 Src=0,0 - 128,32 TexW=128 TexH=32
2026-08-21 01:48:00 [INFO] X=176 Y=-224 Src=0,0 - 128,32 TexW=128 TexH=32
2026-08-21 01:48:00 [INFO] X=384 Y=-224 Src=608,64 - 640,96 TexW=640 TexH=742
2026-08-21 01:48:00 [INFO] X=480 Y=-224 Src=608,64 - 640,96 TexW=640 TexH=742
2026-08-21 01:48:00 [INFO] X=464 Y=-224 Src=0,0 - 128,32 TexW=128 TexH=32
2026-08-21 01:48:00 [INFO] X=592 Y=-224 Src=0,0 - 128,32 TexW=128 TexH=32
2026-08-21 01:48:00 [INFO] X=-253 Y=-206 Src=0,0 - 26,46 TexW=149 TexH=181
2026-08-21 01:48:00 [INFO] X=163 Y=-206 Src=0,0 - 26,46 TexW=149 TexH=181
2026-08-21 01:48:00 [INFO] X=168 Y=-214 Src=64,0 - 80,16 TexW=708 TexH=202
2026-08-21 01:48:00 [INFO] X=-352 Y=-160 Src=0,0 - 32,32 TexW=64 TexH=32
2026-08-21 01:48:00 [INFO] X=352 Y=-160 Src=608,64 - 640,96 TexW=640 TexH=742
2026-08-21 01:48:00 [INFO] X=480 Y=-160 Src=608,64 - 640,96 TexW=640 TexH=742
2026-08-21 01:48:00 [INFO] X=74 Y=-251 Src=0,0 - 77,155 TexW=77 TexH=155
2026-08-21 01:48:00 [INFO] X=419 Y=-142 Src=0,0 - 26,46 TexW=149 TexH=181
2026-08-21 01:48:00 [INFO] X=424 Y=-150 Src=320,0 - 336,16 TexW=708 TexH=202
2026-08-21 01:48:00 [INFO] X=448 Y=-128 Src=256,96 - 288,128 TexW=640 TexH=742
2026-08-21 01:48:00 [INFO] X=586 Y=-251 Src=0,0 - 77,155 TexW=77 TexH=155
2026-08-21 01:48:00 [INFO] X=-32 Y=-64 Src=608,64 - 640,96 TexW=640 TexH=742
2026-08-21 01:48:00 [INFO] X=448 Y=-64 Src=608,64 - 640,96 TexW=640 TexH=742
2026-08-21 01:48:00 [INFO] X=464 Y=-288 Src=0,0 - 256,256 TexW=256 TexH=256
2026-08-21 01:48:00 [INFO] X=0 Y=0 Src=608,64 - 640,96 TexW=640 TexH=742
2026-08-21 01:48:00 [INFO] X=291 Y=-14 Src=0,0 - 26,46 TexW=149 TexH=181
2026-08-21 01:48:00 [INFO] X=296 Y=-22 Src=256,48 - 272,64 TexW=708 TexH=202
2026-08-21 01:48:00 [INFO] X=736 Y=-64 Src=0,96 - 96,192 TexW=288 TexH=192
2026-08-21 01:48:00 [INFO] X=656 Y=32 Src=0,0 - 64,32 TexW=64 TexH=32
2026-08-21 01:48:00 [INFO] X=867 Y=18 Src=0,0 - 26,46 TexW=149 TexH=181
2026-08-21 01:48:00 [INFO] X=872 Y=10 Src=0,0 - 16,16 TexW=708 TexH=202
2026-08-21 01:48:00 [INFO] X=-349 Y=50 Src=0,0 - 26,46 TexW=149 TexH=181
2026-08-21 01:48:00 [INFO] X=-344 Y=42 Src=384,16 - 400,32 TexW=708 TexH=202
2026-08-21 01:48:00 [INFO] X=-285 Y=50 Src=0,0 - 26,46 TexW=149 TexH=181
2026-08-21 01:48:00 [INFO] X=-280 Y=42 Src=384,16 - 400,32 TexW=708 TexH=202
2026-08-21 01:48:00 [INFO] X=-182 Y=-59 Src=0,0 - 77,155 TexW=77 TexH=155
2026-08-21 01:48:00 [INFO] X=-61 Y=50 Src=0,0 - 26,46 TexW=149 TexH=181
2026-08-21 01:48:00 [INFO] X=-56 Y=42 Src=272,128 - 288,144 TexW=708 TexH=202
2026-08-21 01:48:00 [INFO] X=42 Y=-59 Src=0,0 - 77,155 TexW=77 TexH=155
2026-08-21 01:48:00 [INFO] X=259 Y=178 Src=0,0 - 26,46 TexW=149 TexH=181
2026-08-21 01:48:00 [INFO] X=264 Y=170 Src=128,16 - 144,32 TexW=708 TexH=202
2026-08-21 01:48:00 [INFO] X=611 Y=306 Src=0,0 - 26,46 TexW=149 TexH=181
2026-08-21 01:48:00 [INFO] X=616 Y=298 Src=256,48 - 272,64 TexW=708 TexH=202
2026-08-21 01:48:00 [INFO] X=-368 Y=128 Src=0,0 - 256,256 TexW=256 TexH=256
2026-08-21 01:48:00 [INFO] X=-240 Y=128 Src=0,0 - 256,256 TexW=256 TexH=256
2026-08-21 01:48:00 [INFO] X=-112 Y=128 Src=0,0 - 256,256 TexW=256 TexH=256
2026-08-21 01:48:00 [INFO] X=283 Y=384 Src=909,512 - 952,576 TexW=1792 TexH=640
2026-08-21 01:48:00 [INFO] X=443 Y=384 Src=909,512 - 952,576 TexW=1792 TexH=640
2026-08-21 01:48:00 [INFO] X=592 Y=192 Src=0,0 - 256,256 TexW=256 TexH=256
2026-08-21 01:48:00 [INFO] X=688 Y=192 Src=0,0 - 256,256 TexW=256 TexH=256
2026-08-21 01:48:00 [INFO] X=323 Y=448 Src=26,0 - 52,96 TexW=234 TexH=97
2026-08-21 01:48:00 [INFO] X=355 Y=498 Src=0,0 - 26,46 TexW=149 TexH=181
2026-08-21 01:48:00 [INFO] X=360 Y=490 Src=384,32 - 400,48 TexW=708 TexH=202
2026-08-21 01:48:00 [INFO] X=384 Y=512 Src=64,672 - 96,704 TexW=640 TexH=742
2026-08-21 01:48:00 [INFO] X=419 Y=448 Src=26,0 - 52,96 TexW=234 TexH=97
2026-08-21 01:48:00 [INFO] X=-368 Y=320 Src=0,0 - 256,256 TexW=256 TexH=256
2026-08-21 01:48:00 [INFO] X=688 Y=384 Src=0,0 - 256,256 TexW=256 TexH=256
2026-08-21 01:48:00 [INFO] X=-368 Y=448 Src=0,0 - 256,256 TexW=256 TexH=256
2026-08-21 01:48:00 [INFO] X=-127 Y=636 Src=30,0 - 60,68 TexW=270 TexH=68
2026-08-21 01:48:00 [INFO] X=-208 Y=448 Src=0,0 - 256,256 TexW=256 TexH=256
2026-08-21 01:48:00 [INFO] X=-285 Y=690 Src=0,0 - 26,46 TexW=149 TexH=181
2026-08-21 01:48:00 [INFO] X=-280 Y=682 Src=64,0 - 80,16 TexW=708 TexH=202
2026-08-21 01:48:00 [INFO] X=-253 Y=690 Src=0,0 - 26,46 TexW=149 TexH=181
2026-08-21 01:48:00 [INFO] X=-248 Y=682 Src=639,64 - 655,80 TexW=708 TexH=202
2026-08-21 01:48:00 [INFO] X=-221 Y=690 Src=0,0 - 26,46 TexW=149 TexH=181
2026-08-21 01:48:00 [INFO] X=-216 Y=682 Src=272,128 - 288,144 TexW=708 TexH=202
2026-08-21 01:48:00 [INFO] X=-32 Y=-32 Src=0,0 - 32,32 TexW=512 TexH=128
2026-08-21 01:48:00 [INFO] X=0 Y=-32 Src=32,0 - 64,32 TexW=512 TexH=128
2026-08-21 01:48:00 [INFO] X=32 Y=-32 Src=64,0 - 96,32 TexW=512 TexH=128
2026-08-21 01:48:00 [INFO] X=32 Y=-32 Src=512,192 - 544,224 TexW=640 TexH=742
2026-08-21 01:48:00 [INFO] X=64 Y=-32 Src=96,0 - 128,32 TexW=512 TexH=128
2026-08-21 01:48:00 [INFO] X=96 Y=-32 Src=0,0 - 32,32 TexW=512 TexH=128
2026-08-21 01:48:00 [INFO] X=128 Y=-32 Src=32,0 - 64,32 TexW=512 TexH=128
2026-08-21 01:48:00 [INFO] X=160 Y=-32 Src=64,0 - 96,32 TexW=512 TexH=128
2026-08-21 01:48:00 [INFO] X=192 Y=-32 Src=96,0 - 128,32 TexW=512 TexH=128
2026-08-21 01:48:00 [INFO] X=224 Y=-32 Src=0,0 - 32,32 TexW=512 TexH=128
2026-08-21 01:48:00 [INFO] X=256 Y=-32 Src=32,0 - 64,32 TexW=512 TexH=128
2026-08-21 01:48:00 [INFO] X=288 Y=-32 Src=64,0 - 96,32 TexW=512 TexH=128
2026-08-21 01:48:00 [INFO] X=320 Y=-32 Src=96,0 - 128,32 TexW=512 TexH=128
2026-08-21 01:48:00 [INFO] X=352 Y=-32 Src=0,0 - 32,32 TexW=512 TexH=128
2026-08-21 01:48:00 [INFO] X=384 Y=-32 Src=32,0 - 64,32 TexW=512 TexH=128
2026-08-21 01:48:00 [INFO] X=362 Y=-58 Src=0,0 - 77,58 TexW=77 TexH=58
2026-08-21 01:48:00 [INFO] X=416 Y=-32 Src=64,0 - 96,32 TexW=512 TexH=128
2026-08-21 01:48:00 [INFO] X=448 Y=-32 Src=96,0 - 128,32 TexW=512 TexH=128
2026-08-21 01:48:00 [INFO] X=480 Y=-32 Src=0,0 - 32,32 TexW=512 TexH=128
2026-08-21 01:48:00 [INFO] X=512 Y=-32 Src=32,0 - 64,32 TexW=512 TexH=128
2026-08-21 01:48:00 [INFO] X=544 Y=-32 Src=64,0 - 96,32 TexW=512 TexH=128
2026-08-21 01:48:00 [INFO] X=-32 Y=0 Src=0,64 - 32,96 TexW=512 TexH=128
2026-08-21 01:48:00 [INFO] X=0 Y=0 Src=32,64 - 64,96 TexW=512 TexH=128
2026-08-21 01:48:00 [INFO] X=32 Y=0 Src=64,64 - 96,96 TexW=512 TexH=128
2026-08-21 01:48:00 [INFO] X=64 Y=0 Src=96,64 - 128,96 TexW=512 TexH=128
2026-08-21 01:48:00 [INFO] X=96 Y=0 Src=0,64 - 32,96 TexW=512 TexH=128
2026-08-21 01:48:00 [INFO] X=128 Y=0 Src=32,64 - 64,96 TexW=512 TexH=128
2026-08-21 01:48:00 [INFO] X=160 Y=0 Src=64,64 - 96,96 TexW=512 TexH=128
2026-08-21 01:48:00 [INFO] X=192 Y=0 Src=96,64 - 128,96 TexW=512 TexH=128
2026-08-21 01:48:00 [INFO] X=224 Y=0 Src=0,64 - 32,96 TexW=512 TexH=128
2026-08-21 01:48:00 [INFO] X=256 Y=0 Src=32,64 - 64,96 TexW=512 TexH=128
2026-08-21 01:48:00 [INFO] X=288 Y=0 Src=64,64 - 96,96 TexW=512 TexH=128
2026-08-21 01:48:00 [INFO] X=320 Y=0 Src=96,64 - 128,96 TexW=512 TexH=128
2026-08-21 01:48:00 [INFO] X=352 Y=0 Src=0,64 - 32,96 TexW=512 TexH=128
2026-08-21 01:48:00 [INFO] X=384 Y=0 Src=32,64 - 64,96 TexW=512 TexH=128
2026-08-21 01:48:00 [INFO] X=416 Y=0 Src=64,64 - 96,96 TexW=512 TexH=128
2026-08-21 01:48:00 [INFO] X=448 Y=0 Src=96,64 - 128,96 TexW=512 TexH=128
2026-08-21 01:48:00 [INFO] X=480 Y=0 Src=0,64 - 32,96 TexW=512 TexH=128
2026-08-21 01:48:00 [INFO] X=512 Y=0 Src=32,64 - 64,96 TexW=512 TexH=128
2026-08-21 01:48:00 [INFO] X=544 Y=0 Src=64,64 - 96,96 TexW=512 TexH=128
2026-08-21 01:48:00 [INFO] X=-32 Y=32 Src=0,128 - 32,160 TexW=384 TexH=384
2026-08-21 01:48:00 [INFO] X=-32 Y=32 Src=128,128 - 160,160 TexW=256 TexH=384
2026-08-21 01:48:00 [INFO] X=0 Y=32 Src=32,128 - 64,160 TexW=384 TexH=384
2026-08-21 01:48:00 [INFO] X=0 Y=32 Src=160,128 - 192,160 TexW=256 TexH=384
2026-08-21 01:48:00 [INFO] X=32 Y=32 Src=64,128 - 96,160 TexW=384 TexH=384
2026-08-21 01:48:00 [INFO] X=32 Y=32 Src=128,128 - 160,160 TexW=256 TexH=384
2026-08-21 01:48:00 [INFO] X=64 Y=32 Src=96,128 - 128,160 TexW=384 TexH=384
2026-08-21 01:48:00 [INFO] X=64 Y=32 Src=160,128 - 192,160 TexW=256 TexH=384
2026-08-21 01:48:00 [INFO] X=96 Y=32 Src=0,128 - 32,160 TexW=384 TexH=384
2026-08-21 01:48:00 [INFO] X=96 Y=32 Src=128,128 - 160,160 TexW=256 TexH=384
2026-08-21 01:48:00 [INFO] X=128 Y=32 Src=32,128 - 64,160 TexW=384 TexH=384
2026-08-21 01:48:00 [INFO] X=128 Y=32 Src=160,128 - 192,160 TexW=256 TexH=384
2026-08-21 01:48:00 [INFO] X=160 Y=32 Src=64,128 - 96,160 TexW=384 TexH=384
2026-08-21 01:48:00 [INFO] X=160 Y=32 Src=128,128 - 160,160 TexW=256 TexH=384
2026-08-21 01:48:00 [INFO] X=192 Y=32 Src=96,128 - 128,160 TexW=384 TexH=384
2026-08-21 01:48:00 [INFO] X=192 Y=32 Src=160,128 - 192,160 TexW=256 TexH=384
2026-08-21 01:48:00 [INFO] X=224 Y=32 Src=0,128 - 32,160 TexW=384 TexH=384
2026-08-21 01:48:00 [INFO] X=224 Y=32 Src=128,128 - 160,160 TexW=256 TexH=384
2026-08-21 01:48:00 [INFO] X=256 Y=32 Src=32,128 - 64,160 TexW=384 TexH=384
2026-08-21 01:48:00 [INFO] X=256 Y=32 Src=160,128 - 192,160 TexW=256 TexH=384
2026-08-21 01:48:00 [INFO] X=288 Y=32 Src=64,128 - 96,160 TexW=384 TexH=384
2026-08-21 01:48:00 [INFO] X=288 Y=32 Src=128,128 - 160,160 TexW=256 TexH=384
2026-08-21 01:48:00 [INFO] X=320 Y=32 Src=96,128 - 128,160 TexW=384 TexH=384
2026-08-21 01:48:00 [INFO] X=320 Y=32 Src=160,128 - 192,160 TexW=256 TexH=384
2026-08-21 01:48:00 [INFO] X=352 Y=32 Src=0,128 - 32,160 TexW=384 TexH=384
2026-08-21 01:48:00 [INFO] X=352 Y=32 Src=128,128 - 160,160 TexW=256 TexH=384
2026-08-21 01:48:00 [INFO] X=384 Y=32 Src=32,128 - 64,160 TexW=384 TexH=384
2026-08-21 01:48:00 [INFO] X=384 Y=32 Src=160,128 - 192,160 TexW=256 TexH=384
2026-08-21 01:48:00 [INFO] X=416 Y=32 Src=64,128 - 96,160 TexW=384 TexH=384
2026-08-21 01:48:00 [INFO] X=416 Y=32 Src=128,128 - 160,160 TexW=256 TexH=384
2026-08-21 01:48:00 [INFO] X=448 Y=32 Src=96,128 - 128,160 TexW=384 TexH=384
2026-08-21 01:48:00 [INFO] X=448 Y=32 Src=160,128 - 192,160 TexW=256 TexH=384
2026-08-21 01:48:00 [INFO] X=480 Y=32 Src=0,128 - 32,160 TexW=384 TexH=384
2026-08-21 01:48:00 [INFO] X=480 Y=32 Src=128,128 - 160,160 TexW=256 TexH=384
2026-08-21 01:48:00 [INFO] X=512 Y=32 Src=32,128 - 64,160 TexW=384 TexH=384
2026-08-21 01:48:00 [INFO] X=512 Y=32 Src=160,128 - 192,160 TexW=256 TexH=384
2026-08-21 01:48:00 [INFO] X=544 Y=32 Src=64,128 - 96,160 TexW=384 TexH=384
2026-08-21 01:48:00 [INFO] X=544 Y=32 Src=128,128 - 160,160 TexW=256 TexH=384
2026-08-21 01:48:00 [INFO] X=-32 Y=64 Src=0,192 - 32,224 TexW=384 TexH=384
2026-08-21 01:48:00 [INFO] X=0 Y=64 Src=32,192 - 64,224 TexW=384 TexH=384
2026-08-21 01:48:00 [INFO] X=32 Y=64 Src=64,192 - 96,224 TexW=384 TexH=384
2026-08-21 01:48:00 [INFO] X=64 Y=64 Src=96,192 - 128,224 TexW=384 TexH=384
2026-08-21 01:48:00 [INFO] X=96 Y=64 Src=0,192 - 32,224 TexW=384 TexH=384
2026-08-21 01:48:00 [INFO] X=128 Y=64 Src=32,192 - 64,224 TexW=384 TexH=384
2026-08-21 01:48:00 [INFO] X=160 Y=64 Src=64,192 - 96,224 TexW=384 TexH=384
2026-08-21 01:48:00 [INFO] X=192 Y=64 Src=96,192 - 128,224 TexW=384 TexH=384
2026-08-21 01:48:00 [INFO] X=224 Y=64 Src=0,192 - 32,224 TexW=384 TexH=384
2026-08-21 01:48:00 [INFO] X=256 Y=64 Src=32,192 - 64,224 TexW=384 TexH=384
2026-08-21 01:48:00 [INFO] X=288 Y=64 Src=64,192 - 96,224 TexW=384 TexH=384
2026-08-21 01:48:00 [INFO] X=320 Y=64 Src=96,192 - 128,224 TexW=384 TexH=384
2026-08-21 01:48:00 [INFO] X=352 Y=64 Src=0,192 - 32,224 TexW=384 TexH=384
2026-08-21 01:48:00 [INFO] X=384 Y=64 Src=32,192 - 64,224 TexW=384 TexH=384
2026-08-21 01:48:00 [INFO] X=416 Y=64 Src=64,192 - 96,224 TexW=384 TexH=384
2026-08-21 01:48:00 [INFO] X=448 Y=64 Src=96,192 - 128,224 TexW=384 TexH=384
2026-08-21 01:48:00 [INFO] X=480 Y=64 Src=0,192 - 32,224 TexW=384 TexH=384
2026-08-21 01:48:00 [INFO] X=512 Y=64 Src=32,192 - 64,224 TexW=384 TexH=384
2026-08-21 01:48:00 [INFO] X=544 Y=64 Src=64,192 - 96,224 TexW=384 TexH=384
2026-08-21 01:48:00 [INFO] X=-32 Y=96 Src=0,128 - 32,160 TexW=384 TexH=384
2026-08-21 01:48:00 [INFO] X=0 Y=96 Src=32,128 - 64,160 TexW=384 TexH=384
2026-08-21 01:48:00 [INFO] X=32 Y=96 Src=64,128 - 96,160 TexW=384 TexH=384
2026-08-21 01:48:00 [INFO] X=64 Y=96 Src=96,128 - 128,160 TexW=384 TexH=384
2026-08-21 01:48:00 [INFO] X=96 Y=96 Src=0,128 - 32,160 TexW=384 TexH=384
2026-08-21 01:48:00 [INFO] X=128 Y=96 Src=32,128 - 64,160 TexW=384 TexH=384
2026-08-21 01:48:00 [INFO] X=160 Y=96 Src=64,128 - 96,160 TexW=384 TexH=384
2026-08-21 01:48:00 [INFO] X=192 Y=96 Src=96,128 - 128,160 TexW=384 TexH=384
2026-08-21 01:48:00 [INFO] X=224 Y=96 Src=0,128 - 32,160 TexW=384 TexH=384
2026-08-21 01:48:00 [INFO] X=256 Y=96 Src=32,128 - 64,160 TexW=384 TexH=384
2026-08-21 01:48:00 [INFO] X=288 Y=96 Src=64,128 - 96,160 TexW=384 TexH=384
2026-08-21 01:48:00 [INFO] X=320 Y=96 Src=96,128 - 128,160 TexW=384 TexH=384
2026-08-21 01:48:00 [INFO] X=352 Y=96 Src=0,128 - 32,160 TexW=384 TexH=384
2026-08-21 01:48:00 [INFO] X=384 Y=96 Src=32,128 - 64,160 TexW=384 TexH=384
2026-08-21 01:48:00 [INFO] X=416 Y=96 Src=64,128 - 96,160 TexW=384 TexH=384
2026-08-21 01:48:00 [INFO] X=448 Y=96 Src=96,128 - 128,160 TexW=384 TexH=384
2026-08-21 01:48:00 [INFO] X=480 Y=96 Src=0,128 - 32,160 TexW=384 TexH=384
2026-08-21 01:48:00 [INFO] X=512 Y=96 Src=32,128 - 64,160 TexW=384 TexH=384
2026-08-21 01:48:00 [INFO] X=544 Y=96 Src=64,128 - 96,160 TexW=384 TexH=384
2026-08-21 01:48:00 [INFO] X=-32 Y=128 Src=0,192 - 32,224 TexW=384 TexH=384
2026-08-21 01:48:00 [INFO] X=0 Y=128 Src=32,192 - 64,224 TexW=384 TexH=384
2026-08-21 01:48:00 [INFO] X=32 Y=128 Src=64,192 - 96,224 TexW=384 TexH=384
2026-08-21 01:48:00 [INFO] X=64 Y=128 Src=96,192 - 128,224 TexW=384 TexH=384
2026-08-21 01:48:00 [INFO] X=96 Y=128 Src=0,192 - 32,224 TexW=384 TexH=384
2026-08-21 01:48:00 [INFO] X=128 Y=128 Src=32,192 - 64,224 TexW=384 TexH=384
2026-08-21 01:48:00 [INFO] X=160 Y=128 Src=64,192 - 96,224 TexW=384 TexH=384
2026-08-21 01:48:00 [INFO] X=192 Y=128 Src=96,192 - 128,224 TexW=384 TexH=384
2026-08-21 01:48:00 [INFO] X=224 Y=128 Src=0,192 - 32,224 TexW=384 TexH=384
2026-08-21 01:48:00 [INFO] X=256 Y=128 Src=32,192 - 64,224 TexW=384 TexH=384
2026-08-21 01:48:00 [INFO] X=288 Y=128 Src=64,192 - 96,224 TexW=384 TexH=384
2026-08-21 01:48:00 [INFO] X=320 Y=128 Src=96,192 - 128,224 TexW=384 TexH=384
2026-08-21 01:48:00 [INFO] X=352 Y=128 Src=0,192 - 32,224 TexW=384 TexH=384
2026-08-21 01:48:00 [INFO] X=384 Y=128 Src=32,192 - 64,224 TexW=384 TexH=384
2026-08-21 01:48:01 [INFO] X=416 Y=128 Src=64,192 - 96,224 TexW=384 TexH=384
2026-08-21 01:48:01 [INFO] X=448 Y=128 Src=96,192 - 128,224 TexW=384 TexH=384
2026-08-21 01:48:01 [INFO] X=480 Y=128 Src=0,192 - 32,224 TexW=384 TexH=384
2026-08-21 01:48:01 [INFO] X=512 Y=128 Src=32,192 - 64,224 TexW=384 TexH=384
2026-08-21 01:48:01 [INFO] X=544 Y=128 Src=64,192 - 96,224 TexW=384 TexH=384
2026-08-21 01:48:01 [INFO] X=-32 Y=160 Src=0,128 - 32,160 TexW=384 TexH=384
2026-08-21 01:48:01 [INFO] X=0 Y=160 Src=32,128 - 64,160 TexW=384 TexH=384
2026-08-21 01:48:01 [INFO] X=32 Y=160 Src=64,128 - 96,160 TexW=384 TexH=384
2026-08-21 01:48:01 [INFO] X=64 Y=160 Src=96,128 - 128,160 TexW=384 TexH=384
2026-08-21 01:48:01 [INFO] X=96 Y=160 Src=0,128 - 32,160 TexW=384 TexH=384
2026-08-21 01:48:01 [INFO] X=128 Y=160 Src=32,128 - 64,160 TexW=384 TexH=384
2026-08-21 01:48:01 [INFO] X=160 Y=160 Src=64,128 - 96,160 TexW=384 TexH=384
2026-08-21 01:48:01 [INFO] X=192 Y=160 Src=96,128 - 128,160 TexW=384 TexH=384
2026-08-21 01:48:01 [INFO] X=224 Y=160 Src=0,128 - 32,160 TexW=384 TexH=384
2026-08-21 01:48:01 [INFO] X=256 Y=160 Src=32,128 - 64,160 TexW=384 TexH=384
2026-08-21 01:48:01 [INFO] X=288 Y=160 Src=64,128 - 96,160 TexW=384 TexH=384
2026-08-21 01:48:01 [INFO] X=320 Y=160 Src=96,128 - 128,160 TexW=384 TexH=384
2026-08-21 01:48:01 [INFO] X=352 Y=160 Src=0,128 - 32,160 TexW=384 TexH=384
2026-08-21 01:48:01 [INFO] X=384 Y=160 Src=32,128 - 64,160 TexW=384 TexH=384
2026-08-21 01:48:01 [INFO] X=416 Y=160 Src=64,128 - 96,160 TexW=384 TexH=384
2026-08-21 01:48:01 [INFO] X=448 Y=160 Src=96,128 - 128,160 TexW=384 TexH=384
2026-08-21 01:48:01 [INFO] X=480 Y=160 Src=0,128 - 32,160 TexW=384 TexH=384
2026-08-21 01:48:01 [INFO] X=512 Y=160 Src=32,128 - 64,160 TexW=384 TexH=384
2026-08-21 01:48:01 [INFO] X=544 Y=160 Src=64,128 - 96,160 TexW=384 TexH=384
2026-08-21 01:48:01 [INFO] X=-32 Y=192 Src=0,192 - 32,224 TexW=384 TexH=384
2026-08-21 01:48:01 [INFO] X=0 Y=192 Src=32,192 - 64,224 TexW=384 TexH=384
2026-08-21 01:48:01 [INFO] X=32 Y=192 Src=64,192 - 96,224 TexW=384 TexH=384
2026-08-21 01:48:01 [INFO] X=64 Y=192 Src=96,192 - 128,224 TexW=384 TexH=384
2026-08-21 01:48:01 [INFO] X=96 Y=192 Src=0,192 - 32,224 TexW=384 TexH=384
2026-08-21 01:48:01 [INFO] X=128 Y=192 Src=32,192 - 64,224 TexW=384 TexH=384
2026-08-21 01:48:01 [INFO] X=160 Y=192 Src=64,192 - 96,224 TexW=384 TexH=384
2026-08-21 01:48:01 [INFO] X=192 Y=192 Src=96,192 - 128,224 TexW=384 TexH=384
2026-08-21 01:48:01 [INFO] X=224 Y=192 Src=0,192 - 32,224 TexW=384 TexH=384
2026-08-21 01:48:01 [INFO] X=256 Y=192 Src=32,192 - 64,224 TexW=384 TexH=384
2026-08-21 01:48:01 [INFO] X=288 Y=192 Src=64,192 - 96,224 TexW=384 TexH=384
2026-08-21 01:48:01 [INFO] X=320 Y=192 Src=96,192 - 128,224 TexW=384 TexH=384
2026-08-21 01:48:01 [INFO] X=352 Y=192 Src=0,192 - 32,224 TexW=384 TexH=384
2026-08-21 01:48:01 [INFO] X=384 Y=192 Src=32,192 - 64,224 TexW=384 TexH=384
2026-08-21 01:48:01 [INFO] X=416 Y=192 Src=64,192 - 96,224 TexW=384 TexH=384
2026-08-21 01:48:01 [INFO] X=448 Y=192 Src=96,192 - 128,224 TexW=384 TexH=384
2026-08-21 01:48:01 [INFO] X=480 Y=192 Src=0,192 - 32,224 TexW=384 TexH=384
2026-08-21 01:48:01 [INFO] X=512 Y=192 Src=32,192 - 64,224 TexW=384 TexH=384
2026-08-21 01:48:01 [INFO] X=544 Y=192 Src=64,192 - 96,224 TexW=384 TexH=384
2026-08-21 01:48:01 [INFO] X=-304 Y=-415 Src=0,0 - 64,95 TexW=64 TexH=95
2026-08-21 01:48:01 [INFO] X=-368 Y=-576 Src=0,0 - 256,256 TexW=256 TexH=256
2026-08-21 01:48:01 [INFO] X=-182 Y=-475 Src=0,0 - 77,155 TexW=77 TexH=155
2026-08-21 01:48:01 [INFO] X=-208 Y=-576 Src=0,0 - 256,256 TexW=256 TexH=256
2026-08-21 01:48:01 [INFO] X=48 Y=-320 Src=0,0 - 128,32 TexW=128 TexH=32
2026-08-21 01:48:01 [INFO] X=176 Y=-320 Src=0,0 - 128,32 TexW=128 TexH=32
2026-08-21 01:48:01 [INFO] X=464 Y=-320 Src=0,0 - 128,32 TexW=128 TexH=32
2026-08-21 01:48:01 [INFO] X=592 Y=-320 Src=0,0 - 128,32 TexW=128 TexH=32
2026-08-21 01:48:01 [INFO] X=-176 Y=-512 Src=0,0 - 256,256 TexW=256 TexH=256
2026-08-21 01:48:01 [INFO] X=208 Y=-512 Src=0,0 - 256,256 TexW=256 TexH=256
2026-08-21 01:48:01 [INFO] X=-352 Y=-256 Src=0,0 - 32,32 TexW=64 TexH=32
2026-08-21 01:48:01 [INFO] X=835 Y=-270 Src=0,0 - 26,46 TexW=174 TexH=181
2026-08-21 01:48:01 [INFO] X=-176 Y=-448 Src=0,0 - 256,256 TexW=256 TexH=256
2026-08-21 01:48:01 [INFO] X=48 Y=-224 Src=0,0 - 128,32 TexW=128 TexH=32
2026-08-21 01:48:01 [INFO] X=176 Y=-224 Src=0,0 - 128,32 TexW=128 TexH=32
2026-08-21 01:48:01 [INFO] X=384 Y=-224 Src=608,64 - 640,96 TexW=640 TexH=742
2026-08-21 01:48:01 [INFO] X=480 Y=-224 Src=608,64 - 640,96 TexW=640 TexH=742
2026-08-21 01:48:01 [INFO] X=464 Y=-224 Src=0,0 - 128,32 TexW=128 TexH=32
2026-08-21 01:48:01 [INFO] X=592 Y=-224 Src=0,0 - 128,32 TexW=128 TexH=32
2026-08-21 01:48:01 [INFO] X=-253 Y=-206 Src=0,0 - 26,46 TexW=149 TexH=181
2026-08-21 01:48:01 [INFO] X=163 Y=-206 Src=0,0 - 26,46 TexW=149 TexH=181
2026-08-21 01:48:01 [INFO] X=168 Y=-214 Src=64,0 - 80,16 TexW=708 TexH=202
2026-08-21 01:48:01 [INFO] X=-352 Y=-160 Src=0,0 - 32,32 TexW=64 TexH=32
2026-08-21 01:48:01 [INFO] X=352 Y=-160 Src=608,64 - 640,96 TexW=640 TexH=742
2026-08-21 01:48:01 [INFO] X=480 Y=-160 Src=608,64 - 640,96 TexW=640 TexH=742
2026-08-21 01:48:01 [INFO] X=74 Y=-251 Src=0,0 - 77,155 TexW=77 TexH=155
2026-08-21 01:48:01 [INFO] X=419 Y=-142 Src=0,0 - 26,46 TexW=149 TexH=181
2026-08-21 01:48:01 [INFO] X=424 Y=-150 Src=320,0 - 336,16 TexW=708 TexH=202
2026-08-21 01:48:01 [INFO] X=448 Y=-128 Src=256,96 - 288,128 TexW=640 TexH=742
2026-08-21 01:48:01 [INFO] X=586 Y=-251 Src=0,0 - 77,155 TexW=77 TexH=155
2026-08-21 01:48:01 [INFO] X=-32 Y=-64 Src=608,64 - 640,96 TexW=640 TexH=742
2026-08-21 01:48:01 [INFO] X=448 Y=-64 Src=608,64 - 640,96 TexW=640 TexH=742
2026-08-21 01:48:01 [INFO] X=464 Y=-288 Src=0,0 - 256,256 TexW=256 TexH=256
2026-08-21 01:48:01 [INFO] X=0 Y=0 Src=608,64 - 640,96 TexW=640 TexH=742
2026-08-21 01:48:01 [INFO] X=291 Y=-14 Src=0,0 - 26,46 TexW=149 TexH=181
2026-08-21 01:48:01 [INFO] X=296 Y=-22 Src=256,48 - 272,64 TexW=708 TexH=202
2026-08-21 01:48:01 [INFO] X=736 Y=-64 Src=0,96 - 96,192 TexW=288 TexH=192
2026-08-21 01:48:01 [INFO] X=656 Y=32 Src=0,0 - 64,32 TexW=64 TexH=32
2026-08-21 01:48:01 [INFO] X=867 Y=18 Src=0,0 - 26,46 TexW=149 TexH=181
2026-08-21 01:48:01 [INFO] X=872 Y=10 Src=0,0 - 16,16 TexW=708 TexH=202
2026-08-21 01:48:01 [INFO] X=-349 Y=50 Src=0,0 - 26,46 TexW=149 TexH=181
2026-08-21 01:48:01 [INFO] X=-344 Y=42 Src=384,16 - 400,32 TexW=708 TexH=202
2026-08-21 01:48:01 [INFO] X=-285 Y=50 Src=0,0 - 26,46 TexW=149 TexH=181
2026-08-21 01:48:01 [INFO] X=-280 Y=42 Src=384,16 - 400,32 TexW=708 TexH=202
2026-08-21 01:48:01 [INFO] X=-182 Y=-59 Src=0,0 - 77,155 TexW=77 TexH=155
2026-08-21 01:48:01 [INFO] X=-61 Y=50 Src=0,0 - 26,46 TexW=149 TexH=181
2026-08-21 01:48:01 [INFO] X=-56 Y=42 Src=272,128 - 288,144 TexW=708 TexH=202
2026-08-21 01:48:01 [INFO] X=42 Y=-59 Src=0,0 - 77,155 TexW=77 TexH=155
2026-08-21 01:48:01 [INFO] X=259 Y=178 Src=0,0 - 26,46 TexW=149 TexH=181
2026-08-21 01:48:01 [INFO] X=264 Y=170 Src=128,16 - 144,32 TexW=708 TexH=202
2026-08-21 01:48:01 [INFO] X=611 Y=306 Src=0,0 - 26,46 TexW=149 TexH=181
2026-08-21 01:48:01 [INFO] X=616 Y=298 Src=256,48 - 272,64 TexW=708 TexH=202
2026-08-21 01:48:01 [INFO] X=-368 Y=128 Src=0,0 - 256,256 TexW=256 TexH=256
2026-08-21 01:48:01 [INFO] X=-240 Y=128 Src=0,0 - 256,256 TexW=256 TexH=256
2026-08-21 01:48:01 [INFO] X=-112 Y=128 Src=0,0 - 256,256 TexW=256 TexH=256
2026-08-21 01:48:01 [INFO] X=283 Y=384 Src=866,512 - 909,576 TexW=1792 TexH=640
2026-08-21 01:48:01 [INFO] X=443 Y=384 Src=866,512 - 909,576 TexW=1792 TexH=640
2026-08-21 01:48:01 [INFO] X=592 Y=192 Src=0,0 - 256,256 TexW=256 TexH=256
2026-08-21 01:48:01 [INFO] X=688 Y=192 Src=0,0 - 256,256 TexW=256 TexH=256
2026-08-21 01:48:01 [INFO] X=323 Y=448 Src=0,0 - 26,96 TexW=234 TexH=97
2026-08-21 01:48:01 [INFO] X=355 Y=498 Src=0,0 - 26,46 TexW=149 TexH=181
2026-08-21 01:48:01 [INFO] X=360 Y=490 Src=384,32 - 400,48 TexW=708 TexH=202
2026-08-21 01:48:01 [INFO] X=384 Y=512 Src=64,672 - 96,704 TexW=640 TexH=742
2026-08-21 01:48:01 [INFO] X=419 Y=448 Src=0,0 - 26,96 TexW=234 TexH=97
2026-08-21 01:48:01 [INFO] X=-368 Y=320 Src=0,0 - 256,256 TexW=256 TexH=256
2026-08-21 01:48:01 [INFO] X=688 Y=384 Src=0,0 - 256,256 TexW=256 TexH=256
2026-08-21 01:48:01 [INFO] X=-368 Y=448 Src=0,0 - 256,256 TexW=256 TexH=256
2026-08-21 01:48:01 [INFO] X=-127 Y=636 Src=0,0 - 30,68 TexW=270 TexH=68
2026-08-21 01:48:01 [INFO] X=-208 Y=448 Src=0,0 - 256,256 TexW=256 TexH=256
2026-08-21 01:48:01 [INFO] X=-285 Y=690 Src=0,0 - 26,46 TexW=149 TexH=181
2026-08-21 01:48:01 [INFO] X=-280 Y=682 Src=64,0 - 80,16 TexW=708 TexH=202
2026-08-21 01:48:01 [INFO] X=-253 Y=690 Src=0,0 - 26,46 TexW=149 TexH=181
2026-08-21 01:48:01 [INFO] X=-248 Y=682 Src=639,64 - 655,80 TexW=708 TexH=202
2026-08-21 01:48:01 [INFO] X=-221 Y=690 Src=0,0 - 26,46 TexW=149 TexH=181
2026-08-21 01:48:01 [INFO] X=-216 Y=682 Src=272,128 - 288,144 TexW=708 TexH=202
2026-08-21 01:48:01 [INFO] X=-32 Y=-32 Src=0,0 - 32,32 TexW=512 TexH=128
2026-08-21 01:48:01 [INFO] X=0 Y=-32 Src=32,0 - 64,32 TexW=512 TexH=128
2026-08-21 01:48:01 [INFO] X=32 Y=-32 Src=64,0 - 96,32 TexW=512 TexH=128
2026-08-21 01:48:01 [INFO] X=32 Y=-32 Src=512,192 - 544,224 TexW=640 TexH=742
2026-08-21 01:48:01 [INFO] X=64 Y=-32 Src=96,0 - 128,32 TexW=512 TexH=128
2026-08-21 01:48:01 [INFO] X=96 Y=-32 Src=0,0 - 32,32 TexW=512 TexH=128
2026-08-21 01:48:01 [INFO] X=128 Y=-32 Src=32,0 - 64,32 TexW=512 TexH=128
2026-08-21 01:48:01 [INFO] X=160 Y=-32 Src=64,0 - 96,32 TexW=512 TexH=128
2026-08-21 01:48:01 [INFO] X=192 Y=-32 Src=96,0 - 128,32 TexW=512 TexH=128
2026-08-21 01:48:01 [INFO] X=224 Y=-32 Src=0,0 - 32,32 TexW=512 TexH=128
2026-08-21 01:48:01 [INFO] X=256 Y=-32 Src=32,0 - 64,32 TexW=512 TexH=128
2026-08-21 01:48:01 [INFO] X=288 Y=-32 Src=64,0 - 96,32 TexW=512 TexH=128
2026-08-21 01:48:01 [INFO] X=320 Y=-32 Src=96,0 - 128,32 TexW=512 TexH=128
2026-08-21 01:48:01 [INFO] X=352 Y=-32 Src=0,0 - 32,32 TexW=512 TexH=128
2026-08-21 01:48:01 [INFO] X=384 Y=-32 Src=32,0 - 64,32 TexW=512 TexH=128
2026-08-21 01:48:01 [INFO] X=362 Y=-58 Src=0,0 - 77,58 TexW=77 TexH=58
2026-08-21 01:48:01 [INFO] X=416 Y=-32 Src=64,0 - 96,32 TexW=512 TexH=128
2026-08-21 01:48:01 [INFO] X=448 Y=-32 Src=96,0 - 128,32 TexW=512 TexH=128
2026-08-21 01:48:01 [INFO] X=480 Y=-32 Src=0,0 - 32,32 TexW=512 TexH=128
2026-08-21 01:48:01 [INFO] X=512 Y=-32 Src=32,0 - 64,32 TexW=512 TexH=128
2026-08-21 01:48:01 [INFO] X=544 Y=-32 Src=64,0 - 96,32 TexW=512 TexH=128
2026-08-21 01:48:01 [INFO] X=-32 Y=0 Src=0,64 - 32,96 TexW=512 TexH=128
2026-08-21 01:48:01 [INFO] X=0 Y=0 Src=32,64 - 64,96 TexW=512 TexH=128
2026-08-21 01:48:01 [INFO] X=32 Y=0 Src=64,64 - 96,96 TexW=512 TexH=128
2026-08-21 01:48:01 [INFO] X=64 Y=0 Src=96,64 - 128,96 TexW=512 TexH=128
2026-08-21 01:48:01 [INFO] X=96 Y=0 Src=0,64 - 32,96 TexW=512 TexH=128
2026-08-21 01:48:01 [INFO] X=128 Y=0 Src=32,64 - 64,96 TexW=512 TexH=128
2026-08-21 01:48:01 [INFO] X=160 Y=0 Src=64,64 - 96,96 TexW=512 TexH=128
2026-08-21 01:48:01 [INFO] X=192 Y=0 Src=96,64 - 128,96 TexW=512 TexH=128
2026-08-21 01:48:01 [INFO] X=224 Y=0 Src=0,64 - 32,96 TexW=512 TexH=128
2026-08-21 01:48:01 [INFO] X=256 Y=0 Src=32,64 - 64,96 TexW=512 TexH=128
2026-08-21 01:48:01 [INFO] X=288 Y=0 Src=64,64 - 96,96 TexW=512 TexH=128
2026-08-21 01:48:01 [INFO] X=320 Y=0 Src=96,64 - 128,96 TexW=512 TexH=128
2026-08-21 01:48:01 [INFO] X=352 Y=0 Src=0,64 - 32,96 TexW=512 TexH=128
2026-08-21 01:48:01 [INFO] X=384 Y=0 Src=32,64 - 64,96 TexW=512 TexH=128
2026-08-21 01:48:01 [INFO] X=416 Y=0 Src=64,64 - 96,96 TexW=512 TexH=128
2026-08-21 01:48:01 [INFO] X=448 Y=0 Src=96,64 - 128,96 TexW=512 TexH=128
2026-08-21 01:48:01 [INFO] X=480 Y=0 Src=0,64 - 32,96 TexW=512 TexH=128
2026-08-21 01:48:01 [INFO] X=512 Y=0 Src=32,64 - 64,96 TexW=512 TexH=128
2026-08-21 01:48:01 [INFO] X=544 Y=0 Src=64,64 - 96,96 TexW=512 TexH=128
2026-08-21 01:48:01 [INFO] X=-32 Y=32 Src=0,0 - 32,32 TexW=384 TexH=384
2026-08-21 01:48:01 [INFO] X=-32 Y=32 Src=128,128 - 160,160 TexW=256 TexH=384
2026-08-21 01:48:01 [INFO] X=0 Y=32 Src=32,0 - 64,32 TexW=384 TexH=384
2026-08-21 01:48:01 [INFO] X=0 Y=32 Src=160,128 - 192,160 TexW=256 TexH=384
2026-08-21 01:48:01 [INFO] X=32 Y=32 Src=64,0 - 96,32 TexW=384 TexH=384
2026-08-21 01:48:01 [INFO] X=32 Y=32 Src=128,128 - 160,160 TexW=256 TexH=384
2026-08-21 01:48:01 [INFO] X=64 Y=32 Src=96,0 - 128,32 TexW=384 TexH=384
2026-08-21 01:48:01 [INFO] X=64 Y=32 Src=160,128 - 192,160 TexW=256 TexH=384
2026-08-21 01:48:01 [INFO] X=96 Y=32 Src=0,0 - 32,32 TexW=384 TexH=384
2026-08-21 01:48:01 [INFO] X=96 Y=32 Src=128,128 - 160,160 TexW=256 TexH=384
2026-08-21 01:48:01 [INFO] X=128 Y=32 Src=32,0 - 64,32 TexW=384 TexH=384
2026-08-21 01:48:01 [INFO] X=128 Y=32 Src=160,128 - 192,160 TexW=256 TexH=384
2026-08-21 01:48:01 [INFO] X=160 Y=32 Src=64,0 - 96,32 TexW=384 TexH=384
2026-08-21 01:48:01 [INFO] X=160 Y=32 Src=128,128 - 160,160 TexW=256 TexH=384
2026-08-21 01:48:01 [INFO] X=192 Y=32 Src=96,0 - 128,32 TexW=384 TexH=384
2026-08-21 01:48:01 [INFO] X=192 Y=32 Src=160,128 - 192,160 TexW=256 TexH=384
2026-08-21 01:48:01 [INFO] X=224 Y=32 Src=0,0 - 32,32 TexW=384 TexH=384
2026-08-21 01:48:01 [INFO] X=224 Y=32 Src=128,128 - 160,160 TexW=256 TexH=384
2026-08-21 01:48:01 [INFO] X=256 Y=32 Src=32,0 - 64,32 TexW=384 TexH=384
2026-08-21 01:48:01 [INFO] X=256 Y=32 Src=160,128 - 192,160 TexW=256 TexH=384
2026-08-21 01:48:01 [INFO] X=288 Y=32 Src=64,0 - 96,32 TexW=384 TexH=384
2026-08-21 01:48:01 [INFO] X=288 Y=32 Src=128,128 - 160,160 TexW=256 TexH=384
2026-08-21 01:48:01 [INFO] X=320 Y=32 Src=96,0 - 128,32 TexW=384 TexH=384
2026-08-21 01:48:01 [INFO] X=320 Y=32 Src=160,128 - 192,160 TexW=256 TexH=384
2026-08-21 01:48:01 [INFO] X=352 Y=32 Src=0,0 - 32,32 TexW=384 TexH=384
2026-08-21 01:48:01 [INFO] X=352 Y=32 Src=128,128 - 160,160 TexW=256 TexH=384
2026-08-21 01:48:01 [INFO] X=384 Y=32 Src=32,0 - 64,32 TexW=384 TexH=384
2026-08-21 01:48:01 [INFO] X=384 Y=32 Src=160,128 - 192,160 TexW=256 TexH=384
2026-08-21 01:48:01 [INFO] X=416 Y=32 Src=64,0 - 96,32 TexW=384 TexH=384
2026-08-21 01:48:01 [INFO] X=416 Y=32 Src=128,128 - 160,160 TexW=256 TexH=384
2026-08-21 01:48:01 [INFO] X=448 Y=32 Src=96,0 - 128,32 TexW=384 TexH=384
2026-08-21 01:48:01 [INFO] X=448 Y=32 Src=160,128 - 192,160 TexW=256 TexH=384
2026-08-21 01:48:01 [INFO] X=480 Y=32 Src=0,0 - 32,32 TexW=384 TexH=384
2026-08-21 01:48:01 [INFO] X=480 Y=32 Src=128,128 - 160,160 TexW=256 TexH=384
2026-08-21 01:48:01 [INFO] X=512 Y=32 Src=32,0 - 64,32 TexW=384 TexH=384
2026-08-21 01:48:01 [INFO] X=512 Y=32 Src=160,128 - 192,160 TexW=256 TexH=384
2026-08-21 01:48:01 [INFO] X=544 Y=32 Src=64,0 - 96,32 TexW=384 TexH=384
2026-08-21 01:48:01 [INFO] X=544 Y=32 Src=128,128 - 160,160 TexW=256 TexH=384
2026-08-21 01:48:01 [INFO] X=-32 Y=64 Src=0,64 - 32,96 TexW=384 TexH=384
2026-08-21 01:48:01 [INFO] X=0 Y=64 Src=32,64 - 64,96 TexW=384 TexH=384
2026-08-21 01:48:01 [INFO] X=32 Y=64 Src=64,64 - 96,96 TexW=384 TexH=384
2026-08-21 01:48:01 [INFO] X=64 Y=64 Src=96,64 - 128,96 TexW=384 TexH=384
2026-08-21 01:48:01 [INFO] X=96 Y=64 Src=0,64 - 32,96 TexW=384 TexH=384
2026-08-21 01:48:01 [INFO] X=128 Y=64 Src=32,64 - 64,96 TexW=384 TexH=384
2026-08-21 01:48:01 [INFO] X=160 Y=64 Src=64,64 - 96,96 TexW=384 TexH=384
2026-08-21 01:48:01 [INFO] X=192 Y=64 Src=96,64 - 128,96 TexW=384 TexH=384
2026-08-21 01:48:01 [INFO] X=224 Y=64 Src=0,64 - 32,96 TexW=384 TexH=384
2026-08-21 01:48:01 [INFO] X=256 Y=64 Src=32,64 - 64,96 TexW=384 TexH=384
2026-08-21 01:48:01 [INFO] X=288 Y=64 Src=64,64 - 96,96 TexW=384 TexH=384
2026-08-21 01:48:01 [INFO] X=320 Y=64 Src=96,64 - 128,96 TexW=384 TexH=384
2026-08-21 01:48:01 [INFO] X=352 Y=64 Src=0,64 - 32,96 TexW=384 TexH=384
2026-08-21 01:48:01 [INFO] X=384 Y=64 Src=32,64 - 64,96 TexW=384 TexH=384
2026-08-21 01:48:01 [INFO] X=416 Y=64 Src=64,64 - 96,96 TexW=384 TexH=384
2026-08-21 01:48:01 [INFO] X=448 Y=64 Src=96,64 - 128,96 TexW=384 TexH=384
2026-08-21 01:48:01 [INFO] X=480 Y=64 Src=0,64 - 32,96 TexW=384 TexH=384
2026-08-21 01:48:01 [INFO] X=512 Y=64 Src=32,64 - 64,96 TexW=384 TexH=384
2026-08-21 01:48:01 [INFO] X=544 Y=64 Src=64,64 - 96,96 TexW=384 TexH=384
2026-08-21 01:48:01 [INFO] X=-32 Y=96 Src=0,0 - 32,32 TexW=384 TexH=384
2026-08-21 01:48:01 [INFO] X=0 Y=96 Src=32,0 - 64,32 TexW=384 TexH=384
2026-08-21 01:48:01 [INFO] X=32 Y=96 Src=64,0 - 96,32 TexW=384 TexH=384
2026-08-21 01:48:01 [INFO] X=64 Y=96 Src=96,0 - 128,32 TexW=384 TexH=384
2026-08-21 01:48:01 [INFO] X=96 Y=96 Src=0,0 - 32,32 TexW=384 TexH=384
2026-08-21 01:48:01 [INFO] X=128 Y=96 Src=32,0 - 64,32 TexW=384 TexH=384
2026-08-21 01:48:01 [INFO] X=160 Y=96 Src=64,0 - 96,32 TexW=384 TexH=384
2026-08-21 01:48:01 [INFO] X=192 Y=96 Src=96,0 - 128,32 TexW=384 TexH=384
2026-08-21 01:48:01 [INFO] X=224 Y=96 Src=0,0 - 32,32 TexW=384 TexH=384
2026-08-21 01:48:01 [INFO] X=256 Y=96 Src=32,0 - 64,32 TexW=384 TexH=384
2026-08-21 01:48:01 [INFO] X=288 Y=96 Src=64,0 - 96,32 TexW=384 TexH=384
2026-08-21 01:48:01 [INFO] X=320 Y=96 Src=96,0 - 128,32 TexW=384 TexH=384
2026-08-21 01:48:01 [INFO] X=352 Y=96 Src=0,0 - 32,32 TexW=384 TexH=384
2026-08-21 01:48:01 [INFO] X=384 Y=96 Src=32,0 - 64,32 TexW=384 TexH=384
2026-08-21 01:48:01 [INFO] X=416 Y=96 Src=64,0 - 96,32 TexW=384 TexH=384
2026-08-21 01:48:01 [INFO] X=448 Y=96 Src=96,0 - 128,32 TexW=384 TexH=384
2026-08-21 01:48:01 [INFO] X=480 Y=96 Src=0,0 - 32,32 TexW=384 TexH=384
2026-08-21 01:48:01 [INFO] X=512 Y=96 Src=32,0 - 64,32 TexW=384 TexH=384
2026-08-21 01:48:01 [INFO] X=544 Y=96 Src=64,0 - 96,32 TexW=384 TexH=384
2026-08-21 01:48:01 [INFO] X=-32 Y=128 Src=0,64 - 32,96 TexW=384 TexH=384
2026-08-21 01:48:01 [INFO] X=0 Y=128 Src=32,64 - 64,96 TexW=384 TexH=384
2026-08-21 01:48:01 [INFO] X=32 Y=128 Src=64,64 - 96,96 TexW=384 TexH=384
2026-08-21 01:48:01 [INFO] X=64 Y=128 Src=96,64 - 128,96 TexW=384 TexH=384
2026-08-21 01:48:01 [INFO] X=96 Y=128 Src=0,64 - 32,96 TexW=384 TexH=384
2026-08-21 01:48:01 [INFO] X=128 Y=128 Src=32,64 - 64,96 TexW=384 TexH=384
2026-08-21 01:48:01 [INFO] X=160 Y=128 Src=64,64 - 96,96 TexW=384 TexH=384
2026-08-21 01:48:01 [INFO] X=192 Y=128 Src=96,64 - 128,96 TexW=384 TexH=384
2026-08-21 01:48:01 [INFO] X=224 Y=128 Src=0,64 - 32,96 TexW=384 TexH=384
2026-08-21 01:48:01 [INFO] X=256 Y=128 Src=32,64 - 64,96 TexW=384 TexH=384
2026-08-21 01:48:01 [INFO] X=288 Y=128 Src=64,64 - 96,96 TexW=384 TexH=384
2026-08-21 01:48:01 [INFO] X=320 Y=128 Src=96,64 - 128,96 TexW=384 TexH=384
2026-08-21 01:48:01 [INFO] X=352 Y=128 Src=0,64 - 32,96 TexW=384 TexH=384
2026-08-21 01:48:01 [INFO] X=384 Y=128 Src=32,64 - 64,96 TexW=384 TexH=384
2026-08-21 01:48:01 [INFO] X=416 Y=128 Src=64,64 - 96,96 TexW=384 TexH=384
2026-08-21 01:48:01 [INFO] X=448 Y=128 Src=96,64 - 128,96 TexW=384 TexH=384
2026-08-21 01:48:01 [INFO] X=480 Y=128 Src=0,64 - 32,96 TexW=384 TexH=384
2026-08-21 01:48:01 [INFO] X=512 Y=128 Src=32,64 - 64,96 TexW=384 TexH=384
2026-08-21 01:48:01 [INFO] X=544 Y=128 Src=64,64 - 96,96 TexW=384 TexH=384
2026-08-21 01:48:01 [INFO] X=-32 Y=160 Src=0,0 - 32,32 TexW=384 TexH=384
2026-08-21 01:48:01 [INFO] X=0 Y=160 Src=32,0 - 64,32 TexW=384 TexH=384
2026-08-21 01:48:01 [INFO] X=32 Y=160 Src=64,0 - 96,32 TexW=384 TexH=384
2026-08-21 01:48:01 [INFO] X=64 Y=160 Src=96,0 - 128,32 TexW=384 TexH=384
2026-08-21 01:48:01 [INFO] X=96 Y=160 Src=0,0 - 32,32 TexW=384 TexH=384
2026-08-21 01:48:01 [INFO] X=128 Y=160 Src=32,0 - 64,32 TexW=384 TexH=384
2026-08-21 01:48:01 [INFO] X=160 Y=160 Src=64,0 - 96,32 TexW=384 TexH=384
2026-08-21 01:48:01 [INFO] X=192 Y=160 Src=96,0 - 128,32 TexW=384 TexH=384
2026-08-21 01:48:01 [INFO] X=224 Y=160 Src=0,0 - 32,32 TexW=384 TexH=384
2026-08-21 01:48:01 [INFO] X=256 Y=160 Src=32,0 - 64,32 TexW=384 TexH=384
2026-08-21 01:48:01 [INFO] X=288 Y=160 Src=64,0 - 96,32 TexW=384 TexH=384
2026-08-21 01:48:01 [INFO] X=320 Y=160 Src=96,0 - 128,32 TexW=384 TexH=384
2026-08-21 01:48:01 [INFO] X=352 Y=160 Src=0,0 - 32,32 TexW=384 TexH=384
2026-08-21 01:48:01 [INFO] X=384 Y=160 Src=32,0 - 64,32 TexW=384 TexH=384
2026-08-21 01:48:01 [INFO] X=416 Y=160 Src=64,0 - 96,32 TexW=384 TexH=384
2026-08-21 01:48:01 [INFO] X=448 Y=160 Src=96,0 - 128,32 TexW=384 TexH=384
2026-08-21 01:48:01 [INFO] X=480 Y=160 Src=0,0 - 32,32 TexW=384 TexH=384
2026-08-21 01:48:01 [INFO] X=512 Y=160 Src=32,0 - 64,32 TexW=384 TexH=384
2026-08-21 01:48:01 [INFO] X=544 Y=160 Src=64,0 - 96,32 TexW=384 TexH=384
2026-08-21 01:48:01 [INFO] X=-32 Y=192 Src=0,64 - 32,96 TexW=384 TexH=384
2026-08-21 01:48:01 [INFO] X=0 Y=192 Src=32,64 - 64,96 TexW=384 TexH=384
2026-08-21 01:48:01 [INFO] X=32 Y=192 Src=64,64 - 96,96 TexW=384 TexH=384
2026-08-21 01:48:01 [INFO] X=64 Y=192 Src=96,64 - 128,96 TexW=384 TexH=384
2026-08-21 01:48:01 [INFO] X=96 Y=192 Src=0,64 - 32,96 TexW=384 TexH=384
2026-08-21 01:48:01 [INFO] X=128 Y=192 Src=32,64 - 64,96 TexW=384 TexH=384
2026-08-21 01:48:01 [INFO] X=160 Y=192 Src=64,64 - 96,96 TexW=384 TexH=384
2026-08-21 01:48:01 [INFO] X=192 Y=192 Src=96,64 - 128,96 TexW=384 TexH=384
2026-08-21 01:48:01 [INFO] X=224 Y=192 Src=0,64 - 32,96 TexW=384 TexH=384
2026-08-21 01:48:01 [INFO] X=256 Y=192 Src=32,64 - 64,96 TexW=384 TexH=384
2026-08-21 01:48:01 [INFO] X=288 Y=192 Src=64,64 - 96,96 TexW=384 TexH=384
2026-08-21 01:48:01 [INFO] X=320 Y=192 Src=96,64 - 128,96 TexW=384 TexH=384
2026-08-21 01:48:01 [INFO] X=352 Y=192 Src=0,64 - 32,96 TexW=384 TexH=384
2026-08-21 01:48:01 [INFO] X=384 Y=192 Src=32,64 - 64,96 TexW=384 TexH=384
2026-08-21 01:48:01 [INFO] X=416 Y=192 Src=64,64 - 96,96 TexW=384 TexH=384
2026-08-21 01:48:01 [INFO] X=448 Y=192 Src=96,64 - 128,96 TexW=384 TexH=384
2026-08-21 01:48:01 [INFO] X=480 Y=192 Src=0,64 - 32,96 TexW=384 TexH=384
2026-08-21 01:48:01 [INFO] X=512 Y=192 Src=32,64 - 64,96 TexW=384 TexH=384
2026-08-21 01:48:01 [INFO] X=544 Y=192 Src=64,64 - 96,96 TexW=384 TexH=384
2026-08-21 01:48:02 [INFO] X=-304 Y=-415 Src=0,0 - 64,95 TexW=64 TexH=95
2026-08-21 01:48:02 [INFO] X=-368 Y=-576 Src=0,0 - 256,256 TexW=256 TexH=256
2026-08-21 01:48:02 [INFO] X=-182 Y=-475 Src=0,0 - 77,155 TexW=77 TexH=155
2026-08-21 01:48:02 [INFO] X=-208 Y=-576 Src=0,0 - 256,256 TexW=256 TexH=256
2026-08-21 01:48:02 [INFO] X=48 Y=-320 Src=0,0 - 128,32 TexW=128 TexH=32
2026-08-21 01:48:02 [INFO] X=176 Y=-320 Src=0,0 - 128,32 TexW=128 TexH=32
2026-08-21 01:48:02 [INFO] X=464 Y=-320 Src=0,0 - 128,32 TexW=128 TexH=32
2026-08-21 01:48:02 [INFO] X=592 Y=-320 Src=0,0 - 128,32 TexW=128 TexH=32
2026-08-21 01:48:02 [INFO] X=-176 Y=-512 Src=0,0 - 256,256 TexW=256 TexH=256
2026-08-21 01:48:02 [INFO] X=208 Y=-512 Src=0,0 - 256,256 TexW=256 TexH=256
2026-08-21 01:48:02 [INFO] X=-352 Y=-256 Src=0,0 - 32,32 TexW=64 TexH=32
2026-08-21 01:48:02 [INFO] X=835 Y=-270 Src=0,0 - 26,46 TexW=174 TexH=181
2026-08-21 01:48:02 [INFO] X=-176 Y=-448 Src=0,0 - 256,256 TexW=256 TexH=256
2026-08-21 01:48:02 [INFO] X=48 Y=-224 Src=0,0 - 128,32 TexW=128 TexH=32
2026-08-21 01:48:02 [INFO] X=176 Y=-224 Src=0,0 - 128,32 TexW=128 TexH=32
2026-08-21 01:48:02 [INFO] X=384 Y=-224 Src=608,64 - 640,96 TexW=640 TexH=742
2026-08-21 01:48:02 [INFO] X=480 Y=-224 Src=608,64 - 640,96 TexW=640 TexH=742
2026-08-21 01:48:02 [INFO] X=464 Y=-224 Src=0,0 - 128,32 TexW=128 TexH=32
2026-08-21 01:48:02 [INFO] X=592 Y=-224 Src=0,0 - 128,32 TexW=128 TexH=32
2026-08-21 01:48:02 [INFO] X=-253 Y=-206 Src=0,0 - 26,46 TexW=149 TexH=181
2026-08-21 01:48:02 [INFO] X=163 Y=-206 Src=0,0 - 26,46 TexW=149 TexH=181
2026-08-21 01:48:02 [INFO] X=168 Y=-214 Src=64,0 - 80,16 TexW=708 TexH=202
2026-08-21 01:48:02 [INFO] X=-352 Y=-160 Src=0,0 - 32,32 TexW=64 TexH=32
2026-08-21 01:48:02 [INFO] X=352 Y=-160 Src=608,64 - 640,96 TexW=640 TexH=742
2026-08-21 01:48:02 [INFO] X=480 Y=-160 Src=608,64 - 640,96 TexW=640 TexH=742
2026-08-21 01:48:02 [INFO] X=74 Y=-251 Src=0,0 - 77,155 TexW=77 TexH=155
2026-08-21 01:48:02 [INFO] X=419 Y=-142 Src=0,0 - 26,46 TexW=149 TexH=181
2026-08-21 01:48:02 [INFO] X=424 Y=-150 Src=320,0 - 336,16 TexW=708 TexH=202
2026-08-21 01:48:02 [INFO] X=448 Y=-128 Src=256,96 - 288,128 TexW=640 TexH=742
2026-08-21 01:48:02 [INFO] X=586 Y=-251 Src=0,0 - 77,155 TexW=77 TexH=155
2026-08-21 01:48:02 [INFO] X=-32 Y=-64 Src=608,64 - 640,96 TexW=640 TexH=742
2026-08-21 01:48:02 [INFO] X=448 Y=-64 Src=608,64 - 640,96 TexW=640 TexH=742
2026-08-21 01:48:02 [INFO] X=464 Y=-288 Src=0,0 - 256,256 TexW=256 TexH=256
2026-08-21 01:48:02 [INFO] X=0 Y=0 Src=608,64 - 640,96 TexW=640 TexH=742
2026-08-21 01:48:02 [INFO] X=291 Y=-14 Src=0,0 - 26,46 TexW=149 TexH=181
2026-08-21 01:48:02 [INFO] X=296 Y=-22 Src=256,48 - 272,64 TexW=708 TexH=202
2026-08-21 01:48:02 [INFO] X=736 Y=-64 Src=0,96 - 96,192 TexW=288 TexH=192
2026-08-21 01:48:02 [INFO] X=656 Y=32 Src=0,0 - 64,32 TexW=64 TexH=32
2026-08-21 01:48:02 [INFO] X=867 Y=18 Src=0,0 - 26,46 TexW=149 TexH=181
2026-08-21 01:48:02 [INFO] X=872 Y=10 Src=0,0 - 16,16 TexW=708 TexH=202
2026-08-21 01:48:02 [INFO] X=-349 Y=50 Src=0,0 - 26,46 TexW=149 TexH=181
2026-08-21 01:48:02 [INFO] X=-344 Y=42 Src=384,16 - 400,32 TexW=708 TexH=202
2026-08-21 01:48:02 [INFO] X=-285 Y=50 Src=0,0 - 26,46 TexW=149 TexH=181
2026-08-21 01:48:02 [INFO] X=-280 Y=42 Src=384,16 - 400,32 TexW=708 TexH=202
2026-08-21 01:48:02 [INFO] X=-182 Y=-59 Src=0,0 - 77,155 TexW=77 TexH=155
2026-08-21 01:48:02 [INFO] X=-61 Y=50 Src=0,0 - 26,46 TexW=149 TexH=181
2026-08-21 01:48:02 [INFO] X=-56 Y=42 Src=272,128 - 288,144 TexW=708 TexH=202
2026-08-21 01:48:02 [INFO] X=42 Y=-59 Src=0,0 - 77,155 TexW=77 TexH=155
2026-08-21 01:48:02 [INFO] X=259 Y=178 Src=0,0 - 26,46 TexW=149 TexH=181
2026-08-21 01:48:02 [INFO] X=264 Y=170 Src=128,16 - 144,32 TexW=708 TexH=202
2026-08-21 01:48:02 [INFO] X=611 Y=306 Src=0,0 - 26,46 TexW=149 TexH=181
2026-08-21 01:48:02 [INFO] X=616 Y=298 Src=256,48 - 272,64 TexW=708 TexH=202
2026-08-21 01:48:02 [INFO] X=-368 Y=128 Src=0,0 - 256,256 TexW=256 TexH=256
2026-08-21 01:48:02 [INFO] X=-240 Y=128 Src=0,0 - 256,256 TexW=256 TexH=256
2026-08-21 01:48:02 [INFO] X=-112 Y=128 Src=0,0 - 256,256 TexW=256 TexH=256
2026-08-21 01:48:02 [INFO] X=283 Y=384 Src=909,512 - 952,576 TexW=1792 TexH=640
2026-08-21 01:48:02 [INFO] X=443 Y=384 Src=909,512 - 952,576 TexW=1792 TexH=640
2026-08-21 01:48:02 [INFO] X=592 Y=192 Src=0,0 - 256,256 TexW=256 TexH=256
2026-08-21 01:48:02 [INFO] X=688 Y=192 Src=0,0 - 256,256 TexW=256 TexH=256
2026-08-21 01:48:02 [INFO] X=323 Y=448 Src=26,0 - 52,96 TexW=234 TexH=97
2026-08-21 01:48:02 [INFO] X=355 Y=498 Src=0,0 - 26,46 TexW=149 TexH=181
2026-08-21 01:48:02 [INFO] X=360 Y=490 Src=384,32 - 400,48 TexW=708 TexH=202
2026-08-21 01:48:02 [INFO] X=384 Y=512 Src=64,672 - 96,704 TexW=640 TexH=742
2026-08-21 01:48:02 [INFO] X=419 Y=448 Src=26,0 - 52,96 TexW=234 TexH=97
2026-08-21 01:48:02 [INFO] X=-368 Y=320 Src=0,0 - 256,256 TexW=256 TexH=256
2026-08-21 01:48:02 [INFO] X=688 Y=384 Src=0,0 - 256,256 TexW=256 TexH=256
2026-08-21 01:48:02 [INFO] X=-368 Y=448 Src=0,0 - 256,256 TexW=256 TexH=256
2026-08-21 01:48:02 [INFO] X=-127 Y=636 Src=30,0 - 60,68 TexW=270 TexH=68
2026-08-21 01:48:02 [INFO] X=-208 Y=448 Src=0,0 - 256,256 TexW=256 TexH=256
2026-08-21 01:48:02 [INFO] X=-285 Y=690 Src=0,0 - 26,46 TexW=149 TexH=181
2026-08-21 01:48:02 [INFO] X=-280 Y=682 Src=64,0 - 80,16 TexW=708 TexH=202
2026-08-21 01:48:02 [INFO] X=-253 Y=690 Src=0,0 - 26,46 TexW=149 TexH=181
2026-08-21 01:48:02 [INFO] X=-248 Y=682 Src=639,64 - 655,80 TexW=708 TexH=202
2026-08-21 01:48:02 [INFO] X=-221 Y=690 Src=0,0 - 26,46 TexW=149 TexH=181
2026-08-21 01:48:02 [INFO] X=-216 Y=682 Src=272,128 - 288,144 TexW=708 TexH=202
2026-08-21 01:48:02 [INFO] X=-32 Y=-32 Src=0,0 - 32,32 TexW=512 TexH=128
2026-08-21 01:48:02 [INFO] X=0 Y=-32 Src=32,0 - 64,32 TexW=512 TexH=128
2026-08-21 01:48:02 [INFO] X=32 Y=-32 Src=64,0 - 96,32 TexW=512 TexH=128
2026-08-21 01:48:02 [INFO] X=32 Y=-32 Src=512,192 - 544,224 TexW=640 TexH=742
2026-08-21 01:48:02 [INFO] X=64 Y=-32 Src=96,0 - 128,32 TexW=512 TexH=128
2026-08-21 01:48:02 [INFO] X=96 Y=-32 Src=0,0 - 32,32 TexW=512 TexH=128
2026-08-21 01:48:02 [INFO] X=128 Y=-32 Src=32,0 - 64,32 TexW=512 TexH=128
2026-08-21 01:48:02 [INFO] X=160 Y=-32 Src=64,0 - 96,32 TexW=512 TexH=128
2026-08-21 01:48:02 [INFO] X=192 Y=-32 Src=96,0 - 128,32 TexW=512 TexH=128
2026-08-21 01:48:02 [INFO] X=224 Y=-32 Src=0,0 - 32,32 TexW=512 TexH=128
2026-08-21 01:48:02 [INFO] X=256 Y=-32 Src=32,0 - 64,32 TexW=512 TexH=128
2026-08-21 01:48:02 [INFO] X=288 Y=-32 Src=64,0 - 96,32 TexW=512 TexH=128
2026-08-21 01:48:02 [INFO] X=320 Y=-32 Src=96,0 - 128,32 TexW=512 TexH=128
2026-08-21 01:48:02 [INFO] X=352 Y=-32 Src=0,0 - 32,32 TexW=512 TexH=128
2026-08-21 01:48:02 [INFO] X=384 Y=-32 Src=32,0 - 64,32 TexW=512 TexH=128
2026-08-21 01:48:02 [INFO] X=362 Y=-58 Src=0,0 - 77,58 TexW=77 TexH=58
2026-08-21 01:48:02 [INFO] X=416 Y=-32 Src=64,0 - 96,32 TexW=512 TexH=128
2026-08-21 01:48:02 [INFO] X=448 Y=-32 Src=96,0 - 128,32 TexW=512 TexH=128
2026-08-21 01:48:02 [INFO] X=480 Y=-32 Src=0,0 - 32,32 TexW=512 TexH=128
2026-08-21 01:48:02 [INFO] X=512 Y=-32 Src=32,0 - 64,32 TexW=512 TexH=128
2026-08-21 01:48:02 [INFO] X=544 Y=-32 Src=64,0 - 96,32 TexW=512 TexH=128
2026-08-21 01:48:02 [INFO] X=-32 Y=0 Src=0,64 - 32,96 TexW=512 TexH=128
2026-08-21 01:48:02 [INFO] X=0 Y=0 Src=32,64 - 64,96 TexW=512 TexH=128
2026-08-21 01:48:02 [INFO] X=32 Y=0 Src=64,64 - 96,96 TexW=512 TexH=128
2026-08-21 01:48:02 [INFO] X=64 Y=0 Src=96,64 - 128,96 TexW=512 TexH=128
2026-08-21 01:48:02 [INFO] X=96 Y=0 Src=0,64 - 32,96 TexW=512 TexH=128
2026-08-21 01:48:02 [INFO] X=128 Y=0 Src=32,64 - 64,96 TexW=512 TexH=128
2026-08-21 01:48:02 [INFO] X=160 Y=0 Src=64,64 - 96,96 TexW=512 TexH=128
2026-08-21 01:48:02 [INFO] X=192 Y=0 Src=96,64 - 128,96 TexW=512 TexH=128
2026-08-21 01:48:02 [INFO] X=224 Y=0 Src=0,64 - 32,96 TexW=512 TexH=128
2026-08-21 01:48:02 [INFO] X=256 Y=0 Src=32,64 - 64,96 TexW=512 TexH=128
2026-08-21 01:48:02 [INFO] X=288 Y=0 Src=64,64 - 96,96 TexW=512 TexH=128
2026-08-21 01:48:02 [INFO] X=320 Y=0 Src=96,64 - 128,96 TexW=512 TexH=128
2026-08-21 01:48:02 [INFO] X=352 Y=0 Src=0,64 - 32,96 TexW=512 TexH=128
2026-08-21 01:48:02 [INFO] X=384 Y=0 Src=32,64 - 64,96 TexW=512 TexH=128
2026-08-21 01:48:02 [INFO] X=416 Y=0 Src=64,64 - 96,96 TexW=512 TexH=128
2026-08-21 01:48:02 [INFO] X=448 Y=0 Src=96,64 - 128,96 TexW=512 TexH=128
2026-08-21 01:48:02 [INFO] X=480 Y=0 Src=0,64 - 32,96 TexW=512 TexH=128
2026-08-21 01:48:02 [INFO] X=512 Y=0 Src=32,64 - 64,96 TexW=512 TexH=128
2026-08-21 01:48:02 [INFO] X=544 Y=0 Src=64,64 - 96,96 TexW=512 TexH=128
2026-08-21 01:48:02 [INFO] X=-32 Y=32 Src=256,0 - 288,32 TexW=384 TexH=384
2026-08-21 01:48:02 [INFO] X=-32 Y=32 Src=128,128 - 160,160 TexW=256 TexH=384
2026-08-21 01:48:02 [INFO] X=0 Y=32 Src=288,0 - 320,32 TexW=384 TexH=384
2026-08-21 01:48:02 [INFO] X=0 Y=32 Src=160,128 - 192,160 TexW=256 TexH=384
2026-08-21 01:48:02 [INFO] X=32 Y=32 Src=320,0 - 352,32 TexW=384 TexH=384
2026-08-21 01:48:02 [INFO] X=32 Y=32 Src=128,128 - 160,160 TexW=256 TexH=384
2026-08-21 01:48:02 [INFO] X=64 Y=32 Src=352,0 - 384,32 TexW=384 TexH=384
2026-08-21 01:48:02 [INFO] X=64 Y=32 Src=160,128 - 192,160 TexW=256 TexH=384
2026-08-21 01:48:02 [INFO] X=96 Y=32 Src=256,0 - 288,32 TexW=384 TexH=384
2026-08-21 01:48:02 [INFO] X=96 Y=32 Src=128,128 - 160,160 TexW=256 TexH=384
2026-08-21 01:48:02 [INFO] X=128 Y=32 Src=288,0 - 320,32 TexW=384 TexH=384
2026-08-21 01:48:02 [INFO] X=128 Y=32 Src=160,128 - 192,160 TexW=256 TexH=384
2026-08-21 01:48:02 [INFO] X=160 Y=32 Src=320,0 - 352,32 TexW=384 TexH=384
2026-08-21 01:48:02 [INFO] X=160 Y=32 Src=128,128 - 160,160 TexW=256 TexH=384
2026-08-21 01:48:02 [INFO] X=192 Y=32 Src=352,0 - 384,32 TexW=384 TexH=384
2026-08-21 01:48:02 [INFO] X=192 Y=32 Src=160,128 - 192,160 TexW=256 TexH=384
2026-08-21 01:48:02 [INFO] X=224 Y=32 Src=256,0 - 288,32 TexW=384 TexH=384
2026-08-21 01:48:02 [INFO] X=224 Y=32 Src=128,128 - 160,160 TexW=256 TexH=384
2026-08-21 01:48:02 [INFO] X=256 Y=32 Src=288,0 - 320,32 TexW=384 TexH=384
2026-08-21 01:48:02 [INFO] X=256 Y=32 Src=160,128 - 192,160 TexW=256 TexH=384
2026-08-21 01:48:02 [INFO] X=288 Y=32 Src=320,0 - 352,32 TexW=384 TexH=384
2026-08-21 01:48:02 [INFO] X=288 Y=32 Src=128,128 - 160,160 TexW=256 TexH=384
2026-08-21 01:48:02 [INFO] X=320 Y=32 Src=352,0 - 384,32 TexW=384 TexH=384
2026-08-21 01:48:02 [INFO] X=320 Y=32 Src=160,128 - 192,160 TexW=256 TexH=384
2026-08-21 01:48:02 [INFO] X=352 Y=32 Src=256,0 - 288,32 TexW=384 TexH=384
2026-08-21 01:48:02 [INFO] X=352 Y=32 Src=128,128 - 160,160 TexW=256 TexH=384
2026-08-21 01:48:02 [INFO] X=384 Y=32 Src=288,0 - 320,32 TexW=384 TexH=384
2026-08-21 01:48:02 [INFO] X=384 Y=32 Src=160,128 - 192,160 TexW=256 TexH=384
2026-08-21 01:48:02 [INFO] X=416 Y=32 Src=320,0 - 352,32 TexW=384 TexH=384
2026-08-21 01:48:02 [INFO] X=416 Y=32 Src=128,128 - 160,160 TexW=256 TexH=384
2026-08-21 01:48:02 [INFO] X=448 Y=32 Src=352,0 - 384,32 TexW=384 TexH=384
2026-08-21 01:48:02 [INFO] X=448 Y=32 Src=160,128 - 192,160 TexW=256 TexH=384
2026-08-21 01:48:02 [INFO] X=480 Y=32 Src=256,0 - 288,32 TexW=384 TexH=384
2026-08-21 01:48:02 [INFO] X=480 Y=32 Src=128,128 - 160,160 TexW=256 TexH=384
2026-08-21 01:48:02 [INFO] X=512 Y=32 Src=288,0 - 320,32 TexW=384 TexH=384
2026-08-21 01:48:02 [INFO] X=512 Y=32 Src=160,128 - 192,160 TexW=256 TexH=384
2026-08-21 01:48:02 [INFO] X=544 Y=32 Src=320,0 - 352,32 TexW=384 TexH=384
2026-08-21 01:48:02 [INFO] X=544 Y=32 Src=128,128 - 160,160 TexW=256 TexH=384
2026-08-21 01:48:02 [INFO] X=-32 Y=64 Src=256,64 - 288,96 TexW=384 TexH=384
2026-08-21 01:48:02 [INFO] X=0 Y=64 Src=288,64 - 320,96 TexW=384 TexH=384
2026-08-21 01:48:02 [INFO] X=32 Y=64 Src=320,64 - 352,96 TexW=384 TexH=384
2026-08-21 01:48:02 [INFO] X=64 Y=64 Src=352,64 - 384,96 TexW=384 TexH=384
2026-08-21 01:48:02 [INFO] X=96 Y=64 Src=256,64 - 288,96 TexW=384 TexH=384
2026-08-21 01:48:02 [INFO] X=128 Y=64 Src=288,64 - 320,96 TexW=384 TexH=384
2026-08-21 01:48:02 [INFO] X=160 Y=64 Src=320,64 - 352,96 TexW=384 TexH=384
2026-08-21 01:48:02 [INFO] X=192 Y=64 Src=352,64 - 384,96 TexW=384 TexH=384
2026-08-21 01:48:02 [INFO] X=224 Y=64 Src=256,64 - 288,96 TexW=384 TexH=384
2026-08-21 01:48:02 [INFO] X=256 Y=64 Src=288,64 - 320,96 TexW=384 TexH=384
2026-08-21 01:48:02 [INFO] X=288 Y=64 Src=320,64 - 352,96 TexW=384 TexH=384
2026-08-21 01:48:02 [INFO] X=320 Y=64 Src=352,64 - 384,96 TexW=384 TexH=384
2026-08-21 01:48:02 [INFO] X=352 Y=64 Src=256,64 - 288,96 TexW=384 TexH=384
2026-08-21 01:48:02 [INFO] X=384 Y=64 Src=288,64 - 320,96 TexW=384 TexH=384
2026-08-21 01:48:02 [INFO] X=416 Y=64 Src=320,64 - 352,96 TexW=384 TexH=384
2026-08-21 01:48:02 [INFO] X=448 Y=64 Src=352,64 - 384,96 TexW=384 TexH=384
2026-08-21 01:48:02 [INFO] X=480 Y=64 Src=256,64 - 288,96 TexW=384 TexH=384
2026-08-21 01:48:02 [INFO] X=512 Y=64 Src=288,64 - 320,96 TexW=384 TexH=384
2026-08-21 01:48:02 [INFO] X=544 Y=64 Src=320,64 - 352,96 TexW=384 TexH=384
2026-08-21 01:48:02 [INFO] X=-32 Y=96 Src=256,0 - 288,32 TexW=384 TexH=384
2026-08-21 01:48:02 [INFO] X=0 Y=96 Src=288,0 - 320,32 TexW=384 TexH=384
2026-08-21 01:48:02 [INFO] X=32 Y=96 Src=320,0 - 352,32 TexW=384 TexH=384
2026-08-21 01:48:02 [INFO] X=64 Y=96 Src=352,0 - 384,32 TexW=384 TexH=384
2026-08-21 01:48:02 [INFO] X=96 Y=96 Src=256,0 - 288,32 TexW=384 TexH=384
2026-08-21 01:48:02 [INFO] X=128 Y=96 Src=288,0 - 320,32 TexW=384 TexH=384
2026-08-21 01:48:02 [INFO] X=160 Y=96 Src=320,0 - 352,32 TexW=384 TexH=384
2026-08-21 01:48:02 [INFO] X=192 Y=96 Src=352,0 - 384,32 TexW=384 TexH=384
2026-08-21 01:48:02 [INFO] X=224 Y=96 Src=256,0 - 288,32 TexW=384 TexH=384
2026-08-21 01:48:02 [INFO] X=256 Y=96 Src=288,0 - 320,32 TexW=384 TexH=384
2026-08-21 01:48:02 [INFO] X=288 Y=96 Src=320,0 - 352,32 TexW=384 TexH=384
2026-08-21 01:48:02 [INFO] X=320 Y=96 Src=352,0 - 384,32 TexW=384 TexH=384
2026-08-21 01:48:02 [INFO] X=352 Y=96 Src=256,0 - 288,32 TexW=384 TexH=384
2026-08-21 01:48:02 [INFO] X=384 Y=96 Src=288,0 - 320,32 TexW=384 TexH=384
2026-08-21 01:48:02 [INFO] X=416 Y=96 Src=320,0 - 352,32 TexW=384 TexH=384
2026-08-21 01:48:02 [INFO] X=448 Y=96 Src=352,0 - 384,32 TexW=384 TexH=384
2026-08-21 01:48:02 [INFO] X=480 Y=96 Src=256,0 - 288,32 TexW=384 TexH=384
2026-08-21 01:48:02 [INFO] X=512 Y=96 Src=288,0 - 320,32 TexW=384 TexH=384
2026-08-21 01:48:02 [INFO] X=544 Y=96 Src=320,0 - 352,32 TexW=384 TexH=384
2026-08-21 01:48:02 [INFO] X=-32 Y=128 Src=256,64 - 288,96 TexW=384 TexH=384
2026-08-21 01:48:02 [INFO] X=0 Y=128 Src=288,64 - 320,96 TexW=384 TexH=384
2026-08-21 01:48:02 [INFO] X=32 Y=128 Src=320,64 - 352,96 TexW=384 TexH=384
2026-08-21 01:48:02 [INFO] X=64 Y=128 Src=352,64 - 384,96 TexW=384 TexH=384
2026-08-21 01:48:02 [INFO] X=96 Y=128 Src=256,64 - 288,96 TexW=384 TexH=384
2026-08-21 01:48:02 [INFO] X=128 Y=128 Src=288,64 - 320,96 TexW=384 TexH=384
2026-08-21 01:48:02 [INFO] X=160 Y=128 Src=320,64 - 352,96 TexW=384 TexH=384
2026-08-21 01:48:02 [INFO] X=192 Y=128 Src=352,64 - 384,96 TexW=384 TexH=384
2026-08-21 01:48:02 [INFO] X=224 Y=128 Src=256,64 - 288,96 TexW=384 TexH=384
2026-08-21 01:48:02 [INFO] X=256 Y=128 Src=288,64 - 320,96 TexW=384 TexH=384
2026-08-21 01:48:02 [INFO] X=288 Y=128 Src=320,64 - 352,96 TexW=384 TexH=384
2026-08-21 01:48:02 [INFO] X=320 Y=128 Src=352,64 - 384,96 TexW=384 TexH=384
2026-08-21 01:48:02 [INFO] X=352 Y=128 Src=256,64 - 288,96 TexW=384 TexH=384
2026-08-21 01:48:02 [INFO] X=384 Y=128 Src=288,64 - 320,96 TexW=384 TexH=384
2026-08-21 01:48:02 [INFO] X=416 Y=128 Src=320,64 - 352,96 TexW=384 TexH=384
2026-08-21 01:48:02 [INFO] X=448 Y=128 Src=352,64 - 384,96 TexW=384 TexH=384
2026-08-21 01:48:02 [INFO] X=480 Y=128 Src=256,64 - 288,96 TexW=384 TexH=384
2026-08-21 01:48:02 [INFO] X=512 Y=128 Src=288,64 - 320,96 TexW=384 TexH=384
2026-08-21 01:48:02 [INFO] X=544 Y=128 Src=320,64 - 352,96 TexW=384 TexH=384
2026-08-21 01:48:02 [INFO] X=-32 Y=160 Src=256,0 - 288,32 TexW=384 TexH=384
2026-08-21 01:48:02 [INFO] X=0 Y=160 Src=288,0 - 320,32 TexW=384 TexH=384
2026-08-21 01:48:02 [INFO] X=32 Y=160 Src=320,0 - 352,32 TexW=384 TexH=384
2026-08-21 01:48:02 [INFO] X=64 Y=160 Src=352,0 - 384,32 TexW=384 TexH=384
2026-08-21 01:48:02 [INFO] X=96 Y=160 Src=256,0 - 288,32 TexW=384 TexH=384
2026-08-21 01:48:02 [INFO] X=128 Y=160 Src=288,0 - 320,32 TexW=384 TexH=384
2026-08-21 01:48:02 [INFO] X=160 Y=160 Src=320,0 - 352,32 TexW=384 TexH=384
2026-08-21 01:48:02 [INFO] X=192 Y=160 Src=352,0 - 384,32 TexW=384 TexH=384
2026-08-21 01:48:02 [INFO] X=224 Y=160 Src=256,0 - 288,32 TexW=384 TexH=384
2026-08-21 01:48:02 [INFO] X=256 Y=160 Src=288,0 - 320,32 TexW=384 TexH=384
2026-08-21 01:48:02 [INFO] X=288 Y=160 Src=320,0 - 352,32 TexW=384 TexH=384
2026-08-21 01:48:02 [INFO] X=320 Y=160 Src=352,0 - 384,32 TexW=384 TexH=384
2026-08-21 01:48:02 [INFO] X=352 Y=160 Src=256,0 - 288,32 TexW=384 TexH=384
2026-08-21 01:48:02 [INFO] X=384 Y=160 Src=288,0 - 320,32 TexW=384 TexH=384
2026-08-21 01:48:02 [INFO] X=416 Y=160 Src=320,0 - 352,32 TexW=384 TexH=384
2026-08-21 01:48:02 [INFO] X=448 Y=160 Src=352,0 - 384,32 TexW=384 TexH=384
2026-08-21 01:48:02 [INFO] X=480 Y=160 Src=256,0 - 288,32 TexW=384 TexH=384
2026-08-21 01:48:02 [INFO] X=512 Y=160 Src=288,0 - 320,32 TexW=384 TexH=384
2026-08-21 01:48:02 [INFO] X=544 Y=160 Src=320,0 - 352,32 TexW=384 TexH=384
2026-08-21 01:48:02 [INFO] X=-32 Y=192 Src=256,64 - 288,96 TexW=384 TexH=384
2026-08-21 01:48:02 [INFO] X=0 Y=192 Src=288,64 - 320,96 TexW=384 TexH=384
2026-08-21 01:48:02 [INFO] X=32 Y=192 Src=320,64 - 352,96 TexW=384 TexH=384
2026-08-21 01:48:02 [INFO] X=64 Y=192 Src=352,64 - 384,96 TexW=384 TexH=384
2026-08-21 01:48:02 [INFO] X=96 Y=192 Src=256,64 - 288,96 TexW=384 TexH=384
2026-08-21 01:48:02 [INFO] X=128 Y=192 Src=288,64 - 320,96 TexW=384 TexH=384
2026-08-21 01:48:02 [INFO] X=160 Y=192 Src=320,64 - 352,96 TexW=384 TexH=384
2026-08-21 01:48:02 [INFO] X=192 Y=192 Src=352,64 - 384,96 TexW=384 TexH=384
2026-08-21 01:48:02 [INFO] X=224 Y=192 Src=256,64 - 288,96 TexW=384 TexH=384
2026-08-21 01:48:02 [INFO] X=256 Y=192 Src=288,64 - 320,96 TexW=384 TexH=384
2026-08-21 01:48:02 [INFO] X=288 Y=192 Src=320,64 - 352,96 TexW=384 TexH=384
2026-08-21 01:48:02 [INFO] X=320 Y=192 Src=352,64 - 384,96 TexW=384 TexH=384
2026-08-21 01:48:02 [INFO] X=352 Y=192 Src=256,64 - 288,96 TexW=384 TexH=384
2026-08-21 01:48:02 [INFO] X=384 Y=192 Src=288,64 - 320,96 TexW=384 TexH=384
2026-08-21 01:48:02 [INFO] X=416 Y=192 Src=320,64 - 352,96 TexW=384 TexH=384
2026-08-21 01:48:02 [INFO] X=448 Y=192 Src=352,64 - 384,96 TexW=384 TexH=384
2026-08-21 01:48:02 [INFO] X=480 Y=192 Src=256,64 - 288,96 TexW=384 TexH=384
2026-08-21 01:48:02 [INFO] X=512 Y=192 Src=288,64 - 320,96 TexW=384 TexH=384
2026-08-21 01:48:02 [INFO] X=544 Y=192 Src=320,64 - 352,96 TexW=384 TexH=384
2026-08-21 01:48:02 [INFO] X=-304 Y=-415 Src=0,0 - 64,95 TexW=64 TexH=95
2026-08-21 01:48:02 [INFO] X=-368 Y=-576 Src=0,0 - 256,256 TexW=256 TexH=256
2026-08-21 01:48:02 [INFO] X=-182 Y=-475 Src=0,0 - 77,155 TexW=77 TexH=155
2026-08-21 01:48:02 [INFO] X=-208 Y=-576 Src=0,0 - 256,256 TexW=256 TexH=256
2026-08-21 01:48:02 [INFO] X=48 Y=-320 Src=0,0 - 128,32 TexW=128 TexH=32
2026-08-21 01:48:02 [INFO] X=176 Y=-320 Src=0,0 - 128,32 TexW=128 TexH=32
2026-08-21 01:48:02 [INFO] X=464 Y=-320 Src=0,0 - 128,32 TexW=128 TexH=32
2026-08-21 01:48:02 [INFO] X=592 Y=-320 Src=0,0 - 128,32 TexW=128 TexH=32
2026-08-21 01:48:02 [INFO] X=-176 Y=-512 Src=0,0 - 256,256 TexW=256 TexH=256
2026-08-21 01:48:02 [INFO] X=208 Y=-512 Src=0,0 - 256,256 TexW=256 TexH=256
2026-08-21 01:48:02 [INFO] X=-352 Y=-256 Src=0,0 - 32,32 TexW=64 TexH=32
2026-08-21 01:48:02 [INFO] X=835 Y=-270 Src=0,0 - 26,46 TexW=174 TexH=181
2026-08-21 01:48:02 [INFO] X=-176 Y=-448 Src=0,0 - 256,256 TexW=256 TexH=256
2026-08-21 01:48:02 [INFO] X=48 Y=-224 Src=0,0 - 128,32 TexW=128 TexH=32
2026-08-21 01:48:02 [INFO] X=176 Y=-224 Src=0,0 - 128,32 TexW=128 TexH=32
2026-08-21 01:48:02 [INFO] X=384 Y=-224 Src=608,64 - 640,96 TexW=640 TexH=742
2026-08-21 01:48:02 [INFO] X=480 Y=-224 Src=608,64 - 640,96 TexW=640 TexH=742
2026-08-21 01:48:02 [INFO] X=464 Y=-224 Src=0,0 - 128,32 TexW=128 TexH=32
2026-08-21 01:48:02 [INFO] X=592 Y=-224 Src=0,0 - 128,32 TexW=128 TexH=32
2026-08-21 01:48:02 [INFO] X=-253 Y=-206 Src=0,0 - 26,46 TexW=149 TexH=181
2026-08-21 01:48:02 [INFO] X=163 Y=-206 Src=0,0 - 26,46 TexW=149 TexH=181
2026-08-21 01:48:02 [INFO] X=168 Y=-214 Src=64,0 - 80,16 TexW=708 TexH=202
2026-08-21 01:48:02 [INFO] X=-352 Y=-160 Src=0,0 - 32,32 TexW=64 TexH=32
2026-08-21 01:48:02 [INFO] X=352 Y=-160 Src=608,64 - 640,96 TexW=640 TexH=742
2026-08-21 01:48:02 [INFO] X=480 Y=-160 Src=608,64 - 640,96 TexW=640 TexH=742
2026-08-21 01:48:02 [INFO] X=74 Y=-251 Src=0,0 - 77,155 TexW=77 TexH=155
2026-08-21 01:48:02 [INFO] X=419 Y=-142 Src=0,0 - 26,46 TexW=149 TexH=181
2026-08-21 01:48:02 [INFO] X=424 Y=-150 Src=320,0 - 336,16 TexW=708 TexH=202
2026-08-21 01:48:02 [INFO] X=448 Y=-128 Src=256,96 - 288,128 TexW=640 TexH=742
2026-08-21 01:48:02 [INFO] X=586 Y=-251 Src=0,0 - 77,155 TexW=77 TexH=155
2026-08-21 01:48:02 [INFO] X=-32 Y=-64 Src=608,64 - 640,96 TexW=640 TexH=742
2026-08-21 01:48:02 [INFO] X=448 Y=-64 Src=608,64 - 640,96 TexW=640 TexH=742
2026-08-21 01:48:02 [INFO] X=464 Y=-288 Src=0,0 - 256,256 TexW=256 TexH=256
2026-08-21 01:48:02 [INFO] X=0 Y=0 Src=608,64 - 640,96 TexW=640 TexH=742
2026-08-21 01:48:02 [INFO] X=291 Y=-14 Src=0,0 - 26,46 TexW=149 TexH=181
2026-08-21 01:48:02 [INFO] X=296 Y=-22 Src=256,48 - 272,64 TexW=708 TexH=202
2026-08-21 01:48:02 [INFO] X=736 Y=-64 Src=0,96 - 96,192 TexW=288 TexH=192
2026-08-21 01:48:02 [INFO] X=656 Y=32 Src=0,0 - 64,32 TexW=64 TexH=32
2026-08-21 01:48:02 [INFO] X=867 Y=18 Src=0,0 - 26,46 TexW=149 TexH=181
2026-08-21 01:48:02 [INFO] X=872 Y=10 Src=0,0 - 16,16 TexW=708 TexH=202
2026-08-21 01:48:02 [INFO] X=-349 Y=50 Src=0,0 - 26,46 TexW=149 TexH=181
2026-08-21 01:48:02 [INFO] X=-344 Y=42 Src=384,16 - 400,32 TexW=708 TexH=202
2026-08-21 01:48:02 [INFO] X=-285 Y=50 Src=0,0 - 26,46 TexW=149 TexH=181
2026-08-21 01:48:02 [INFO] X=-280 Y=42 Src=384,16 - 400,32 TexW=708 TexH=202
2026-08-21 01:48:02 [INFO] X=-182 Y=-59 Src=0,0 - 77,155 TexW=77 TexH=155
2026-08-21 01:48:02 [INFO] X=-61 Y=50 Src=0,0 - 26,46 TexW=149 TexH=181
2026-08-21 01:48:02 [INFO] X=-56 Y=42 Src=272,128 - 288,144 TexW=708 TexH=202
2026-08-21 01:48:02 [INFO] X=42 Y=-59 Src=0,0 - 77,155 TexW=77 TexH=155
2026-08-21 01:48:02 [INFO] X=259 Y=178 Src=0,0 - 26,46 TexW=149 TexH=181
2026-08-21 01:48:02 [INFO] X=264 Y=170 Src=128,16 - 144,32 TexW=708 TexH=202
2026-08-21 01:48:02 [INFO] X=611 Y=306 Src=0,0 - 26,46 TexW=149 TexH=181
2026-08-21 01:48:02 [INFO] X=616 Y=298 Src=256,48 - 272,64 TexW=708 TexH=202
2026-08-21 01:48:02 [INFO] X=-368 Y=128 Src=0,0 - 256,256 TexW=256 TexH=256
2026-08-21 01:48:02 [INFO] X=-240 Y=128 Src=0,0 - 256,256 TexW=256 TexH=256
2026-08-21 01:48:02 [INFO] X=-112 Y=128 Src=0,0 - 256,256 TexW=256 TexH=256
2026-08-21 01:48:02 [INFO] X=283 Y=384 Src=737,512 - 780,576 TexW=1792 TexH=640
2026-08-21 01:48:02 [INFO] X=443 Y=384 Src=737,512 - 780,576 TexW=1792 TexH=640
2026-08-21 01:48:02 [INFO] X=592 Y=192 Src=0,0 - 256,256 TexW=256 TexH=256
2026-08-21 01:48:02 [INFO] X=688 Y=192 Src=0,0 - 256,256 TexW=256 TexH=256
2026-08-21 01:48:02 [INFO] X=323 Y=448 Src=130,0 - 156,96 TexW=234 TexH=97
2026-08-21 01:48:02 [INFO] X=355 Y=498 Src=0,0 - 26,46 TexW=149 TexH=181
2026-08-21 01:48:02 [INFO] X=360 Y=490 Src=384,32 - 400,48 TexW=708 TexH=202
2026-08-21 01:48:02 [INFO] X=384 Y=512 Src=64,672 - 96,704 TexW=640 TexH=742
2026-08-21 01:48:02 [INFO] X=419 Y=448 Src=130,0 - 156,96 TexW=234 TexH=97
2026-08-21 01:48:02 [INFO] X=-368 Y=320 Src=0,0 - 256,256 TexW=256 TexH=256
2026-08-21 01:48:02 [INFO] X=688 Y=384 Src=0,0 - 256,256 TexW=256 TexH=256
2026-08-21 01:48:02 [INFO] X=-368 Y=448 Src=0,0 - 256,256 TexW=256 TexH=256
2026-08-21 01:48:02 [INFO] X=-127 Y=636 Src=150,0 - 180,68 TexW=270 TexH=68
2026-08-21 01:48:02 [INFO] X=-208 Y=448 Src=0,0 - 256,256 TexW=256 TexH=256
2026-08-21 01:48:02 [INFO] X=-285 Y=690 Src=0,0 - 26,46 TexW=149 TexH=181
2026-08-21 01:48:02 [INFO] X=-280 Y=682 Src=64,0 - 80,16 TexW=708 TexH=202
2026-08-21 01:48:02 [INFO] X=-253 Y=690 Src=0,0 - 26,46 TexW=149 TexH=181
2026-08-21 01:48:02 [INFO] X=-248 Y=682 Src=639,64 - 655,80 TexW=708 TexH=202
2026-08-21 01:48:02 [INFO] X=-221 Y=690 Src=0,0 - 26,46 TexW=149 TexH=181
2026-08-21 01:48:02 [INFO] X=-216 Y=682 Src=272,128 - 288,144 TexW=708 TexH=202
2026-08-21 01:48:02 [INFO] X=-32 Y=-32 Src=0,0 - 32,32 TexW=512 TexH=128
2026-08-21 01:48:02 [INFO] X=0 Y=-32 Src=32,0 - 64,32 TexW=512 TexH=128
2026-08-21 01:48:02 [INFO] X=32 Y=-32 Src=64,0 - 96,32 TexW=512 TexH=128
2026-08-21 01:48:02 [INFO] X=32 Y=-32 Src=512,192 - 544,224 TexW=640 TexH=742
2026-08-21 01:48:02 [INFO] X=64 Y=-32 Src=96,0 - 128,32 TexW=512 TexH=128
2026-08-21 01:48:02 [INFO] X=96 Y=-32 Src=0,0 - 32,32 TexW=512 TexH=128
2026-08-21 01:48:02 [INFO] X=128 Y=-32 Src=32,0 - 64,32 TexW=512 TexH=128
2026-08-21 01:48:03 [INFO] X=160 Y=-32 Src=64,0 - 96,32 TexW=512 TexH=128
2026-08-21 01:48:03 [INFO] X=192 Y=-32 Src=96,0 - 128,32 TexW=512 TexH=128
2026-08-21 01:48:03 [INFO] X=224 Y=-32 Src=0,0 - 32,32 TexW=512 TexH=128
2026-08-21 01:48:03 [INFO] X=256 Y=-32 Src=32,0 - 64,32 TexW=512 TexH=128
2026-08-21 01:48:03 [INFO] X=288 Y=-32 Src=64,0 - 96,32 TexW=512 TexH=128
2026-08-21 01:48:03 [INFO] X=320 Y=-32 Src=96,0 - 128,32 TexW=512 TexH=128
2026-08-21 01:48:03 [INFO] X=352 Y=-32 Src=0,0 - 32,32 TexW=512 TexH=128
2026-08-21 01:48:03 [INFO] X=384 Y=-32 Src=32,0 - 64,32 TexW=512 TexH=128
2026-08-21 01:48:03 [INFO] X=362 Y=-58 Src=0,0 - 77,58 TexW=77 TexH=58
2026-08-21 01:48:03 [INFO] X=416 Y=-32 Src=64,0 - 96,32 TexW=512 TexH=128
2026-08-21 01:48:03 [INFO] X=448 Y=-32 Src=96,0 - 128,32 TexW=512 TexH=128
2026-08-21 01:48:03 [INFO] X=480 Y=-32 Src=0,0 - 32,32 TexW=512 TexH=128
2026-08-21 01:48:03 [INFO] X=512 Y=-32 Src=32,0 - 64,32 TexW=512 TexH=128
2026-08-21 01:48:03 [INFO] X=544 Y=-32 Src=64,0 - 96,32 TexW=512 TexH=128
2026-08-21 01:48:03 [INFO] X=-32 Y=0 Src=0,64 - 32,96 TexW=512 TexH=128
2026-08-21 01:48:03 [INFO] X=0 Y=0 Src=32,64 - 64,96 TexW=512 TexH=128
2026-08-21 01:48:03 [INFO] X=32 Y=0 Src=64,64 - 96,96 TexW=512 TexH=128
2026-08-21 01:48:03 [INFO] X=64 Y=0 Src=96,64 - 128,96 TexW=512 TexH=128
2026-08-21 01:48:03 [INFO] X=96 Y=0 Src=0,64 - 32,96 TexW=512 TexH=128
2026-08-21 01:48:03 [INFO] X=128 Y=0 Src=32,64 - 64,96 TexW=512 TexH=128
2026-08-21 01:48:03 [INFO] X=160 Y=0 Src=64,64 - 96,96 TexW=512 TexH=128
2026-08-21 01:48:03 [INFO] X=192 Y=0 Src=96,64 - 128,96 TexW=512 TexH=128
2026-08-21 01:48:03 [INFO] X=224 Y=0 Src=0,64 - 32,96 TexW=512 TexH=128
2026-08-21 01:48:03 [INFO] X=256 Y=0 Src=32,64 - 64,96 TexW=512 TexH=128
2026-08-21 01:48:03 [INFO] X=288 Y=0 Src=64,64 - 96,96 TexW=512 TexH=128
2026-08-21 01:48:03 [INFO] X=320 Y=0 Src=96,64 - 128,96 TexW=512 TexH=128
2026-08-21 01:48:03 [INFO] X=352 Y=0 Src=0,64 - 32,96 TexW=512 TexH=128
2026-08-21 01:48:03 [INFO] X=384 Y=0 Src=32,64 - 64,96 TexW=512 TexH=128
2026-08-21 01:48:03 [INFO] X=416 Y=0 Src=64,64 - 96,96 TexW=512 TexH=128
2026-08-21 01:48:03 [INFO] X=448 Y=0 Src=96,64 - 128,96 TexW=512 TexH=128
2026-08-21 01:48:03 [INFO] X=480 Y=0 Src=0,64 - 32,96 TexW=512 TexH=128
2026-08-21 01:48:03 [INFO] X=512 Y=0 Src=32,64 - 64,96 TexW=512 TexH=128
2026-08-21 01:48:03 [INFO] X=544 Y=0 Src=64,64 - 96,96 TexW=512 TexH=128
2026-08-21 01:48:03 [INFO] X=-32 Y=32 Src=256,0 - 288,32 TexW=384 TexH=384
2026-08-21 01:48:03 [INFO] X=-32 Y=32 Src=128,128 - 160,160 TexW=256 TexH=384
2026-08-21 01:48:03 [INFO] X=0 Y=32 Src=288,0 - 320,32 TexW=384 TexH=384
2026-08-21 01:48:03 [INFO] X=0 Y=32 Src=160,128 - 192,160 TexW=256 TexH=384
2026-08-21 01:48:03 [INFO] X=32 Y=32 Src=320,0 - 352,32 TexW=384 TexH=384
2026-08-21 01:48:03 [INFO] X=32 Y=32 Src=128,128 - 160,160 TexW=256 TexH=384
2026-08-21 01:48:03 [INFO] X=64 Y=32 Src=352,0 - 384,32 TexW=384 TexH=384
2026-08-21 01:48:03 [INFO] X=64 Y=32 Src=160,128 - 192,160 TexW=256 TexH=384
2026-08-21 01:48:03 [INFO] X=96 Y=32 Src=256,0 - 288,32 TexW=384 TexH=384
2026-08-21 01:48:03 [INFO] X=96 Y=32 Src=128,128 - 160,160 TexW=256 TexH=384
2026-08-21 01:48:03 [INFO] X=128 Y=32 Src=288,0 - 320,32 TexW=384 TexH=384
2026-08-21 01:48:03 [INFO] X=128 Y=32 Src=160,128 - 192,160 TexW=256 TexH=384
2026-08-21 01:48:03 [INFO] X=160 Y=32 Src=320,0 - 352,32 TexW=384 TexH=384
2026-08-21 01:48:03 [INFO] X=160 Y=32 Src=128,128 - 160,160 TexW=256 TexH=384
2026-08-21 01:48:03 [INFO] X=192 Y=32 Src=352,0 - 384,32 TexW=384 TexH=384
2026-08-21 01:48:03 [INFO] X=192 Y=32 Src=160,128 - 192,160 TexW=256 TexH=384
2026-08-21 01:48:03 [INFO] X=224 Y=32 Src=256,0 - 288,32 TexW=384 TexH=384
2026-08-21 01:48:03 [INFO] X=224 Y=32 Src=128,128 - 160,160 TexW=256 TexH=384
2026-08-21 01:48:03 [INFO] X=256 Y=32 Src=288,0 - 320,32 TexW=384 TexH=384
2026-08-21 01:48:03 [INFO] X=256 Y=32 Src=160,128 - 192,160 TexW=256 TexH=384
2026-08-21 01:48:03 [INFO] X=288 Y=32 Src=320,0 - 352,32 TexW=384 TexH=384
2026-08-21 01:48:03 [INFO] X=288 Y=32 Src=128,128 - 160,160 TexW=256 TexH=384
2026-08-21 01:48:03 [INFO] X=320 Y=32 Src=352,0 - 384,32 TexW=384 TexH=384
2026-08-21 01:48:03 [INFO] X=320 Y=32 Src=160,128 - 192,160 TexW=256 TexH=384
2026-08-21 01:48:03 [INFO] X=352 Y=32 Src=256,0 - 288,32 TexW=384 TexH=384
2026-08-21 01:48:03 [INFO] X=352 Y=32 Src=128,128 - 160,160 TexW=256 TexH=384
2026-08-21 01:48:03 [INFO] X=384 Y=32 Src=288,0 - 320,32 TexW=384 TexH=384
2026-08-21 01:48:03 [INFO] X=384 Y=32 Src=160,128 - 192,160 TexW=256 TexH=384
2026-08-21 01:48:03 [INFO] X=416 Y=32 Src=320,0 - 352,32 TexW=384 TexH=384
2026-08-21 01:48:03 [INFO] X=416 Y=32 Src=128,128 - 160,160 TexW=256 TexH=384
2026-08-21 01:48:03 [INFO] X=448 Y=32 Src=352,0 - 384,32 TexW=384 TexH=384
2026-08-21 01:48:03 [INFO] X=448 Y=32 Src=160,128 - 192,160 TexW=256 TexH=384
2026-08-21 01:48:03 [INFO] X=480 Y=32 Src=256,0 - 288,32 TexW=384 TexH=384
2026-08-21 01:48:03 [INFO] X=480 Y=32 Src=128,128 - 160,160 TexW=256 TexH=384
2026-08-21 01:48:03 [INFO] X=512 Y=32 Src=288,0 - 320,32 TexW=384 TexH=384
2026-08-21 01:48:03 [INFO] X=512 Y=32 Src=160,128 - 192,160 TexW=256 TexH=384
2026-08-21 01:48:03 [INFO] X=544 Y=32 Src=320,0 - 352,32 TexW=384 TexH=384
2026-08-21 01:48:03 [INFO] X=544 Y=32 Src=128,128 - 160,160 TexW=256 TexH=384
2026-08-21 01:48:03 [INFO] X=-32 Y=64 Src=256,64 - 288,96 TexW=384 TexH=384
2026-08-21 01:48:03 [INFO] X=0 Y=64 Src=288,64 - 320,96 TexW=384 TexH=384
2026-08-21 01:48:03 [INFO] X=32 Y=64 Src=320,64 - 352,96 TexW=384 TexH=384
2026-08-21 01:48:03 [INFO] X=64 Y=64 Src=352,64 - 384,96 TexW=384 TexH=384
2026-08-21 01:48:03 [INFO] X=96 Y=64 Src=256,64 - 288,96 TexW=384 TexH=384
2026-08-21 01:48:03 [INFO] X=128 Y=64 Src=288,64 - 320,96 TexW=384 TexH=384
2026-08-21 01:48:03 [INFO] X=160 Y=64 Src=320,64 - 352,96 TexW=384 TexH=384
2026-08-21 01:48:03 [INFO] X=192 Y=64 Src=352,64 - 384,96 TexW=384 TexH=384
2026-08-21 01:48:03 [INFO] X=224 Y=64 Src=256,64 - 288,96 TexW=384 TexH=384
2026-08-21 01:48:03 [INFO] X=256 Y=64 Src=288,64 - 320,96 TexW=384 TexH=384
2026-08-21 01:48:03 [INFO] X=288 Y=64 Src=320,64 - 352,96 TexW=384 TexH=384
2026-08-21 01:48:03 [INFO] X=320 Y=64 Src=352,64 - 384,96 TexW=384 TexH=384
2026-08-21 01:48:03 [INFO] X=352 Y=64 Src=256,64 - 288,96 TexW=384 TexH=384
2026-08-21 01:48:03 [INFO] X=384 Y=64 Src=288,64 - 320,96 TexW=384 TexH=384
2026-08-21 01:48:03 [INFO] X=416 Y=64 Src=320,64 - 352,96 TexW=384 TexH=384
2026-08-21 01:48:03 [INFO] X=448 Y=64 Src=352,64 - 384,96 TexW=384 TexH=384
2026-08-21 01:48:03 [INFO] X=480 Y=64 Src=256,64 - 288,96 TexW=384 TexH=384
2026-08-21 01:48:03 [INFO] X=512 Y=64 Src=288,64 - 320,96 TexW=384 TexH=384
2026-08-21 01:48:03 [INFO] X=544 Y=64 Src=320,64 - 352,96 TexW=384 TexH=384
2026-08-21 01:48:03 [INFO] X=-32 Y=96 Src=256,0 - 288,32 TexW=384 TexH=384
2026-08-21 01:48:03 [INFO] X=0 Y=96 Src=288,0 - 320,32 TexW=384 TexH=384
2026-08-21 01:48:03 [INFO] X=32 Y=96 Src=320,0 - 352,32 TexW=384 TexH=384
2026-08-21 01:48:03 [INFO] X=64 Y=96 Src=352,0 - 384,32 TexW=384 TexH=384
2026-08-21 01:48:03 [INFO] X=96 Y=96 Src=256,0 - 288,32 TexW=384 TexH=384
2026-08-21 01:48:03 [INFO] X=128 Y=96 Src=288,0 - 320,32 TexW=384 TexH=384
2026-08-21 01:48:03 [INFO] X=160 Y=96 Src=320,0 - 352,32 TexW=384 TexH=384
2026-08-21 01:48:03 [INFO] X=192 Y=96 Src=352,0 - 384,32 TexW=384 TexH=384
2026-08-21 01:48:03 [INFO] X=224 Y=96 Src=256,0 - 288,32 TexW=384 TexH=384
2026-08-21 01:48:03 [INFO] X=256 Y=96 Src=288,0 - 320,32 TexW=384 TexH=384
2026-08-21 01:48:03 [INFO] X=288 Y=96 Src=320,0 - 352,32 TexW=384 TexH=384
2026-08-21 01:48:03 [INFO] X=320 Y=96 Src=352,0 - 384,32 TexW=384 TexH=384
2026-08-21 01:48:03 [INFO] X=352 Y=96 Src=256,0 - 288,32 TexW=384 TexH=384
2026-08-21 01:48:03 [INFO] X=384 Y=96 Src=288,0 - 320,32 TexW=384 TexH=384
2026-08-21 01:48:03 [INFO] X=416 Y=96 Src=320,0 - 352,32 TexW=384 TexH=384
2026-08-21 01:48:03 [INFO] X=448 Y=96 Src=352,0 - 384,32 TexW=384 TexH=384
2026-08-21 01:48:03 [INFO] X=480 Y=96 Src=256,0 - 288,32 TexW=384 TexH=384
2026-08-21 01:48:03 [INFO] X=512 Y=96 Src=288,0 - 320,32 TexW=384 TexH=384
2026-08-21 01:48:03 [INFO] X=544 Y=96 Src=320,0 - 352,32 TexW=384 TexH=384
2026-08-21 01:48:03 [INFO] X=-32 Y=128 Src=256,64 - 288,96 TexW=384 TexH=384
2026-08-21 01:48:03 [INFO] X=0 Y=128 Src=288,64 - 320,96 TexW=384 TexH=384
2026-08-21 01:48:03 [INFO] X=32 Y=128 Src=320,64 - 352,96 TexW=384 TexH=384
2026-08-21 01:48:03 [INFO] X=64 Y=128 Src=352,64 - 384,96 TexW=384 TexH=384
2026-08-21 01:48:03 [INFO] X=96 Y=128 Src=256,64 - 288,96 TexW=384 TexH=384
2026-08-21 01:48:03 [INFO] X=128 Y=128 Src=288,64 - 320,96 TexW=384 TexH=384
2026-08-21 01:48:03 [INFO] X=160 Y=128 Src=320,64 - 352,96 TexW=384 TexH=384
2026-08-21 01:48:03 [INFO] X=192 Y=128 Src=352,64 - 384,96 TexW=384 TexH=384
2026-08-21 01:48:03 [INFO] X=224 Y=128 Src=256,64 - 288,96 TexW=384 TexH=384
2026-08-21 01:48:03 [INFO] X=256 Y=128 Src=288,64 - 320,96 TexW=384 TexH=384
2026-08-21 01:48:03 [INFO] X=288 Y=128 Src=320,64 - 352,96 TexW=384 TexH=384
2026-08-21 01:48:03 [INFO] X=320 Y=128 Src=352,64 - 384,96 TexW=384 TexH=384
2026-08-21 01:48:03 [INFO] X=352 Y=128 Src=256,64 - 288,96 TexW=384 TexH=384
2026-08-21 01:48:03 [INFO] X=384 Y=128 Src=288,64 - 320,96 TexW=384 TexH=384
2026-08-21 01:48:03 [INFO] X=416 Y=128 Src=320,64 - 352,96 TexW=384 TexH=384
2026-08-21 01:48:03 [INFO] X=448 Y=128 Src=352,64 - 384,96 TexW=384 TexH=384
2026-08-21 01:48:03 [INFO] X=480 Y=128 Src=256,64 - 288,96 TexW=384 TexH=384
2026-08-21 01:48:03 [INFO] X=512 Y=128 Src=288,64 - 320,96 TexW=384 TexH=384
2026-08-21 01:48:03 [INFO] X=544 Y=128 Src=320,64 - 352,96 TexW=384 TexH=384
2026-08-21 01:48:03 [INFO] X=-32 Y=160 Src=256,0 - 288,32 TexW=384 TexH=384
2026-08-21 01:48:03 [INFO] X=0 Y=160 Src=288,0 - 320,32 TexW=384 TexH=384
2026-08-21 01:48:03 [INFO] X=32 Y=160 Src=320,0 - 352,32 TexW=384 TexH=384
2026-08-21 01:48:03 [INFO] X=64 Y=160 Src=352,0 - 384,32 TexW=384 TexH=384
2026-08-21 01:48:03 [INFO] X=96 Y=160 Src=256,0 - 288,32 TexW=384 TexH=384
2026-08-21 01:48:03 [INFO] X=128 Y=160 Src=288,0 - 320,32 TexW=384 TexH=384
2026-08-21 01:48:03 [INFO] X=160 Y=160 Src=320,0 - 352,32 TexW=384 TexH=384
2026-08-21 01:48:03 [INFO] X=192 Y=160 Src=352,0 - 384,32 TexW=384 TexH=384
2026-08-21 01:48:03 [INFO] X=224 Y=160 Src=256,0 - 288,32 TexW=384 TexH=384
2026-08-21 01:48:03 [INFO] X=256 Y=160 Src=288,0 - 320,32 TexW=384 TexH=384
2026-08-21 01:48:03 [INFO] X=288 Y=160 Src=320,0 - 352,32 TexW=384 TexH=384
2026-08-21 01:48:03 [INFO] X=320 Y=160 Src=352,0 - 384,32 TexW=384 TexH=384
2026-08-21 01:48:03 [INFO] X=352 Y=160 Src=256,0 - 288,32 TexW=384 TexH=384
2026-08-21 01:48:03 [INFO] X=384 Y=160 Src=288,0 - 320,32 TexW=384 TexH=384
2026-08-21 01:48:03 [INFO] X=416 Y=160 Src=320,0 - 352,32 TexW=384 TexH=384
2026-08-21 01:48:03 [INFO] X=448 Y=160 Src=352,0 - 384,32 TexW=384 TexH=384
2026-08-21 01:48:03 [INFO] X=480 Y=160 Src=256,0 - 288,32 TexW=384 TexH=384
2026-08-21 01:48:03 [INFO] X=512 Y=160 Src=288,0 - 320,32 TexW=384 TexH=384
2026-08-21 01:48:03 [INFO] X=544 Y=160 Src=320,0 - 352,32 TexW=384 TexH=384
2026-08-21 01:48:03 [INFO] X=-32 Y=192 Src=256,64 - 288,96 TexW=384 TexH=384
2026-08-21 01:48:03 [INFO] X=0 Y=192 Src=288,64 - 320,96 TexW=384 TexH=384
2026-08-21 01:48:03 [INFO] X=32 Y=192 Src=320,64 - 352,96 TexW=384 TexH=384
2026-08-21 01:48:03 [INFO] X=64 Y=192 Src=352,64 - 384,96 TexW=384 TexH=384
2026-08-21 01:48:03 [INFO] X=96 Y=192 Src=256,64 - 288,96 TexW=384 TexH=384
2026-08-21 01:48:03 [INFO] X=128 Y=192 Src=288,64 - 320,96 TexW=384 TexH=384
2026-08-21 01:48:03 [INFO] X=160 Y=192 Src=320,64 - 352,96 TexW=384 TexH=384
2026-08-21 01:48:03 [INFO] X=192 Y=192 Src=352,64 - 384,96 TexW=384 TexH=384
2026-08-21 01:48:03 [INFO] X=224 Y=192 Src=256,64 - 288,96 TexW=384 TexH=384
2026-08-21 01:48:03 [INFO] X=256 Y=192 Src=288,64 - 320,96 TexW=384 TexH=384
2026-08-21 01:48:03 [INFO] X=288 Y=192 Src=320,64 - 352,96 TexW=384 TexH=384
2026-08-21 01:48:03 [INFO] X=320 Y=192 Src=352,64 - 384,96 TexW=384 TexH=384
2026-08-21 01:48:03 [INFO] X=352 Y=192 Src=256,64 - 288,96 TexW=384 TexH=384
2026-08-21 01:48:03 [INFO] X=384 Y=192 Src=288,64 - 320,96 TexW=384 TexH=384
2026-08-21 01:48:03 [INFO] X=416 Y=192 Src=320,64 - 352,96 TexW=384 TexH=384
2026-08-21 01:48:03 [INFO] X=448 Y=192 Src=352,64 - 384,96 TexW=384 TexH=384
2026-08-21 01:48:03 [INFO] X=480 Y=192 Src=256,64 - 288,96 TexW=384 TexH=384
2026-08-21 01:48:03 [INFO] X=512 Y=192 Src=288,64 - 320,96 TexW=384 TexH=384
2026-08-21 01:48:03 [INFO] X=544 Y=192 Src=320,64 - 352,96 TexW=384 TexH=384
2026-08-21 01:48:03 [INFO] X=-304 Y=-415 Src=0,0 - 64,95 TexW=64 TexH=95
2026-08-21 01:48:03 [INFO] X=-368 Y=-576 Src=0,0 - 256,256 TexW=256 TexH=256
2026-08-21 01:48:03 [INFO] X=-182 Y=-475 Src=0,0 - 77,155 TexW=77 TexH=155
2026-08-21 01:48:03 [INFO] X=-208 Y=-576 Src=0,0 - 256,256 TexW=256 TexH=256
2026-08-21 01:48:03 [INFO] X=48 Y=-320 Src=0,0 - 128,32 TexW=128 TexH=32
2026-08-21 01:48:03 [INFO] X=176 Y=-320 Src=0,0 - 128,32 TexW=128 TexH=32
2026-08-21 01:48:03 [INFO] X=464 Y=-320 Src=0,0 - 128,32 TexW=128 TexH=32
2026-08-21 01:48:03 [INFO] X=592 Y=-320 Src=0,0 - 128,32 TexW=128 TexH=32
2026-08-21 01:48:03 [INFO] X=-176 Y=-512 Src=0,0 - 256,256 TexW=256 TexH=256
2026-08-21 01:48:03 [INFO] X=208 Y=-512 Src=0,0 - 256,256 TexW=256 TexH=256
2026-08-21 01:48:03 [INFO] X=-352 Y=-256 Src=0,0 - 32,32 TexW=64 TexH=32
2026-08-21 01:48:03 [INFO] X=835 Y=-270 Src=0,0 - 26,46 TexW=174 TexH=181
2026-08-21 01:48:03 [INFO] X=-176 Y=-448 Src=0,0 - 256,256 TexW=256 TexH=256
2026-08-21 01:48:03 [INFO] X=48 Y=-224 Src=0,0 - 128,32 TexW=128 TexH=32
2026-08-21 01:48:03 [INFO] X=176 Y=-224 Src=0,0 - 128,32 TexW=128 TexH=32
2026-08-21 01:48:03 [INFO] X=384 Y=-224 Src=608,64 - 640,96 TexW=640 TexH=742
2026-08-21 01:48:03 [INFO] X=480 Y=-224 Src=608,64 - 640,96 TexW=640 TexH=742
2026-08-21 01:48:03 [INFO] X=464 Y=-224 Src=0,0 - 128,32 TexW=128 TexH=32
2026-08-21 01:48:03 [INFO] X=592 Y=-224 Src=0,0 - 128,32 TexW=128 TexH=32
2026-08-21 01:48:03 [INFO] X=-253 Y=-206 Src=0,0 - 26,46 TexW=149 TexH=181
2026-08-21 01:48:03 [INFO] X=163 Y=-206 Src=0,0 - 26,46 TexW=149 TexH=181
2026-08-21 01:48:03 [INFO] X=168 Y=-214 Src=64,0 - 80,16 TexW=708 TexH=202
2026-08-21 01:48:03 [INFO] X=-352 Y=-160 Src=0,0 - 32,32 TexW=64 TexH=32
2026-08-21 01:48:03 [INFO] X=352 Y=-160 Src=608,64 - 640,96 TexW=640 TexH=742
2026-08-21 01:48:03 [INFO] X=480 Y=-160 Src=608,64 - 640,96 TexW=640 TexH=742
2026-08-21 01:48:03 [INFO] X=74 Y=-251 Src=0,0 - 77,155 TexW=77 TexH=155
2026-08-21 01:48:03 [INFO] X=419 Y=-142 Src=0,0 - 26,46 TexW=149 TexH=181
2026-08-21 01:48:03 [INFO] X=424 Y=-150 Src=320,0 - 336,16 TexW=708 TexH=202
2026-08-21 01:48:03 [INFO] X=448 Y=-128 Src=256,96 - 288,128 TexW=640 TexH=742
2026-08-21 01:48:03 [INFO] X=586 Y=-251 Src=0,0 - 77,155 TexW=77 TexH=155
2026-08-21 01:48:03 [INFO] X=-32 Y=-64 Src=608,64 - 640,96 TexW=640 TexH=742
2026-08-21 01:48:03 [INFO] X=448 Y=-64 Src=608,64 - 640,96 TexW=640 TexH=742
2026-08-21 01:48:03 [INFO] X=464 Y=-288 Src=0,0 - 256,256 TexW=256 TexH=256
2026-08-21 01:48:03 [INFO] X=0 Y=0 Src=608,64 - 640,96 TexW=640 TexH=742
2026-08-21 01:48:03 [INFO] X=291 Y=-14 Src=0,0 - 26,46 TexW=149 TexH=181
2026-08-21 01:48:03 [INFO] X=296 Y=-22 Src=256,48 - 272,64 TexW=708 TexH=202
2026-08-21 01:48:03 [INFO] X=736 Y=-64 Src=0,96 - 96,192 TexW=288 TexH=192
2026-08-21 01:48:03 [INFO] X=656 Y=32 Src=0,0 - 64,32 TexW=64 TexH=32
2026-08-21 01:48:03 [INFO] X=867 Y=18 Src=0,0 - 26,46 TexW=149 TexH=181
2026-08-21 01:48:03 [INFO] X=872 Y=10 Src=0,0 - 16,16 TexW=708 TexH=202
2026-08-21 01:48:03 [INFO] X=-349 Y=50 Src=0,0 - 26,46 TexW=149 TexH=181
2026-08-21 01:48:03 [INFO] X=-344 Y=42 Src=384,16 - 400,32 TexW=708 TexH=202
2026-08-21 01:48:03 [INFO] X=-285 Y=50 Src=0,0 - 26,46 TexW=149 TexH=181
2026-08-21 01:48:03 [INFO] X=-280 Y=42 Src=384,16 - 400,32 TexW=708 TexH=202
2026-08-21 01:48:03 [INFO] X=-182 Y=-59 Src=0,0 - 77,155 TexW=77 TexH=155
2026-08-21 01:48:03 [INFO] X=-61 Y=50 Src=0,0 - 26,46 TexW=149 TexH=181
2026-08-21 01:48:03 [INFO] X=-56 Y=42 Src=272,128 - 288,144 TexW=708 TexH=202
2026-08-21 01:48:03 [INFO] X=42 Y=-59 Src=0,0 - 77,155 TexW=77 TexH=155
2026-08-21 01:48:03 [INFO] X=259 Y=178 Src=0,0 - 26,46 TexW=149 TexH=181
2026-08-21 01:48:03 [INFO] X=264 Y=170 Src=128,16 - 144,32 TexW=708 TexH=202
2026-08-21 01:48:03 [INFO] X=611 Y=306 Src=0,0 - 26,46 TexW=149 TexH=181
2026-08-21 01:48:03 [INFO] X=616 Y=298 Src=256,48 - 272,64 TexW=708 TexH=202
2026-08-21 01:48:03 [INFO] X=-368 Y=128 Src=0,0 - 256,256 TexW=256 TexH=256
2026-08-21 01:48:03 [INFO] X=-240 Y=128 Src=0,0 - 256,256 TexW=256 TexH=256
2026-08-21 01:48:03 [INFO] X=-112 Y=128 Src=0,0 - 256,256 TexW=256 TexH=256
2026-08-21 01:48:03 [INFO] X=283 Y=384 Src=1038,512 - 1081,576 TexW=1792 TexH=640
2026-08-21 01:48:03 [INFO] X=443 Y=384 Src=1038,512 - 1081,576 TexW=1792 TexH=640
2026-08-21 01:48:03 [INFO] X=592 Y=192 Src=0,0 - 256,256 TexW=256 TexH=256
2026-08-21 01:48:03 [INFO] X=688 Y=192 Src=0,0 - 256,256 TexW=256 TexH=256
2026-08-21 01:48:03 [INFO] X=323 Y=448 Src=104,0 - 130,96 TexW=234 TexH=97
2026-08-21 01:48:03 [INFO] X=355 Y=498 Src=0,0 - 26,46 TexW=149 TexH=181
2026-08-21 01:48:03 [INFO] X=360 Y=490 Src=384,32 - 400,48 TexW=708 TexH=202
2026-08-21 01:48:03 [INFO] X=384 Y=512 Src=64,672 - 96,704 TexW=640 TexH=742
2026-08-21 01:48:03 [INFO] X=419 Y=448 Src=104,0 - 130,96 TexW=234 TexH=97
2026-08-21 01:48:03 [INFO] X=-368 Y=320 Src=0,0 - 256,256 TexW=256 TexH=256
2026-08-21 01:48:03 [INFO] X=688 Y=384 Src=0,0 - 256,256 TexW=256 TexH=256
2026-08-21 01:48:03 [INFO] X=-368 Y=448 Src=0,0 - 256,256 TexW=256 TexH=256
2026-08-21 01:48:03 [INFO] X=-127 Y=636 Src=120,0 - 150,68 TexW=270 TexH=68
2026-08-21 01:48:03 [INFO] X=-208 Y=448 Src=0,0 - 256,256 TexW=256 TexH=256
2026-08-21 01:48:03 [INFO] X=-285 Y=690 Src=0,0 - 26,46 TexW=149 TexH=181
2026-08-21 01:48:03 [INFO] X=-280 Y=682 Src=64,0 - 80,16 TexW=708 TexH=202
2026-08-21 01:48:03 [INFO] X=-253 Y=690 Src=0,0 - 26,46 TexW=149 TexH=181
2026-08-21 01:48:03 [INFO] X=-248 Y=682 Src=639,64 - 655,80 TexW=708 TexH=202
2026-08-21 01:48:03 [INFO] X=-221 Y=690 Src=0,0 - 26,46 TexW=149 TexH=181
2026-08-21 01:48:03 [INFO] X=-216 Y=682 Src=272,128 - 288,144 TexW=708 TexH=202
2026-08-21 01:48:03 [INFO] X=-32 Y=-32 Src=0,0 - 32,32 TexW=512 TexH=128
2026-08-21 01:48:03 [INFO] X=0 Y=-32 Src=32,0 - 64,32 TexW=512 TexH=128
2026-08-21 01:48:03 [INFO] X=32 Y=-32 Src=64,0 - 96,32 TexW=512 TexH=128
2026-08-21 01:48:03 [INFO] X=32 Y=-32 Src=512,192 - 544,224 TexW=640 TexH=742
2026-08-21 01:48:03 [INFO] X=64 Y=-32 Src=96,0 - 128,32 TexW=512 TexH=128
2026-08-21 01:48:03 [INFO] X=96 Y=-32 Src=0,0 - 32,32 TexW=512 TexH=128
2026-08-21 01:48:03 [INFO] X=128 Y=-32 Src=32,0 - 64,32 TexW=512 TexH=128
2026-08-21 01:48:03 [INFO] X=160 Y=-32 Src=64,0 - 96,32 TexW=512 TexH=128
2026-08-21 01:48:03 [INFO] X=192 Y=-32 Src=96,0 - 128,32 TexW=512 TexH=128
2026-08-21 01:48:03 [INFO] X=224 Y=-32 Src=0,0 - 32,32 TexW=512 TexH=128
2026-08-21 01:48:03 [INFO] X=256 Y=-32 Src=32,0 - 64,32 TexW=512 TexH=128
2026-08-21 01:48:03 [INFO] X=288 Y=-32 Src=64,0 - 96,32 TexW=512 TexH=128
2026-08-21 01:48:03 [INFO] X=320 Y=-32 Src=96,0 - 128,32 TexW=512 TexH=128
2026-08-21 01:48:03 [INFO] X=352 Y=-32 Src=0,0 - 32,32 TexW=512 TexH=128
2026-08-21 01:48:03 [INFO] X=384 Y=-32 Src=32,0 - 64,32 TexW=512 TexH=128
2026-08-21 01:48:03 [INFO] X=362 Y=-58 Src=0,0 - 77,58 TexW=77 TexH=58
2026-08-21 01:48:03 [INFO] X=416 Y=-32 Src=64,0 - 96,32 TexW=512 TexH=128
2026-08-21 01:48:03 [INFO] X=448 Y=-32 Src=96,0 - 128,32 TexW=512 TexH=128
2026-08-21 01:48:03 [INFO] X=480 Y=-32 Src=0,0 - 32,32 TexW=512 TexH=128
2026-08-21 01:48:03 [INFO] X=512 Y=-32 Src=32,0 - 64,32 TexW=512 TexH=128
2026-08-21 01:48:03 [INFO] X=544 Y=-32 Src=64,0 - 96,32 TexW=512 TexH=128
2026-08-21 01:48:03 [INFO] X=-32 Y=0 Src=0,64 - 32,96 TexW=512 TexH=128
2026-08-21 01:48:03 [INFO] X=0 Y=0 Src=32,64 - 64,96 TexW=512 TexH=128
2026-08-21 01:48:03 [INFO] X=32 Y=0 Src=64,64 - 96,96 TexW=512 TexH=128
2026-08-21 01:48:04 [INFO] X=64 Y=0 Src=96,64 - 128,96 TexW=512 TexH=128
2026-08-21 01:48:04 [INFO] X=96 Y=0 Src=0,64 - 32,96 TexW=512 TexH=128
2026-08-21 01:48:04 [INFO] X=128 Y=0 Src=32,64 - 64,96 TexW=512 TexH=128
2026-08-21 01:48:04 [INFO] X=160 Y=0 Src=64,64 - 96,96 TexW=512 TexH=128
2026-08-21 01:48:04 [INFO] X=192 Y=0 Src=96,64 - 128,96 TexW=512 TexH=128
2026-08-21 01:48:04 [INFO] X=224 Y=0 Src=0,64 - 32,96 TexW=512 TexH=128
2026-08-21 01:48:04 [INFO] X=256 Y=0 Src=32,64 - 64,96 TexW=512 TexH=128
2026-08-21 01:48:04 [INFO] X=288 Y=0 Src=64,64 - 96,96 TexW=512 TexH=128
2026-08-21 01:48:04 [INFO] X=320 Y=0 Src=96,64 - 128,96 TexW=512 TexH=128
2026-08-21 01:48:04 [INFO] X=352 Y=0 Src=0,64 - 32,96 TexW=512 TexH=128
2026-08-21 01:48:04 [INFO] X=384 Y=0 Src=32,64 - 64,96 TexW=512 TexH=128
2026-08-21 01:48:04 [INFO] X=416 Y=0 Src=64,64 - 96,96 TexW=512 TexH=128
2026-08-21 01:48:04 [INFO] X=448 Y=0 Src=96,64 - 128,96 TexW=512 TexH=128
2026-08-21 01:48:04 [INFO] X=480 Y=0 Src=0,64 - 32,96 TexW=512 TexH=128
2026-08-21 01:48:04 [INFO] X=512 Y=0 Src=32,64 - 64,96 TexW=512 TexH=128
2026-08-21 01:48:04 [INFO] X=544 Y=0 Src=64,64 - 96,96 TexW=512 TexH=128
2026-08-21 01:48:04 [INFO] X=-32 Y=32 Src=128,0 - 160,32 TexW=384 TexH=384
2026-08-21 01:48:04 [INFO] X=-32 Y=32 Src=128,128 - 160,160 TexW=256 TexH=384
2026-08-21 01:48:04 [INFO] X=0 Y=32 Src=160,0 - 192,32 TexW=384 TexH=384
2026-08-21 01:48:04 [INFO] X=0 Y=32 Src=160,128 - 192,160 TexW=256 TexH=384
2026-08-21 01:48:04 [INFO] X=32 Y=32 Src=192,0 - 224,32 TexW=384 TexH=384
2026-08-21 01:48:04 [INFO] X=32 Y=32 Src=128,128 - 160,160 TexW=256 TexH=384
2026-08-21 01:48:04 [INFO] X=64 Y=32 Src=224,0 - 256,32 TexW=384 TexH=384
2026-08-21 01:48:04 [INFO] X=64 Y=32 Src=160,128 - 192,160 TexW=256 TexH=384
2026-08-21 01:48:04 [INFO] X=96 Y=32 Src=128,0 - 160,32 TexW=384 TexH=384
2026-08-21 01:48:04 [INFO] X=96 Y=32 Src=128,128 - 160,160 TexW=256 TexH=384
2026-08-21 01:48:04 [INFO] X=128 Y=32 Src=160,0 - 192,32 TexW=384 TexH=384
2026-08-21 01:48:04 [INFO] X=128 Y=32 Src=160,128 - 192,160 TexW=256 TexH=384
2026-08-21 01:48:04 [INFO] X=160 Y=32 Src=192,0 - 224,32 TexW=384 TexH=384
2026-08-21 01:48:04 [INFO] X=160 Y=32 Src=128,128 - 160,160 TexW=256 TexH=384
2026-08-21 01:48:04 [INFO] X=192 Y=32 Src=224,0 - 256,32 TexW=384 TexH=384
2026-08-21 01:48:04 [INFO] X=192 Y=32 Src=160,128 - 192,160 TexW=256 TexH=384
2026-08-21 01:48:04 [INFO] X=224 Y=32 Src=128,0 - 160,32 TexW=384 TexH=384
2026-08-21 01:48:04 [INFO] X=224 Y=32 Src=128,128 - 160,160 TexW=256 TexH=384
2026-08-21 01:48:04 [INFO] X=256 Y=32 Src=160,0 - 192,32 TexW=384 TexH=384
2026-08-21 01:48:04 [INFO] X=256 Y=32 Src=160,128 - 192,160 TexW=256 TexH=384
2026-08-21 01:48:04 [INFO] X=288 Y=32 Src=192,0 - 224,32 TexW=384 TexH=384
2026-08-21 01:48:04 [INFO] X=288 Y=32 Src=128,128 - 160,160 TexW=256 TexH=384
2026-08-21 01:48:04 [INFO] X=320 Y=32 Src=224,0 - 256,32 TexW=384 TexH=384
2026-08-21 01:48:04 [INFO] X=320 Y=32 Src=160,128 - 192,160 TexW=256 TexH=384
2026-08-21 01:48:04 [INFO] X=352 Y=32 Src=128,0 - 160,32 TexW=384 TexH=384
2026-08-21 01:48:04 [INFO] X=352 Y=32 Src=128,128 - 160,160 TexW=256 TexH=384
2026-08-21 01:48:04 [INFO] X=384 Y=32 Src=160,0 - 192,32 TexW=384 TexH=384
2026-08-21 01:48:04 [INFO] X=384 Y=32 Src=160,128 - 192,160 TexW=256 TexH=384
2026-08-21 01:48:04 [INFO] X=416 Y=32 Src=192,0 - 224,32 TexW=384 TexH=384
2026-08-21 01:48:04 [INFO] X=416 Y=32 Src=128,128 - 160,160 TexW=256 TexH=384
2026-08-21 01:48:04 [INFO] X=448 Y=32 Src=224,0 - 256,32 TexW=384 TexH=384
2026-08-21 01:48:04 [INFO] X=448 Y=32 Src=160,128 - 192,160 TexW=256 TexH=384
2026-08-21 01:48:04 [INFO] X=480 Y=32 Src=128,0 - 160,32 TexW=384 TexH=384
2026-08-21 01:48:04 [INFO] X=480 Y=32 Src=128,128 - 160,160 TexW=256 TexH=384
2026-08-21 01:48:04 [INFO] X=512 Y=32 Src=160,0 - 192,32 TexW=384 TexH=384
2026-08-21 01:48:04 [INFO] X=512 Y=32 Src=160,128 - 192,160 TexW=256 TexH=384
2026-08-21 01:48:04 [INFO] X=544 Y=32 Src=192,0 - 224,32 TexW=384 TexH=384
2026-08-21 01:48:04 [INFO] X=544 Y=32 Src=128,128 - 160,160 TexW=256 TexH=384
2026-08-21 01:48:04 [INFO] X=-32 Y=64 Src=128,64 - 160,96 TexW=384 TexH=384
2026-08-21 01:48:04 [INFO] X=0 Y=64 Src=160,64 - 192,96 TexW=384 TexH=384
2026-08-21 01:48:04 [INFO] X=32 Y=64 Src=192,64 - 224,96 TexW=384 TexH=384
2026-08-21 01:48:04 [INFO] X=64 Y=64 Src=224,64 - 256,96 TexW=384 TexH=384
2026-08-21 01:48:04 [INFO] X=96 Y=64 Src=128,64 - 160,96 TexW=384 TexH=384
2026-08-21 01:48:04 [INFO] X=128 Y=64 Src=160,64 - 192,96 TexW=384 TexH=384
2026-08-21 01:48:04 [INFO] X=160 Y=64 Src=192,64 - 224,96 TexW=384 TexH=384
2026-08-21 01:48:04 [INFO] X=192 Y=64 Src=224,64 - 256,96 TexW=384 TexH=384
2026-08-21 01:48:04 [INFO] X=224 Y=64 Src=128,64 - 160,96 TexW=384 TexH=384
2026-08-21 01:48:04 [INFO] X=256 Y=64 Src=160,64 - 192,96 TexW=384 TexH=384
2026-08-21 01:48:04 [INFO] X=288 Y=64 Src=192,64 - 224,96 TexW=384 TexH=384
2026-08-21 01:48:04 [INFO] X=320 Y=64 Src=224,64 - 256,96 TexW=384 TexH=384
2026-08-21 01:48:04 [INFO] X=352 Y=64 Src=128,64 - 160,96 TexW=384 TexH=384
2026-08-21 01:48:04 [INFO] X=384 Y=64 Src=160,64 - 192,96 TexW=384 TexH=384
2026-08-21 01:48:04 [INFO] X=416 Y=64 Src=192,64 - 224,96 TexW=384 TexH=384
2026-08-21 01:48:04 [INFO] X=448 Y=64 Src=224,64 - 256,96 TexW=384 TexH=384
2026-08-21 01:48:04 [INFO] X=480 Y=64 Src=128,64 - 160,96 TexW=384 TexH=384
2026-08-21 01:48:04 [INFO] X=512 Y=64 Src=160,64 - 192,96 TexW=384 TexH=384
2026-08-21 01:48:04 [INFO] X=544 Y=64 Src=192,64 - 224,96 TexW=384 TexH=384
2026-08-21 01:48:04 [INFO] X=-32 Y=96 Src=128,0 - 160,32 TexW=384 TexH=384
2026-08-21 01:48:04 [INFO] X=0 Y=96 Src=160,0 - 192,32 TexW=384 TexH=384
2026-08-21 01:48:04 [INFO] X=32 Y=96 Src=192,0 - 224,32 TexW=384 TexH=384
2026-08-21 01:48:04 [INFO] X=64 Y=96 Src=224,0 - 256,32 TexW=384 TexH=384
2026-08-21 01:48:04 [INFO] X=96 Y=96 Src=128,0 - 160,32 TexW=384 TexH=384
2026-08-21 01:48:04 [INFO] X=128 Y=96 Src=160,0 - 192,32 TexW=384 TexH=384
2026-08-21 01:48:04 [INFO] X=160 Y=96 Src=192,0 - 224,32 TexW=384 TexH=384
2026-08-21 01:48:04 [INFO] X=192 Y=96 Src=224,0 - 256,32 TexW=384 TexH=384
2026-08-21 01:48:04 [INFO] X=224 Y=96 Src=128,0 - 160,32 TexW=384 TexH=384
2026-08-21 01:48:04 [INFO] X=256 Y=96 Src=160,0 - 192,32 TexW=384 TexH=384
2026-08-21 01:48:04 [INFO] X=288 Y=96 Src=192,0 - 224,32 TexW=384 TexH=384
2026-08-21 01:48:04 [INFO] X=320 Y=96 Src=224,0 - 256,32 TexW=384 TexH=384
2026-08-21 01:48:04 [INFO] X=352 Y=96 Src=128,0 - 160,32 TexW=384 TexH=384
2026-08-21 01:48:04 [INFO] X=384 Y=96 Src=160,0 - 192,32 TexW=384 TexH=384
2026-08-21 01:48:04 [INFO] X=416 Y=96 Src=192,0 - 224,32 TexW=384 TexH=384
2026-08-21 01:48:04 [INFO] X=448 Y=96 Src=224,0 - 256,32 TexW=384 TexH=384
2026-08-21 01:48:04 [INFO] X=480 Y=96 Src=128,0 - 160,32 TexW=384 TexH=384
2026-08-21 01:48:04 [INFO] X=512 Y=96 Src=160,0 - 192,32 TexW=384 TexH=384
2026-08-21 01:48:04 [INFO] X=544 Y=96 Src=192,0 - 224,32 TexW=384 TexH=384
2026-08-21 01:48:04 [INFO] X=-32 Y=128 Src=128,64 - 160,96 TexW=384 TexH=384
2026-08-21 01:48:04 [INFO] X=0 Y=128 Src=160,64 - 192,96 TexW=384 TexH=384
2026-08-21 01:48:04 [INFO] X=32 Y=128 Src=192,64 - 224,96 TexW=384 TexH=384
2026-08-21 01:48:04 [INFO] X=64 Y=128 Src=224,64 - 256,96 TexW=384 TexH=384
2026-08-21 01:48:04 [INFO] X=96 Y=128 Src=128,64 - 160,96 TexW=384 TexH=384
2026-08-21 01:48:04 [INFO] X=128 Y=128 Src=160,64 - 192,96 TexW=384 TexH=384
2026-08-21 01:48:04 [INFO] X=160 Y=128 Src=192,64 - 224,96 TexW=384 TexH=384
2026-08-21 01:48:04 [INFO] X=192 Y=128 Src=224,64 - 256,96 TexW=384 TexH=384
2026-08-21 01:48:04 [INFO] X=224 Y=128 Src=128,64 - 160,96 TexW=384 TexH=384
2026-08-21 01:48:04 [INFO] X=256 Y=128 Src=160,64 - 192,96 TexW=384 TexH=384
2026-08-21 01:48:04 [INFO] X=288 Y=128 Src=192,64 - 224,96 TexW=384 TexH=384
2026-08-21 01:48:04 [INFO] X=320 Y=128 Src=224,64 - 256,96 TexW=384 TexH=384
2026-08-21 01:48:04 [INFO] X=352 Y=128 Src=128,64 - 160,96 TexW=384 TexH=384
2026-08-21 01:48:04 [INFO] X=384 Y=128 Src=160,64 - 192,96 TexW=384 TexH=384
2026-08-21 01:48:04 [INFO] X=416 Y=128 Src=192,64 - 224,96 TexW=384 TexH=384
2026-08-21 01:48:04 [INFO] X=448 Y=128 Src=224,64 - 256,96 TexW=384 TexH=384
2026-08-21 01:48:04 [INFO] X=480 Y=128 Src=128,64 - 160,96 TexW=384 TexH=384
2026-08-21 01:48:04 [INFO] X=512 Y=128 Src=160,64 - 192,96 TexW=384 TexH=384
2026-08-21 01:48:04 [INFO] X=544 Y=128 Src=192,64 - 224,96 TexW=384 TexH=384
2026-08-21 01:48:04 [INFO] X=-32 Y=160 Src=128,0 - 160,32 TexW=384 TexH=384
2026-08-21 01:48:04 [INFO] X=0 Y=160 Src=160,0 - 192,32 TexW=384 TexH=384
2026-08-21 01:48:04 [INFO] X=32 Y=160 Src=192,0 - 224,32 TexW=384 TexH=384
2026-08-21 01:48:04 [INFO] X=64 Y=160 Src=224,0 - 256,32 TexW=384 TexH=384
2026-08-21 01:48:04 [INFO] X=96 Y=160 Src=128,0 - 160,32 TexW=384 TexH=384
2026-08-21 01:48:04 [INFO] X=128 Y=160 Src=160,0 - 192,32 TexW=384 TexH=384
2026-08-21 01:48:04 [INFO] X=160 Y=160 Src=192,0 - 224,32 TexW=384 TexH=384
2026-08-21 01:48:04 [INFO] X=192 Y=160 Src=224,0 - 256,32 TexW=384 TexH=384
2026-08-21 01:48:04 [INFO] X=224 Y=160 Src=128,0 - 160,32 TexW=384 TexH=384
2026-08-21 01:48:04 [INFO] X=256 Y=160 Src=160,0 - 192,32 TexW=384 TexH=384
2026-08-21 01:48:04 [INFO] X=288 Y=160 Src=192,0 - 224,32 TexW=384 TexH=384
2026-08-21 01:48:04 [INFO] X=320 Y=160 Src=224,0 - 256,32 TexW=384 TexH=384
2026-08-21 01:48:04 [INFO] X=352 Y=160 Src=128,0 - 160,32 TexW=384 TexH=384
2026-08-21 01:48:04 [INFO] X=384 Y=160 Src=160,0 - 192,32 TexW=384 TexH=384
2026-08-21 01:48:04 [INFO] X=416 Y=160 Src=192,0 - 224,32 TexW=384 TexH=384
2026-08-21 01:48:04 [INFO] X=448 Y=160 Src=224,0 - 256,32 TexW=384 TexH=384
2026-08-21 01:48:04 [INFO] X=480 Y=160 Src=128,0 - 160,32 TexW=384 TexH=384
2026-08-21 01:48:04 [INFO] X=512 Y=160 Src=160,0 - 192,32 TexW=384 TexH=384
2026-08-21 01:48:04 [INFO] X=544 Y=160 Src=192,0 - 224,32 TexW=384 TexH=384
2026-08-21 01:48:04 [INFO] X=-32 Y=192 Src=128,64 - 160,96 TexW=384 TexH=384
2026-08-21 01:48:04 [INFO] X=0 Y=192 Src=160,64 - 192,96 TexW=384 TexH=384
2026-08-21 01:48:04 [INFO] X=32 Y=192 Src=192,64 - 224,96 TexW=384 TexH=384
2026-08-21 01:48:04 [INFO] X=64 Y=192 Src=224,64 - 256,96 TexW=384 TexH=384
2026-08-21 01:48:04 [INFO] X=96 Y=192 Src=128,64 - 160,96 TexW=384 TexH=384
2026-08-21 01:48:04 [INFO] X=128 Y=192 Src=160,64 - 192,96 TexW=384 TexH=384
2026-08-21 01:48:04 [INFO] X=160 Y=192 Src=192,64 - 224,96 TexW=384 TexH=384
2026-08-21 01:48:04 [INFO] X=192 Y=192 Src=224,64 - 256,96 TexW=384 TexH=384
2026-08-21 01:48:04 [INFO] X=224 Y=192 Src=128,64 - 160,96 TexW=384 TexH=384
2026-08-21 01:48:04 [INFO] X=256 Y=192 Src=160,64 - 192,96 TexW=384 TexH=384
2026-08-21 01:48:04 [INFO] X=288 Y=192 Src=192,64 - 224,96 TexW=384 TexH=384
2026-08-21 01:48:04 [INFO] X=320 Y=192 Src=224,64 - 256,96 TexW=384 TexH=384
2026-08-21 01:48:04 [INFO] X=352 Y=192 Src=128,64 - 160,96 TexW=384 TexH=384
2026-08-21 01:48:04 [INFO] X=384 Y=192 Src=160,64 - 192,96 TexW=384 TexH=384
2026-08-21 01:48:04 [INFO] X=416 Y=192 Src=192,64 - 224,96 TexW=384 TexH=384
2026-08-21 01:48:04 [INFO] X=448 Y=192 Src=224,64 - 256,96 TexW=384 TexH=384
2026-08-21 01:48:04 [INFO] X=480 Y=192 Src=128,64 - 160,96 TexW=384 TexH=384
2026-08-21 01:48:04 [INFO] X=512 Y=192 Src=160,64 - 192,96 TexW=384 TexH=384
2026-08-21 01:48:04 [INFO] X=544 Y=192 Src=192,64 - 224,96 TexW=384 TexH=384
2026-08-21 01:48:04 [INFO] X=-304 Y=-415 Src=0,0 - 64,95 TexW=64 TexH=95
2026-08-21 01:48:04 [INFO] X=-368 Y=-576 Src=0,0 - 256,256 TexW=256 TexH=256
2026-08-21 01:48:04 [INFO] X=-182 Y=-475 Src=0,0 - 77,155 TexW=77 TexH=155
2026-08-21 01:48:04 [INFO] X=-208 Y=-576 Src=0,0 - 256,256 TexW=256 TexH=256
2026-08-21 01:48:04 [INFO] X=48 Y=-320 Src=0,0 - 128,32 TexW=128 TexH=32
2026-08-21 01:48:04 [INFO] X=176 Y=-320 Src=0,0 - 128,32 TexW=128 TexH=32
2026-08-21 01:48:04 [INFO] X=464 Y=-320 Src=0,0 - 128,32 TexW=128 TexH=32
2026-08-21 01:48:04 [INFO] X=592 Y=-320 Src=0,0 - 128,32 TexW=128 TexH=32
2026-08-21 01:48:04 [INFO] X=-176 Y=-512 Src=0,0 - 256,256 TexW=256 TexH=256
2026-08-21 01:48:04 [INFO] X=208 Y=-512 Src=0,0 - 256,256 TexW=256 TexH=256
2026-08-21 01:48:04 [INFO] X=-352 Y=-256 Src=0,0 - 32,32 TexW=64 TexH=32
2026-08-21 01:48:04 [INFO] X=835 Y=-270 Src=0,0 - 26,46 TexW=174 TexH=181
2026-08-21 01:48:04 [INFO] X=-176 Y=-448 Src=0,0 - 256,256 TexW=256 TexH=256
2026-08-21 01:48:04 [INFO] X=48 Y=-224 Src=0,0 - 128,32 TexW=128 TexH=32
2026-08-21 01:48:04 [INFO] X=176 Y=-224 Src=0,0 - 128,32 TexW=128 TexH=32
2026-08-21 01:48:04 [INFO] X=384 Y=-224 Src=608,64 - 640,96 TexW=640 TexH=742
2026-08-21 01:48:04 [INFO] X=480 Y=-224 Src=608,64 - 640,96 TexW=640 TexH=742
2026-08-21 01:48:04 [INFO] X=464 Y=-224 Src=0,0 - 128,32 TexW=128 TexH=32
2026-08-21 01:48:04 [INFO] X=592 Y=-224 Src=0,0 - 128,32 TexW=128 TexH=32
2026-08-21 01:48:04 [INFO] X=-253 Y=-206 Src=0,0 - 26,46 TexW=149 TexH=181
2026-08-21 01:48:04 [INFO] X=163 Y=-206 Src=0,0 - 26,46 TexW=149 TexH=181
2026-08-21 01:48:04 [INFO] X=168 Y=-214 Src=64,0 - 80,16 TexW=708 TexH=202
2026-08-21 01:48:04 [INFO] X=-352 Y=-160 Src=0,0 - 32,32 TexW=64 TexH=32
2026-08-21 01:48:04 [INFO] X=352 Y=-160 Src=608,64 - 640,96 TexW=640 TexH=742
2026-08-21 01:48:04 [INFO] X=480 Y=-160 Src=608,64 - 640,96 TexW=640 TexH=742
2026-08-21 01:48:04 [INFO] X=74 Y=-251 Src=0,0 - 77,155 TexW=77 TexH=155
2026-08-21 01:48:04 [INFO] X=419 Y=-142 Src=0,0 - 26,46 TexW=149 TexH=181
2026-08-21 01:48:04 [INFO] X=424 Y=-150 Src=320,0 - 336,16 TexW=708 TexH=202
2026-08-21 01:48:04 [INFO] X=448 Y=-128 Src=256,96 - 288,128 TexW=640 TexH=742
2026-08-21 01:48:04 [INFO] X=586 Y=-251 Src=0,0 - 77,155 TexW=77 TexH=155
2026-08-21 01:48:04 [INFO] X=-32 Y=-64 Src=608,64 - 640,96 TexW=640 TexH=742
2026-08-21 01:48:04 [INFO] X=448 Y=-64 Src=608,64 - 640,96 TexW=640 TexH=742
2026-08-21 01:48:04 [INFO] X=464 Y=-288 Src=0,0 - 256,256 TexW=256 TexH=256
2026-08-21 01:48:04 [INFO] X=0 Y=0 Src=608,64 - 640,96 TexW=640 TexH=742
2026-08-21 01:48:04 [INFO] X=291 Y=-14 Src=0,0 - 26,46 TexW=149 TexH=181
2026-08-21 01:48:04 [INFO] X=296 Y=-22 Src=256,48 - 272,64 TexW=708 TexH=202
2026-08-21 01:48:04 [INFO] X=736 Y=-64 Src=0,96 - 96,192 TexW=288 TexH=192
2026-08-21 01:48:04 [INFO] X=656 Y=32 Src=0,0 - 64,32 TexW=64 TexH=32
2026-08-21 01:48:04 [INFO] X=867 Y=18 Src=0,0 - 26,46 TexW=149 TexH=181
2026-08-21 01:48:04 [INFO] X=872 Y=10 Src=0,0 - 16,16 TexW=708 TexH=202
2026-08-21 01:48:04 [INFO] X=-349 Y=50 Src=0,0 - 26,46 TexW=149 TexH=181
2026-08-21 01:48:04 [INFO] X=-344 Y=42 Src=384,16 - 400,32 TexW=708 TexH=202
2026-08-21 01:48:04 [INFO] X=-285 Y=50 Src=0,0 - 26,46 TexW=149 TexH=181
2026-08-21 01:48:04 [INFO] X=-280 Y=42 Src=384,16 - 400,32 TexW=708 TexH=202
2026-08-21 01:48:04 [INFO] X=-182 Y=-59 Src=0,0 - 77,155 TexW=77 TexH=155
2026-08-21 01:48:04 [INFO] X=-61 Y=50 Src=0,0 - 26,46 TexW=149 TexH=181
2026-08-21 01:48:04 [INFO] X=-56 Y=42 Src=272,128 - 288,144 TexW=708 TexH=202
2026-08-21 01:48:04 [INFO] X=42 Y=-59 Src=0,0 - 77,155 TexW=77 TexH=155
2026-08-21 01:48:04 [INFO] X=259 Y=178 Src=0,0 - 26,46 TexW=149 TexH=181
2026-08-21 01:48:04 [INFO] X=264 Y=170 Src=128,16 - 144,32 TexW=708 TexH=202
2026-08-21 01:48:04 [INFO] X=611 Y=306 Src=0,0 - 26,46 TexW=149 TexH=181
2026-08-21 01:48:04 [INFO] X=616 Y=298 Src=256,48 - 272,64 TexW=708 TexH=202
2026-08-21 01:48:04 [INFO] X=-368 Y=128 Src=0,0 - 256,256 TexW=256 TexH=256
2026-08-21 01:48:04 [INFO] X=-240 Y=128 Src=0,0 - 256,256 TexW=256 TexH=256
2026-08-21 01:48:04 [INFO] X=-112 Y=128 Src=0,0 - 256,256 TexW=256 TexH=256
2026-08-21 01:48:04 [INFO] X=283 Y=384 Src=952,512 - 995,576 TexW=1792 TexH=640
2026-08-21 01:48:04 [INFO] X=443 Y=384 Src=952,512 - 995,576 TexW=1792 TexH=640
2026-08-21 01:48:04 [INFO] X=592 Y=192 Src=0,0 - 256,256 TexW=256 TexH=256
2026-08-21 01:48:04 [INFO] X=688 Y=192 Src=0,0 - 256,256 TexW=256 TexH=256
2026-08-21 01:48:04 [INFO] X=323 Y=448 Src=26,0 - 52,96 TexW=234 TexH=97
2026-08-21 01:48:04 [INFO] X=355 Y=498 Src=0,0 - 26,46 TexW=149 TexH=181
2026-08-21 01:48:04 [INFO] X=360 Y=490 Src=384,32 - 400,48 TexW=708 TexH=202
2026-08-21 01:48:04 [INFO] X=384 Y=512 Src=64,672 - 96,704 TexW=640 TexH=742
2026-08-21 01:48:04 [INFO] X=419 Y=448 Src=26,0 - 52,96 TexW=234 TexH=97
2026-08-21 01:48:04 [INFO] X=-368 Y=320 Src=0,0 - 256,256 TexW=256 TexH=256
2026-08-21 01:48:04 [INFO] X=688 Y=384 Src=0,0 - 256,256 TexW=256 TexH=256
2026-08-21 01:48:04 [INFO] X=-368 Y=448 Src=0,0 - 256,256 TexW=256 TexH=256
2026-08-21 01:48:04 [INFO] X=-127 Y=636 Src=30,0 - 60,68 TexW=270 TexH=68
2026-08-21 01:48:04 [INFO] X=-208 Y=448 Src=0,0 - 256,256 TexW=256 TexH=256
2026-08-21 01:48:04 [INFO] X=-285 Y=690 Src=0,0 - 26,46 TexW=149 TexH=181
2026-08-21 01:48:04 [INFO] X=-280 Y=682 Src=64,0 - 80,16 TexW=708 TexH=202
2026-08-21 01:48:04 [INFO] X=-253 Y=690 Src=0,0 - 26,46 TexW=149 TexH=181
2026-08-21 01:48:04 [INFO] X=-248 Y=682 Src=639,64 - 655,80 TexW=708 TexH=202
2026-08-21 01:48:04 [INFO] X=-221 Y=690 Src=0,0 - 26,46 TexW=149 TexH=181
2026-08-21 01:48:04 [INFO] X=-216 Y=682 Src=272,128 - 288,144 TexW=708 TexH=202
2026-08-21 01:48:05 [INFO] X=-32 Y=-32 Src=0,0 - 32,32 TexW=512 TexH=128
2026-08-21 01:48:05 [INFO] X=0 Y=-32 Src=32,0 - 64,32 TexW=512 TexH=128
2026-08-21 01:48:05 [INFO] X=32 Y=-32 Src=64,0 - 96,32 TexW=512 TexH=128
2026-08-21 01:48:05 [INFO] X=32 Y=-32 Src=512,192 - 544,224 TexW=640 TexH=742
2026-08-21 01:48:05 [INFO] X=64 Y=-32 Src=96,0 - 128,32 TexW=512 TexH=128
2026-08-21 01:48:05 [INFO] X=96 Y=-32 Src=0,0 - 32,32 TexW=512 TexH=128
2026-08-21 01:48:05 [INFO] X=128 Y=-32 Src=32,0 - 64,32 TexW=512 TexH=128
2026-08-21 01:48:05 [INFO] X=160 Y=-32 Src=64,0 - 96,32 TexW=512 TexH=128
2026-08-21 01:48:05 [INFO] X=192 Y=-32 Src=96,0 - 128,32 TexW=512 TexH=128
2026-08-21 01:48:05 [INFO] X=224 Y=-32 Src=0,0 - 32,32 TexW=512 TexH=128
2026-08-21 01:48:05 [INFO] X=256 Y=-32 Src=32,0 - 64,32 TexW=512 TexH=128
2026-08-21 01:48:05 [INFO] X=288 Y=-32 Src=64,0 - 96,32 TexW=512 TexH=128
2026-08-21 01:48:05 [INFO] X=320 Y=-32 Src=96,0 - 128,32 TexW=512 TexH=128
2026-08-21 01:48:05 [INFO] X=352 Y=-32 Src=0,0 - 32,32 TexW=512 TexH=128
2026-08-21 01:48:05 [INFO] X=384 Y=-32 Src=32,0 - 64,32 TexW=512 TexH=128
2026-08-21 01:48:05 [INFO] X=362 Y=-58 Src=0,0 - 77,58 TexW=77 TexH=58
2026-08-21 01:48:05 [INFO] X=416 Y=-32 Src=64,0 - 96,32 TexW=512 TexH=128
2026-08-21 01:48:05 [INFO] X=448 Y=-32 Src=96,0 - 128,32 TexW=512 TexH=128
2026-08-21 01:48:05 [INFO] X=480 Y=-32 Src=0,0 - 32,32 TexW=512 TexH=128
2026-08-21 01:48:05 [INFO] X=512 Y=-32 Src=32,0 - 64,32 TexW=512 TexH=128
2026-08-21 01:48:05 [INFO] X=544 Y=-32 Src=64,0 - 96,32 TexW=512 TexH=128
2026-08-21 01:48:05 [INFO] X=-32 Y=0 Src=0,64 - 32,96 TexW=512 TexH=128
2026-08-21 01:48:05 [INFO] X=0 Y=0 Src=32,64 - 64,96 TexW=512 TexH=128
2026-08-21 01:48:05 [INFO] X=32 Y=0 Src=64,64 - 96,96 TexW=512 TexH=128
2026-08-21 01:48:05 [INFO] X=64 Y=0 Src=96,64 - 128,96 TexW=512 TexH=128
2026-08-21 01:48:05 [INFO] X=96 Y=0 Src=0,64 - 32,96 TexW=512 TexH=128
2026-08-21 01:48:05 [INFO] X=128 Y=0 Src=32,64 - 64,96 TexW=512 TexH=128
2026-08-21 01:48:05 [INFO] X=160 Y=0 Src=64,64 - 96,96 TexW=512 TexH=128
2026-08-21 01:48:05 [INFO] X=192 Y=0 Src=96,64 - 128,96 TexW=512 TexH=128
2026-08-21 01:48:05 [INFO] X=224 Y=0 Src=0,64 - 32,96 TexW=512 TexH=128
2026-08-21 01:48:05 [INFO] X=256 Y=0 Src=32,64 - 64,96 TexW=512 TexH=128
2026-08-21 01:48:05 [INFO] X=288 Y=0 Src=64,64 - 96,96 TexW=512 TexH=128
2026-08-21 01:48:05 [INFO] X=320 Y=0 Src=96,64 - 128,96 TexW=512 TexH=128
2026-08-21 01:48:05 [INFO] X=352 Y=0 Src=0,64 - 32,96 TexW=512 TexH=128
2026-08-21 01:48:05 [INFO] X=384 Y=0 Src=32,64 - 64,96 TexW=512 TexH=128
2026-08-21 01:48:05 [INFO] X=416 Y=0 Src=64,64 - 96,96 TexW=512 TexH=128
2026-08-21 01:48:05 [INFO] X=448 Y=0 Src=96,64 - 128,96 TexW=512 TexH=128
2026-08-21 01:48:05 [INFO] X=480 Y=0 Src=0,64 - 32,96 TexW=512 TexH=128
2026-08-21 01:48:05 [INFO] X=512 Y=0 Src=32,64 - 64,96 TexW=512 TexH=128
2026-08-21 01:48:05 [INFO] X=544 Y=0 Src=64,64 - 96,96 TexW=512 TexH=128
2026-08-21 01:48:05 [INFO] X=-32 Y=32 Src=128,0 - 160,32 TexW=384 TexH=384
2026-08-21 01:48:05 [INFO] X=-32 Y=32 Src=128,128 - 160,160 TexW=256 TexH=384
2026-08-21 01:48:05 [INFO] X=0 Y=32 Src=160,0 - 192,32 TexW=384 TexH=384
2026-08-21 01:48:05 [INFO] X=0 Y=32 Src=160,128 - 192,160 TexW=256 TexH=384
2026-08-21 01:48:05 [INFO] X=32 Y=32 Src=192,0 - 224,32 TexW=384 TexH=384
2026-08-21 01:48:05 [INFO] X=32 Y=32 Src=128,128 - 160,160 TexW=256 TexH=384
2026-08-21 01:48:05 [INFO] X=64 Y=32 Src=224,0 - 256,32 TexW=384 TexH=384
2026-08-21 01:48:05 [INFO] X=64 Y=32 Src=160,128 - 192,160 TexW=256 TexH=384
2026-08-21 01:48:05 [INFO] X=96 Y=32 Src=128,0 - 160,32 TexW=384 TexH=384
2026-08-21 01:48:05 [INFO] X=96 Y=32 Src=128,128 - 160,160 TexW=256 TexH=384
2026-08-21 01:48:05 [INFO] X=128 Y=32 Src=160,0 - 192,32 TexW=384 TexH=384
2026-08-21 01:48:05 [INFO] X=128 Y=32 Src=160,128 - 192,160 TexW=256 TexH=384
2026-08-21 01:48:05 [INFO] X=160 Y=32 Src=192,0 - 224,32 TexW=384 TexH=384
2026-08-21 01:48:05 [INFO] X=160 Y=32 Src=128,128 - 160,160 TexW=256 TexH=384
2026-08-21 01:48:05 [INFO] X=192 Y=32 Src=224,0 - 256,32 TexW=384 TexH=384
2026-08-21 01:48:05 [INFO] X=192 Y=32 Src=160,128 - 192,160 TexW=256 TexH=384
2026-08-21 01:48:05 [INFO] X=224 Y=32 Src=128,0 - 160,32 TexW=384 TexH=384
2026-08-21 01:48:05 [INFO] X=224 Y=32 Src=128,128 - 160,160 TexW=256 TexH=384
2026-08-21 01:48:05 [INFO] X=256 Y=32 Src=160,0 - 192,32 TexW=384 TexH=384
2026-08-21 01:48:05 [INFO] X=256 Y=32 Src=160,128 - 192,160 TexW=256 TexH=384
2026-08-21 01:48:05 [INFO] X=288 Y=32 Src=192,0 - 224,32 TexW=384 TexH=384
2026-08-21 01:48:05 [INFO] X=288 Y=32 Src=128,128 - 160,160 TexW=256 TexH=384
2026-08-21 01:48:05 [INFO] X=320 Y=32 Src=224,0 - 256,32 TexW=384 TexH=384
2026-08-21 01:48:05 [INFO] X=320 Y=32 Src=160,128 - 192,160 TexW=256 TexH=384
2026-08-21 01:48:05 [INFO] X=352 Y=32 Src=128,0 - 160,32 TexW=384 TexH=384
2026-08-21 01:48:05 [INFO] X=352 Y=32 Src=128,128 - 160,160 TexW=256 TexH=384
2026-08-21 01:48:05 [INFO] X=384 Y=32 Src=160,0 - 192,32 TexW=384 TexH=384
2026-08-21 01:48:05 [INFO] X=384 Y=32 Src=160,128 - 192,160 TexW=256 TexH=384
2026-08-21 01:48:05 [INFO] X=416 Y=32 Src=192,0 - 224,32 TexW=384 TexH=384
2026-08-21 01:48:05 [INFO] X=416 Y=32 Src=128,128 - 160,160 TexW=256 TexH=384
2026-08-21 01:48:05 [INFO] X=448 Y=32 Src=224,0 - 256,32 TexW=384 TexH=384
2026-08-21 01:48:05 [INFO] X=448 Y=32 Src=160,128 - 192,160 TexW=256 TexH=384
2026-08-21 01:48:05 [INFO] X=480 Y=32 Src=128,0 - 160,32 TexW=384 TexH=384
2026-08-21 01:48:05 [INFO] X=480 Y=32 Src=128,128 - 160,160 TexW=256 TexH=384
2026-08-21 01:48:05 [INFO] X=512 Y=32 Src=160,0 - 192,32 TexW=384 TexH=384
2026-08-21 01:48:05 [INFO] X=512 Y=32 Src=160,128 - 192,160 TexW=256 TexH=384
2026-08-21 01:48:05 [INFO] X=544 Y=32 Src=192,0 - 224,32 TexW=384 TexH=384
2026-08-21 01:48:05 [INFO] X=544 Y=32 Src=128,128 - 160,160 TexW=256 TexH=384
2026-08-21 01:48:05 [INFO] X=-32 Y=64 Src=128,64 - 160,96 TexW=384 TexH=384
2026-08-21 01:48:05 [INFO] X=0 Y=64 Src=160,64 - 192,96 TexW=384 TexH=384
2026-08-21 01:48:05 [INFO] X=32 Y=64 Src=192,64 - 224,96 TexW=384 TexH=384
2026-08-21 01:48:05 [INFO] X=64 Y=64 Src=224,64 - 256,96 TexW=384 TexH=384
2026-08-21 01:48:05 [INFO] X=96 Y=64 Src=128,64 - 160,96 TexW=384 TexH=384
2026-08-21 01:48:05 [INFO] X=128 Y=64 Src=160,64 - 192,96 TexW=384 TexH=384
2026-08-21 01:48:05 [INFO] X=160 Y=64 Src=192,64 - 224,96 TexW=384 TexH=384
2026-08-21 01:48:05 [INFO] X=192 Y=64 Src=224,64 - 256,96 TexW=384 TexH=384
2026-08-21 01:48:05 [INFO] X=224 Y=64 Src=128,64 - 160,96 TexW=384 TexH=384
2026-08-21 01:48:05 [INFO] X=256 Y=64 Src=160,64 - 192,96 TexW=384 TexH=384
2026-08-21 01:48:05 [INFO] X=288 Y=64 Src=192,64 - 224,96 TexW=384 TexH=384
2026-08-21 01:48:05 [INFO] X=320 Y=64 Src=224,64 - 256,96 TexW=384 TexH=384
2026-08-21 01:48:05 [INFO] X=352 Y=64 Src=128,64 - 160,96 TexW=384 TexH=384
2026-08-21 01:48:05 [INFO] X=384 Y=64 Src=160,64 - 192,96 TexW=384 TexH=384
2026-08-21 01:48:05 [INFO] X=416 Y=64 Src=192,64 - 224,96 TexW=384 TexH=384
2026-08-21 01:48:05 [INFO] X=448 Y=64 Src=224,64 - 256,96 TexW=384 TexH=384
2026-08-21 01:48:05 [INFO] X=480 Y=64 Src=128,64 - 160,96 TexW=384 TexH=384
2026-08-21 01:48:05 [INFO] X=512 Y=64 Src=160,64 - 192,96 TexW=384 TexH=384
2026-08-21 01:48:05 [INFO] X=544 Y=64 Src=192,64 - 224,96 TexW=384 TexH=384
2026-08-21 01:48:05 [INFO] X=-32 Y=96 Src=128,0 - 160,32 TexW=384 TexH=384
2026-08-21 01:48:05 [INFO] X=0 Y=96 Src=160,0 - 192,32 TexW=384 TexH=384
2026-08-21 01:48:05 [INFO] X=32 Y=96 Src=192,0 - 224,32 TexW=384 TexH=384
2026-08-21 01:48:05 [INFO] X=64 Y=96 Src=224,0 - 256,32 TexW=384 TexH=384
2026-08-21 01:48:05 [INFO] X=96 Y=96 Src=128,0 - 160,32 TexW=384 TexH=384
2026-08-21 01:48:05 [INFO] X=128 Y=96 Src=160,0 - 192,32 TexW=384 TexH=384
2026-08-21 01:48:05 [INFO] X=160 Y=96 Src=192,0 - 224,32 TexW=384 TexH=384
2026-08-21 01:48:05 [INFO] X=192 Y=96 Src=224,0 - 256,32 TexW=384 TexH=384
2026-08-21 01:48:05 [INFO] X=224 Y=96 Src=128,0 - 160,32 TexW=384 TexH=384
2026-08-21 01:48:05 [INFO] X=256 Y=96 Src=160,0 - 192,32 TexW=384 TexH=384
2026-08-21 01:48:05 [INFO] X=288 Y=96 Src=192,0 - 224,32 TexW=384 TexH=384
2026-08-21 01:48:05 [INFO] X=320 Y=96 Src=224,0 - 256,32 TexW=384 TexH=384
2026-08-21 01:48:05 [INFO] X=352 Y=96 Src=128,0 - 160,32 TexW=384 TexH=384
2026-08-21 01:48:05 [INFO] X=384 Y=96 Src=160,0 - 192,32 TexW=384 TexH=384
2026-08-21 01:48:05 [INFO] X=416 Y=96 Src=192,0 - 224,32 TexW=384 TexH=384
2026-08-21 01:48:05 [INFO] X=448 Y=96 Src=224,0 - 256,32 TexW=384 TexH=384
2026-08-21 01:48:05 [INFO] X=480 Y=96 Src=128,0 - 160,32 TexW=384 TexH=384
2026-08-21 01:48:05 [INFO] X=512 Y=96 Src=160,0 - 192,32 TexW=384 TexH=384
2026-08-21 01:48:05 [INFO] X=544 Y=96 Src=192,0 - 224,32 TexW=384 TexH=384
2026-08-21 01:48:05 [INFO] X=-32 Y=128 Src=128,64 - 160,96 TexW=384 TexH=384
2026-08-21 01:48:05 [INFO] X=0 Y=128 Src=160,64 - 192,96 TexW=384 TexH=384
2026-08-21 01:48:05 [INFO] X=32 Y=128 Src=192,64 - 224,96 TexW=384 TexH=384
2026-08-21 01:48:05 [INFO] X=64 Y=128 Src=224,64 - 256,96 TexW=384 TexH=384
2026-08-21 01:48:05 [INFO] X=96 Y=128 Src=128,64 - 160,96 TexW=384 TexH=384
2026-08-21 01:48:05 [INFO] X=128 Y=128 Src=160,64 - 192,96 TexW=384 TexH=384
2026-08-21 01:48:05 [INFO] X=160 Y=128 Src=192,64 - 224,96 TexW=384 TexH=384
2026-08-21 01:48:05 [INFO] X=192 Y=128 Src=224,64 - 256,96 TexW=384 TexH=384
2026-08-21 01:48:05 [INFO] X=224 Y=128 Src=128,64 - 160,96 TexW=384 TexH=384
2026-08-21 01:48:05 [INFO] X=256 Y=128 Src=160,64 - 192,96 TexW=384 TexH=384
2026-08-21 01:48:05 [INFO] X=288 Y=128 Src=192,64 - 224,96 TexW=384 TexH=384
2026-08-21 01:48:05 [INFO] X=320 Y=128 Src=224,64 - 256,96 TexW=384 TexH=384
2026-08-21 01:48:05 [INFO] X=352 Y=128 Src=128,64 - 160,96 TexW=384 TexH=384
2026-08-21 01:48:05 [INFO] X=384 Y=128 Src=160,64 - 192,96 TexW=384 TexH=384
2026-08-21 01:48:05 [INFO] X=416 Y=128 Src=192,64 - 224,96 TexW=384 TexH=384
2026-08-21 01:48:05 [INFO] X=448 Y=128 Src=224,64 - 256,96 TexW=384 TexH=384
2026-08-21 01:48:05 [INFO] X=480 Y=128 Src=128,64 - 160,96 TexW=384 TexH=384
2026-08-21 01:48:05 [INFO] X=512 Y=128 Src=160,64 - 192,96 TexW=384 TexH=384
2026-08-21 01:48:05 [INFO] X=544 Y=128 Src=192,64 - 224,96 TexW=384 TexH=384
2026-08-21 01:48:05 [INFO] X=-32 Y=160 Src=128,0 - 160,32 TexW=384 TexH=384
2026-08-21 01:48:05 [INFO] X=0 Y=160 Src=160,0 - 192,32 TexW=384 TexH=384
2026-08-21 01:48:05 [INFO] X=32 Y=160 Src=192,0 - 224,32 TexW=384 TexH=384
2026-08-21 01:48:05 [INFO] X=64 Y=160 Src=224,0 - 256,32 TexW=384 TexH=384
2026-08-21 01:48:05 [INFO] X=96 Y=160 Src=128,0 - 160,32 TexW=384 TexH=384
2026-08-21 01:48:05 [INFO] X=128 Y=160 Src=160,0 - 192,32 TexW=384 TexH=384
2026-08-21 01:48:05 [INFO] X=160 Y=160 Src=192,0 - 224,32 TexW=384 TexH=384
2026-08-21 01:48:05 [INFO] X=192 Y=160 Src=224,0 - 256,32 TexW=384 TexH=384
2026-08-21 01:48:05 [INFO] X=224 Y=160 Src=128,0 - 160,32 TexW=384 TexH=384
2026-08-21 01:48:05 [INFO] X=256 Y=160 Src=160,0 - 192,32 TexW=384 TexH=384
2026-08-21 01:48:05 [INFO] X=288 Y=160 Src=192,0 - 224,32 TexW=384 TexH=384
2026-08-21 01:48:05 [INFO] X=320 Y=160 Src=224,0 - 256,32 TexW=384 TexH=384
2026-08-21 01:48:05 [INFO] X=352 Y=160 Src=128,0 - 160,32 TexW=384 TexH=384
2026-08-21 01:48:05 [INFO] X=384 Y=160 Src=160,0 - 192,32 TexW=384 TexH=384
2026-08-21 01:48:05 [INFO] X=416 Y=160 Src=192,0 - 224,32 TexW=384 TexH=384
2026-08-21 01:48:05 [INFO] X=448 Y=160 Src=224,0 - 256,32 TexW=384 TexH=384
2026-08-21 01:48:05 [INFO] X=480 Y=160 Src=128,0 - 160,32 TexW=384 TexH=384
2026-08-21 01:48:05 [INFO] X=512 Y=160 Src=160,0 - 192,32 TexW=384 TexH=384
2026-08-21 01:48:05 [INFO] X=544 Y=160 Src=192,0 - 224,32 TexW=384 TexH=384
2026-08-21 01:48:05 [INFO] X=-32 Y=192 Src=128,64 - 160,96 TexW=384 TexH=384
2026-08-21 01:48:05 [INFO] X=0 Y=192 Src=160,64 - 192,96 TexW=384 TexH=384
2026-08-21 01:48:05 [INFO] X=32 Y=192 Src=192,64 - 224,96 TexW=384 TexH=384
2026-08-21 01:48:05 [INFO] X=64 Y=192 Src=224,64 - 256,96 TexW=384 TexH=384
2026-08-21 01:48:05 [INFO] X=96 Y=192 Src=128,64 - 160,96 TexW=384 TexH=384
2026-08-21 01:48:05 [INFO] X=128 Y=192 Src=160,64 - 192,96 TexW=384 TexH=384
2026-08-21 01:48:05 [INFO] X=160 Y=192 Src=192,64 - 224,96 TexW=384 TexH=384
2026-08-21 01:48:05 [INFO] X=192 Y=192 Src=224,64 - 256,96 TexW=384 TexH=384
2026-08-21 01:48:05 [INFO] X=224 Y=192 Src=128,64 - 160,96 TexW=384 TexH=384
2026-08-21 01:48:05 [INFO] X=256 Y=192 Src=160,64 - 192,96 TexW=384 TexH=384
2026-08-21 01:48:05 [INFO] X=288 Y=192 Src=192,64 - 224,96 TexW=384 TexH=384
2026-08-21 01:48:05 [INFO] X=320 Y=192 Src=224,64 - 256,96 TexW=384 TexH=384
2026-08-21 01:48:05 [INFO] X=352 Y=192 Src=128,64 - 160,96 TexW=384 TexH=384
2026-08-21 01:48:05 [INFO] X=384 Y=192 Src=160,64 - 192,96 TexW=384 TexH=384
2026-08-21 01:48:05 [INFO] X=416 Y=192 Src=192,64 - 224,96 TexW=384 TexH=384
2026-08-21 01:48:05 [INFO] X=448 Y=192 Src=224,64 - 256,96 TexW=384 TexH=384
2026-08-21 01:48:05 [INFO] X=480 Y=192 Src=128,64 - 160,96 TexW=384 TexH=384
2026-08-21 01:48:05 [INFO] X=512 Y=192 Src=160,64 - 192,96 TexW=384 TexH=384
2026-08-21 01:48:05 [INFO] X=544 Y=192 Src=192,64 - 224,96 TexW=384 TexH=384
2026-08-21 01:48:05 [INFO] X=-304 Y=-415 Src=0,0 - 64,95 TexW=64 TexH=95
2026-08-21 01:48:05 [INFO] X=-368 Y=-576 Src=0,0 - 256,256 TexW=256 TexH=256
2026-08-21 01:48:05 [INFO] X=-182 Y=-475 Src=0,0 - 77,155 TexW=77 TexH=155
2026-08-21 01:48:05 [INFO] X=-208 Y=-576 Src=0,0 - 256,256 TexW=256 TexH=256
2026-08-21 01:48:05 [INFO] X=48 Y=-320 Src=0,0 - 128,32 TexW=128 TexH=32
2026-08-21 01:48:05 [INFO] X=176 Y=-320 Src=0,0 - 128,32 TexW=128 TexH=32
2026-08-21 01:48:05 [INFO] X=464 Y=-320 Src=0,0 - 128,32 TexW=128 TexH=32
2026-08-21 01:48:05 [INFO] X=592 Y=-320 Src=0,0 - 128,32 TexW=128 TexH=32
2026-08-21 01:48:05 [INFO] X=-176 Y=-512 Src=0,0 - 256,256 TexW=256 TexH=256
2026-08-21 01:48:05 [INFO] X=208 Y=-512 Src=0,0 - 256,256 TexW=256 TexH=256
2026-08-21 01:48:05 [INFO] X=-352 Y=-256 Src=0,0 - 32,32 TexW=64 TexH=32
2026-08-21 01:48:05 [INFO] X=835 Y=-270 Src=0,0 - 26,46 TexW=174 TexH=181
2026-08-21 01:48:05 [INFO] X=-176 Y=-448 Src=0,0 - 256,256 TexW=256 TexH=256
2026-08-21 01:48:05 [INFO] X=48 Y=-224 Src=0,0 - 128,32 TexW=128 TexH=32
2026-08-21 01:48:05 [INFO] X=176 Y=-224 Src=0,0 - 128,32 TexW=128 TexH=32
2026-08-21 01:48:05 [INFO] X=384 Y=-224 Src=608,64 - 640,96 TexW=640 TexH=742
2026-08-21 01:48:05 [INFO] X=480 Y=-224 Src=608,64 - 640,96 TexW=640 TexH=742
2026-08-21 01:48:05 [INFO] X=464 Y=-224 Src=0,0 - 128,32 TexW=128 TexH=32
2026-08-21 01:48:05 [INFO] X=592 Y=-224 Src=0,0 - 128,32 TexW=128 TexH=32
2026-08-21 01:48:05 [INFO] X=-253 Y=-206 Src=0,0 - 26,46 TexW=149 TexH=181
2026-08-21 01:48:05 [INFO] X=163 Y=-206 Src=0,0 - 26,46 TexW=149 TexH=181
2026-08-21 01:48:05 [INFO] X=168 Y=-214 Src=64,0 - 80,16 TexW=708 TexH=202
2026-08-21 01:48:05 [INFO] X=-352 Y=-160 Src=0,0 - 32,32 TexW=64 TexH=32
2026-08-21 01:48:05 [INFO] X=352 Y=-160 Src=608,64 - 640,96 TexW=640 TexH=742
2026-08-21 01:48:05 [INFO] X=480 Y=-160 Src=608,64 - 640,96 TexW=640 TexH=742
2026-08-21 01:48:05 [INFO] X=74 Y=-251 Src=0,0 - 77,155 TexW=77 TexH=155
2026-08-21 01:48:05 [INFO] X=419 Y=-142 Src=0,0 - 26,46 TexW=149 TexH=181
2026-08-21 01:48:05 [INFO] X=424 Y=-150 Src=320,0 - 336,16 TexW=708 TexH=202
2026-08-21 01:48:05 [INFO] X=448 Y=-128 Src=256,96 - 288,128 TexW=640 TexH=742
2026-08-21 01:48:05 [INFO] X=586 Y=-251 Src=0,0 - 77,155 TexW=77 TexH=155
2026-08-21 01:48:05 [INFO] X=-32 Y=-64 Src=608,64 - 640,96 TexW=640 TexH=742
2026-08-21 01:48:05 [INFO] X=448 Y=-64 Src=608,64 - 640,96 TexW=640 TexH=742
2026-08-21 01:48:05 [INFO] X=464 Y=-288 Src=0,0 - 256,256 TexW=256 TexH=256
2026-08-21 01:48:05 [INFO] X=0 Y=0 Src=608,64 - 640,96 TexW=640 TexH=742
2026-08-21 01:48:05 [INFO] X=291 Y=-14 Src=0,0 - 26,46 TexW=149 TexH=181
2026-08-21 01:48:05 [INFO] X=296 Y=-22 Src=256,48 - 272,64 TexW=708 TexH=202
2026-08-21 01:48:05 [INFO] X=736 Y=-64 Src=0,96 - 96,192 TexW=288 TexH=192
2026-08-21 01:48:05 [INFO] X=656 Y=32 Src=0,0 - 64,32 TexW=64 TexH=32
2026-08-21 01:48:05 [INFO] X=867 Y=18 Src=0,0 - 26,46 TexW=149 TexH=181
2026-08-21 01:48:05 [INFO] X=872 Y=10 Src=0,0 - 16,16 TexW=708 TexH=202
2026-08-21 01:48:05 [INFO] X=-349 Y=50 Src=0,0 - 26,46 TexW=149 TexH=181
2026-08-21 01:48:05 [INFO] X=-344 Y=42 Src=384,16 - 400,32 TexW=708 TexH=202
2026-08-21 01:48:05 [INFO] X=-285 Y=50 Src=0,0 - 26,46 TexW=149 TexH=181
2026-08-21 01:48:05 [INFO] X=-280 Y=42 Src=384,16 - 400,32 TexW=708 TexH=202
2026-08-21 01:48:05 [INFO] X=-182 Y=-59 Src=0,0 - 77,155 TexW=77 TexH=155
2026-08-21 01:48:05 [INFO] X=-61 Y=50 Src=0,0 - 26,46 TexW=149 TexH=181
2026-08-21 01:48:05 [INFO] X=-56 Y=42 Src=272,128 - 288,144 TexW=708 TexH=202
2026-08-21 01:48:05 [INFO] X=42 Y=-59 Src=0,0 - 77,155 TexW=77 TexH=155
2026-08-21 01:48:05 [INFO] X=259 Y=178 Src=0,0 - 26,46 TexW=149 TexH=181
2026-08-21 01:48:05 [INFO] X=264 Y=170 Src=128,16 - 144,32 TexW=708 TexH=202
2026-08-21 01:48:05 [INFO] X=611 Y=306 Src=0,0 - 26,46 TexW=149 TexH=181
2026-08-21 01:48:05 [INFO] X=616 Y=298 Src=256,48 - 272,64 TexW=708 TexH=202
2026-08-21 01:48:05 [INFO] X=-368 Y=128 Src=0,0 - 256,256 TexW=256 TexH=256
2026-08-21 01:48:05 [INFO] X=-240 Y=128 Src=0,0 - 256,256 TexW=256 TexH=256
2026-08-21 01:48:05 [INFO] X=-112 Y=128 Src=0,0 - 256,256 TexW=256 TexH=256
2026-08-21 01:48:05 [INFO] X=283 Y=384 Src=823,512 - 866,576 TexW=1792 TexH=640
2026-08-21 01:48:05 [INFO] X=443 Y=384 Src=823,512 - 866,576 TexW=1792 TexH=640
2026-08-21 01:48:05 [INFO] X=592 Y=192 Src=0,0 - 256,256 TexW=256 TexH=256
2026-08-21 01:48:05 [INFO] X=688 Y=192 Src=0,0 - 256,256 TexW=256 TexH=256
2026-08-21 01:48:05 [INFO] X=323 Y=448 Src=156,0 - 182,96 TexW=234 TexH=97
2026-08-21 01:48:05 [INFO] X=355 Y=498 Src=0,0 - 26,46 TexW=149 TexH=181
2026-08-21 01:48:05 [INFO] X=360 Y=490 Src=384,32 - 400,48 TexW=708 TexH=202
2026-08-21 01:48:05 [INFO] X=384 Y=512 Src=64,672 - 96,704 TexW=640 TexH=742
2026-08-21 01:48:05 [INFO] X=419 Y=448 Src=156,0 - 182,96 TexW=234 TexH=97
2026-08-21 01:48:05 [INFO] X=-368 Y=320 Src=0,0 - 256,256 TexW=256 TexH=256
2026-08-21 01:48:05 [INFO] X=688 Y=384 Src=0,0 - 256,256 TexW=256 TexH=256
2026-08-21 01:48:05 [INFO] X=-368 Y=448 Src=0,0 - 256,256 TexW=256 TexH=256
2026-08-21 01:48:05 [INFO] X=-127 Y=636 Src=180,0 - 210,68 TexW=270 TexH=68
2026-08-21 01:48:05 [INFO] X=-208 Y=448 Src=0,0 - 256,256 TexW=256 TexH=256
2026-08-21 01:48:05 [INFO] X=-285 Y=690 Src=0,0 - 26,46 TexW=149 TexH=181
2026-08-21 01:48:05 [INFO] X=-280 Y=682 Src=64,0 - 80,16 TexW=708 TexH=202
2026-08-21 01:48:05 [INFO] X=-253 Y=690 Src=0,0 - 26,46 TexW=149 TexH=181
2026-08-21 01:48:05 [INFO] X=-248 Y=682 Src=639,64 - 655,80 TexW=708 TexH=202
2026-08-21 01:48:05 [INFO] X=-221 Y=690 Src=0,0 - 26,46 TexW=149 TexH=181
2026-08-21 01:48:05 [INFO] X=-216 Y=682 Src=272,128 - 288,144 TexW=708 TexH=202
2026-08-21 01:48:05 [INFO] X=-32 Y=-32 Src=0,0 - 32,32 TexW=512 TexH=128
2026-08-21 01:48:05 [INFO] X=0 Y=-32 Src=32,0 - 64,32 TexW=512 TexH=128
2026-08-21 01:48:05 [INFO] X=32 Y=-32 Src=64,0 - 96,32 TexW=512 TexH=128
2026-08-21 01:48:05 [INFO] X=32 Y=-32 Src=512,192 - 544,224 TexW=640 TexH=742
2026-08-21 01:48:05 [INFO] X=64 Y=-32 Src=96,0 - 128,32 TexW=512 TexH=128
2026-08-21 01:48:05 [INFO] X=96 Y=-32 Src=0,0 - 32,32 TexW=512 TexH=128
2026-08-21 01:48:05 [INFO] X=128 Y=-32 Src=32,0 - 64,32 TexW=512 TexH=128
2026-08-21 01:48:05 [INFO] X=160 Y=-32 Src=64,0 - 96,32 TexW=512 TexH=128
2026-08-21 01:48:05 [INFO] X=192 Y=-32 Src=96,0 - 128,32 TexW=512 TexH=128
2026-08-21 01:48:05 [INFO] X=224 Y=-32 Src=0,0 - 32,32 TexW=512 TexH=128
2026-08-21 01:48:05 [INFO] X=256 Y=-32 Src=32,0 - 64,32 TexW=512 TexH=128
2026-08-21 01:48:05 [INFO] X=288 Y=-32 Src=64,0 - 96,32 TexW=512 TexH=128
2026-08-21 01:48:05 [INFO] X=320 Y=-32 Src=96,0 - 128,32 TexW=512 TexH=128
2026-08-21 01:48:05 [INFO] X=352 Y=-32 Src=0,0 - 32,32 TexW=512 TexH=128
2026-08-21 01:48:05 [INFO] X=384 Y=-32 Src=32,0 - 64,32 TexW=512 TexH=128
2026-08-21 01:48:05 [INFO] X=362 Y=-58 Src=0,0 - 77,58 TexW=77 TexH=58
2026-08-21 01:48:05 [INFO] X=416 Y=-32 Src=64,0 - 96,32 TexW=512 TexH=128
2026-08-21 01:48:05 [INFO] X=448 Y=-32 Src=96,0 - 128,32 TexW=512 TexH=128
2026-08-21 01:48:05 [INFO] X=480 Y=-32 Src=0,0 - 32,32 TexW=512 TexH=128
2026-08-21 01:48:05 [INFO] X=512 Y=-32 Src=32,0 - 64,32 TexW=512 TexH=128
2026-08-21 01:48:05 [INFO] X=544 Y=-32 Src=64,0 - 96,32 TexW=512 TexH=128
2026-08-21 01:48:05 [INFO] X=-32 Y=0 Src=0,64 - 32,96 TexW=512 TexH=128
2026-08-21 01:48:05 [INFO] X=0 Y=0 Src=32,64 - 64,96 TexW=512 TexH=128
2026-08-21 01:48:05 [INFO] X=32 Y=0 Src=64,64 - 96,96 TexW=512 TexH=128
2026-08-21 01:48:05 [INFO] X=64 Y=0 Src=96,64 - 128,96 TexW=512 TexH=128
2026-08-21 01:48:05 [INFO] X=96 Y=0 Src=0,64 - 32,96 TexW=512 TexH=128
2026-08-21 01:48:05 [INFO] X=128 Y=0 Src=32,64 - 64,96 TexW=512 TexH=128
2026-08-21 01:48:05 [INFO] X=160 Y=0 Src=64,64 - 96,96 TexW=512 TexH=128
2026-08-21 01:48:05 [INFO] X=192 Y=0 Src=96,64 - 128,96 TexW=512 TexH=128
2026-08-21 01:48:05 [INFO] X=224 Y=0 Src=0,64 - 32,96 TexW=512 TexH=128
2026-08-21 01:48:05 [INFO] X=256 Y=0 Src=32,64 - 64,96 TexW=512 TexH=128
2026-08-21 01:48:05 [INFO] X=288 Y=0 Src=64,64 - 96,96 TexW=512 TexH=128
2026-08-21 01:48:05 [INFO] X=320 Y=0 Src=96,64 - 128,96 TexW=512 TexH=128
2026-08-21 01:48:05 [INFO] X=352 Y=0 Src=0,64 - 32,96 TexW=512 TexH=128
2026-08-21 01:48:05 [INFO] X=384 Y=0 Src=32,64 - 64,96 TexW=512 TexH=128
2026-08-21 01:48:05 [INFO] X=416 Y=0 Src=64,64 - 96,96 TexW=512 TexH=128
2026-08-21 01:48:05 [INFO] X=448 Y=0 Src=96,64 - 128,96 TexW=512 TexH=128
2026-08-21 01:48:05 [INFO] X=480 Y=0 Src=0,64 - 32,96 TexW=512 TexH=128
2026-08-21 01:48:05 [INFO] X=512 Y=0 Src=32,64 - 64,96 TexW=512 TexH=128
2026-08-21 01:48:05 [INFO] X=544 Y=0 Src=64,64 - 96,96 TexW=512 TexH=128
2026-08-21 01:48:05 [INFO] X=-32 Y=32 Src=256,0 - 288,32 TexW=384 TexH=384
2026-08-21 01:48:05 [INFO] X=-32 Y=32 Src=128,128 - 160,160 TexW=256 TexH=384
2026-08-21 01:48:05 [INFO] X=0 Y=32 Src=288,0 - 320,32 TexW=384 TexH=384
2026-08-21 01:48:05 [INFO] X=0 Y=32 Src=160,128 - 192,160 TexW=256 TexH=384
2026-08-21 01:48:05 [INFO] X=32 Y=32 Src=320,0 - 352,32 TexW=384 TexH=384
2026-08-21 01:48:05 [INFO] X=32 Y=32 Src=128,128 - 160,160 TexW=256 TexH=384
2026-08-21 01:48:05 [INFO] X=64 Y=32 Src=352,0 - 384,32 TexW=384 TexH=384
2026-08-21 01:48:05 [INFO] X=64 Y=32 Src=160,128 - 192,160 TexW=256 TexH=384
2026-08-21 01:48:05 [INFO] X=96 Y=32 Src=256,0 - 288,32 TexW=384 TexH=384
2026-08-21 01:48:05 [INFO] X=96 Y=32 Src=128,128 - 160,160 TexW=256 TexH=384
2026-08-21 01:48:05 [INFO] X=128 Y=32 Src=288,0 - 320,32 TexW=384 TexH=384
2026-08-21 01:48:05 [INFO] X=128 Y=32 Src=160,128 - 192,160 TexW=256 TexH=384
2026-08-21 01:48:05 [INFO] X=160 Y=32 Src=320,0 - 352,32 TexW=384 TexH=384
2026-08-21 01:48:05 [INFO] X=160 Y=32 Src=128,128 - 160,160 TexW=256 TexH=384
2026-08-21 01:48:05 [INFO] X=192 Y=32 Src=352,0 - 384,32 TexW=384 TexH=384
2026-08-21 01:48:05 [INFO] X=192 Y=32 Src=160,128 - 192,160 TexW=256 TexH=384
2026-08-21 01:48:05 [INFO] X=224 Y=32 Src=256,0 - 288,32 TexW=384 TexH=384
2026-08-21 01:48:05 [INFO] X=224 Y=32 Src=128,128 - 160,160 TexW=256 TexH=384
2026-08-21 01:48:05 [INFO] X=256 Y=32 Src=288,0 - 320,32 TexW=384 TexH=384
2026-08-21 01:48:05 [INFO] X=256 Y=32 Src=160,128 - 192,160 TexW=256 TexH=384
2026-08-21 01:48:05 [INFO] X=288 Y=32 Src=320,0 - 352,32 TexW=384 TexH=384
2026-08-21 01:48:05 [INFO] X=288 Y=32 Src=128,128 - 160,160 TexW=256 TexH=384
2026-08-21 01:48:05 [INFO] X=320 Y=32 Src=352,0 - 384,32 TexW=384 TexH=384
2026-08-21 01:48:05 [INFO] X=320 Y=32 Src=160,128 - 192,160 TexW=256 TexH=384
2026-08-21 01:48:05 [INFO] X=352 Y=32 Src=256,0 - 288,32 TexW=384 TexH=384
2026-08-21 01:48:05 [INFO] X=352 Y=32 Src=128,128 - 160,160 TexW=256 TexH=384
2026-08-21 01:48:05 [INFO] X=384 Y=32 Src=288,0 - 320,32 TexW=384 TexH=384
2026-08-21 01:48:05 [INFO] X=384 Y=32 Src=160,128 - 192,160 TexW=256 TexH=384
2026-08-21 01:48:05 [INFO] X=416 Y=32 Src=320,0 - 352,32 TexW=384 TexH=384
2026-08-21 01:48:05 [INFO] X=416 Y=32 Src=128,128 - 160,160 TexW=256 TexH=384
2026-08-21 01:48:05 [INFO] X=448 Y=32 Src=352,0 - 384,32 TexW=384 TexH=384
2026-08-21 01:48:05 [INFO] X=448 Y=32 Src=160,128 - 192,160 TexW=256 TexH=384
2026-08-21 01:48:05 [INFO] X=480 Y=32 Src=256,0 - 288,32 TexW=384 TexH=384
2026-08-21 01:48:05 [INFO] X=480 Y=32 Src=128,128 - 160,160 TexW=256 TexH=384
2026-08-21 01:48:05 [INFO] X=512 Y=32 Src=288,0 - 320,32 TexW=384 TexH=384
2026-08-21 01:48:05 [INFO] X=512 Y=32 Src=160,128 - 192,160 TexW=256 TexH=384
2026-08-21 01:48:05 [INFO] X=544 Y=32 Src=320,0 - 352,32 TexW=384 TexH=384
2026-08-21 01:48:05 [INFO] X=544 Y=32 Src=128,128 - 160,160 TexW=256 TexH=384
2026-08-21 01:48:05 [INFO] X=-32 Y=64 Src=256,64 - 288,96 TexW=384 TexH=384
2026-08-21 01:48:05 [INFO] X=0 Y=64 Src=288,64 - 320,96 TexW=384 TexH=384
2026-08-21 01:48:05 [INFO] X=32 Y=64 Src=320,64 - 352,96 TexW=384 TexH=384
2026-08-21 01:48:05 [INFO] X=64 Y=64 Src=352,64 - 384,96 TexW=384 TexH=384
2026-08-21 01:48:05 [INFO] X=96 Y=64 Src=256,64 - 288,96 TexW=384 TexH=384
2026-08-21 01:48:05 [INFO] X=128 Y=64 Src=288,64 - 320,96 TexW=384 TexH=384
2026-08-21 01:48:05 [INFO] X=160 Y=64 Src=320,64 - 352,96 TexW=384 TexH=384
2026-08-21 01:48:05 [INFO] X=192 Y=64 Src=352,64 - 384,96 TexW=384 TexH=384
2026-08-21 01:48:05 [INFO] X=224 Y=64 Src=256,64 - 288,96 TexW=384 TexH=384
2026-08-21 01:48:05 [INFO] X=256 Y=64 Src=288,64 - 320,96 TexW=384 TexH=384
2026-08-21 01:48:05 [INFO] X=288 Y=64 Src=320,64 - 352,96 TexW=384 TexH=384
2026-08-21 01:48:05 [INFO] X=320 Y=64 Src=352,64 - 384,96 TexW=384 TexH=384
2026-08-21 01:48:05 [INFO] X=352 Y=64 Src=256,64 - 288,96 TexW=384 TexH=384
2026-08-21 01:48:05 [INFO] X=384 Y=64 Src=288,64 - 320,96 TexW=384 TexH=384
2026-08-21 01:48:05 [INFO] X=416 Y=64 Src=320,64 - 352,96 TexW=384 TexH=384
2026-08-21 01:48:05 [INFO] X=448 Y=64 Src=352,64 - 384,96 TexW=384 TexH=384
2026-08-21 01:48:05 [INFO] X=480 Y=64 Src=256,64 - 288,96 TexW=384 TexH=384
2026-08-21 01:48:05 [INFO] X=512 Y=64 Src=288,64 - 320,96 TexW=384 TexH=384
2026-08-21 01:48:05 [INFO] X=544 Y=64 Src=320,64 - 352,96 TexW=384 TexH=384
2026-08-21 01:48:05 [INFO] X=-32 Y=96 Src=256,0 - 288,32 TexW=384 TexH=384
2026-08-21 01:48:05 [INFO] X=0 Y=96 Src=288,0 - 320,32 TexW=384 TexH=384
2026-08-21 01:48:05 [INFO] X=32 Y=96 Src=320,0 - 352,32 TexW=384 TexH=384
2026-08-21 01:48:05 [INFO] X=64 Y=96 Src=352,0 - 384,32 TexW=384 TexH=384
2026-08-21 01:48:05 [INFO] X=96 Y=96 Src=256,0 - 288,32 TexW=384 TexH=384
2026-08-21 01:48:05 [INFO] X=128 Y=96 Src=288,0 - 320,32 TexW=384 TexH=384
2026-08-21 01:48:05 [INFO] X=160 Y=96 Src=320,0 - 352,32 TexW=384 TexH=384
2026-08-21 01:48:05 [INFO] X=192 Y=96 Src=352,0 - 384,32 TexW=384 TexH=384
2026-08-21 01:48:05 [INFO] X=224 Y=96 Src=256,0 - 288,32 TexW=384 TexH=384
2026-08-21 01:48:05 [INFO] X=256 Y=96 Src=288,0 - 320,32 TexW=384 TexH=384
2026-08-21 01:48:05 [INFO] X=288 Y=96 Src=320,0 - 352,32 TexW=384 TexH=384
2026-08-21 01:48:05 [INFO] X=320 Y=96 Src=352,0 - 384,32 TexW=384 TexH=384
2026-08-21 01:48:05 [INFO] X=352 Y=96 Src=256,0 - 288,32 TexW=384 TexH=384
2026-08-21 01:48:05 [INFO] X=384 Y=96 Src=288,0 - 320,32 TexW=384 TexH=384
2026-08-21 01:48:05 [INFO] X=416 Y=96 Src=320,0 - 352,32 TexW=384 TexH=384
2026-08-21 01:48:05 [INFO] X=448 Y=96 Src=352,0 - 384,32 TexW=384 TexH=384
2026-08-21 01:48:06 [INFO] X=480 Y=96 Src=256,0 - 288,32 TexW=384 TexH=384
2026-08-21 01:48:06 [INFO] X=512 Y=96 Src=288,0 - 320,32 TexW=384 TexH=384
2026-08-21 01:48:06 [INFO] X=544 Y=96 Src=320,0 - 352,32 TexW=384 TexH=384
2026-08-21 01:48:06 [INFO] X=-32 Y=128 Src=256,64 - 288,96 TexW=384 TexH=384
2026-08-21 01:48:06 [INFO] X=0 Y=128 Src=288,64 - 320,96 TexW=384 TexH=384
2026-08-21 01:48:06 [INFO] X=32 Y=128 Src=320,64 - 352,96 TexW=384 TexH=384
2026-08-21 01:48:06 [INFO] X=64 Y=128 Src=352,64 - 384,96 TexW=384 TexH=384
2026-08-21 01:48:06 [INFO] X=96 Y=128 Src=256,64 - 288,96 TexW=384 TexH=384
2026-08-21 01:48:06 [INFO] X=128 Y=128 Src=288,64 - 320,96 TexW=384 TexH=384
2026-08-21 01:48:06 [INFO] X=160 Y=128 Src=320,64 - 352,96 TexW=384 TexH=384
2026-08-21 01:48:06 [INFO] X=192 Y=128 Src=352,64 - 384,96 TexW=384 TexH=384
2026-08-21 01:48:06 [INFO] X=224 Y=128 Src=256,64 - 288,96 TexW=384 TexH=384
2026-08-21 01:48:06 [INFO] X=256 Y=128 Src=288,64 - 320,96 TexW=384 TexH=384
2026-08-21 01:48:06 [INFO] X=288 Y=128 Src=320,64 - 352,96 TexW=384 TexH=384
2026-08-21 01:48:06 [INFO] X=320 Y=128 Src=352,64 - 384,96 TexW=384 TexH=384
2026-08-21 01:48:06 [INFO] X=352 Y=128 Src=256,64 - 288,96 TexW=384 TexH=384
2026-08-21 01:48:06 [INFO] X=384 Y=128 Src=288,64 - 320,96 TexW=384 TexH=384
2026-08-21 01:48:06 [INFO] X=416 Y=128 Src=320,64 - 352,96 TexW=384 TexH=384
2026-08-21 01:48:06 [INFO] X=448 Y=128 Src=352,64 - 384,96 TexW=384 TexH=384
2026-08-21 01:48:06 [INFO] X=480 Y=128 Src=256,64 - 288,96 TexW=384 TexH=384
2026-08-21 01:48:06 [INFO] X=512 Y=128 Src=288,64 - 320,96 TexW=384 TexH=384
2026-08-21 01:48:06 [INFO] X=544 Y=128 Src=320,64 - 352,96 TexW=384 TexH=384
2026-08-21 01:48:06 [INFO] X=-32 Y=160 Src=256,0 - 288,32 TexW=384 TexH=384
2026-08-21 01:48:06 [INFO] X=0 Y=160 Src=288,0 - 320,32 TexW=384 TexH=384
2026-08-21 01:48:06 [INFO] X=32 Y=160 Src=320,0 - 352,32 TexW=384 TexH=384
2026-08-21 01:48:06 [INFO] X=64 Y=160 Src=352,0 - 384,32 TexW=384 TexH=384
2026-08-21 01:48:06 [INFO] X=96 Y=160 Src=256,0 - 288,32 TexW=384 TexH=384
2026-08-21 01:48:06 [INFO] X=128 Y=160 Src=288,0 - 320,32 TexW=384 TexH=384
2026-08-21 01:48:06 [INFO] X=160 Y=160 Src=320,0 - 352,32 TexW=384 TexH=384
2026-08-21 01:48:06 [INFO] X=192 Y=160 Src=352,0 - 384,32 TexW=384 TexH=384
2026-08-21 01:48:06 [INFO] X=224 Y=160 Src=256,0 - 288,32 TexW=384 TexH=384
2026-08-21 01:48:06 [INFO] X=256 Y=160 Src=288,0 - 320,32 TexW=384 TexH=384
2026-08-21 01:48:06 [INFO] X=288 Y=160 Src=320,0 - 352,32 TexW=384 TexH=384
2026-08-21 01:48:06 [INFO] X=320 Y=160 Src=352,0 - 384,32 TexW=384 TexH=384
2026-08-21 01:48:06 [INFO] X=352 Y=160 Src=256,0 - 288,32 TexW=384 TexH=384
2026-08-21 01:48:06 [INFO] X=384 Y=160 Src=288,0 - 320,32 TexW=384 TexH=384
2026-08-21 01:48:06 [INFO] X=416 Y=160 Src=320,0 - 352,32 TexW=384 TexH=384
2026-08-21 01:48:06 [INFO] X=448 Y=160 Src=352,0 - 384,32 TexW=384 TexH=384
2026-08-21 01:48:06 [INFO] X=480 Y=160 Src=256,0 - 288,32 TexW=384 TexH=384
2026-08-21 01:48:06 [INFO] X=512 Y=160 Src=288,0 - 320,32 TexW=384 TexH=384
2026-08-21 01:48:06 [INFO] X=544 Y=160 Src=320,0 - 352,32 TexW=384 TexH=384
2026-08-21 01:48:06 [INFO] X=-32 Y=192 Src=256,64 - 288,96 TexW=384 TexH=384
2026-08-21 01:48:06 [INFO] X=0 Y=192 Src=288,64 - 320,96 TexW=384 TexH=384
2026-08-21 01:48:06 [INFO] X=32 Y=192 Src=320,64 - 352,96 TexW=384 TexH=384
2026-08-21 01:48:06 [INFO] X=64 Y=192 Src=352,64 - 384,96 TexW=384 TexH=384
2026-08-21 01:48:06 [INFO] X=96 Y=192 Src=256,64 - 288,96 TexW=384 TexH=384
2026-08-21 01:48:06 [INFO] X=128 Y=192 Src=288,64 - 320,96 TexW=384 TexH=384
2026-08-21 01:48:06 [INFO] X=160 Y=192 Src=320,64 - 352,96 TexW=384 TexH=384
2026-08-21 01:48:06 [INFO] X=192 Y=192 Src=352,64 - 384,96 TexW=384 TexH=384
2026-08-21 01:48:06 [INFO] X=224 Y=192 Src=256,64 - 288,96 TexW=384 TexH=384
2026-08-21 01:48:06 [INFO] X=256 Y=192 Src=288,64 - 320,96 TexW=384 TexH=384
2026-08-21 01:48:06 [INFO] X=288 Y=192 Src=320,64 - 352,96 TexW=384 TexH=384
2026-08-21 01:48:06 [INFO] X=320 Y=192 Src=352,64 - 384,96 TexW=384 TexH=384
2026-08-21 01:48:06 [INFO] X=352 Y=192 Src=256,64 - 288,96 TexW=384 TexH=384
2026-08-21 01:48:06 [INFO] X=384 Y=192 Src=288,64 - 320,96 TexW=384 TexH=384
2026-08-21 01:48:06 [INFO] X=416 Y=192 Src=320,64 - 352,96 TexW=384 TexH=384
2026-08-21 01:48:06 [INFO] X=448 Y=192 Src=352,64 - 384,96 TexW=384 TexH=384
2026-08-21 01:48:06 [INFO] X=480 Y=192 Src=256,64 - 288,96 TexW=384 TexH=384
2026-08-21 01:48:06 [INFO] X=512 Y=192 Src=288,64 - 320,96 TexW=384 TexH=384
2026-08-21 01:48:06 [INFO] X=544 Y=192 Src=320,64 - 352,96 TexW=384 TexH=384
2026-08-21 01:48:06 [INFO] X=-304 Y=-415 Src=0,0 - 64,95 TexW=64 TexH=95
2026-08-21 01:48:06 [INFO] X=-368 Y=-576 Src=0,0 - 256,256 TexW=256 TexH=256
2026-08-21 01:48:06 [INFO] X=-182 Y=-475 Src=0,0 - 77,155 TexW=77 TexH=155
2026-08-21 01:48:06 [INFO] X=-208 Y=-576 Src=0,0 - 256,256 TexW=256 TexH=256
2026-08-21 01:48:06 [INFO] X=48 Y=-320 Src=0,0 - 128,32 TexW=128 TexH=32
2026-08-21 01:48:06 [INFO] X=176 Y=-320 Src=0,0 - 128,32 TexW=128 TexH=32
2026-08-21 01:48:06 [INFO] X=464 Y=-320 Src=0,0 - 128,32 TexW=128 TexH=32
2026-08-21 01:48:06 [INFO] X=592 Y=-320 Src=0,0 - 128,32 TexW=128 TexH=32
2026-08-21 01:48:06 [INFO] X=-176 Y=-512 Src=0,0 - 256,256 TexW=256 TexH=256
2026-08-21 01:48:06 [INFO] X=208 Y=-512 Src=0,0 - 256,256 TexW=256 TexH=256
2026-08-21 01:48:06 [INFO] X=-352 Y=-256 Src=0,0 - 32,32 TexW=64 TexH=32
2026-08-21 01:48:06 [INFO] X=835 Y=-270 Src=0,0 - 26,46 TexW=174 TexH=181
2026-08-21 01:48:06 [INFO] X=-176 Y=-448 Src=0,0 - 256,256 TexW=256 TexH=256
2026-08-21 01:48:06 [INFO] X=48 Y=-224 Src=0,0 - 128,32 TexW=128 TexH=32
2026-08-21 01:48:06 [INFO] X=176 Y=-224 Src=0,0 - 128,32 TexW=128 TexH=32
2026-08-21 01:48:06 [INFO] X=384 Y=-224 Src=608,64 - 640,96 TexW=640 TexH=742
2026-08-21 01:48:06 [INFO] X=480 Y=-224 Src=608,64 - 640,96 TexW=640 TexH=742
2026-08-21 01:48:06 [INFO] X=464 Y=-224 Src=0,0 - 128,32 TexW=128 TexH=32
2026-08-21 01:48:06 [INFO] X=592 Y=-224 Src=0,0 - 128,32 TexW=128 TexH=32
2026-08-21 01:48:06 [INFO] X=-253 Y=-206 Src=0,0 - 26,46 TexW=149 TexH=181
2026-08-21 01:48:06 [INFO] X=163 Y=-206 Src=0,0 - 26,46 TexW=149 TexH=181
2026-08-21 01:48:06 [INFO] X=168 Y=-214 Src=64,0 - 80,16 TexW=708 TexH=202
2026-08-21 01:48:06 [INFO] X=-352 Y=-160 Src=0,0 - 32,32 TexW=64 TexH=32
2026-08-21 01:48:06 [INFO] X=352 Y=-160 Src=608,64 - 640,96 TexW=640 TexH=742
2026-08-21 01:48:06 [INFO] X=480 Y=-160 Src=608,64 - 640,96 TexW=640 TexH=742
2026-08-21 01:48:06 [INFO] X=74 Y=-251 Src=0,0 - 77,155 TexW=77 TexH=155
2026-08-21 01:48:06 [INFO] X=419 Y=-142 Src=0,0 - 26,46 TexW=149 TexH=181
2026-08-21 01:48:06 [INFO] X=424 Y=-150 Src=320,0 - 336,16 TexW=708 TexH=202
2026-08-21 01:48:06 [INFO] X=448 Y=-128 Src=256,96 - 288,128 TexW=640 TexH=742
2026-08-21 01:48:06 [INFO] X=586 Y=-251 Src=0,0 - 77,155 TexW=77 TexH=155
2026-08-21 01:48:06 [INFO] X=-32 Y=-64 Src=608,64 - 640,96 TexW=640 TexH=742
2026-08-21 01:48:06 [INFO] X=448 Y=-64 Src=608,64 - 640,96 TexW=640 TexH=742
2026-08-21 01:48:06 [INFO] X=464 Y=-288 Src=0,0 - 256,256 TexW=256 TexH=256
2026-08-21 01:48:06 [INFO] X=0 Y=0 Src=608,64 - 640,96 TexW=640 TexH=742
2026-08-21 01:48:06 [INFO] X=291 Y=-14 Src=0,0 - 26,46 TexW=149 TexH=181
2026-08-21 01:48:06 [INFO] X=296 Y=-22 Src=256,48 - 272,64 TexW=708 TexH=202
2026-08-21 01:48:06 [INFO] X=736 Y=-64 Src=0,96 - 96,192 TexW=288 TexH=192
2026-08-21 01:48:06 [INFO] X=656 Y=32 Src=0,0 - 64,32 TexW=64 TexH=32
2026-08-21 01:48:06 [INFO] X=867 Y=18 Src=0,0 - 26,46 TexW=149 TexH=181
2026-08-21 01:48:06 [INFO] X=872 Y=10 Src=0,0 - 16,16 TexW=708 TexH=202
2026-08-21 01:48:06 [INFO] X=-349 Y=50 Src=0,0 - 26,46 TexW=149 TexH=181
2026-08-21 01:48:06 [INFO] X=-344 Y=42 Src=384,16 - 400,32 TexW=708 TexH=202
2026-08-21 01:48:06 [INFO] X=-285 Y=50 Src=0,0 - 26,46 TexW=149 TexH=181
2026-08-21 01:48:06 [INFO] X=-280 Y=42 Src=384,16 - 400,32 TexW=708 TexH=202
2026-08-21 01:48:06 [INFO] X=-182 Y=-59 Src=0,0 - 77,155 TexW=77 TexH=155
2026-08-21 01:48:06 [INFO] X=-61 Y=50 Src=0,0 - 26,46 TexW=149 TexH=181
2026-08-21 01:48:06 [INFO] X=-56 Y=42 Src=272,128 - 288,144 TexW=708 TexH=202
2026-08-21 01:48:06 [INFO] X=42 Y=-59 Src=0,0 - 77,155 TexW=77 TexH=155
2026-08-21 01:48:06 [INFO] X=259 Y=178 Src=0,0 - 26,46 TexW=149 TexH=181
2026-08-21 01:48:06 [INFO] X=264 Y=170 Src=128,16 - 144,32 TexW=708 TexH=202
2026-08-21 01:48:06 [INFO] X=611 Y=306 Src=0,0 - 26,46 TexW=149 TexH=181
2026-08-21 01:48:06 [INFO] X=616 Y=298 Src=256,48 - 272,64 TexW=708 TexH=202
2026-08-21 01:48:06 [INFO] X=-368 Y=128 Src=0,0 - 256,256 TexW=256 TexH=256
2026-08-21 01:48:06 [INFO] X=-240 Y=128 Src=0,0 - 256,256 TexW=256 TexH=256
2026-08-21 01:48:06 [INFO] X=-112 Y=128 Src=0,0 - 256,256 TexW=256 TexH=256
2026-08-21 01:48:06 [INFO] X=283 Y=384 Src=823,512 - 866,576 TexW=1792 TexH=640
2026-08-21 01:48:06 [INFO] X=443 Y=384 Src=823,512 - 866,576 TexW=1792 TexH=640
2026-08-21 01:48:06 [INFO] X=592 Y=192 Src=0,0 - 256,256 TexW=256 TexH=256
2026-08-21 01:48:06 [INFO] X=688 Y=192 Src=0,0 - 256,256 TexW=256 TexH=256
2026-08-21 01:48:06 [INFO] X=323 Y=448 Src=156,0 - 182,96 TexW=234 TexH=97
2026-08-21 01:48:06 [INFO] X=355 Y=498 Src=0,0 - 26,46 TexW=149 TexH=181
2026-08-21 01:48:06 [INFO] X=360 Y=490 Src=384,32 - 400,48 TexW=708 TexH=202
2026-08-21 01:48:06 [INFO] X=384 Y=512 Src=64,672 - 96,704 TexW=640 TexH=742
2026-08-21 01:48:06 [INFO] X=419 Y=448 Src=156,0 - 182,96 TexW=234 TexH=97
2026-08-21 01:48:06 [INFO] X=-368 Y=320 Src=0,0 - 256,256 TexW=256 TexH=256
2026-08-21 01:48:06 [INFO] X=688 Y=384 Src=0,0 - 256,256 TexW=256 TexH=256
2026-08-21 01:48:06 [INFO] X=-368 Y=448 Src=0,0 - 256,256 TexW=256 TexH=256
2026-08-21 01:48:06 [INFO] X=-127 Y=636 Src=180,0 - 210,68 TexW=270 TexH=68
2026-08-21 01:48:06 [INFO] X=-208 Y=448 Src=0,0 - 256,256 TexW=256 TexH=256
2026-08-21 01:48:06 [INFO] X=-285 Y=690 Src=0,0 - 26,46 TexW=149 TexH=181
2026-08-21 01:48:06 [INFO] X=-280 Y=682 Src=64,0 - 80,16 TexW=708 TexH=202
2026-08-21 01:48:06 [INFO] X=-253 Y=690 Src=0,0 - 26,46 TexW=149 TexH=181
2026-08-21 01:48:06 [INFO] X=-248 Y=682 Src=639,64 - 655,80 TexW=708 TexH=202
2026-08-21 01:48:06 [INFO] X=-221 Y=690 Src=0,0 - 26,46 TexW=149 TexH=181
2026-08-21 01:48:06 [INFO] X=-216 Y=682 Src=272,128 - 288,144 TexW=708 TexH=202
2026-08-21 01:48:06 [INFO] X=-32 Y=-32 Src=0,0 - 32,32 TexW=512 TexH=128
2026-08-21 01:48:06 [INFO] X=0 Y=-32 Src=32,0 - 64,32 TexW=512 TexH=128
2026-08-21 01:48:06 [INFO] X=32 Y=-32 Src=64,0 - 96,32 TexW=512 TexH=128
2026-08-21 01:48:06 [INFO] X=32 Y=-32 Src=512,192 - 544,224 TexW=640 TexH=742
2026-08-21 01:48:06 [INFO] X=64 Y=-32 Src=96,0 - 128,32 TexW=512 TexH=128
2026-08-21 01:48:06 [INFO] X=96 Y=-32 Src=0,0 - 32,32 TexW=512 TexH=128
2026-08-21 01:48:06 [INFO] X=128 Y=-32 Src=32,0 - 64,32 TexW=512 TexH=128
2026-08-21 01:48:06 [INFO] X=160 Y=-32 Src=64,0 - 96,32 TexW=512 TexH=128
2026-08-21 01:48:06 [INFO] X=192 Y=-32 Src=96,0 - 128,32 TexW=512 TexH=128
2026-08-21 01:48:06 [INFO] X=224 Y=-32 Src=0,0 - 32,32 TexW=512 TexH=128
2026-08-21 01:48:06 [INFO] X=256 Y=-32 Src=32,0 - 64,32 TexW=512 TexH=128
2026-08-21 01:48:06 [INFO] X=288 Y=-32 Src=64,0 - 96,32 TexW=512 TexH=128
2026-08-21 01:48:06 [INFO] X=320 Y=-32 Src=96,0 - 128,32 TexW=512 TexH=128
2026-08-21 01:48:06 [INFO] X=352 Y=-32 Src=0,0 - 32,32 TexW=512 TexH=128
2026-08-21 01:48:06 [INFO] X=384 Y=-32 Src=32,0 - 64,32 TexW=512 TexH=128
2026-08-21 01:48:06 [INFO] X=362 Y=-58 Src=0,0 - 77,58 TexW=77 TexH=58
2026-08-21 01:48:06 [INFO] X=416 Y=-32 Src=64,0 - 96,32 TexW=512 TexH=128
2026-08-21 01:48:06 [INFO] X=448 Y=-32 Src=96,0 - 128,32 TexW=512 TexH=128
2026-08-21 01:48:06 [INFO] X=480 Y=-32 Src=0,0 - 32,32 TexW=512 TexH=128
2026-08-21 01:48:06 [INFO] X=512 Y=-32 Src=32,0 - 64,32 TexW=512 TexH=128
2026-08-21 01:48:06 [INFO] X=544 Y=-32 Src=64,0 - 96,32 TexW=512 TexH=128
2026-08-21 01:48:06 [INFO] X=-32 Y=0 Src=0,64 - 32,96 TexW=512 TexH=128
2026-08-21 01:48:06 [INFO] X=0 Y=0 Src=32,64 - 64,96 TexW=512 TexH=128
2026-08-21 01:48:06 [INFO] X=32 Y=0 Src=64,64 - 96,96 TexW=512 TexH=128
2026-08-21 01:48:06 [INFO] X=64 Y=0 Src=96,64 - 128,96 TexW=512 TexH=128
2026-08-21 01:48:06 [INFO] X=96 Y=0 Src=0,64 - 32,96 TexW=512 TexH=128
2026-08-21 01:48:06 [INFO] X=128 Y=0 Src=32,64 - 64,96 TexW=512 TexH=128
2026-08-21 01:48:06 [INFO] X=160 Y=0 Src=64,64 - 96,96 TexW=512 TexH=128
2026-08-21 01:48:06 [INFO] X=192 Y=0 Src=96,64 - 128,96 TexW=512 TexH=128
2026-08-21 01:48:06 [INFO] X=224 Y=0 Src=0,64 - 32,96 TexW=512 TexH=128
2026-08-21 01:48:06 [INFO] X=256 Y=0 Src=32,64 - 64,96 TexW=512 TexH=128
2026-08-21 01:48:06 [INFO] X=288 Y=0 Src=64,64 - 96,96 TexW=512 TexH=128
2026-08-21 01:48:06 [INFO] X=320 Y=0 Src=96,64 - 128,96 TexW=512 TexH=128
2026-08-21 01:48:06 [INFO] X=352 Y=0 Src=0,64 - 32,96 TexW=512 TexH=128
2026-08-21 01:48:06 [INFO] X=384 Y=0 Src=32,64 - 64,96 TexW=512 TexH=128
2026-08-21 01:48:06 [INFO] X=416 Y=0 Src=64,64 - 96,96 TexW=512 TexH=128
2026-08-21 01:48:06 [INFO] X=448 Y=0 Src=96,64 - 128,96 TexW=512 TexH=128
2026-08-21 01:48:06 [INFO] X=480 Y=0 Src=0,64 - 32,96 TexW=512 TexH=128
2026-08-21 01:48:06 [INFO] X=512 Y=0 Src=32,64 - 64,96 TexW=512 TexH=128
2026-08-21 01:48:06 [INFO] X=544 Y=0 Src=64,64 - 96,96 TexW=512 TexH=128
2026-08-21 01:48:06 [INFO] X=-32 Y=32 Src=0,128 - 32,160 TexW=384 TexH=384
2026-08-21 01:48:06 [INFO] X=-32 Y=32 Src=128,128 - 160,160 TexW=256 TexH=384
2026-08-21 01:48:06 [INFO] X=0 Y=32 Src=32,128 - 64,160 TexW=384 TexH=384
2026-08-21 01:48:06 [INFO] X=0 Y=32 Src=160,128 - 192,160 TexW=256 TexH=384
2026-08-21 01:48:06 [INFO] X=32 Y=32 Src=64,128 - 96,160 TexW=384 TexH=384
2026-08-21 01:48:06 [INFO] X=32 Y=32 Src=128,128 - 160,160 TexW=256 TexH=384
2026-08-21 01:48:06 [INFO] X=64 Y=32 Src=96,128 - 128,160 TexW=384 TexH=384
2026-08-21 01:48:06 [INFO] X=64 Y=32 Src=160,128 - 192,160 TexW=256 TexH=384
2026-08-21 01:48:06 [INFO] X=96 Y=32 Src=0,128 - 32,160 TexW=384 TexH=384
2026-08-21 01:48:06 [INFO] X=96 Y=32 Src=128,128 - 160,160 TexW=256 TexH=384
2026-08-21 01:48:06 [INFO] X=128 Y=32 Src=32,128 - 64,160 TexW=384 TexH=384
2026-08-21 01:48:06 [INFO] X=128 Y=32 Src=160,128 - 192,160 TexW=256 TexH=384
2026-08-21 01:48:06 [INFO] X=160 Y=32 Src=64,128 - 96,160 TexW=384 TexH=384
2026-08-21 01:48:06 [INFO] X=160 Y=32 Src=128,128 - 160,160 TexW=256 TexH=384
2026-08-21 01:48:06 [INFO] X=192 Y=32 Src=96,128 - 128,160 TexW=384 TexH=384
2026-08-21 01:48:06 [INFO] X=192 Y=32 Src=160,128 - 192,160 TexW=256 TexH=384
2026-08-21 01:48:06 [INFO] X=224 Y=32 Src=0,128 - 32,160 TexW=384 TexH=384
2026-08-21 01:48:06 [INFO] X=224 Y=32 Src=128,128 - 160,160 TexW=256 TexH=384
2026-08-21 01:48:06 [INFO] X=256 Y=32 Src=32,128 - 64,160 TexW=384 TexH=384
2026-08-21 01:48:06 [INFO] X=256 Y=32 Src=160,128 - 192,160 TexW=256 TexH=384
2026-08-21 01:48:06 [INFO] X=288 Y=32 Src=64,128 - 96,160 TexW=384 TexH=384
2026-08-21 01:48:06 [INFO] X=288 Y=32 Src=128,128 - 160,160 TexW=256 TexH=384
2026-08-21 01:48:06 [INFO] X=320 Y=32 Src=96,128 - 128,160 TexW=384 TexH=384
2026-08-21 01:48:06 [INFO] X=320 Y=32 Src=160,128 - 192,160 TexW=256 TexH=384
2026-08-21 01:48:06 [INFO] X=352 Y=32 Src=0,128 - 32,160 TexW=384 TexH=384
2026-08-21 01:48:06 [INFO] X=352 Y=32 Src=128,128 - 160,160 TexW=256 TexH=384
2026-08-21 01:48:06 [INFO] X=384 Y=32 Src=32,128 - 64,160 TexW=384 TexH=384
2026-08-21 01:48:06 [INFO] X=384 Y=32 Src=160,128 - 192,160 TexW=256 TexH=384
2026-08-21 01:48:06 [INFO] X=416 Y=32 Src=64,128 - 96,160 TexW=384 TexH=384
2026-08-21 01:48:06 [INFO] X=416 Y=32 Src=128,128 - 160,160 TexW=256 TexH=384
2026-08-21 01:48:06 [INFO] X=448 Y=32 Src=96,128 - 128,160 TexW=384 TexH=384
2026-08-21 01:48:06 [INFO] X=448 Y=32 Src=160,128 - 192,160 TexW=256 TexH=384
2026-08-21 01:48:06 [INFO] X=480 Y=32 Src=0,128 - 32,160 TexW=384 TexH=384
2026-08-21 01:48:06 [INFO] X=480 Y=32 Src=128,128 - 160,160 TexW=256 TexH=384
2026-08-21 01:48:06 [INFO] X=512 Y=32 Src=32,128 - 64,160 TexW=384 TexH=384
2026-08-21 01:48:06 [INFO] X=512 Y=32 Src=160,128 - 192,160 TexW=256 TexH=384
2026-08-21 01:48:06 [INFO] X=544 Y=32 Src=64,128 - 96,160 TexW=384 TexH=384
2026-08-21 01:48:06 [INFO] X=544 Y=32 Src=128,128 - 160,160 TexW=256 TexH=384
2026-08-21 01:48:06 [INFO] X=-32 Y=64 Src=0,192 - 32,224 TexW=384 TexH=384
2026-08-21 01:48:06 [INFO] X=0 Y=64 Src=32,192 - 64,224 TexW=384 TexH=384
2026-08-21 01:48:06 [INFO] X=32 Y=64 Src=64,192 - 96,224 TexW=384 TexH=384
2026-08-21 01:48:06 [INFO] X=64 Y=64 Src=96,192 - 128,224 TexW=384 TexH=384
2026-08-21 01:48:06 [INFO] X=96 Y=64 Src=0,192 - 32,224 TexW=384 TexH=384
2026-08-21 01:48:06 [INFO] X=128 Y=64 Src=32,192 - 64,224 TexW=384 TexH=384
2026-08-21 01:48:06 [INFO] X=160 Y=64 Src=64,192 - 96,224 TexW=384 TexH=384
2026-08-21 01:48:06 [INFO] X=192 Y=64 Src=96,192 - 128,224 TexW=384 TexH=384
2026-08-21 01:48:06 [INFO] X=224 Y=64 Src=0,192 - 32,224 TexW=384 TexH=384
2026-08-21 01:48:06 [INFO] X=256 Y=64 Src=32,192 - 64,224 TexW=384 TexH=384
2026-08-21 01:48:06 [INFO] X=288 Y=64 Src=64,192 - 96,224 TexW=384 TexH=384
2026-08-21 01:48:06 [INFO] X=320 Y=64 Src=96,192 - 128,224 TexW=384 TexH=384
2026-08-21 01:48:06 [INFO] X=352 Y=64 Src=0,192 - 32,224 TexW=384 TexH=384
2026-08-21 01:48:06 [INFO] X=384 Y=64 Src=32,192 - 64,224 TexW=384 TexH=384
2026-08-21 01:48:06 [INFO] X=416 Y=64 Src=64,192 - 96,224 TexW=384 TexH=384
2026-08-21 01:48:06 [INFO] X=448 Y=64 Src=96,192 - 128,224 TexW=384 TexH=384
2026-08-21 01:48:06 [INFO] X=480 Y=64 Src=0,192 - 32,224 TexW=384 TexH=384
2026-08-21 01:48:06 [INFO] X=512 Y=64 Src=32,192 - 64,224 TexW=384 TexH=384
2026-08-21 01:48:06 [INFO] X=544 Y=64 Src=64,192 - 96,224 TexW=384 TexH=384
2026-08-21 01:48:06 [INFO] X=-32 Y=96 Src=0,128 - 32,160 TexW=384 TexH=384
2026-08-21 01:48:06 [INFO] X=0 Y=96 Src=32,128 - 64,160 TexW=384 TexH=384
2026-08-21 01:48:06 [INFO] X=32 Y=96 Src=64,128 - 96,160 TexW=384 TexH=384
2026-08-21 01:48:06 [INFO] X=64 Y=96 Src=96,128 - 128,160 TexW=384 TexH=384
2026-08-21 01:48:06 [INFO] X=96 Y=96 Src=0,128 - 32,160 TexW=384 TexH=384
2026-08-21 01:48:06 [INFO] X=128 Y=96 Src=32,128 - 64,160 TexW=384 TexH=384
2026-08-21 01:48:06 [INFO] X=160 Y=96 Src=64,128 - 96,160 TexW=384 TexH=384
2026-08-21 01:48:06 [INFO] X=192 Y=96 Src=96,128 - 128,160 TexW=384 TexH=384
2026-08-21 01:48:06 [INFO] X=224 Y=96 Src=0,128 - 32,160 TexW=384 TexH=384
2026-08-21 01:48:06 [INFO] X=256 Y=96 Src=32,128 - 64,160 TexW=384 TexH=384
2026-08-21 01:48:06 [INFO] X=288 Y=96 Src=64,128 - 96,160 TexW=384 TexH=384
2026-08-21 01:48:06 [INFO] X=320 Y=96 Src=96,128 - 128,160 TexW=384 TexH=384
2026-08-21 01:48:06 [INFO] X=352 Y=96 Src=0,128 - 32,160 TexW=384 TexH=384
2026-08-21 01:48:06 [INFO] X=384 Y=96 Src=32,128 - 64,160 TexW=384 TexH=384
2026-08-21 01:48:06 [INFO] X=416 Y=96 Src=64,128 - 96,160 TexW=384 TexH=384
2026-08-21 01:48:06 [INFO] X=448 Y=96 Src=96,128 - 128,160 TexW=384 TexH=384
2026-08-21 01:48:06 [INFO] X=480 Y=96 Src=0,128 - 32,160 TexW=384 TexH=384
2026-08-21 01:48:06 [INFO] X=512 Y=96 Src=32,128 - 64,160 TexW=384 TexH=384
2026-08-21 01:48:06 [INFO] X=544 Y=96 Src=64,128 - 96,160 TexW=384 TexH=384
2026-08-21 01:48:06 [INFO] X=-32 Y=128 Src=0,192 - 32,224 TexW=384 TexH=384
2026-08-21 01:48:06 [INFO] X=0 Y=128 Src=32,192 - 64,224 TexW=384 TexH=384
2026-08-21 01:48:06 [INFO] X=32 Y=128 Src=64,192 - 96,224 TexW=384 TexH=384
2026-08-21 01:48:06 [INFO] X=64 Y=128 Src=96,192 - 128,224 TexW=384 TexH=384
2026-08-21 01:48:06 [INFO] X=96 Y=128 Src=0,192 - 32,224 TexW=384 TexH=384
2026-08-21 01:48:06 [INFO] X=128 Y=128 Src=32,192 - 64,224 TexW=384 TexH=384
2026-08-21 01:48:06 [INFO] X=160 Y=128 Src=64,192 - 96,224 TexW=384 TexH=384
2026-08-21 01:48:06 [INFO] X=192 Y=128 Src=96,192 - 128,224 TexW=384 TexH=384
2026-08-21 01:48:06 [INFO] X=224 Y=128 Src=0,192 - 32,224 TexW=384 TexH=384
2026-08-21 01:48:06 [INFO] X=256 Y=128 Src=32,192 - 64,224 TexW=384 TexH=384
2026-08-21 01:48:06 [INFO] X=288 Y=128 Src=64,192 - 96,224 TexW=384 TexH=384
2026-08-21 01:48:06 [INFO] X=320 Y=128 Src=96,192 - 128,224 TexW=384 TexH=384
2026-08-21 01:48:06 [INFO] X=352 Y=128 Src=0,192 - 32,224 TexW=384 TexH=384
2026-08-21 01:48:06 [INFO] X=384 Y=128 Src=32,192 - 64,224 TexW=384 TexH=384
2026-08-21 01:48:06 [INFO] X=416 Y=128 Src=64,192 - 96,224 TexW=384 TexH=384
2026-08-21 01:48:06 [INFO] X=448 Y=128 Src=96,192 - 128,224 TexW=384 TexH=384
2026-08-21 01:48:06 [INFO] X=480 Y=128 Src=0,192 - 32,224 TexW=384 TexH=384
2026-08-21 01:48:06 [INFO] X=512 Y=128 Src=32,192 - 64,224 TexW=384 TexH=384
2026-08-21 01:48:06 [INFO] X=544 Y=128 Src=64,192 - 96,224 TexW=384 TexH=384
2026-08-21 01:48:06 [INFO] X=-32 Y=160 Src=0,128 - 32,160 TexW=384 TexH=384
2026-08-21 01:48:06 [INFO] X=0 Y=160 Src=32,128 - 64,160 TexW=384 TexH=384
2026-08-21 01:48:06 [INFO] X=32 Y=160 Src=64,128 - 96,160 TexW=384 TexH=384
2026-08-21 01:48:06 [INFO] X=64 Y=160 Src=96,128 - 128,160 TexW=384 TexH=384
2026-08-21 01:48:06 [INFO] X=96 Y=160 Src=0,128 - 32,160 TexW=384 TexH=384
2026-08-21 01:48:06 [INFO] X=128 Y=160 Src=32,128 - 64,160 TexW=384 TexH=384
2026-08-21 01:48:06 [INFO] X=160 Y=160 Src=64,128 - 96,160 TexW=384 TexH=384
2026-08-21 01:48:06 [INFO] X=192 Y=160 Src=96,128 - 128,160 TexW=384 TexH=384
2026-08-21 01:48:06 [INFO] X=224 Y=160 Src=0,128 - 32,160 TexW=384 TexH=384
2026-08-21 01:48:06 [INFO] X=256 Y=160 Src=32,128 - 64,160 TexW=384 TexH=384
2026-08-21 01:48:06 [INFO] X=288 Y=160 Src=64,128 - 96,160 TexW=384 TexH=384
2026-08-21 01:48:06 [INFO] X=320 Y=160 Src=96,128 - 128,160 TexW=384 TexH=384
2026-08-21 01:48:06 [INFO] X=352 Y=160 Src=0,128 - 32,160 TexW=384 TexH=384
2026-08-21 01:48:06 [INFO] X=384 Y=160 Src=32,128 - 64,160 TexW=384 TexH=384
2026-08-21 01:48:06 [INFO] X=416 Y=160 Src=64,128 - 96,160 TexW=384 TexH=384
2026-08-21 01:48:06 [INFO] X=448 Y=160 Src=96,128 - 128,160 TexW=384 TexH=384
2026-08-21 01:48:06 [INFO] X=480 Y=160 Src=0,128 - 32,160 TexW=384 TexH=384
2026-08-21 01:48:06 [INFO] X=512 Y=160 Src=32,128 - 64,160 TexW=384 TexH=384
2026-08-21 01:48:06 [INFO] X=544 Y=160 Src=64,128 - 96,160 TexW=384 TexH=384
2026-08-21 01:48:06 [INFO] X=-32 Y=192 Src=0,192 - 32,224 TexW=384 TexH=384
2026-08-21 01:48:06 [INFO] X=0 Y=192 Src=32,192 - 64,224 TexW=384 TexH=384
2026-08-21 01:48:06 [INFO] X=32 Y=192 Src=64,192 - 96,224 TexW=384 TexH=384
2026-08-21 01:48:06 [INFO] X=64 Y=192 Src=96,192 - 128,224 TexW=384 TexH=384
2026-08-21 01:48:06 [INFO] X=96 Y=192 Src=0,192 - 32,224 TexW=384 TexH=384
2026-08-21 01:48:06 [INFO] X=128 Y=192 Src=32,192 - 64,224 TexW=384 TexH=384
2026-08-21 01:48:06 [INFO] X=160 Y=192 Src=64,192 - 96,224 TexW=384 TexH=384
2026-08-21 01:48:06 [INFO] X=192 Y=192 Src=96,192 - 128,224 TexW=384 TexH=384
2026-08-21 01:48:06 [INFO] X=224 Y=192 Src=0,192 - 32,224 TexW=384 TexH=384
2026-08-21 01:48:06 [INFO] X=256 Y=192 Src=32,192 - 64,224 TexW=384 TexH=384
2026-08-21 01:48:06 [INFO] X=288 Y=192 Src=64,192 - 96,224 TexW=384 TexH=384
2026-08-21 01:48:06 [INFO] X=320 Y=192 Src=96,192 - 128,224 TexW=384 TexH=384
2026-08-21 01:48:06 [INFO] X=352 Y=192 Src=0,192 - 32,224 TexW=384 TexH=384
2026-08-21 01:48:06 [INFO] X=384 Y=192 Src=32,192 - 64,224 TexW=384 TexH=384
2026-08-21 01:48:06 [INFO] X=416 Y=192 Src=64,192 - 96,224 TexW=384 TexH=384
2026-08-21 01:48:06 [INFO] X=448 Y=192 Src=96,192 - 128,224 TexW=384 TexH=384
2026-08-21 01:48:06 [INFO] X=480 Y=192 Src=0,192 - 32,224 TexW=384 TexH=384
2026-08-21 01:48:06 [INFO] X=512 Y=192 Src=32,192 - 64,224 TexW=384 TexH=384
2026-08-21 01:48:06 [INFO] X=544 Y=192 Src=64,192 - 96,224 TexW=384 TexH=384
2026-08-21 01:48:06 [INFO] X=-304 Y=-415 Src=0,0 - 64,95 TexW=64 TexH=95
2026-08-21 01:48:06 [INFO] X=-368 Y=-576 Src=0,0 - 256,256 TexW=256 TexH=256
2026-08-21 01:48:06 [INFO] X=-182 Y=-475 Src=0,0 - 77,155 TexW=77 TexH=155
2026-08-21 01:48:06 [INFO] X=-208 Y=-576 Src=0,0 - 256,256 TexW=256 TexH=256
2026-08-21 01:48:06 [INFO] X=48 Y=-320 Src=0,0 - 128,32 TexW=128 TexH=32
2026-08-21 01:48:06 [INFO] X=176 Y=-320 Src=0,0 - 128,32 TexW=128 TexH=32
2026-08-21 01:48:06 [INFO] X=464 Y=-320 Src=0,0 - 128,32 TexW=128 TexH=32
2026-08-21 01:48:06 [INFO] X=592 Y=-320 Src=0,0 - 128,32 TexW=128 TexH=32
2026-08-21 01:48:06 [INFO] X=-176 Y=-512 Src=0,0 - 256,256 TexW=256 TexH=256
2026-08-21 01:48:06 [INFO] X=208 Y=-512 Src=0,0 - 256,256 TexW=256 TexH=256
2026-08-21 01:48:06 [INFO] X=-352 Y=-256 Src=0,0 - 32,32 TexW=64 TexH=32
2026-08-21 01:48:06 [INFO] X=835 Y=-270 Src=0,0 - 26,46 TexW=174 TexH=181
2026-08-21 01:48:06 [INFO] X=-176 Y=-448 Src=0,0 - 256,256 TexW=256 TexH=256
2026-08-21 01:48:06 [INFO] X=48 Y=-224 Src=0,0 - 128,32 TexW=128 TexH=32
2026-08-21 01:48:06 [INFO] X=176 Y=-224 Src=0,0 - 128,32 TexW=128 TexH=32
2026-08-21 01:48:06 [INFO] X=384 Y=-224 Src=608,64 - 640,96 TexW=640 TexH=742
2026-08-21 01:48:06 [INFO] X=480 Y=-224 Src=608,64 - 640,96 TexW=640 TexH=742
2026-08-21 01:48:06 [INFO] X=464 Y=-224 Src=0,0 - 128,32 TexW=128 TexH=32
2026-08-21 01:48:06 [INFO] X=592 Y=-224 Src=0,0 - 128,32 TexW=128 TexH=32
2026-08-21 01:48:06 [INFO] X=-253 Y=-206 Src=0,0 - 26,46 TexW=149 TexH=181
2026-08-21 01:48:06 [INFO] X=163 Y=-206 Src=0,0 - 26,46 TexW=149 TexH=181
2026-08-21 01:48:06 [INFO] X=168 Y=-214 Src=64,0 - 80,16 TexW=708 TexH=202
2026-08-21 01:48:06 [INFO] X=-352 Y=-160 Src=0,0 - 32,32 TexW=64 TexH=32
2026-08-21 01:48:06 [INFO] X=352 Y=-160 Src=608,64 - 640,96 TexW=640 TexH=742
2026-08-21 01:48:06 [INFO] X=480 Y=-160 Src=608,64 - 640,96 TexW=640 TexH=742
2026-08-21 01:48:06 [INFO] X=74 Y=-251 Src=0,0 - 77,155 TexW=77 TexH=155
2026-08-21 01:48:06 [INFO] X=419 Y=-142 Src=0,0 - 26,46 TexW=149 TexH=181
2026-08-21 01:48:06 [INFO] X=424 Y=-150 Src=320,0 - 336,16 TexW=708 TexH=202
2026-08-21 01:48:06 [INFO] X=448 Y=-128 Src=256,96 - 288,128 TexW=640 TexH=742
2026-08-21 01:48:06 [INFO] X=586 Y=-251 Src=0,0 - 77,155 TexW=77 TexH=155
2026-08-21 01:48:06 [INFO] X=-32 Y=-64 Src=608,64 - 640,96 TexW=640 TexH=742
2026-08-21 01:48:06 [INFO] X=448 Y=-64 Src=608,64 - 640,96 TexW=640 TexH=742
2026-08-21 01:48:06 [INFO] X=464 Y=-288 Src=0,0 - 256,256 TexW=256 TexH=256
2026-08-21 01:48:06 [INFO] X=0 Y=0 Src=608,64 - 640,96 TexW=640 TexH=742
2026-08-21 01:48:06 [INFO] X=291 Y=-14 Src=0,0 - 26,46 TexW=149 TexH=181
2026-08-21 01:48:06 [INFO] X=296 Y=-22 Src=256,48 - 272,64 TexW=708 TexH=202
2026-08-21 01:48:06 [INFO] X=736 Y=-64 Src=0,96 - 96,192 TexW=288 TexH=192
2026-08-21 01:48:06 [INFO] X=656 Y=32 Src=0,0 - 64,32 TexW=64 TexH=32
2026-08-21 01:48:06 [INFO] X=867 Y=18 Src=0,0 - 26,46 TexW=149 TexH=181
2026-08-21 01:48:06 [INFO] X=872 Y=10 Src=0,0 - 16,16 TexW=708 TexH=202
2026-08-21 01:48:06 [INFO] X=-349 Y=50 Src=0,0 - 26,46 TexW=149 TexH=181
2026-08-21 01:48:06 [INFO] X=-344 Y=42 Src=384,16 - 400,32 TexW=708 TexH=202
2026-08-21 01:48:06 [INFO] X=-285 Y=50 Src=0,0 - 26,46 TexW=149 TexH=181
2026-08-21 01:48:06 [INFO] X=-280 Y=42 Src=384,16 - 400,32 TexW=708 TexH=202
2026-08-21 01:48:06 [INFO] X=-182 Y=-59 Src=0,0 - 77,155 TexW=77 TexH=155
2026-08-21 01:48:06 [INFO] X=-61 Y=50 Src=0,0 - 26,46 TexW=149 TexH=181
2026-08-21 01:48:06 [INFO] X=-56 Y=42 Src=272,128 - 288,144 TexW=708 TexH=202
2026-08-21 01:48:06 [INFO] X=42 Y=-59 Src=0,0 - 77,155 TexW=77 TexH=155
2026-08-21 01:48:06 [INFO] X=259 Y=178 Src=0,0 - 26,46 TexW=149 TexH=181
2026-08-21 01:48:06 [INFO] X=264 Y=170 Src=128,16 - 144,32 TexW=708 TexH=202
2026-08-21 01:48:06 [INFO] X=611 Y=306 Src=0,0 - 26,46 TexW=149 TexH=181
2026-08-21 01:48:06 [INFO] X=616 Y=298 Src=256,48 - 272,64 TexW=708 TexH=202
2026-08-21 01:48:06 [INFO] X=-368 Y=128 Src=0,0 - 256,256 TexW=256 TexH=256
2026-08-21 01:48:06 [INFO] X=-240 Y=128 Src=0,0 - 256,256 TexW=256 TexH=256
2026-08-21 01:48:06 [INFO] X=-112 Y=128 Src=0,0 - 256,256 TexW=256 TexH=256
2026-08-21 01:48:06 [INFO] X=283 Y=384 Src=1038,512 - 1081,576 TexW=1792 TexH=640
2026-08-21 01:48:06 [INFO] X=443 Y=384 Src=1038,512 - 1081,576 TexW=1792 TexH=640
2026-08-21 01:48:06 [INFO] X=592 Y=192 Src=0,0 - 256,256 TexW=256 TexH=256
2026-08-21 01:48:06 [INFO] X=688 Y=192 Src=0,0 - 256,256 TexW=256 TexH=256
2026-08-21 01:48:06 [INFO] X=323 Y=448 Src=78,0 - 104,96 TexW=234 TexH=97
2026-08-21 01:48:06 [INFO] X=355 Y=498 Src=0,0 - 26,46 TexW=149 TexH=181
2026-08-21 01:48:06 [INFO] X=360 Y=490 Src=384,32 - 400,48 TexW=708 TexH=202
2026-08-21 01:48:06 [INFO] X=384 Y=512 Src=64,672 - 96,704 TexW=640 TexH=742
2026-08-21 01:48:06 [INFO] X=419 Y=448 Src=78,0 - 104,96 TexW=234 TexH=97
2026-08-21 01:48:06 [INFO] X=-368 Y=320 Src=0,0 - 256,256 TexW=256 TexH=256
2026-08-21 01:48:06 [INFO] X=688 Y=384 Src=0,0 - 256,256 TexW=256 TexH=256
2026-08-21 01:48:06 [INFO] X=-368 Y=448 Src=0,0 - 256,256 TexW=256 TexH=256
2026-08-21 01:48:06 [INFO] X=-127 Y=636 Src=90,0 - 120,68 TexW=270 TexH=68
2026-08-21 01:48:06 [INFO] X=-208 Y=448 Src=0,0 - 256,256 TexW=256 TexH=256
2026-08-21 01:48:06 [INFO] X=-285 Y=690 Src=0,0 - 26,46 TexW=149 TexH=181
2026-08-21 01:48:06 [INFO] X=-280 Y=682 Src=64,0 - 80,16 TexW=708 TexH=202
2026-08-21 01:48:06 [INFO] X=-253 Y=690 Src=0,0 - 26,46 TexW=149 TexH=181
2026-08-21 01:48:06 [INFO] X=-248 Y=682 Src=639,64 - 655,80 TexW=708 TexH=202
2026-08-21 01:48:06 [INFO] X=-221 Y=690 Src=0,0 - 26,46 TexW=149 TexH=181
2026-08-21 01:48:06 [INFO] X=-216 Y=682 Src=272,128 - 288,144 TexW=708 TexH=202
2026-08-21 01:48:06 [INFO] X=-32 Y=-32 Src=0,0 - 32,32 TexW=512 TexH=128
2026-08-21 01:48:06 [INFO] X=0 Y=-32 Src=32,0 - 64,32 TexW=512 TexH=128
2026-08-21 01:48:06 [INFO] X=32 Y=-32 Src=64,0 - 96,32 TexW=512 TexH=128
2026-08-21 01:48:06 [INFO] X=32 Y=-32 Src=512,192 - 544,224 TexW=640 TexH=742
2026-08-21 01:48:06 [INFO] X=64 Y=-32 Src=96,0 - 128,32 TexW=512 TexH=128
2026-08-21 01:48:06 [INFO] X=96 Y=-32 Src=0,0 - 32,32 TexW=512 TexH=128
2026-08-21 01:48:06 [INFO] X=128 Y=-32 Src=32,0 - 64,32 TexW=512 TexH=128
2026-08-21 01:48:06 [INFO] X=160 Y=-32 Src=64,0 - 96,32 TexW=512 TexH=128
2026-08-21 01:48:06 [INFO] X=192 Y=-32 Src=96,0 - 128,32 TexW=512 TexH=128
2026-08-21 01:48:06 [INFO] X=224 Y=-32 Src=0,0 - 32,32 TexW=512 TexH=128
2026-08-21 01:48:06 [INFO] X=256 Y=-32 Src=32,0 - 64,32 TexW=512 TexH=128
2026-08-21 01:48:06 [INFO] X=288 Y=-32 Src=64,0 - 96,32 TexW=512 TexH=128
2026-08-21 01:48:06 [INFO] X=320 Y=-32 Src=96,0 - 128,32 TexW=512 TexH=128
2026-08-21 01:48:06 [INFO] X=352 Y=-32 Src=0,0 - 32,32 TexW=512 TexH=128
2026-08-21 01:48:06 [INFO] X=384 Y=-32 Src=32,0 - 64,32 TexW=512 TexH=128
2026-08-21 01:48:06 [INFO] X=362 Y=-58 Src=0,0 - 77,58 TexW=77 TexH=58
2026-08-21 01:48:06 [INFO] X=416 Y=-32 Src=64,0 - 96,32 TexW=512 TexH=128
2026-08-21 01:48:06 [INFO] X=448 Y=-32 Src=96,0 - 128,32 TexW=512 TexH=128
2026-08-21 01:48:06 [INFO] X=480 Y=-32 Src=0,0 - 32,32 TexW=512 TexH=128
2026-08-21 01:48:06 [INFO] X=512 Y=-32 Src=32,0 - 64,32 TexW=512 TexH=128
2026-08-21 01:48:06 [INFO] X=544 Y=-32 Src=64,0 - 96,32 TexW=512 TexH=128
2026-08-21 01:48:06 [INFO] X=-32 Y=0 Src=0,64 - 32,96 TexW=512 TexH=128
2026-08-21 01:48:06 [INFO] X=0 Y=0 Src=32,64 - 64,96 TexW=512 TexH=128
2026-08-21 01:48:06 [INFO] X=32 Y=0 Src=64,64 - 96,96 TexW=512 TexH=128
2026-08-21 01:48:06 [INFO] X=64 Y=0 Src=96,64 - 128,96 TexW=512 TexH=128
2026-08-21 01:48:06 [INFO] X=96 Y=0 Src=0,64 - 32,96 TexW=512 TexH=128
2026-08-21 01:48:06 [INFO] X=128 Y=0 Src=32,64 - 64,96 TexW=512 TexH=128
2026-08-21 01:48:06 [INFO] X=160 Y=0 Src=64,64 - 96,96 TexW=512 TexH=128
2026-08-21 01:48:06 [INFO] X=192 Y=0 Src=96,64 - 128,96 TexW=512 TexH=128
2026-08-21 01:48:06 [INFO] X=224 Y=0 Src=0,64 - 32,96 TexW=512 TexH=128
2026-08-21 01:48:06 [INFO] X=256 Y=0 Src=32,64 - 64,96 TexW=512 TexH=128
2026-08-21 01:48:06 [INFO] X=288 Y=0 Src=64,64 - 96,96 TexW=512 TexH=128
2026-08-21 01:48:06 [INFO] X=320 Y=0 Src=96,64 - 128,96 TexW=512 TexH=128
2026-08-21 01:48:06 [INFO] X=352 Y=0 Src=0,64 - 32,96 TexW=512 TexH=128
2026-08-21 01:48:06 [INFO] X=384 Y=0 Src=32,64 - 64,96 TexW=512 TexH=128
2026-08-21 01:48:06 [INFO] X=416 Y=0 Src=64,64 - 96,96 TexW=512 TexH=128
2026-08-21 01:48:06 [INFO] X=448 Y=0 Src=96,64 - 128,96 TexW=512 TexH=128
2026-08-21 01:48:06 [INFO] X=480 Y=0 Src=0,64 - 32,96 TexW=512 TexH=128
2026-08-21 01:48:06 [INFO] X=512 Y=0 Src=32,64 - 64,96 TexW=512 TexH=128
2026-08-21 01:48:06 [INFO] X=544 Y=0 Src=64,64 - 96,96 TexW=512 TexH=128
2026-08-21 01:48:06 [INFO] X=-32 Y=32 Src=256,0 - 288,32 TexW=384 TexH=384
2026-08-21 01:48:06 [INFO] X=-32 Y=32 Src=128,128 - 160,160 TexW=256 TexH=384
2026-08-21 01:48:06 [INFO] X=0 Y=32 Src=288,0 - 320,32 TexW=384 TexH=384
2026-08-21 01:48:06 [INFO] X=0 Y=32 Src=160,128 - 192,160 TexW=256 TexH=384
2026-08-21 01:48:06 [INFO] X=32 Y=32 Src=320,0 - 352,32 TexW=384 TexH=384
2026-08-21 01:48:06 [INFO] X=32 Y=32 Src=128,128 - 160,160 TexW=256 TexH=384
2026-08-21 01:48:07 [INFO] X=64 Y=32 Src=352,0 - 384,32 TexW=384 TexH=384
2026-08-21 01:48:07 [INFO] X=64 Y=32 Src=160,128 - 192,160 TexW=256 TexH=384
2026-08-21 01:48:07 [INFO] X=96 Y=32 Src=256,0 - 288,32 TexW=384 TexH=384
2026-08-21 01:48:07 [INFO] X=96 Y=32 Src=128,128 - 160,160 TexW=256 TexH=384
2026-08-21 01:48:07 [INFO] X=128 Y=32 Src=288,0 - 320,32 TexW=384 TexH=384
2026-08-21 01:48:07 [INFO] X=128 Y=32 Src=160,128 - 192,160 TexW=256 TexH=384
2026-08-21 01:48:07 [INFO] X=160 Y=32 Src=320,0 - 352,32 TexW=384 TexH=384
2026-08-21 01:48:07 [INFO] X=160 Y=32 Src=128,128 - 160,160 TexW=256 TexH=384
2026-08-21 01:48:07 [INFO] X=192 Y=32 Src=352,0 - 384,32 TexW=384 TexH=384
2026-08-21 01:48:07 [INFO] X=192 Y=32 Src=160,128 - 192,160 TexW=256 TexH=384
2026-08-21 01:48:07 [INFO] X=224 Y=32 Src=256,0 - 288,32 TexW=384 TexH=384
2026-08-21 01:48:07 [INFO] X=224 Y=32 Src=128,128 - 160,160 TexW=256 TexH=384
2026-08-21 01:48:07 [INFO] X=256 Y=32 Src=288,0 - 320,32 TexW=384 TexH=384
2026-08-21 01:48:07 [INFO] X=256 Y=32 Src=160,128 - 192,160 TexW=256 TexH=384
2026-08-21 01:48:07 [INFO] X=288 Y=32 Src=320,0 - 352,32 TexW=384 TexH=384
2026-08-21 01:48:07 [INFO] X=288 Y=32 Src=128,128 - 160,160 TexW=256 TexH=384
2026-08-21 01:48:07 [INFO] X=320 Y=32 Src=352,0 - 384,32 TexW=384 TexH=384
2026-08-21 01:48:07 [INFO] X=320 Y=32 Src=160,128 - 192,160 TexW=256 TexH=384
2026-08-21 01:48:07 [INFO] X=352 Y=32 Src=256,0 - 288,32 TexW=384 TexH=384
2026-08-21 01:48:07 [INFO] X=352 Y=32 Src=128,128 - 160,160 TexW=256 TexH=384
2026-08-21 01:48:07 [INFO] X=384 Y=32 Src=288,0 - 320,32 TexW=384 TexH=384
2026-08-21 01:48:07 [INFO] X=384 Y=32 Src=160,128 - 192,160 TexW=256 TexH=384
2026-08-21 01:48:07 [INFO] X=416 Y=32 Src=320,0 - 352,32 TexW=384 TexH=384
2026-08-21 01:48:07 [INFO] X=416 Y=32 Src=128,128 - 160,160 TexW=256 TexH=384
2026-08-21 01:48:07 [INFO] X=448 Y=32 Src=352,0 - 384,32 TexW=384 TexH=384
2026-08-21 01:48:07 [INFO] X=448 Y=32 Src=160,128 - 192,160 TexW=256 TexH=384
2026-08-21 01:48:07 [INFO] X=480 Y=32 Src=256,0 - 288,32 TexW=384 TexH=384
2026-08-21 01:48:07 [INFO] X=480 Y=32 Src=128,128 - 160,160 TexW=256 TexH=384
2026-08-21 01:48:07 [INFO] X=512 Y=32 Src=288,0 - 320,32 TexW=384 TexH=384
2026-08-21 01:48:07 [INFO] X=512 Y=32 Src=160,128 - 192,160 TexW=256 TexH=384
2026-08-21 01:48:07 [INFO] X=544 Y=32 Src=320,0 - 352,32 TexW=384 TexH=384
2026-08-21 01:48:07 [INFO] X=544 Y=32 Src=128,128 - 160,160 TexW=256 TexH=384
2026-08-21 01:48:07 [INFO] X=-32 Y=64 Src=256,64 - 288,96 TexW=384 TexH=384
2026-08-21 01:48:07 [INFO] X=0 Y=64 Src=288,64 - 320,96 TexW=384 TexH=384
2026-08-21 01:48:07 [INFO] X=32 Y=64 Src=320,64 - 352,96 TexW=384 TexH=384
2026-08-21 01:48:07 [INFO] X=64 Y=64 Src=352,64 - 384,96 TexW=384 TexH=384
2026-08-21 01:48:07 [INFO] X=96 Y=64 Src=256,64 - 288,96 TexW=384 TexH=384
2026-08-21 01:48:07 [INFO] X=128 Y=64 Src=288,64 - 320,96 TexW=384 TexH=384
2026-08-21 01:48:07 [INFO] X=160 Y=64 Src=320,64 - 352,96 TexW=384 TexH=384
2026-08-21 01:48:07 [INFO] X=192 Y=64 Src=352,64 - 384,96 TexW=384 TexH=384
2026-08-21 01:48:07 [INFO] X=224 Y=64 Src=256,64 - 288,96 TexW=384 TexH=384
2026-08-21 01:48:07 [INFO] X=256 Y=64 Src=288,64 - 320,96 TexW=384 TexH=384
2026-08-21 01:48:07 [INFO] X=288 Y=64 Src=320,64 - 352,96 TexW=384 TexH=384
2026-08-21 01:48:07 [INFO] X=320 Y=64 Src=352,64 - 384,96 TexW=384 TexH=384
2026-08-21 01:48:07 [INFO] X=352 Y=64 Src=256,64 - 288,96 TexW=384 TexH=384
2026-08-21 01:48:07 [INFO] X=384 Y=64 Src=288,64 - 320,96 TexW=384 TexH=384
2026-08-21 01:48:07 [INFO] X=416 Y=64 Src=320,64 - 352,96 TexW=384 TexH=384
2026-08-21 01:48:07 [INFO] X=448 Y=64 Src=352,64 - 384,96 TexW=384 TexH=384
2026-08-21 01:48:07 [INFO] X=480 Y=64 Src=256,64 - 288,96 TexW=384 TexH=384
2026-08-21 01:48:07 [INFO] X=512 Y=64 Src=288,64 - 320,96 TexW=384 TexH=384
2026-08-21 01:48:07 [INFO] X=544 Y=64 Src=320,64 - 352,96 TexW=384 TexH=384
2026-08-21 01:48:07 [INFO] X=-32 Y=96 Src=256,0 - 288,32 TexW=384 TexH=384
2026-08-21 01:48:07 [INFO] X=0 Y=96 Src=288,0 - 320,32 TexW=384 TexH=384
2026-08-21 01:48:07 [INFO] X=32 Y=96 Src=320,0 - 352,32 TexW=384 TexH=384
2026-08-21 01:48:07 [INFO] X=64 Y=96 Src=352,0 - 384,32 TexW=384 TexH=384
2026-08-21 01:48:07 [INFO] X=96 Y=96 Src=256,0 - 288,32 TexW=384 TexH=384
2026-08-21 01:48:07 [INFO] X=128 Y=96 Src=288,0 - 320,32 TexW=384 TexH=384
2026-08-21 01:48:07 [INFO] X=160 Y=96 Src=320,0 - 352,32 TexW=384 TexH=384
2026-08-21 01:48:07 [INFO] X=192 Y=96 Src=352,0 - 384,32 TexW=384 TexH=384
2026-08-21 01:48:07 [INFO] X=224 Y=96 Src=256,0 - 288,32 TexW=384 TexH=384
2026-08-21 01:48:07 [INFO] X=256 Y=96 Src=288,0 - 320,32 TexW=384 TexH=384
2026-08-21 01:48:07 [INFO] X=288 Y=96 Src=320,0 - 352,32 TexW=384 TexH=384
2026-08-21 01:48:07 [INFO] X=320 Y=96 Src=352,0 - 384,32 TexW=384 TexH=384
2026-08-21 01:48:07 [INFO] X=352 Y=96 Src=256,0 - 288,32 TexW=384 TexH=384
2026-08-21 01:48:07 [INFO] X=384 Y=96 Src=288,0 - 320,32 TexW=384 TexH=384
2026-08-21 01:48:07 [INFO] X=416 Y=96 Src=320,0 - 352,32 TexW=384 TexH=384
2026-08-21 01:48:07 [INFO] X=448 Y=96 Src=352,0 - 384,32 TexW=384 TexH=384
2026-08-21 01:48:07 [INFO] X=480 Y=96 Src=256,0 - 288,32 TexW=384 TexH=384
2026-08-21 01:48:07 [INFO] X=512 Y=96 Src=288,0 - 320,32 TexW=384 TexH=384
2026-08-21 01:48:07 [INFO] X=544 Y=96 Src=320,0 - 352,32 TexW=384 TexH=384
2026-08-21 01:48:07 [INFO] X=-32 Y=128 Src=256,64 - 288,96 TexW=384 TexH=384
2026-08-21 01:48:07 [INFO] X=0 Y=128 Src=288,64 - 320,96 TexW=384 TexH=384
2026-08-21 01:48:07 [INFO] X=32 Y=128 Src=320,64 - 352,96 TexW=384 TexH=384
2026-08-21 01:48:07 [INFO] X=64 Y=128 Src=352,64 - 384,96 TexW=384 TexH=384
2026-08-21 01:48:07 [INFO] X=96 Y=128 Src=256,64 - 288,96 TexW=384 TexH=384
2026-08-21 01:48:07 [INFO] X=128 Y=128 Src=288,64 - 320,96 TexW=384 TexH=384
2026-08-21 01:48:07 [INFO] X=160 Y=128 Src=320,64 - 352,96 TexW=384 TexH=384
2026-08-21 01:48:07 [INFO] X=192 Y=128 Src=352,64 - 384,96 TexW=384 TexH=384
2026-08-21 01:48:07 [INFO] X=224 Y=128 Src=256,64 - 288,96 TexW=384 TexH=384
2026-08-21 01:48:07 [INFO] X=256 Y=128 Src=288,64 - 320,96 TexW=384 TexH=384
2026-08-21 01:48:07 [INFO] X=288 Y=128 Src=320,64 - 352,96 TexW=384 TexH=384
2026-08-21 01:48:07 [INFO] X=320 Y=128 Src=352,64 - 384,96 TexW=384 TexH=384
2026-08-21 01:48:07 [INFO] X=352 Y=128 Src=256,64 - 288,96 TexW=384 TexH=384
2026-08-21 01:48:07 [INFO] X=384 Y=128 Src=288,64 - 320,96 TexW=384 TexH=384
2026-08-21 01:48:07 [INFO] X=416 Y=128 Src=320,64 - 352,96 TexW=384 TexH=384
2026-08-21 01:48:07 [INFO] X=448 Y=128 Src=352,64 - 384,96 TexW=384 TexH=384
2026-08-21 01:48:07 [INFO] X=480 Y=128 Src=256,64 - 288,96 TexW=384 TexH=384
2026-08-21 01:48:07 [INFO] X=512 Y=128 Src=288,64 - 320,96 TexW=384 TexH=384
2026-08-21 01:48:07 [INFO] X=544 Y=128 Src=320,64 - 352,96 TexW=384 TexH=384
2026-08-21 01:48:07 [INFO] X=-32 Y=160 Src=256,0 - 288,32 TexW=384 TexH=384
2026-08-21 01:48:07 [INFO] X=0 Y=160 Src=288,0 - 320,32 TexW=384 TexH=384
2026-08-21 01:48:07 [INFO] X=32 Y=160 Src=320,0 - 352,32 TexW=384 TexH=384
2026-08-21 01:48:07 [INFO] X=64 Y=160 Src=352,0 - 384,32 TexW=384 TexH=384
2026-08-21 01:48:07 [INFO] X=96 Y=160 Src=256,0 - 288,32 TexW=384 TexH=384
2026-08-21 01:48:07 [INFO] X=128 Y=160 Src=288,0 - 320,32 TexW=384 TexH=384
2026-08-21 01:48:07 [INFO] X=160 Y=160 Src=320,0 - 352,32 TexW=384 TexH=384
2026-08-21 01:48:07 [INFO] X=192 Y=160 Src=352,0 - 384,32 TexW=384 TexH=384
2026-08-21 01:48:07 [INFO] X=224 Y=160 Src=256,0 - 288,32 TexW=384 TexH=384
2026-08-21 01:48:07 [INFO] X=256 Y=160 Src=288,0 - 320,32 TexW=384 TexH=384
2026-08-21 01:48:07 [INFO] X=288 Y=160 Src=320,0 - 352,32 TexW=384 TexH=384
2026-08-21 01:48:07 [INFO] X=320 Y=160 Src=352,0 - 384,32 TexW=384 TexH=384
2026-08-21 01:48:07 [INFO] X=352 Y=160 Src=256,0 - 288,32 TexW=384 TexH=384
2026-08-21 01:48:07 [INFO] X=384 Y=160 Src=288,0 - 320,32 TexW=384 TexH=384
2026-08-21 01:48:07 [INFO] X=416 Y=160 Src=320,0 - 352,32 TexW=384 TexH=384
2026-08-21 01:48:07 [INFO] X=448 Y=160 Src=352,0 - 384,32 TexW=384 TexH=384
2026-08-21 01:48:07 [INFO] X=480 Y=160 Src=256,0 - 288,32 TexW=384 TexH=384
2026-08-21 01:48:07 [INFO] X=512 Y=160 Src=288,0 - 320,32 TexW=384 TexH=384
2026-08-21 01:48:07 [INFO] X=544 Y=160 Src=320,0 - 352,32 TexW=384 TexH=384
2026-08-21 01:48:07 [INFO] X=-32 Y=192 Src=256,64 - 288,96 TexW=384 TexH=384
2026-08-21 01:48:07 [INFO] X=0 Y=192 Src=288,64 - 320,96 TexW=384 TexH=384
2026-08-21 01:48:07 [INFO] X=32 Y=192 Src=320,64 - 352,96 TexW=384 TexH=384
2026-08-21 01:48:07 [INFO] X=64 Y=192 Src=352,64 - 384,96 TexW=384 TexH=384
2026-08-21 01:48:07 [INFO] X=96 Y=192 Src=256,64 - 288,96 TexW=384 TexH=384
2026-08-21 01:48:07 [INFO] X=128 Y=192 Src=288,64 - 320,96 TexW=384 TexH=384
2026-08-21 01:48:07 [INFO] X=160 Y=192 Src=320,64 - 352,96 TexW=384 TexH=384
2026-08-21 01:48:07 [INFO] X=192 Y=192 Src=352,64 - 384,96 TexW=384 TexH=384
2026-08-21 01:48:07 [INFO] X=224 Y=192 Src=256,64 - 288,96 TexW=384 TexH=384
2026-08-21 01:48:07 [INFO] X=256 Y=192 Src=288,64 - 320,96 TexW=384 TexH=384
2026-08-21 01:48:07 [INFO] X=288 Y=192 Src=320,64 - 352,96 TexW=384 TexH=384
2026-08-21 01:48:07 [INFO] X=320 Y=192 Src=352,64 - 384,96 TexW=384 TexH=384
2026-08-21 01:48:07 [INFO] X=352 Y=192 Src=256,64 - 288,96 TexW=384 TexH=384
2026-08-21 01:48:07 [INFO] X=384 Y=192 Src=288,64 - 320,96 TexW=384 TexH=384
2026-08-21 01:48:07 [INFO] X=416 Y=192 Src=320,64 - 352,96 TexW=384 TexH=384
2026-08-21 01:48:07 [INFO] X=448 Y=192 Src=352,64 - 384,96 TexW=384 TexH=384
2026-08-21 01:48:07 [INFO] X=480 Y=192 Src=256,64 - 288,96 TexW=384 TexH=384
2026-08-21 01:48:07 [INFO] X=512 Y=192 Src=288,64 - 320,96 TexW=384 TexH=384
2026-08-21 01:48:07 [INFO] X=544 Y=192 Src=320,64 - 352,96 TexW=384 TexH=384
2026-08-21 01:48:07 [INFO] X=-304 Y=-415 Src=0,0 - 64,95 TexW=64 TexH=95
2026-08-21 01:48:07 [INFO] X=-368 Y=-576 Src=0,0 - 256,256 TexW=256 TexH=256
2026-08-21 01:48:07 [INFO] X=-182 Y=-475 Src=0,0 - 77,155 TexW=77 TexH=155
2026-08-21 01:48:07 [INFO] X=-208 Y=-576 Src=0,0 - 256,256 TexW=256 TexH=256
2026-08-21 01:48:07 [INFO] X=48 Y=-320 Src=0,0 - 128,32 TexW=128 TexH=32
2026-08-21 01:48:07 [INFO] X=176 Y=-320 Src=0,0 - 128,32 TexW=128 TexH=32
2026-08-21 01:48:07 [INFO] X=464 Y=-320 Src=0,0 - 128,32 TexW=128 TexH=32
2026-08-21 01:48:07 [INFO] X=592 Y=-320 Src=0,0 - 128,32 TexW=128 TexH=32
2026-08-21 01:48:07 [INFO] X=-176 Y=-512 Src=0,0 - 256,256 TexW=256 TexH=256
2026-08-21 01:48:07 [INFO] X=208 Y=-512 Src=0,0 - 256,256 TexW=256 TexH=256
2026-08-21 01:48:07 [INFO] X=-352 Y=-256 Src=0,0 - 32,32 TexW=64 TexH=32
2026-08-21 01:48:07 [INFO] X=835 Y=-270 Src=0,0 - 26,46 TexW=174 TexH=181
2026-08-21 01:48:07 [INFO] X=-176 Y=-448 Src=0,0 - 256,256 TexW=256 TexH=256
2026-08-21 01:48:07 [INFO] X=48 Y=-224 Src=0,0 - 128,32 TexW=128 TexH=32
2026-08-21 01:48:07 [INFO] X=176 Y=-224 Src=0,0 - 128,32 TexW=128 TexH=32
2026-08-21 01:48:07 [INFO] X=384 Y=-224 Src=608,64 - 640,96 TexW=640 TexH=742
2026-08-21 01:48:07 [INFO] X=480 Y=-224 Src=608,64 - 640,96 TexW=640 TexH=742
2026-08-21 01:48:07 [INFO] X=464 Y=-224 Src=0,0 - 128,32 TexW=128 TexH=32
2026-08-21 01:48:07 [INFO] X=592 Y=-224 Src=0,0 - 128,32 TexW=128 TexH=32
2026-08-21 01:48:07 [INFO] X=-253 Y=-206 Src=0,0 - 26,46 TexW=149 TexH=181
2026-08-21 01:48:07 [INFO] X=163 Y=-206 Src=0,0 - 26,46 TexW=149 TexH=181
2026-08-21 01:48:07 [INFO] X=168 Y=-214 Src=64,0 - 80,16 TexW=708 TexH=202
2026-08-21 01:48:07 [INFO] X=-352 Y=-160 Src=0,0 - 32,32 TexW=64 TexH=32
2026-08-21 01:48:07 [INFO] X=352 Y=-160 Src=608,64 - 640,96 TexW=640 TexH=742
2026-08-21 01:48:07 [INFO] X=480 Y=-160 Src=608,64 - 640,96 TexW=640 TexH=742
2026-08-21 01:48:07 [INFO] X=74 Y=-251 Src=0,0 - 77,155 TexW=77 TexH=155
2026-08-21 01:48:07 [INFO] X=419 Y=-142 Src=0,0 - 26,46 TexW=149 TexH=181
2026-08-21 01:48:07 [INFO] X=424 Y=-150 Src=320,0 - 336,16 TexW=708 TexH=202
2026-08-21 01:48:07 [INFO] X=448 Y=-128 Src=256,96 - 288,128 TexW=640 TexH=742
2026-08-21 01:48:07 [INFO] X=586 Y=-251 Src=0,0 - 77,155 TexW=77 TexH=155
2026-08-21 01:48:07 [INFO] X=-32 Y=-64 Src=608,64 - 640,96 TexW=640 TexH=742
2026-08-21 01:48:07 [INFO] X=448 Y=-64 Src=608,64 - 640,96 TexW=640 TexH=742
2026-08-21 01:48:07 [INFO] X=464 Y=-288 Src=0,0 - 256,256 TexW=256 TexH=256
2026-08-21 01:48:07 [INFO] X=0 Y=0 Src=608,64 - 640,96 TexW=640 TexH=742
2026-08-21 01:48:07 [INFO] X=291 Y=-14 Src=0,0 - 26,46 TexW=149 TexH=181
2026-08-21 01:48:07 [INFO] X=296 Y=-22 Src=256,48 - 272,64 TexW=708 TexH=202
2026-08-21 01:48:07 [INFO] X=736 Y=-64 Src=0,96 - 96,192 TexW=288 TexH=192
2026-08-21 01:48:07 [INFO] X=656 Y=32 Src=0,0 - 64,32 TexW=64 TexH=32
2026-08-21 01:48:07 [INFO] X=867 Y=18 Src=0,0 - 26,46 TexW=149 TexH=181
2026-08-21 01:48:07 [INFO] X=872 Y=10 Src=0,0 - 16,16 TexW=708 TexH=202
2026-08-21 01:48:07 [INFO] X=-349 Y=50 Src=0,0 - 26,46 TexW=149 TexH=181
2026-08-21 01:48:07 [INFO] X=-344 Y=42 Src=384,16 - 400,32 TexW=708 TexH=202
2026-08-21 01:48:07 [INFO] X=-285 Y=50 Src=0,0 - 26,46 TexW=149 TexH=181
2026-08-21 01:48:07 [INFO] X=-280 Y=42 Src=384,16 - 400,32 TexW=708 TexH=202
2026-08-21 01:48:07 [INFO] X=-182 Y=-59 Src=0,0 - 77,155 TexW=77 TexH=155
2026-08-21 01:48:07 [INFO] X=-61 Y=50 Src=0,0 - 26,46 TexW=149 TexH=181
2026-08-21 01:48:07 [INFO] X=-56 Y=42 Src=272,128 - 288,144 TexW=708 TexH=202
2026-08-21 01:48:07 [INFO] X=42 Y=-59 Src=0,0 - 77,155 TexW=77 TexH=155
2026-08-21 01:48:07 [INFO] X=259 Y=178 Src=0,0 - 26,46 TexW=149 TexH=181
2026-08-21 01:48:07 [INFO] X=264 Y=170 Src=128,16 - 144,32 TexW=708 TexH=202
2026-08-21 01:48:07 [INFO] X=611 Y=306 Src=0,0 - 26,46 TexW=149 TexH=181
2026-08-21 01:48:07 [INFO] X=616 Y=298 Src=256,48 - 272,64 TexW=708 TexH=202
2026-08-21 01:48:07 [INFO] X=-368 Y=128 Src=0,0 - 256,256 TexW=256 TexH=256
2026-08-21 01:48:07 [INFO] X=-240 Y=128 Src=0,0 - 256,256 TexW=256 TexH=256
2026-08-21 01:48:07 [INFO] X=-112 Y=128 Src=0,0 - 256,256 TexW=256 TexH=256
2026-08-21 01:48:07 [INFO] X=283 Y=384 Src=823,512 - 866,576 TexW=1792 TexH=640
2026-08-21 01:48:07 [INFO] X=443 Y=384 Src=823,512 - 866,576 TexW=1792 TexH=640
2026-08-21 01:48:07 [INFO] X=592 Y=192 Src=0,0 - 256,256 TexW=256 TexH=256
2026-08-21 01:48:07 [INFO] X=688 Y=192 Src=0,0 - 256,256 TexW=256 TexH=256
2026-08-21 01:48:07 [INFO] X=323 Y=448 Src=182,0 - 208,96 TexW=234 TexH=97
2026-08-21 01:48:07 [INFO] X=355 Y=498 Src=0,0 - 26,46 TexW=149 TexH=181
2026-08-21 01:48:07 [INFO] X=360 Y=490 Src=384,32 - 400,48 TexW=708 TexH=202
2026-08-21 01:48:07 [INFO] X=384 Y=512 Src=64,672 - 96,704 TexW=640 TexH=742
2026-08-21 01:48:07 [INFO] X=419 Y=448 Src=182,0 - 208,96 TexW=234 TexH=97
2026-08-21 01:48:07 [INFO] X=-368 Y=320 Src=0,0 - 256,256 TexW=256 TexH=256
2026-08-21 01:48:07 [INFO] X=688 Y=384 Src=0,0 - 256,256 TexW=256 TexH=256
2026-08-21 01:48:07 [INFO] X=-368 Y=448 Src=0,0 - 256,256 TexW=256 TexH=256
2026-08-21 01:48:07 [INFO] X=-127 Y=636 Src=210,0 - 240,68 TexW=270 TexH=68
2026-08-21 01:48:07 [INFO] X=-208 Y=448 Src=0,0 - 256,256 TexW=256 TexH=256
2026-08-21 01:48:07 [INFO] X=-285 Y=690 Src=0,0 - 26,46 TexW=149 TexH=181
2026-08-21 01:48:07 [INFO] X=-280 Y=682 Src=64,0 - 80,16 TexW=708 TexH=202
2026-08-21 01:48:07 [INFO] X=-253 Y=690 Src=0,0 - 26,46 TexW=149 TexH=181
2026-08-21 01:48:07 [INFO] X=-248 Y=682 Src=639,64 - 655,80 TexW=708 TexH=202
2026-08-21 01:48:07 [INFO] X=-221 Y=690 Src=0,0 - 26,46 TexW=149 TexH=181
2026-08-21 01:48:07 [INFO] X=-216 Y=682 Src=272,128 - 288,144 TexW=708 TexH=202
2026-08-21 01:48:07 [INFO] X=-32 Y=-32 Src=0,0 - 32,32 TexW=512 TexH=128
2026-08-21 01:48:07 [INFO] X=0 Y=-32 Src=32,0 - 64,32 TexW=512 TexH=128
2026-08-21 01:48:07 [INFO] X=32 Y=-32 Src=64,0 - 96,32 TexW=512 TexH=128
2026-08-21 01:48:07 [INFO] X=32 Y=-32 Src=512,192 - 544,224 TexW=640 TexH=742
2026-08-21 01:48:07 [INFO] X=64 Y=-32 Src=96,0 - 128,32 TexW=512 TexH=128
2026-08-21 01:48:07 [INFO] X=96 Y=-32 Src=0,0 - 32,32 TexW=512 TexH=128
2026-08-21 01:48:07 [INFO] X=128 Y=-32 Src=32,0 - 64,32 TexW=512 TexH=128
2026-08-21 01:48:07 [INFO] X=160 Y=-32 Src=64,0 - 96,32 TexW=512 TexH=128
2026-08-21 01:48:07 [INFO] X=192 Y=-32 Src=96,0 - 128,32 TexW=512 TexH=128
2026-08-21 01:48:07 [INFO] X=224 Y=-32 Src=0,0 - 32,32 TexW=512 TexH=128
2026-08-21 01:48:07 [INFO] X=256 Y=-32 Src=32,0 - 64,32 TexW=512 TexH=128
2026-08-21 01:48:07 [INFO] X=288 Y=-32 Src=64,0 - 96,32 TexW=512 TexH=128
2026-08-21 01:48:07 [INFO] X=320 Y=-32 Src=96,0 - 128,32 TexW=512 TexH=128
2026-08-21 01:48:07 [INFO] X=352 Y=-32 Src=0,0 - 32,32 TexW=512 TexH=128
2026-08-21 01:48:07 [INFO] X=384 Y=-32 Src=32,0 - 64,32 TexW=512 TexH=128
2026-08-21 01:48:07 [INFO] X=362 Y=-58 Src=0,0 - 77,58 TexW=77 TexH=58
2026-08-21 01:48:07 [INFO] X=416 Y=-32 Src=64,0 - 96,32 TexW=512 TexH=128
2026-08-21 01:48:07 [INFO] X=448 Y=-32 Src=96,0 - 128,32 TexW=512 TexH=128
2026-08-21 01:48:07 [INFO] X=480 Y=-32 Src=0,0 - 32,32 TexW=512 TexH=128
2026-08-21 01:48:07 [INFO] X=512 Y=-32 Src=32,0 - 64,32 TexW=512 TexH=128
2026-08-21 01:48:07 [INFO] X=544 Y=-32 Src=64,0 - 96,32 TexW=512 TexH=128
2026-08-21 01:48:07 [INFO] X=-32 Y=0 Src=0,64 - 32,96 TexW=512 TexH=128
2026-08-21 01:48:07 [INFO] X=0 Y=0 Src=32,64 - 64,96 TexW=512 TexH=128
2026-08-21 01:48:07 [INFO] X=32 Y=0 Src=64,64 - 96,96 TexW=512 TexH=128
2026-08-21 01:48:07 [INFO] X=64 Y=0 Src=96,64 - 128,96 TexW=512 TexH=128
2026-08-21 01:48:07 [INFO] X=96 Y=0 Src=0,64 - 32,96 TexW=512 TexH=128
2026-08-21 01:48:07 [INFO] X=128 Y=0 Src=32,64 - 64,96 TexW=512 TexH=128
2026-08-21 01:48:07 [INFO] X=160 Y=0 Src=64,64 - 96,96 TexW=512 TexH=128
2026-08-21 01:48:07 [INFO] X=192 Y=0 Src=96,64 - 128,96 TexW=512 TexH=128
2026-08-21 01:48:07 [INFO] X=224 Y=0 Src=0,64 - 32,96 TexW=512 TexH=128
2026-08-21 01:48:07 [INFO] X=256 Y=0 Src=32,64 - 64,96 TexW=512 TexH=128
2026-08-21 01:48:07 [INFO] X=288 Y=0 Src=64,64 - 96,96 TexW=512 TexH=128
2026-08-21 01:48:07 [INFO] X=320 Y=0 Src=96,64 - 128,96 TexW=512 TexH=128
2026-08-21 01:48:07 [INFO] X=352 Y=0 Src=0,64 - 32,96 TexW=512 TexH=128
2026-08-21 01:48:07 [INFO] X=384 Y=0 Src=32,64 - 64,96 TexW=512 TexH=128
2026-08-21 01:48:07 [INFO] X=416 Y=0 Src=64,64 - 96,96 TexW=512 TexH=128
2026-08-21 01:48:07 [INFO] X=448 Y=0 Src=96,64 - 128,96 TexW=512 TexH=128
2026-08-21 01:48:07 [INFO] X=480 Y=0 Src=0,64 - 32,96 TexW=512 TexH=128
2026-08-21 01:48:07 [INFO] X=512 Y=0 Src=32,64 - 64,96 TexW=512 TexH=128
2026-08-21 01:48:07 [INFO] X=544 Y=0 Src=64,64 - 96,96 TexW=512 TexH=128
2026-08-21 01:48:07 [INFO] X=-32 Y=32 Src=128,0 - 160,32 TexW=384 TexH=384
2026-08-21 01:48:07 [INFO] X=-32 Y=32 Src=128,128 - 160,160 TexW=256 TexH=384
2026-08-21 01:48:07 [INFO] X=0 Y=32 Src=160,0 - 192,32 TexW=384 TexH=384
2026-08-21 01:48:07 [INFO] X=0 Y=32 Src=160,128 - 192,160 TexW=256 TexH=384
2026-08-21 01:48:07 [INFO] X=32 Y=32 Src=192,0 - 224,32 TexW=384 TexH=384
2026-08-21 01:48:07 [INFO] X=32 Y=32 Src=128,128 - 160,160 TexW=256 TexH=384
2026-08-21 01:48:07 [INFO] X=64 Y=32 Src=224,0 - 256,32 TexW=384 TexH=384
2026-08-21 01:48:07 [INFO] X=64 Y=32 Src=160,128 - 192,160 TexW=256 TexH=384
2026-08-21 01:48:07 [INFO] X=96 Y=32 Src=128,0 - 160,32 TexW=384 TexH=384
2026-08-21 01:48:07 [INFO] X=96 Y=32 Src=128,128 - 160,160 TexW=256 TexH=384
2026-08-21 01:48:07 [INFO] X=128 Y=32 Src=160,0 - 192,32 TexW=384 TexH=384
2026-08-21 01:48:07 [INFO] X=128 Y=32 Src=160,128 - 192,160 TexW=256 TexH=384
2026-08-21 01:48:07 [INFO] X=160 Y=32 Src=192,0 - 224,32 TexW=384 TexH=384
2026-08-21 01:48:07 [INFO] X=160 Y=32 Src=128,128 - 160,160 TexW=256 TexH=384
2026-08-21 01:48:07 [INFO] X=192 Y=32 Src=224,0 - 256,32 TexW=384 TexH=384
2026-08-21 01:48:07 [INFO] X=192 Y=32 Src=160,128 - 192,160 TexW=256 TexH=384
2026-08-21 01:48:07 [INFO] X=224 Y=32 Src=128,0 - 160,32 TexW=384 TexH=384
2026-08-21 01:48:07 [INFO] X=224 Y=32 Src=128,128 - 160,160 TexW=256 TexH=384
2026-08-21 01:48:07 [INFO] X=256 Y=32 Src=160,0 - 192,32 TexW=384 TexH=384
2026-08-21 01:48:07 [INFO] X=256 Y=32 Src=160,128 - 192,160 TexW=256 TexH=384
2026-08-21 01:48:07 [INFO] X=288 Y=32 Src=192,0 - 224,32 TexW=384 TexH=384
2026-08-21 01:48:07 [INFO] X=288 Y=32 Src=128,128 - 160,160 TexW=256 TexH=384
2026-08-21 01:48:07 [INFO] X=320 Y=32 Src=224,0 - 256,32 TexW=384 TexH=384
2026-08-21 01:48:07 [INFO] X=320 Y=32 Src=160,128 - 192,160 TexW=256 TexH=384
2026-08-21 01:48:07 [INFO] X=352 Y=32 Src=128,0 - 160,32 TexW=384 TexH=384
2026-08-21 01:48:07 [INFO] X=352 Y=32 Src=128,128 - 160,160 TexW=256 TexH=384
2026-08-21 01:48:07 [INFO] X=384 Y=32 Src=160,0 - 192,32 TexW=384 TexH=384
2026-08-21 01:48:07 [INFO] X=384 Y=32 Src=160,128 - 192,160 TexW=256 TexH=384
2026-08-21 01:48:07 [INFO] X=416 Y=32 Src=192,0 - 224,32 TexW=384 TexH=384
2026-08-21 01:48:07 [INFO] X=416 Y=32 Src=128,128 - 160,160 TexW=256 TexH=384
2026-08-21 01:48:07 [INFO] X=448 Y=32 Src=224,0 - 256,32 TexW=384 TexH=384
2026-08-21 01:48:07 [INFO] X=448 Y=32 Src=160,128 - 192,160 TexW=256 TexH=384
2026-08-21 01:48:07 [INFO] X=480 Y=32 Src=128,0 - 160,32 TexW=384 TexH=384
2026-08-21 01:48:07 [INFO] X=480 Y=32 Src=128,128 - 160,160 TexW=256 TexH=384
2026-08-21 01:48:07 [INFO] X=512 Y=32 Src=160,0 - 192,32 TexW=384 TexH=384
2026-08-21 01:48:07 [INFO] X=512 Y=32 Src=160,128 - 192,160 TexW=256 TexH=384
2026-08-21 01:48:07 [INFO] X=544 Y=32 Src=192,0 - 224,32 TexW=384 TexH=384
2026-08-21 01:48:07 [INFO] X=544 Y=32 Src=128,128 - 160,160 TexW=256 TexH=384
2026-08-21 01:48:07 [INFO] X=-32 Y=64 Src=128,64 - 160,96 TexW=384 TexH=384
2026-08-21 01:48:07 [INFO] X=0 Y=64 Src=160,64 - 192,96 TexW=384 TexH=384
2026-08-21 01:48:07 [INFO] X=32 Y=64 Src=192,64 - 224,96 TexW=384 TexH=384
2026-08-21 01:48:07 [INFO] X=64 Y=64 Src=224,64 - 256,96 TexW=384 TexH=384
2026-08-21 01:48:07 [INFO] X=96 Y=64 Src=128,64 - 160,96 TexW=384 TexH=384
2026-08-21 01:48:07 [INFO] X=128 Y=64 Src=160,64 - 192,96 TexW=384 TexH=384
2026-08-21 01:48:07 [INFO] X=160 Y=64 Src=192,64 - 224,96 TexW=384 TexH=384
2026-08-21 01:48:07 [INFO] X=192 Y=64 Src=224,64 - 256,96 TexW=384 TexH=384
2026-08-21 01:48:07 [INFO] X=224 Y=64 Src=128,64 - 160,96 TexW=384 TexH=384
2026-08-21 01:48:07 [INFO] X=256 Y=64 Src=160,64 - 192,96 TexW=384 TexH=384
2026-08-21 01:48:07 [INFO] X=288 Y=64 Src=192,64 - 224,96 TexW=384 TexH=384
2026-08-21 01:48:07 [INFO] X=320 Y=64 Src=224,64 - 256,96 TexW=384 TexH=384
2026-08-21 01:48:07 [INFO] X=352 Y=64 Src=128,64 - 160,96 TexW=384 TexH=384
2026-08-21 01:48:07 [INFO] X=384 Y=64 Src=160,64 - 192,96 TexW=384 TexH=384
2026-08-21 01:48:07 [INFO] X=416 Y=64 Src=192,64 - 224,96 TexW=384 TexH=384
2026-08-21 01:48:07 [INFO] X=448 Y=64 Src=224,64 - 256,96 TexW=384 TexH=384
2026-08-21 01:48:07 [INFO] X=480 Y=64 Src=128,64 - 160,96 TexW=384 TexH=384
2026-08-21 01:48:07 [INFO] X=512 Y=64 Src=160,64 - 192,96 TexW=384 TexH=384
2026-08-21 01:48:07 [INFO] X=544 Y=64 Src=192,64 - 224,96 TexW=384 TexH=384
2026-08-21 01:48:07 [INFO] X=-32 Y=96 Src=128,0 - 160,32 TexW=384 TexH=384
2026-08-21 01:48:07 [INFO] X=0 Y=96 Src=160,0 - 192,32 TexW=384 TexH=384
2026-08-21 01:48:07 [INFO] X=32 Y=96 Src=192,0 - 224,32 TexW=384 TexH=384
2026-08-21 01:48:07 [INFO] X=64 Y=96 Src=224,0 - 256,32 TexW=384 TexH=384
2026-08-21 01:48:07 [INFO] X=96 Y=96 Src=128,0 - 160,32 TexW=384 TexH=384
2026-08-21 01:48:07 [INFO] X=128 Y=96 Src=160,0 - 192,32 TexW=384 TexH=384
2026-08-21 01:48:07 [INFO] X=160 Y=96 Src=192,0 - 224,32 TexW=384 TexH=384
2026-08-21 01:48:07 [INFO] X=192 Y=96 Src=224,0 - 256,32 TexW=384 TexH=384
2026-08-21 01:48:07 [INFO] X=224 Y=96 Src=128,0 - 160,32 TexW=384 TexH=384
2026-08-21 01:48:07 [INFO] X=256 Y=96 Src=160,0 - 192,32 TexW=384 TexH=384
2026-08-21 01:48:07 [INFO] X=288 Y=96 Src=192,0 - 224,32 TexW=384 TexH=384
2026-08-21 01:48:07 [INFO] X=320 Y=96 Src=224,0 - 256,32 TexW=384 TexH=384
2026-08-21 01:48:07 [INFO] X=352 Y=96 Src=128,0 - 160,32 TexW=384 TexH=384
2026-08-21 01:48:07 [INFO] X=384 Y=96 Src=160,0 - 192,32 TexW=384 TexH=384
2026-08-21 01:48:07 [INFO] X=416 Y=96 Src=192,0 - 224,32 TexW=384 TexH=384
2026-08-21 01:48:07 [INFO] X=448 Y=96 Src=224,0 - 256,32 TexW=384 TexH=384
2026-08-21 01:48:07 [INFO] X=480 Y=96 Src=128,0 - 160,32 TexW=384 TexH=384
2026-08-21 01:48:07 [INFO] X=512 Y=96 Src=160,0 - 192,32 TexW=384 TexH=384
2026-08-21 01:48:07 [INFO] X=544 Y=96 Src=192,0 - 224,32 TexW=384 TexH=384
2026-08-21 01:48:07 [INFO] X=-32 Y=128 Src=128,64 - 160,96 TexW=384 TexH=384
2026-08-21 01:48:07 [INFO] X=0 Y=128 Src=160,64 - 192,96 TexW=384 TexH=384
2026-08-21 01:48:07 [INFO] X=32 Y=128 Src=192,64 - 224,96 TexW=384 TexH=384
2026-08-21 01:48:07 [INFO] X=64 Y=128 Src=224,64 - 256,96 TexW=384 TexH=384
2026-08-21 01:48:07 [INFO] X=96 Y=128 Src=128,64 - 160,96 TexW=384 TexH=384
2026-08-21 01:48:07 [INFO] X=128 Y=128 Src=160,64 - 192,96 TexW=384 TexH=384
2026-08-21 01:48:07 [INFO] X=160 Y=128 Src=192,64 - 224,96 TexW=384 TexH=384
2026-08-21 01:48:07 [INFO] X=192 Y=128 Src=224,64 - 256,96 TexW=384 TexH=384
2026-08-21 01:48:07 [INFO] X=224 Y=128 Src=128,64 - 160,96 TexW=384 TexH=384
2026-08-21 01:48:07 [INFO] X=256 Y=128 Src=160,64 - 192,96 TexW=384 TexH=384
2026-08-21 01:48:07 [INFO] X=288 Y=128 Src=192,64 - 224,96 TexW=384 TexH=384
2026-08-21 01:48:07 [INFO] X=320 Y=128 Src=224,64 - 256,96 TexW=384 TexH=384
2026-08-21 01:48:07 [INFO] X=352 Y=128 Src=128,64 - 160,96 TexW=384 TexH=384
2026-08-21 01:48:07 [INFO] X=384 Y=128 Src=160,64 - 192,96 TexW=384 TexH=384
2026-08-21 01:48:07 [INFO] X=416 Y=128 Src=192,64 - 224,96 TexW=384 TexH=384
2026-08-21 01:48:07 [INFO] X=448 Y=128 Src=224,64 - 256,96 TexW=384 TexH=384
2026-08-21 01:48:07 [INFO] X=480 Y=128 Src=128,64 - 160,96 TexW=384 TexH=384
2026-08-21 01:48:07 [INFO] X=512 Y=128 Src=160,64 - 192,96 TexW=384 TexH=384
2026-08-21 01:48:07 [INFO] X=544 Y=128 Src=192,64 - 224,96 TexW=384 TexH=384
2026-08-21 01:48:07 [INFO] X=-32 Y=160 Src=128,0 - 160,32 TexW=384 TexH=384
2026-08-21 01:48:07 [INFO] X=0 Y=160 Src=160,0 - 192,32 TexW=384 TexH=384
2026-08-21 01:48:07 [INFO] X=32 Y=160 Src=192,0 - 224,32 TexW=384 TexH=384
2026-08-21 01:48:07 [INFO] X=64 Y=160 Src=224,0 - 256,32 TexW=384 TexH=384
2026-08-21 01:48:07 [INFO] X=96 Y=160 Src=128,0 - 160,32 TexW=384 TexH=384
2026-08-21 01:48:07 [INFO] X=128 Y=160 Src=160,0 - 192,32 TexW=384 TexH=384
2026-08-21 01:48:07 [INFO] X=160 Y=160 Src=192,0 - 224,32 TexW=384 TexH=384
2026-08-21 01:48:07 [INFO] X=192 Y=160 Src=224,0 - 256,32 TexW=384 TexH=384
2026-08-21 01:48:07 [INFO] X=224 Y=160 Src=128,0 - 160,32 TexW=384 TexH=384
2026-08-21 01:48:07 [INFO] X=256 Y=160 Src=160,0 - 192,32 TexW=384 TexH=384
2026-08-21 01:48:07 [INFO] X=288 Y=160 Src=192,0 - 224,32 TexW=384 TexH=384
2026-08-21 01:48:07 [INFO] X=320 Y=160 Src=224,0 - 256,32 TexW=384 TexH=384
2026-08-21 01:48:07 [INFO] X=352 Y=160 Src=128,0 - 160,32 TexW=384 TexH=384
2026-08-21 01:48:07 [INFO] X=384 Y=160 Src=160,0 - 192,32 TexW=384 TexH=384
2026-08-21 01:48:07 [INFO] X=416 Y=160 Src=192,0 - 224,32 TexW=384 TexH=384
2026-08-21 01:48:07 [INFO] X=448 Y=160 Src=224,0 - 256,32 TexW=384 TexH=384
2026-08-21 01:48:07 [INFO] X=480 Y=160 Src=128,0 - 160,32 TexW=384 TexH=384
2026-08-21 01:48:07 [INFO] X=512 Y=160 Src=160,0 - 192,32 TexW=384 TexH=384
2026-08-21 01:48:07 [INFO] X=544 Y=160 Src=192,0 - 224,32 TexW=384 TexH=384
2026-08-21 01:48:07 [INFO] X=-32 Y=192 Src=128,64 - 160,96 TexW=384 TexH=384
2026-08-21 01:48:07 [INFO] X=0 Y=192 Src=160,64 - 192,96 TexW=384 TexH=384
2026-08-21 01:48:07 [INFO] X=32 Y=192 Src=192,64 - 224,96 TexW=384 TexH=384
2026-08-21 01:48:07 [INFO] X=64 Y=192 Src=224,64 - 256,96 TexW=384 TexH=384
2026-08-21 01:48:07 [INFO] X=96 Y=192 Src=128,64 - 160,96 TexW=384 TexH=384
2026-08-21 01:48:07 [INFO] X=128 Y=192 Src=160,64 - 192,96 TexW=384 TexH=384
2026-08-21 01:48:07 [INFO] X=160 Y=192 Src=192,64 - 224,96 TexW=384 TexH=384
2026-08-21 01:48:07 [INFO] X=192 Y=192 Src=224,64 - 256,96 TexW=384 TexH=384
2026-08-21 01:48:07 [INFO] X=224 Y=192 Src=128,64 - 160,96 TexW=384 TexH=384
2026-08-21 01:48:07 [INFO] X=256 Y=192 Src=160,64 - 192,96 TexW=384 TexH=384
2026-08-21 01:48:07 [INFO] X=288 Y=192 Src=192,64 - 224,96 TexW=384 TexH=384
2026-08-21 01:48:07 [INFO] X=320 Y=192 Src=224,64 - 256,96 TexW=384 TexH=384
2026-08-21 01:48:07 [INFO] X=352 Y=192 Src=128,64 - 160,96 TexW=384 TexH=384
2026-08-21 01:48:07 [INFO] X=384 Y=192 Src=160,64 - 192,96 TexW=384 TexH=384
2026-08-21 01:48:07 [INFO] X=416 Y=192 Src=192,64 - 224,96 TexW=384 TexH=384
2026-08-21 01:48:07 [INFO] X=448 Y=192 Src=224,64 - 256,96 TexW=384 TexH=384
2026-08-21 01:48:07 [INFO] X=480 Y=192 Src=128,64 - 160,96 TexW=384 TexH=384
2026-08-21 01:48:07 [INFO] X=512 Y=192 Src=160,64 - 192,96 TexW=384 TexH=384
2026-08-21 01:48:07 [INFO] X=544 Y=192 Src=192,64 - 224,96 TexW=384 TexH=384
2026-08-21 01:48:07 [INFO] X=-304 Y=-415 Src=0,0 - 64,95 TexW=64 TexH=95
2026-08-21 01:48:07 [INFO] X=-368 Y=-576 Src=0,0 - 256,256 TexW=256 TexH=256
2026-08-21 01:48:07 [INFO] X=-182 Y=-475 Src=0,0 - 77,155 TexW=77 TexH=155
2026-08-21 01:48:07 [INFO] X=-208 Y=-576 Src=0,0 - 256,256 TexW=256 TexH=256
2026-08-21 01:48:07 [INFO] X=48 Y=-320 Src=0,0 - 128,32 TexW=128 TexH=32
2026-08-21 01:48:07 [INFO] X=176 Y=-320 Src=0,0 - 128,32 TexW=128 TexH=32
2026-08-21 01:48:07 [INFO] X=464 Y=-320 Src=0,0 - 128,32 TexW=128 TexH=32
2026-08-21 01:48:07 [INFO] X=592 Y=-320 Src=0,0 - 128,32 TexW=128 TexH=32
2026-08-21 01:48:07 [INFO] X=-176 Y=-512 Src=0,0 - 256,256 TexW=256 TexH=256
2026-08-21 01:48:07 [INFO] X=208 Y=-512 Src=0,0 - 256,256 TexW=256 TexH=256
2026-08-21 01:48:07 [INFO] X=-352 Y=-256 Src=0,0 - 32,32 TexW=64 TexH=32
2026-08-21 01:48:07 [INFO] X=835 Y=-270 Src=0,0 - 26,46 TexW=174 TexH=181
2026-08-21 01:48:07 [INFO] X=-176 Y=-448 Src=0,0 - 256,256 TexW=256 TexH=256
2026-08-21 01:48:07 [INFO] X=48 Y=-224 Src=0,0 - 128,32 TexW=128 TexH=32
2026-08-21 01:48:07 [INFO] X=176 Y=-224 Src=0,0 - 128,32 TexW=128 TexH=32
2026-08-21 01:48:07 [INFO] X=384 Y=-224 Src=608,64 - 640,96 TexW=640 TexH=742
2026-08-21 01:48:07 [INFO] X=480 Y=-224 Src=608,64 - 640,96 TexW=640 TexH=742
2026-08-21 01:48:07 [INFO] X=464 Y=-224 Src=0,0 - 128,32 TexW=128 TexH=32
2026-08-21 01:48:07 [INFO] X=592 Y=-224 Src=0,0 - 128,32 TexW=128 TexH=32
2026-08-21 01:48:07 [INFO] X=-253 Y=-206 Src=0,0 - 26,46 TexW=149 TexH=181
2026-08-21 01:48:07 [INFO] X=163 Y=-206 Src=0,0 - 26,46 TexW=149 TexH=181
2026-08-21 01:48:07 [INFO] X=168 Y=-214 Src=64,0 - 80,16 TexW=708 TexH=202
2026-08-21 01:48:07 [INFO] X=-352 Y=-160 Src=0,0 - 32,32 TexW=64 TexH=32
2026-08-21 01:48:07 [INFO] X=352 Y=-160 Src=608,64 - 640,96 TexW=640 TexH=742
2026-08-21 01:48:07 [INFO] X=480 Y=-160 Src=608,64 - 640,96 TexW=640 TexH=742
2026-08-21 01:48:07 [INFO] X=74 Y=-251 Src=0,0 - 77,155 TexW=77 TexH=155
2026-08-21 01:48:07 [INFO] X=419 Y=-142 Src=0,0 - 26,46 TexW=149 TexH=181
2026-08-21 01:48:07 [INFO] X=424 Y=-150 Src=320,0 - 336,16 TexW=708 TexH=202
2026-08-21 01:48:07 [INFO] X=448 Y=-128 Src=256,96 - 288,128 TexW=640 TexH=742
2026-08-21 01:48:07 [INFO] X=586 Y=-251 Src=0,0 - 77,155 TexW=77 TexH=155
2026-08-21 01:48:07 [INFO] X=-32 Y=-64 Src=608,64 - 640,96 TexW=640 TexH=742
2026-08-21 01:48:07 [INFO] X=448 Y=-64 Src=608,64 - 640,96 TexW=640 TexH=742
2026-08-21 01:48:07 [INFO] X=464 Y=-288 Src=0,0 - 256,256 TexW=256 TexH=256
2026-08-21 01:48:07 [INFO] X=0 Y=0 Src=608,64 - 640,96 TexW=640 TexH=742
2026-08-21 01:48:07 [INFO] X=291 Y=-14 Src=0,0 - 26,46 TexW=149 TexH=181
2026-08-21 01:48:07 [INFO] X=296 Y=-22 Src=256,48 - 272,64 TexW=708 TexH=202
2026-08-21 01:48:07 [INFO] X=736 Y=-64 Src=0,96 - 96,192 TexW=288 TexH=192
2026-08-21 01:48:07 [INFO] X=656 Y=32 Src=0,0 - 64,32 TexW=64 TexH=32
2026-08-21 01:48:07 [INFO] X=867 Y=18 Src=0,0 - 26,46 TexW=149 TexH=181
2026-08-21 01:48:07 [INFO] X=872 Y=10 Src=0,0 - 16,16 TexW=708 TexH=202
2026-08-21 01:48:07 [INFO] X=-349 Y=50 Src=0,0 - 26,46 TexW=149 TexH=181
2026-08-21 01:48:07 [INFO] X=-344 Y=42 Src=384,16 - 400,32 TexW=708 TexH=202
2026-08-21 01:48:07 [INFO] X=-285 Y=50 Src=0,0 - 26,46 TexW=149 TexH=181
2026-08-21 01:48:07 [INFO] X=-280 Y=42 Src=384,16 - 400,32 TexW=708 TexH=202
2026-08-21 01:48:07 [INFO] X=-182 Y=-59 Src=0,0 - 77,155 TexW=77 TexH=155
2026-08-21 01:48:07 [INFO] X=-61 Y=50 Src=0,0 - 26,46 TexW=149 TexH=181
2026-08-21 01:48:07 [INFO] X=-56 Y=42 Src=272,128 - 288,144 TexW=708 TexH=202
2026-08-21 01:48:07 [INFO] X=42 Y=-59 Src=0,0 - 77,155 TexW=77 TexH=155
2026-08-21 01:48:07 [INFO] X=259 Y=178 Src=0,0 - 26,46 TexW=149 TexH=181
2026-08-21 01:48:07 [INFO] X=264 Y=170 Src=128,16 - 144,32 TexW=708 TexH=202
2026-08-21 01:48:07 [INFO] X=611 Y=306 Src=0,0 - 26,46 TexW=149 TexH=181
2026-08-21 01:48:07 [INFO] X=616 Y=298 Src=256,48 - 272,64 TexW=708 TexH=202
2026-08-21 01:48:07 [INFO] X=-368 Y=128 Src=0,0 - 256,256 TexW=256 TexH=256
2026-08-21 01:48:07 [INFO] X=-240 Y=128 Src=0,0 - 256,256 TexW=256 TexH=256
2026-08-21 01:48:07 [INFO] X=-112 Y=128 Src=0,0 - 256,256 TexW=256 TexH=256
2026-08-21 01:48:07 [INFO] X=283 Y=384 Src=952,512 - 995,576 TexW=1792 TexH=640
2026-08-21 01:48:07 [INFO] X=443 Y=384 Src=952,512 - 995,576 TexW=1792 TexH=640
2026-08-21 01:48:07 [INFO] X=592 Y=192 Src=0,0 - 256,256 TexW=256 TexH=256
2026-08-21 01:48:07 [INFO] X=688 Y=192 Src=0,0 - 256,256 TexW=256 TexH=256
2026-08-21 01:48:07 [INFO] X=323 Y=448 Src=26,0 - 52,96 TexW=234 TexH=97
2026-08-21 01:48:07 [INFO] X=355 Y=498 Src=0,0 - 26,46 TexW=149 TexH=181
2026-08-21 01:48:07 [INFO] X=360 Y=490 Src=384,32 - 400,48 TexW=708 TexH=202
2026-08-21 01:48:07 [INFO] X=384 Y=512 Src=64,672 - 96,704 TexW=640 TexH=742
2026-08-21 01:48:07 [INFO] X=419 Y=448 Src=26,0 - 52,96 TexW=234 TexH=97
2026-08-21 01:48:07 [INFO] X=-368 Y=320 Src=0,0 - 256,256 TexW=256 TexH=256
2026-08-21 01:48:07 [INFO] X=688 Y=384 Src=0,0 - 256,256 TexW=256 TexH=256
2026-08-21 01:48:07 [INFO] X=-368 Y=448 Src=0,0 - 256,256 TexW=256 TexH=256
2026-08-21 01:48:07 [INFO] X=-127 Y=636 Src=30,0 - 60,68 TexW=270 TexH=68
2026-08-21 01:48:07 [INFO] X=-208 Y=448 Src=0,0 - 256,256 TexW=256 TexH=256
2026-08-21 01:48:07 [INFO] X=-285 Y=690 Src=0,0 - 26,46 TexW=149 TexH=181
2026-08-21 01:48:07 [INFO] X=-280 Y=682 Src=64,0 - 80,16 TexW=708 TexH=202
2026-08-21 01:48:07 [INFO] X=-253 Y=690 Src=0,0 - 26,46 TexW=149 TexH=181
2026-08-21 01:48:07 [INFO] X=-248 Y=682 Src=639,64 - 655,80 TexW=708 TexH=202
2026-08-21 01:48:07 [INFO] X=-221 Y=690 Src=0,0 - 26,46 TexW=149 TexH=181
2026-08-21 01:48:07 [INFO] X=-216 Y=682 Src=272,128 - 288,144 TexW=708 TexH=202
2026-08-21 01:48:07 [INFO] X=-32 Y=-32 Src=0,0 - 32,32 TexW=512 TexH=128
2026-08-21 01:48:07 [INFO] X=0 Y=-32 Src=32,0 - 64,32 TexW=512 TexH=128
2026-08-21 01:48:07 [INFO] X=32 Y=-32 Src=64,0 - 96,32 TexW=512 TexH=128
2026-08-21 01:48:07 [INFO] X=32 Y=-32 Src=512,192 - 544,224 TexW=640 TexH=742
2026-08-21 01:48:07 [INFO] X=64 Y=-32 Src=96,0 - 128,32 TexW=512 TexH=128
2026-08-21 01:48:07 [INFO] X=96 Y=-32 Src=0,0 - 32,32 TexW=512 TexH=128
2026-08-21 01:48:07 [INFO] X=128 Y=-32 Src=32,0 - 64,32 TexW=512 TexH=128
2026-08-21 01:48:07 [INFO] X=160 Y=-32 Src=64,0 - 96,32 TexW=512 TexH=128
2026-08-21 01:48:07 [INFO] X=192 Y=-32 Src=96,0 - 128,32 TexW=512 TexH=128
2026-08-21 01:48:07 [INFO] X=224 Y=-32 Src=0,0 - 32,32 TexW=512 TexH=128
2026-08-21 01:48:07 [INFO] X=256 Y=-32 Src=32,0 - 64,32 TexW=512 TexH=128
2026-08-21 01:48:07 [INFO] X=288 Y=-32 Src=64,0 - 96,32 TexW=512 TexH=128
2026-08-21 01:48:07 [INFO] X=320 Y=-32 Src=96,0 - 128,32 TexW=512 TexH=128
2026-08-21 01:48:07 [INFO] X=352 Y=-32 Src=0,0 - 32,32 TexW=512 TexH=128
2026-08-21 01:48:07 [INFO] X=384 Y=-32 Src=32,0 - 64,32 TexW=512 TexH=128
2026-08-21 01:48:07 [INFO] X=362 Y=-58 Src=0,0 - 77,58 TexW=77 TexH=58
2026-08-21 01:48:07 [INFO] X=416 Y=-32 Src=64,0 - 96,32 TexW=512 TexH=128
2026-08-21 01:48:07 [INFO] X=448 Y=-32 Src=96,0 - 128,32 TexW=512 TexH=128
2026-08-21 01:48:07 [INFO] X=480 Y=-32 Src=0,0 - 32,32 TexW=512 TexH=128
2026-08-21 01:48:07 [INFO] X=512 Y=-32 Src=32,0 - 64,32 TexW=512 TexH=128
2026-08-21 01:48:07 [INFO] X=544 Y=-32 Src=64,0 - 96,32 TexW=512 TexH=128
2026-08-21 01:48:07 [INFO] X=-32 Y=0 Src=0,64 - 32,96 TexW=512 TexH=128
2026-08-21 01:48:07 [INFO] X=0 Y=0 Src=32,64 - 64,96 TexW=512 TexH=128
2026-08-21 01:48:07 [INFO] X=32 Y=0 Src=64,64 - 96,96 TexW=512 TexH=128
2026-08-21 01:48:08 [INFO] X=64 Y=0 Src=96,64 - 128,96 TexW=512 TexH=128
2026-08-21 01:48:08 [INFO] X=96 Y=0 Src=0,64 - 32,96 TexW=512 TexH=128
2026-08-21 01:48:08 [INFO] X=128 Y=0 Src=32,64 - 64,96 TexW=512 TexH=128
2026-08-21 01:48:08 [INFO] X=160 Y=0 Src=64,64 - 96,96 TexW=512 TexH=128
2026-08-21 01:48:08 [INFO] X=192 Y=0 Src=96,64 - 128,96 TexW=512 TexH=128
2026-08-21 01:48:08 [INFO] X=224 Y=0 Src=0,64 - 32,96 TexW=512 TexH=128
2026-08-21 01:48:08 [INFO] X=256 Y=0 Src=32,64 - 64,96 TexW=512 TexH=128
2026-08-21 01:48:08 [INFO] X=288 Y=0 Src=64,64 - 96,96 TexW=512 TexH=128
2026-08-21 01:48:08 [INFO] X=320 Y=0 Src=96,64 - 128,96 TexW=512 TexH=128
2026-08-21 01:48:08 [INFO] X=352 Y=0 Src=0,64 - 32,96 TexW=512 TexH=128
2026-08-21 01:48:08 [INFO] X=384 Y=0 Src=32,64 - 64,96 TexW=512 TexH=128
2026-08-21 01:48:08 [INFO] X=416 Y=0 Src=64,64 - 96,96 TexW=512 TexH=128
2026-08-21 01:48:08 [INFO] X=448 Y=0 Src=96,64 - 128,96 TexW=512 TexH=128
2026-08-21 01:48:08 [INFO] X=480 Y=0 Src=0,64 - 32,96 TexW=512 TexH=128
2026-08-21 01:48:08 [INFO] X=512 Y=0 Src=32,64 - 64,96 TexW=512 TexH=128
2026-08-21 01:48:08 [INFO] X=544 Y=0 Src=64,64 - 96,96 TexW=512 TexH=128
2026-08-21 01:48:08 [INFO] X=-32 Y=32 Src=0,0 - 32,32 TexW=384 TexH=384
2026-08-21 01:48:08 [INFO] X=-32 Y=32 Src=128,128 - 160,160 TexW=256 TexH=384
2026-08-21 01:48:08 [INFO] X=0 Y=32 Src=32,0 - 64,32 TexW=384 TexH=384
2026-08-21 01:48:08 [INFO] X=0 Y=32 Src=160,128 - 192,160 TexW=256 TexH=384
2026-08-21 01:48:08 [INFO] X=32 Y=32 Src=64,0 - 96,32 TexW=384 TexH=384
2026-08-21 01:48:08 [INFO] X=32 Y=32 Src=128,128 - 160,160 TexW=256 TexH=384
2026-08-21 01:48:08 [INFO] X=64 Y=32 Src=96,0 - 128,32 TexW=384 TexH=384
2026-08-21 01:48:08 [INFO] X=64 Y=32 Src=160,128 - 192,160 TexW=256 TexH=384
2026-08-21 01:48:08 [INFO] X=96 Y=32 Src=0,0 - 32,32 TexW=384 TexH=384
2026-08-21 01:48:08 [INFO] X=96 Y=32 Src=128,128 - 160,160 TexW=256 TexH=384
2026-08-21 01:48:08 [INFO] X=128 Y=32 Src=32,0 - 64,32 TexW=384 TexH=384
2026-08-21 01:48:08 [INFO] X=128 Y=32 Src=160,128 - 192,160 TexW=256 TexH=384
2026-08-21 01:48:08 [INFO] X=160 Y=32 Src=64,0 - 96,32 TexW=384 TexH=384
2026-08-21 01:48:08 [INFO] X=160 Y=32 Src=128,128 - 160,160 TexW=256 TexH=384
2026-08-21 01:48:08 [INFO] X=192 Y=32 Src=96,0 - 128,32 TexW=384 TexH=384
2026-08-21 01:48:08 [INFO] X=192 Y=32 Src=160,128 - 192,160 TexW=256 TexH=384
2026-08-21 01:48:08 [INFO] X=224 Y=32 Src=0,0 - 32,32 TexW=384 TexH=384
2026-08-21 01:48:08 [INFO] X=224 Y=32 Src=128,128 - 160,160 TexW=256 TexH=384
2026-08-21 01:48:08 [INFO] X=256 Y=32 Src=32,0 - 64,32 TexW=384 TexH=384
2026-08-21 01:48:08 [INFO] X=256 Y=32 Src=160,128 - 192,160 TexW=256 TexH=384
2026-08-21 01:48:08 [INFO] X=288 Y=32 Src=64,0 - 96,32 TexW=384 TexH=384
2026-08-21 01:48:08 [INFO] X=288 Y=32 Src=128,128 - 160,160 TexW=256 TexH=384
2026-08-21 01:48:08 [INFO] X=320 Y=32 Src=96,0 - 128,32 TexW=384 TexH=384
2026-08-21 01:48:08 [INFO] X=320 Y=32 Src=160,128 - 192,160 TexW=256 TexH=384
2026-08-21 01:48:08 [INFO] X=352 Y=32 Src=0,0 - 32,32 TexW=384 TexH=384
2026-08-21 01:48:08 [INFO] X=352 Y=32 Src=128,128 - 160,160 TexW=256 TexH=384
2026-08-21 01:48:08 [INFO] X=384 Y=32 Src=32,0 - 64,32 TexW=384 TexH=384
2026-08-21 01:48:08 [INFO] X=384 Y=32 Src=160,128 - 192,160 TexW=256 TexH=384
2026-08-21 01:48:08 [INFO] X=416 Y=32 Src=64,0 - 96,32 TexW=384 TexH=384
2026-08-21 01:48:08 [INFO] X=416 Y=32 Src=128,128 - 160,160 TexW=256 TexH=384
2026-08-21 01:48:08 [INFO] X=448 Y=32 Src=96,0 - 128,32 TexW=384 TexH=384
2026-08-21 01:48:08 [INFO] X=448 Y=32 Src=160,128 - 192,160 TexW=256 TexH=384
2026-08-21 01:48:08 [INFO] X=480 Y=32 Src=0,0 - 32,32 TexW=384 TexH=384
2026-08-21 01:48:08 [INFO] X=480 Y=32 Src=128,128 - 160,160 TexW=256 TexH=384
2026-08-21 01:48:08 [INFO] X=512 Y=32 Src=32,0 - 64,32 TexW=384 TexH=384
2026-08-21 01:48:08 [INFO] X=512 Y=32 Src=160,128 - 192,160 TexW=256 TexH=384
2026-08-21 01:48:08 [INFO] X=544 Y=32 Src=64,0 - 96,32 TexW=384 TexH=384
2026-08-21 01:48:08 [INFO] X=544 Y=32 Src=128,128 - 160,160 TexW=256 TexH=384
2026-08-21 01:48:08 [INFO] X=-32 Y=64 Src=0,64 - 32,96 TexW=384 TexH=384
2026-08-21 01:48:08 [INFO] X=0 Y=64 Src=32,64 - 64,96 TexW=384 TexH=384
2026-08-21 01:48:08 [INFO] X=32 Y=64 Src=64,64 - 96,96 TexW=384 TexH=384
2026-08-21 01:48:08 [INFO] X=64 Y=64 Src=96,64 - 128,96 TexW=384 TexH=384
2026-08-21 01:48:08 [INFO] X=96 Y=64 Src=0,64 - 32,96 TexW=384 TexH=384
2026-08-21 01:48:08 [INFO] X=128 Y=64 Src=32,64 - 64,96 TexW=384 TexH=384
2026-08-21 01:48:08 [INFO] X=160 Y=64 Src=64,64 - 96,96 TexW=384 TexH=384
2026-08-21 01:48:08 [INFO] X=192 Y=64 Src=96,64 - 128,96 TexW=384 TexH=384
2026-08-21 01:48:08 [INFO] X=224 Y=64 Src=0,64 - 32,96 TexW=384 TexH=384
2026-08-21 01:48:08 [INFO] X=256 Y=64 Src=32,64 - 64,96 TexW=384 TexH=384
2026-08-21 01:48:08 [INFO] X=288 Y=64 Src=64,64 - 96,96 TexW=384 TexH=384
2026-08-21 01:48:08 [INFO] X=320 Y=64 Src=96,64 - 128,96 TexW=384 TexH=384
2026-08-21 01:48:08 [INFO] X=352 Y=64 Src=0,64 - 32,96 TexW=384 TexH=384
2026-08-21 01:48:08 [INFO] X=384 Y=64 Src=32,64 - 64,96 TexW=384 TexH=384
2026-08-21 01:48:08 [INFO] X=416 Y=64 Src=64,64 - 96,96 TexW=384 TexH=384
2026-08-21 01:48:08 [INFO] X=448 Y=64 Src=96,64 - 128,96 TexW=384 TexH=384
2026-08-21 01:48:08 [INFO] X=480 Y=64 Src=0,64 - 32,96 TexW=384 TexH=384
2026-08-21 01:48:08 [INFO] X=512 Y=64 Src=32,64 - 64,96 TexW=384 TexH=384
2026-08-21 01:48:08 [INFO] X=544 Y=64 Src=64,64 - 96,96 TexW=384 TexH=384
2026-08-21 01:48:08 [INFO] X=-32 Y=96 Src=0,0 - 32,32 TexW=384 TexH=384
2026-08-21 01:48:08 [INFO] X=0 Y=96 Src=32,0 - 64,32 TexW=384 TexH=384
2026-08-21 01:48:08 [INFO] X=32 Y=96 Src=64,0 - 96,32 TexW=384 TexH=384
2026-08-21 01:48:08 [INFO] X=64 Y=96 Src=96,0 - 128,32 TexW=384 TexH=384
2026-08-21 01:48:08 [INFO] X=96 Y=96 Src=0,0 - 32,32 TexW=384 TexH=384
2026-08-21 01:48:08 [INFO] X=128 Y=96 Src=32,0 - 64,32 TexW=384 TexH=384
2026-08-21 01:48:08 [INFO] X=160 Y=96 Src=64,0 - 96,32 TexW=384 TexH=384
2026-08-21 01:48:08 [INFO] X=192 Y=96 Src=96,0 - 128,32 TexW=384 TexH=384
2026-08-21 01:48:08 [INFO] X=224 Y=96 Src=0,0 - 32,32 TexW=384 TexH=384
2026-08-21 01:48:08 [INFO] X=256 Y=96 Src=32,0 - 64,32 TexW=384 TexH=384
2026-08-21 01:48:08 [INFO] X=288 Y=96 Src=64,0 - 96,32 TexW=384 TexH=384
2026-08-21 01:48:08 [INFO] X=320 Y=96 Src=96,0 - 128,32 TexW=384 TexH=384
2026-08-21 01:48:08 [INFO] X=352 Y=96 Src=0,0 - 32,32 TexW=384 TexH=384
2026-08-21 01:48:08 [INFO] X=384 Y=96 Src=32,0 - 64,32 TexW=384 TexH=384
2026-08-21 01:48:08 [INFO] X=416 Y=96 Src=64,0 - 96,32 TexW=384 TexH=384
2026-08-21 01:48:08 [INFO] X=448 Y=96 Src=96,0 - 128,32 TexW=384 TexH=384
2026-08-21 01:48:08 [INFO] X=480 Y=96 Src=0,0 - 32,32 TexW=384 TexH=384
2026-08-21 01:48:08 [INFO] X=512 Y=96 Src=32,0 - 64,32 TexW=384 TexH=384
2026-08-21 01:48:08 [INFO] X=544 Y=96 Src=64,0 - 96,32 TexW=384 TexH=384
2026-08-21 01:48:08 [INFO] X=-32 Y=128 Src=0,64 - 32,96 TexW=384 TexH=384
2026-08-21 01:48:08 [INFO] X=0 Y=128 Src=32,64 - 64,96 TexW=384 TexH=384
2026-08-21 01:48:08 [INFO] X=32 Y=128 Src=64,64 - 96,96 TexW=384 TexH=384
2026-08-21 01:48:08 [INFO] X=64 Y=128 Src=96,64 - 128,96 TexW=384 TexH=384
2026-08-21 01:48:08 [INFO] X=96 Y=128 Src=0,64 - 32,96 TexW=384 TexH=384
2026-08-21 01:48:08 [INFO] X=128 Y=128 Src=32,64 - 64,96 TexW=384 TexH=384
2026-08-21 01:48:08 [INFO] X=160 Y=128 Src=64,64 - 96,96 TexW=384 TexH=384
2026-08-21 01:48:08 [INFO] X=192 Y=128 Src=96,64 - 128,96 TexW=384 TexH=384
2026-08-21 01:48:08 [INFO] X=224 Y=128 Src=0,64 - 32,96 TexW=384 TexH=384
2026-08-21 01:48:08 [INFO] X=256 Y=128 Src=32,64 - 64,96 TexW=384 TexH=384
2026-08-21 01:48:08 [INFO] X=288 Y=128 Src=64,64 - 96,96 TexW=384 TexH=384
2026-08-21 01:48:08 [INFO] X=320 Y=128 Src=96,64 - 128,96 TexW=384 TexH=384
2026-08-21 01:48:08 [INFO] X=352 Y=128 Src=0,64 - 32,96 TexW=384 TexH=384
2026-08-21 01:48:08 [INFO] X=384 Y=128 Src=32,64 - 64,96 TexW=384 TexH=384
2026-08-21 01:48:08 [INFO] X=416 Y=128 Src=64,64 - 96,96 TexW=384 TexH=384
2026-08-21 01:48:08 [INFO] X=448 Y=128 Src=96,64 - 128,96 TexW=384 TexH=384
2026-08-21 01:48:08 [INFO] X=480 Y=128 Src=0,64 - 32,96 TexW=384 TexH=384
2026-08-21 01:48:08 [INFO] X=512 Y=128 Src=32,64 - 64,96 TexW=384 TexH=384
2026-08-21 01:48:08 [INFO] X=544 Y=128 Src=64,64 - 96,96 TexW=384 TexH=384
2026-08-21 01:48:08 [INFO] X=-32 Y=160 Src=0,0 - 32,32 TexW=384 TexH=384
2026-08-21 01:48:08 [INFO] X=0 Y=160 Src=32,0 - 64,32 TexW=384 TexH=384
2026-08-21 01:48:08 [INFO] X=32 Y=160 Src=64,0 - 96,32 TexW=384 TexH=384
2026-08-21 01:48:08 [INFO] X=64 Y=160 Src=96,0 - 128,32 TexW=384 TexH=384
2026-08-21 01:48:08 [INFO] X=96 Y=160 Src=0,0 - 32,32 TexW=384 TexH=384
2026-08-21 01:48:08 [INFO] X=128 Y=160 Src=32,0 - 64,32 TexW=384 TexH=384
2026-08-21 01:48:08 [INFO] X=160 Y=160 Src=64,0 - 96,32 TexW=384 TexH=384
2026-08-21 01:48:08 [INFO] X=192 Y=160 Src=96,0 - 128,32 TexW=384 TexH=384
2026-08-21 01:48:08 [INFO] X=224 Y=160 Src=0,0 - 32,32 TexW=384 TexH=384
2026-08-21 01:48:08 [INFO] X=256 Y=160 Src=32,0 - 64,32 TexW=384 TexH=384
2026-08-21 01:48:08 [INFO] X=288 Y=160 Src=64,0 - 96,32 TexW=384 TexH=384
2026-08-21 01:48:08 [INFO] X=320 Y=160 Src=96,0 - 128,32 TexW=384 TexH=384
2026-08-21 01:48:08 [INFO] X=352 Y=160 Src=0,0 - 32,32 TexW=384 TexH=384
2026-08-21 01:48:08 [INFO] X=384 Y=160 Src=32,0 - 64,32 TexW=384 TexH=384
2026-08-21 01:48:08 [INFO] X=416 Y=160 Src=64,0 - 96,32 TexW=384 TexH=384
2026-08-21 01:48:08 [INFO] X=448 Y=160 Src=96,0 - 128,32 TexW=384 TexH=384
2026-08-21 01:48:08 [INFO] X=480 Y=160 Src=0,0 - 32,32 TexW=384 TexH=384
2026-08-21 01:48:08 [INFO] X=512 Y=160 Src=32,0 - 64,32 TexW=384 TexH=384
2026-08-21 01:48:08 [INFO] X=544 Y=160 Src=64,0 - 96,32 TexW=384 TexH=384
2026-08-21 01:48:08 [INFO] X=-32 Y=192 Src=0,64 - 32,96 TexW=384 TexH=384
2026-08-21 01:48:08 [INFO] X=0 Y=192 Src=32,64 - 64,96 TexW=384 TexH=384
2026-08-21 01:48:08 [INFO] X=32 Y=192 Src=64,64 - 96,96 TexW=384 TexH=384
2026-08-21 01:48:08 [INFO] X=64 Y=192 Src=96,64 - 128,96 TexW=384 TexH=384
2026-08-21 01:48:08 [INFO] X=96 Y=192 Src=0,64 - 32,96 TexW=384 TexH=384
2026-08-21 01:48:08 [INFO] X=128 Y=192 Src=32,64 - 64,96 TexW=384 TexH=384
2026-08-21 01:48:08 [INFO] X=160 Y=192 Src=64,64 - 96,96 TexW=384 TexH=384
2026-08-21 01:48:08 [INFO] X=192 Y=192 Src=96,64 - 128,96 TexW=384 TexH=384
2026-08-21 01:48:08 [INFO] X=224 Y=192 Src=0,64 - 32,96 TexW=384 TexH=384
2026-08-21 01:48:08 [INFO] X=256 Y=192 Src=32,64 - 64,96 TexW=384 TexH=384
2026-08-21 01:48:08 [INFO] X=288 Y=192 Src=64,64 - 96,96 TexW=384 TexH=384
2026-08-21 01:48:08 [INFO] X=320 Y=192 Src=96,64 - 128,96 TexW=384 TexH=384
2026-08-21 01:48:08 [INFO] X=352 Y=192 Src=0,64 - 32,96 TexW=384 TexH=384
2026-08-21 01:48:08 [INFO] X=384 Y=192 Src=32,64 - 64,96 TexW=384 TexH=384
2026-08-21 01:48:08 [INFO] X=416 Y=192 Src=64,64 - 96,96 TexW=384 TexH=384
2026-08-21 01:48:08 [INFO] X=448 Y=192 Src=96,64 - 128,96 TexW=384 TexH=384
2026-08-21 01:48:08 [INFO] X=480 Y=192 Src=0,64 - 32,96 TexW=384 TexH=384
2026-08-21 01:48:08 [INFO] X=512 Y=192 Src=32,64 - 64,96 TexW=384 TexH=384
2026-08-21 01:48:08 [INFO] X=544 Y=192 Src=64,64 - 96,96 TexW=384 TexH=384
2026-08-21 01:48:08 [INFO] X=-304 Y=-415 Src=0,0 - 64,95 TexW=64 TexH=95
2026-08-21 01:48:08 [INFO] X=-368 Y=-576 Src=0,0 - 256,256 TexW=256 TexH=256
2026-08-21 01:48:08 [INFO] X=-182 Y=-475 Src=0,0 - 77,155 TexW=77 TexH=155
2026-08-21 01:48:08 [INFO] X=-208 Y=-576 Src=0,0 - 256,256 TexW=256 TexH=256
2026-08-21 01:48:08 [INFO] X=48 Y=-320 Src=0,0 - 128,32 TexW=128 TexH=32
2026-08-21 01:48:08 [INFO] X=176 Y=-320 Src=0,0 - 128,32 TexW=128 TexH=32
2026-08-21 01:48:08 [INFO] X=464 Y=-320 Src=0,0 - 128,32 TexW=128 TexH=32
2026-08-21 01:48:08 [INFO] X=592 Y=-320 Src=0,0 - 128,32 TexW=128 TexH=32
2026-08-21 01:48:08 [INFO] X=-176 Y=-512 Src=0,0 - 256,256 TexW=256 TexH=256
2026-08-21 01:48:08 [INFO] X=208 Y=-512 Src=0,0 - 256,256 TexW=256 TexH=256
2026-08-21 01:48:08 [INFO] X=-352 Y=-256 Src=0,0 - 32,32 TexW=64 TexH=32
2026-08-21 01:48:08 [INFO] X=835 Y=-270 Src=0,0 - 26,46 TexW=174 TexH=181
2026-08-21 01:48:08 [INFO] X=-176 Y=-448 Src=0,0 - 256,256 TexW=256 TexH=256
2026-08-21 01:48:08 [INFO] X=48 Y=-224 Src=0,0 - 128,32 TexW=128 TexH=32
2026-08-21 01:48:08 [INFO] X=176 Y=-224 Src=0,0 - 128,32 TexW=128 TexH=32
2026-08-21 01:48:08 [INFO] X=384 Y=-224 Src=608,64 - 640,96 TexW=640 TexH=742
2026-08-21 01:48:08 [INFO] X=480 Y=-224 Src=608,64 - 640,96 TexW=640 TexH=742
2026-08-21 01:48:08 [INFO] X=464 Y=-224 Src=0,0 - 128,32 TexW=128 TexH=32
2026-08-21 01:48:08 [INFO] X=592 Y=-224 Src=0,0 - 128,32 TexW=128 TexH=32
2026-08-21 01:48:08 [INFO] X=-253 Y=-206 Src=0,0 - 26,46 TexW=149 TexH=181
2026-08-21 01:48:08 [INFO] X=163 Y=-206 Src=0,0 - 26,46 TexW=149 TexH=181
2026-08-21 01:48:08 [INFO] X=168 Y=-214 Src=64,0 - 80,16 TexW=708 TexH=202
2026-08-21 01:48:08 [INFO] X=-352 Y=-160 Src=0,0 - 32,32 TexW=64 TexH=32
2026-08-21 01:48:08 [INFO] X=352 Y=-160 Src=608,64 - 640,96 TexW=640 TexH=742
2026-08-21 01:48:08 [INFO] X=480 Y=-160 Src=608,64 - 640,96 TexW=640 TexH=742
2026-08-21 01:48:08 [INFO] X=74 Y=-251 Src=0,0 - 77,155 TexW=77 TexH=155
2026-08-21 01:48:08 [INFO] X=419 Y=-142 Src=0,0 - 26,46 TexW=149 TexH=181
2026-08-21 01:48:08 [INFO] X=424 Y=-150 Src=320,0 - 336,16 TexW=708 TexH=202
2026-08-21 01:48:08 [INFO] X=448 Y=-128 Src=256,96 - 288,128 TexW=640 TexH=742
2026-08-21 01:48:08 [INFO] X=586 Y=-251 Src=0,0 - 77,155 TexW=77 TexH=155
2026-08-21 01:48:08 [INFO] X=-32 Y=-64 Src=608,64 - 640,96 TexW=640 TexH=742
2026-08-21 01:48:08 [INFO] X=448 Y=-64 Src=608,64 - 640,96 TexW=640 TexH=742
2026-08-21 01:48:08 [INFO] X=464 Y=-288 Src=0,0 - 256,256 TexW=256 TexH=256
2026-08-21 01:48:08 [INFO] X=0 Y=0 Src=608,64 - 640,96 TexW=640 TexH=742
2026-08-21 01:48:08 [INFO] X=291 Y=-14 Src=0,0 - 26,46 TexW=149 TexH=181
2026-08-21 01:48:08 [INFO] X=296 Y=-22 Src=256,48 - 272,64 TexW=708 TexH=202
2026-08-21 01:48:08 [INFO] X=736 Y=-64 Src=0,96 - 96,192 TexW=288 TexH=192
2026-08-21 01:48:08 [INFO] X=656 Y=32 Src=0,0 - 64,32 TexW=64 TexH=32
2026-08-21 01:48:08 [INFO] X=867 Y=18 Src=0,0 - 26,46 TexW=149 TexH=181
2026-08-21 01:48:08 [INFO] X=872 Y=10 Src=0,0 - 16,16 TexW=708 TexH=202
2026-08-21 01:48:08 [INFO] X=-349 Y=50 Src=0,0 - 26,46 TexW=149 TexH=181
2026-08-21 01:48:08 [INFO] X=-344 Y=42 Src=384,16 - 400,32 TexW=708 TexH=202
2026-08-21 01:48:08 [INFO] X=-285 Y=50 Src=0,0 - 26,46 TexW=149 TexH=181
2026-08-21 01:48:08 [INFO] X=-280 Y=42 Src=384,16 - 400,32 TexW=708 TexH=202
2026-08-21 01:48:08 [INFO] X=-182 Y=-59 Src=0,0 - 77,155 TexW=77 TexH=155
2026-08-21 01:48:08 [INFO] X=-61 Y=50 Src=0,0 - 26,46 TexW=149 TexH=181
2026-08-21 01:48:08 [INFO] X=-56 Y=42 Src=272,128 - 288,144 TexW=708 TexH=202
2026-08-21 01:48:08 [INFO] X=42 Y=-59 Src=0,0 - 77,155 TexW=77 TexH=155
2026-08-21 01:48:08 [INFO] X=259 Y=178 Src=0,0 - 26,46 TexW=149 TexH=181
2026-08-21 01:48:08 [INFO] X=264 Y=170 Src=128,16 - 144,32 TexW=708 TexH=202
2026-08-21 01:48:08 [INFO] X=611 Y=306 Src=0,0 - 26,46 TexW=149 TexH=181
2026-08-21 01:48:08 [INFO] X=616 Y=298 Src=256,48 - 272,64 TexW=708 TexH=202
2026-08-21 01:48:08 [INFO] X=-368 Y=128 Src=0,0 - 256,256 TexW=256 TexH=256
2026-08-21 01:48:08 [INFO] X=-240 Y=128 Src=0,0 - 256,256 TexW=256 TexH=256
2026-08-21 01:48:08 [INFO] X=-112 Y=128 Src=0,0 - 256,256 TexW=256 TexH=256
2026-08-21 01:48:08 [INFO] X=283 Y=384 Src=909,512 - 952,576 TexW=1792 TexH=640
2026-08-21 01:48:08 [INFO] X=443 Y=384 Src=909,512 - 952,576 TexW=1792 TexH=640
2026-08-21 01:48:08 [INFO] X=592 Y=192 Src=0,0 - 256,256 TexW=256 TexH=256
2026-08-21 01:48:08 [INFO] X=688 Y=192 Src=0,0 - 256,256 TexW=256 TexH=256
2026-08-21 01:48:08 [INFO] X=323 Y=448 Src=0,0 - 26,96 TexW=234 TexH=97
2026-08-21 01:48:08 [INFO] X=355 Y=498 Src=0,0 - 26,46 TexW=149 TexH=181
2026-08-21 01:48:08 [INFO] X=360 Y=490 Src=384,32 - 400,48 TexW=708 TexH=202
2026-08-21 01:48:08 [INFO] X=384 Y=512 Src=64,672 - 96,704 TexW=640 TexH=742
2026-08-21 01:48:08 [INFO] X=419 Y=448 Src=0,0 - 26,96 TexW=234 TexH=97
2026-08-21 01:48:08 [INFO] X=-368 Y=320 Src=0,0 - 256,256 TexW=256 TexH=256
2026-08-21 01:48:08 [INFO] X=688 Y=384 Src=0,0 - 256,256 TexW=256 TexH=256
2026-08-21 01:48:08 [INFO] X=-368 Y=448 Src=0,0 - 256,256 TexW=256 TexH=256
2026-08-21 01:48:08 [INFO] X=-127 Y=636 Src=0,0 - 30,68 TexW=270 TexH=68
2026-08-21 01:48:08 [INFO] X=-208 Y=448 Src=0,0 - 256,256 TexW=256 TexH=256
2026-08-21 01:48:08 [INFO] X=-285 Y=690 Src=0,0 - 26,46 TexW=149 TexH=181
2026-08-21 01:48:08 [INFO] X=-280 Y=682 Src=64,0 - 80,16 TexW=708 TexH=202
2026-08-21 01:48:08 [INFO] X=-253 Y=690 Src=0,0 - 26,46 TexW=149 TexH=181
2026-08-21 01:48:08 [INFO] X=-248 Y=682 Src=639,64 - 655,80 TexW=708 TexH=202
2026-08-21 01:48:08 [INFO] X=-221 Y=690 Src=0,0 - 26,46 TexW=149 TexH=181
2026-08-21 01:48:08 [INFO] X=-216 Y=682 Src=272,128 - 288,144 TexW=708 TexH=202
2026-08-21 01:48:08 [INFO] X=-32 Y=-32 Src=0,0 - 32,32 TexW=512 TexH=128
2026-08-21 01:48:08 [INFO] X=0 Y=-32 Src=32,0 - 64,32 TexW=512 TexH=128
2026-08-21 01:48:08 [INFO] X=32 Y=-32 Src=64,0 - 96,32 TexW=512 TexH=128
2026-08-21 01:48:08 [INFO] X=32 Y=-32 Src=512,192 - 544,224 TexW=640 TexH=742
2026-08-21 01:48:08 [INFO] X=64 Y=-32 Src=96,0 - 128,32 TexW=512 TexH=128
2026-08-21 01:48:08 [INFO] X=96 Y=-32 Src=0,0 - 32,32 TexW=512 TexH=128
2026-08-21 01:48:08 [INFO] X=128 Y=-32 Src=32,0 - 64,32 TexW=512 TexH=128
2026-08-21 01:48:08 [INFO] X=160 Y=-32 Src=64,0 - 96,32 TexW=512 TexH=128
2026-08-21 01:48:08 [INFO] X=192 Y=-32 Src=96,0 - 128,32 TexW=512 TexH=128
2026-08-21 01:48:08 [INFO] X=224 Y=-32 Src=0,0 - 32,32 TexW=512 TexH=128
2026-08-21 01:48:08 [INFO] X=256 Y=-32 Src=32,0 - 64,32 TexW=512 TexH=128
2026-08-21 01:48:08 [INFO] X=288 Y=-32 Src=64,0 - 96,32 TexW=512 TexH=128
2026-08-21 01:48:08 [INFO] X=320 Y=-32 Src=96,0 - 128,32 TexW=512 TexH=128
2026-08-21 01:48:08 [INFO] X=352 Y=-32 Src=0,0 - 32,32 TexW=512 TexH=128
2026-08-21 01:48:08 [INFO] X=384 Y=-32 Src=32,0 - 64,32 TexW=512 TexH=128
2026-08-21 01:48:08 [INFO] X=362 Y=-58 Src=0,0 - 77,58 TexW=77 TexH=58
2026-08-21 01:48:08 [INFO] X=416 Y=-32 Src=64,0 - 96,32 TexW=512 TexH=128
2026-08-21 01:48:08 [INFO] X=448 Y=-32 Src=96,0 - 128,32 TexW=512 TexH=128
2026-08-21 01:48:08 [INFO] X=480 Y=-32 Src=0,0 - 32,32 TexW=512 TexH=128
2026-08-21 01:48:08 [INFO] X=512 Y=-32 Src=32,0 - 64,32 TexW=512 TexH=128
2026-08-21 01:48:08 [INFO] X=544 Y=-32 Src=64,0 - 96,32 TexW=512 TexH=128
2026-08-21 01:48:08 [INFO] X=-32 Y=0 Src=0,64 - 32,96 TexW=512 TexH=128
2026-08-21 01:48:08 [INFO] X=0 Y=0 Src=32,64 - 64,96 TexW=512 TexH=128
2026-08-21 01:48:08 [INFO] X=32 Y=0 Src=64,64 - 96,96 TexW=512 TexH=128
2026-08-21 01:48:08 [INFO] X=64 Y=0 Src=96,64 - 128,96 TexW=512 TexH=128
2026-08-21 01:48:08 [INFO] X=96 Y=0 Src=0,64 - 32,96 TexW=512 TexH=128
2026-08-21 01:48:08 [INFO] X=128 Y=0 Src=32,64 - 64,96 TexW=512 TexH=128
2026-08-21 01:48:08 [INFO] X=160 Y=0 Src=64,64 - 96,96 TexW=512 TexH=128
2026-08-21 01:48:08 [INFO] X=192 Y=0 Src=96,64 - 128,96 TexW=512 TexH=128
2026-08-21 01:48:08 [INFO] X=224 Y=0 Src=0,64 - 32,96 TexW=512 TexH=128
2026-08-21 01:48:08 [INFO] X=256 Y=0 Src=32,64 - 64,96 TexW=512 TexH=128
2026-08-21 01:48:08 [INFO] X=288 Y=0 Src=64,64 - 96,96 TexW=512 TexH=128
2026-08-21 01:48:08 [INFO] X=320 Y=0 Src=96,64 - 128,96 TexW=512 TexH=128
2026-08-21 01:48:08 [INFO] X=352 Y=0 Src=0,64 - 32,96 TexW=512 TexH=128
2026-08-21 01:48:08 [INFO] X=384 Y=0 Src=32,64 - 64,96 TexW=512 TexH=128
2026-08-21 01:48:08 [INFO] X=416 Y=0 Src=64,64 - 96,96 TexW=512 TexH=128
2026-08-21 01:48:08 [INFO] X=448 Y=0 Src=96,64 - 128,96 TexW=512 TexH=128
2026-08-21 01:48:08 [INFO] X=480 Y=0 Src=0,64 - 32,96 TexW=512 TexH=128
2026-08-21 01:48:08 [INFO] X=512 Y=0 Src=32,64 - 64,96 TexW=512 TexH=128
2026-08-21 01:48:08 [INFO] X=544 Y=0 Src=64,64 - 96,96 TexW=512 TexH=128
2026-08-21 01:48:08 [INFO] X=-32 Y=32 Src=256,0 - 288,32 TexW=384 TexH=384
2026-08-21 01:48:08 [INFO] X=-32 Y=32 Src=128,128 - 160,160 TexW=256 TexH=384
2026-08-21 01:48:08 [INFO] X=0 Y=32 Src=288,0 - 320,32 TexW=384 TexH=384
2026-08-21 01:48:08 [INFO] X=0 Y=32 Src=160,128 - 192,160 TexW=256 TexH=384
2026-08-21 01:48:08 [INFO] X=32 Y=32 Src=320,0 - 352,32 TexW=384 TexH=384
2026-08-21 01:48:08 [INFO] X=32 Y=32 Src=128,128 - 160,160 TexW=256 TexH=384
2026-08-21 01:48:08 [INFO] X=64 Y=32 Src=352,0 - 384,32 TexW=384 TexH=384
2026-08-21 01:48:08 [INFO] X=64 Y=32 Src=160,128 - 192,160 TexW=256 TexH=384
2026-08-21 01:48:08 [INFO] X=96 Y=32 Src=256,0 - 288,32 TexW=384 TexH=384
2026-08-21 01:48:08 [INFO] X=96 Y=32 Src=128,128 - 160,160 TexW=256 TexH=384
2026-08-21 01:48:08 [INFO] X=128 Y=32 Src=288,0 - 320,32 TexW=384 TexH=384
2026-08-21 01:48:08 [INFO] X=128 Y=32 Src=160,128 - 192,160 TexW=256 TexH=384
2026-08-21 01:48:08 [INFO] X=160 Y=32 Src=320,0 - 352,32 TexW=384 TexH=384
2026-08-21 01:48:08 [INFO] X=160 Y=32 Src=128,128 - 160,160 TexW=256 TexH=384
2026-08-21 01:48:08 [INFO] X=192 Y=32 Src=352,0 - 384,32 TexW=384 TexH=384
2026-08-21 01:48:08 [INFO] X=192 Y=32 Src=160,128 - 192,160 TexW=256 TexH=384
2026-08-21 01:48:08 [INFO] X=224 Y=32 Src=256,0 - 288,32 TexW=384 TexH=384
2026-08-21 01:48:08 [INFO] X=224 Y=32 Src=128,128 - 160,160 TexW=256 TexH=384
2026-08-21 01:48:08 [INFO] X=256 Y=32 Src=288,0 - 320,32 TexW=384 TexH=384
2026-08-21 01:48:08 [INFO] X=256 Y=32 Src=160,128 - 192,160 TexW=256 TexH=384
2026-08-21 01:48:08 [INFO] X=288 Y=32 Src=320,0 - 352,32 TexW=384 TexH=384
2026-08-21 01:48:08 [INFO] X=288 Y=32 Src=128,128 - 160,160 TexW=256 TexH=384
2026-08-21 01:48:08 [INFO] X=320 Y=32 Src=352,0 - 384,32 TexW=384 TexH=384
2026-08-21 01:48:08 [INFO] X=320 Y=32 Src=160,128 - 192,160 TexW=256 TexH=384
2026-08-21 01:48:08 [INFO] X=352 Y=32 Src=256,0 - 288,32 TexW=384 TexH=384
2026-08-21 01:48:08 [INFO] X=352 Y=32 Src=128,128 - 160,160 TexW=256 TexH=384
2026-08-21 01:48:08 [INFO] X=384 Y=32 Src=288,0 - 320,32 TexW=384 TexH=384
2026-08-21 01:48:08 [INFO] X=384 Y=32 Src=160,128 - 192,160 TexW=256 TexH=384
2026-08-21 01:48:08 [INFO] X=416 Y=32 Src=320,0 - 352,32 TexW=384 TexH=384
2026-08-21 01:48:08 [INFO] X=416 Y=32 Src=128,128 - 160,160 TexW=256 TexH=384
2026-08-21 01:48:08 [INFO] X=448 Y=32 Src=352,0 - 384,32 TexW=384 TexH=384
2026-08-21 01:48:08 [INFO] X=448 Y=32 Src=160,128 - 192,160 TexW=256 TexH=384
2026-08-21 01:48:08 [INFO] X=480 Y=32 Src=256,0 - 288,32 TexW=384 TexH=384
2026-08-21 01:48:08 [INFO] X=480 Y=32 Src=128,128 - 160,160 TexW=256 TexH=384
2026-08-21 01:48:08 [INFO] X=512 Y=32 Src=288,0 - 320,32 TexW=384 TexH=384
2026-08-21 01:48:08 [INFO] X=512 Y=32 Src=160,128 - 192,160 TexW=256 TexH=384
2026-08-21 01:48:08 [INFO] X=544 Y=32 Src=320,0 - 352,32 TexW=384 TexH=384
2026-08-21 01:48:08 [INFO] X=544 Y=32 Src=128,128 - 160,160 TexW=256 TexH=384
2026-08-21 01:48:08 [INFO] X=-32 Y=64 Src=256,64 - 288,96 TexW=384 TexH=384
2026-08-21 01:48:08 [INFO] X=0 Y=64 Src=288,64 - 320,96 TexW=384 TexH=384
2026-08-21 01:48:08 [INFO] X=32 Y=64 Src=320,64 - 352,96 TexW=384 TexH=384
2026-08-21 01:48:08 [INFO] X=64 Y=64 Src=352,64 - 384,96 TexW=384 TexH=384
2026-08-21 01:48:08 [INFO] X=96 Y=64 Src=256,64 - 288,96 TexW=384 TexH=384
2026-08-21 01:48:08 [INFO] X=128 Y=64 Src=288,64 - 320,96 TexW=384 TexH=384
2026-08-21 01:48:08 [INFO] X=160 Y=64 Src=320,64 - 352,96 TexW=384 TexH=384
2026-08-21 01:48:08 [INFO] X=192 Y=64 Src=352,64 - 384,96 TexW=384 TexH=384
2026-08-21 01:48:08 [INFO] X=224 Y=64 Src=256,64 - 288,96 TexW=384 TexH=384
2026-08-21 01:48:08 [INFO] X=256 Y=64 Src=288,64 - 320,96 TexW=384 TexH=384
2026-08-21 01:48:08 [INFO] X=288 Y=64 Src=320,64 - 352,96 TexW=384 TexH=384
2026-08-21 01:48:08 [INFO] X=320 Y=64 Src=352,64 - 384,96 TexW=384 TexH=384
2026-08-21 01:48:08 [INFO] X=352 Y=64 Src=256,64 - 288,96 TexW=384 TexH=384
2026-08-21 01:48:08 [INFO] X=384 Y=64 Src=288,64 - 320,96 TexW=384 TexH=384
2026-08-21 01:48:08 [INFO] X=416 Y=64 Src=320,64 - 352,96 TexW=384 TexH=384
2026-08-21 01:48:08 [INFO] X=448 Y=64 Src=352,64 - 384,96 TexW=384 TexH=384
2026-08-21 01:48:08 [INFO] X=480 Y=64 Src=256,64 - 288,96 TexW=384 TexH=384
2026-08-21 01:48:08 [INFO] X=512 Y=64 Src=288,64 - 320,96 TexW=384 TexH=384
2026-08-21 01:48:08 [INFO] X=544 Y=64 Src=320,64 - 352,96 TexW=384 TexH=384
2026-08-21 01:48:08 [INFO] X=-32 Y=96 Src=256,0 - 288,32 TexW=384 TexH=384
2026-08-21 01:48:08 [INFO] X=0 Y=96 Src=288,0 - 320,32 TexW=384 TexH=384
2026-08-21 01:48:08 [INFO] X=32 Y=96 Src=320,0 - 352,32 TexW=384 TexH=384
2026-08-21 01:48:08 [INFO] X=64 Y=96 Src=352,0 - 384,32 TexW=384 TexH=384
2026-08-21 01:48:08 [INFO] X=96 Y=96 Src=256,0 - 288,32 TexW=384 TexH=384
2026-08-21 01:48:08 [INFO] X=128 Y=96 Src=288,0 - 320,32 TexW=384 TexH=384
2026-08-21 01:48:08 [INFO] X=160 Y=96 Src=320,0 - 352,32 TexW=384 TexH=384
2026-08-21 01:48:08 [INFO] X=192 Y=96 Src=352,0 - 384,32 TexW=384 TexH=384
2026-08-21 01:48:08 [INFO] X=224 Y=96 Src=256,0 - 288,32 TexW=384 TexH=384
2026-08-21 01:48:08 [INFO] X=256 Y=96 Src=288,0 - 320,32 TexW=384 TexH=384
2026-08-21 01:48:08 [INFO] X=288 Y=96 Src=320,0 - 352,32 TexW=384 TexH=384
2026-08-21 01:48:08 [INFO] X=320 Y=96 Src=352,0 - 384,32 TexW=384 TexH=384
2026-08-21 01:48:08 [INFO] X=352 Y=96 Src=256,0 - 288,32 TexW=384 TexH=384
2026-08-21 01:48:08 [INFO] X=384 Y=96 Src=288,0 - 320,32 TexW=384 TexH=384
2026-08-21 01:48:08 [INFO] X=416 Y=96 Src=320,0 - 352,32 TexW=384 TexH=384
2026-08-21 01:48:08 [INFO] X=448 Y=96 Src=352,0 - 384,32 TexW=384 TexH=384
2026-08-21 01:48:08 [INFO] X=480 Y=96 Src=256,0 - 288,32 TexW=384 TexH=384
2026-08-21 01:48:08 [INFO] X=512 Y=96 Src=288,0 - 320,32 TexW=384 TexH=384
2026-08-21 01:48:08 [INFO] X=544 Y=96 Src=320,0 - 352,32 TexW=384 TexH=384
2026-08-21 01:48:08 [INFO] X=-32 Y=128 Src=256,64 - 288,96 TexW=384 TexH=384
2026-08-21 01:48:08 [INFO] X=0 Y=128 Src=288,64 - 320,96 TexW=384 TexH=384
2026-08-21 01:48:08 [INFO] X=32 Y=128 Src=320,64 - 352,96 TexW=384 TexH=384
2026-08-21 01:48:08 [INFO] X=64 Y=128 Src=352,64 - 384,96 TexW=384 TexH=384
2026-08-21 01:48:08 [INFO] X=96 Y=128 Src=256,64 - 288,96 TexW=384 TexH=384
2026-08-21 01:48:08 [INFO] X=128 Y=128 Src=288,64 - 320,96 TexW=384 TexH=384
2026-08-21 01:48:08 [INFO] X=160 Y=128 Src=320,64 - 352,96 TexW=384 TexH=384
2026-08-21 01:48:08 [INFO] X=192 Y=128 Src=352,64 - 384,96 TexW=384 TexH=384
2026-08-21 01:48:08 [INFO] X=224 Y=128 Src=256,64 - 288,96 TexW=384 TexH=384
2026-08-21 01:48:08 [INFO] X=256 Y=128 Src=288,64 - 320,96 TexW=384 TexH=384
2026-08-21 01:48:08 [INFO] X=288 Y=128 Src=320,64 - 352,96 TexW=384 TexH=384
2026-08-21 01:48:08 [INFO] X=320 Y=128 Src=352,64 - 384,96 TexW=384 TexH=384
2026-08-21 01:48:08 [INFO] X=352 Y=128 Src=256,64 - 288,96 TexW=384 TexH=384
2026-08-21 01:48:08 [INFO] X=384 Y=128 Src=288,64 - 320,96 TexW=384 TexH=384
2026-08-21 01:48:08 [INFO] X=416 Y=128 Src=320,64 - 352,96 TexW=384 TexH=384
2026-08-21 01:48:08 [INFO] X=448 Y=128 Src=352,64 - 384,96 TexW=384 TexH=384
2026-08-21 01:48:09 [INFO] X=480 Y=128 Src=256,64 - 288,96 TexW=384 TexH=384
2026-08-21 01:48:09 [INFO] X=512 Y=128 Src=288,64 - 320,96 TexW=384 TexH=384
2026-08-21 01:48:09 [INFO] X=544 Y=128 Src=320,64 - 352,96 TexW=384 TexH=384
2026-08-21 01:48:09 [INFO] X=-32 Y=160 Src=256,0 - 288,32 TexW=384 TexH=384
2026-08-21 01:48:09 [INFO] X=0 Y=160 Src=288,0 - 320,32 TexW=384 TexH=384
2026-08-21 01:48:09 [INFO] X=32 Y=160 Src=320,0 - 352,32 TexW=384 TexH=384
2026-08-21 01:48:09 [INFO] X=64 Y=160 Src=352,0 - 384,32 TexW=384 TexH=384
2026-08-21 01:48:09 [INFO] X=96 Y=160 Src=256,0 - 288,32 TexW=384 TexH=384
2026-08-21 01:48:09 [INFO] X=128 Y=160 Src=288,0 - 320,32 TexW=384 TexH=384
2026-08-21 01:48:09 [INFO] X=160 Y=160 Src=320,0 - 352,32 TexW=384 TexH=384
2026-08-21 01:48:09 [INFO] X=192 Y=160 Src=352,0 - 384,32 TexW=384 TexH=384
2026-08-21 01:48:09 [INFO] X=224 Y=160 Src=256,0 - 288,32 TexW=384 TexH=384
2026-08-21 01:48:09 [INFO] X=256 Y=160 Src=288,0 - 320,32 TexW=384 TexH=384
2026-08-21 01:48:09 [INFO] X=288 Y=160 Src=320,0 - 352,32 TexW=384 TexH=384
2026-08-21 01:48:09 [INFO] X=320 Y=160 Src=352,0 - 384,32 TexW=384 TexH=384
2026-08-21 01:48:09 [INFO] X=352 Y=160 Src=256,0 - 288,32 TexW=384 TexH=384
2026-08-21 01:48:09 [INFO] X=384 Y=160 Src=288,0 - 320,32 TexW=384 TexH=384
2026-08-21 01:48:09 [INFO] X=416 Y=160 Src=320,0 - 352,32 TexW=384 TexH=384
2026-08-21 01:48:09 [INFO] X=448 Y=160 Src=352,0 - 384,32 TexW=384 TexH=384
2026-08-21 01:48:09 [INFO] X=480 Y=160 Src=256,0 - 288,32 TexW=384 TexH=384
2026-08-21 01:48:09 [INFO] X=512 Y=160 Src=288,0 - 320,32 TexW=384 TexH=384
2026-08-21 01:48:09 [INFO] X=544 Y=160 Src=320,0 - 352,32 TexW=384 TexH=384
2026-08-21 01:48:09 [INFO] X=-32 Y=192 Src=256,64 - 288,96 TexW=384 TexH=384
2026-08-21 01:48:09 [INFO] X=0 Y=192 Src=288,64 - 320,96 TexW=384 TexH=384
2026-08-21 01:48:09 [INFO] X=32 Y=192 Src=320,64 - 352,96 TexW=384 TexH=384
2026-08-21 01:48:09 [INFO] X=64 Y=192 Src=352,64 - 384,96 TexW=384 TexH=384
2026-08-21 01:48:09 [INFO] X=96 Y=192 Src=256,64 - 288,96 TexW=384 TexH=384
2026-08-21 01:48:09 [INFO] X=128 Y=192 Src=288,64 - 320,96 TexW=384 TexH=384
2026-08-21 01:48:09 [INFO] X=160 Y=192 Src=320,64 - 352,96 TexW=384 TexH=384
2026-08-21 01:48:09 [INFO] X=192 Y=192 Src=352,64 - 384,96 TexW=384 TexH=384
2026-08-21 01:48:09 [INFO] X=224 Y=192 Src=256,64 - 288,96 TexW=384 TexH=384
2026-08-21 01:48:09 [INFO] X=256 Y=192 Src=288,64 - 320,96 TexW=384 TexH=384
2026-08-21 01:48:09 [INFO] X=288 Y=192 Src=320,64 - 352,96 TexW=384 TexH=384
2026-08-21 01:48:09 [INFO] X=320 Y=192 Src=352,64 - 384,96 TexW=384 TexH=384
2026-08-21 01:48:09 [INFO] X=352 Y=192 Src=256,64 - 288,96 TexW=384 TexH=384
2026-08-21 01:48:09 [INFO] X=384 Y=192 Src=288,64 - 320,96 TexW=384 TexH=384
2026-08-21 01:48:09 [INFO] X=416 Y=192 Src=320,64 - 352,96 TexW=384 TexH=384
2026-08-21 01:48:09 [INFO] X=448 Y=192 Src=352,64 - 384,96 TexW=384 TexH=384
2026-08-21 01:48:09 [INFO] X=480 Y=192 Src=256,64 - 288,96 TexW=384 TexH=384
2026-08-21 01:48:09 [INFO] X=512 Y=192 Src=288,64 - 320,96 TexW=384 TexH=384
2026-08-21 01:48:09 [INFO] X=544 Y=192 Src=320,64 - 352,96 TexW=384 TexH=384
2026-08-21 01:48:09 [INFO] X=-304 Y=-415 Src=0,0 - 64,95 TexW=64 TexH=95
2026-08-21 01:48:09 [INFO] X=-368 Y=-576 Src=0,0 - 256,256 TexW=256 TexH=256
2026-08-21 01:48:09 [INFO] X=-182 Y=-475 Src=0,0 - 77,155 TexW=77 TexH=155
2026-08-21 01:48:09 [INFO] X=-208 Y=-576 Src=0,0 - 256,256 TexW=256 TexH=256
2026-08-21 01:48:09 [INFO] X=48 Y=-320 Src=0,0 - 128,32 TexW=128 TexH=32
2026-08-21 01:48:09 [INFO] X=176 Y=-320 Src=0,0 - 128,32 TexW=128 TexH=32
2026-08-21 01:48:09 [INFO] X=464 Y=-320 Src=0,0 - 128,32 TexW=128 TexH=32
2026-08-21 01:48:09 [INFO] X=592 Y=-320 Src=0,0 - 128,32 TexW=128 TexH=32
2026-08-21 01:48:09 [INFO] X=-176 Y=-512 Src=0,0 - 256,256 TexW=256 TexH=256
2026-08-21 01:48:09 [INFO] X=208 Y=-512 Src=0,0 - 256,256 TexW=256 TexH=256
2026-08-21 01:48:09 [INFO] X=-352 Y=-256 Src=0,0 - 32,32 TexW=64 TexH=32
2026-08-21 01:48:09 [INFO] X=835 Y=-270 Src=0,0 - 26,46 TexW=174 TexH=181
2026-08-21 01:48:09 [INFO] X=-176 Y=-448 Src=0,0 - 256,256 TexW=256 TexH=256
2026-08-21 01:48:09 [INFO] X=48 Y=-224 Src=0,0 - 128,32 TexW=128 TexH=32
2026-08-21 01:48:09 [INFO] X=176 Y=-224 Src=0,0 - 128,32 TexW=128 TexH=32
2026-08-21 01:48:09 [INFO] X=384 Y=-224 Src=608,64 - 640,96 TexW=640 TexH=742
2026-08-21 01:48:09 [INFO] X=480 Y=-224 Src=608,64 - 640,96 TexW=640 TexH=742
2026-08-21 01:48:09 [INFO] X=464 Y=-224 Src=0,0 - 128,32 TexW=128 TexH=32
2026-08-21 01:48:09 [INFO] X=592 Y=-224 Src=0,0 - 128,32 TexW=128 TexH=32
2026-08-21 01:48:09 [INFO] X=-253 Y=-206 Src=0,0 - 26,46 TexW=149 TexH=181
2026-08-21 01:48:09 [INFO] X=163 Y=-206 Src=0,0 - 26,46 TexW=149 TexH=181
2026-08-21 01:48:09 [INFO] X=168 Y=-214 Src=64,0 - 80,16 TexW=708 TexH=202
2026-08-21 01:48:09 [INFO] X=-352 Y=-160 Src=0,0 - 32,32 TexW=64 TexH=32
2026-08-21 01:48:09 [INFO] X=352 Y=-160 Src=608,64 - 640,96 TexW=640 TexH=742
2026-08-21 01:48:09 [INFO] X=480 Y=-160 Src=608,64 - 640,96 TexW=640 TexH=742
2026-08-21 01:48:09 [INFO] X=74 Y=-251 Src=0,0 - 77,155 TexW=77 TexH=155
2026-08-21 01:48:09 [INFO] X=419 Y=-142 Src=0,0 - 26,46 TexW=149 TexH=181
2026-08-21 01:48:09 [INFO] X=424 Y=-150 Src=320,0 - 336,16 TexW=708 TexH=202
2026-08-21 01:48:09 [INFO] X=448 Y=-128 Src=256,96 - 288,128 TexW=640 TexH=742
2026-08-21 01:48:09 [INFO] X=586 Y=-251 Src=0,0 - 77,155 TexW=77 TexH=155
2026-08-21 01:48:09 [INFO] X=-32 Y=-64 Src=608,64 - 640,96 TexW=640 TexH=742
2026-08-21 01:48:09 [INFO] X=448 Y=-64 Src=608,64 - 640,96 TexW=640 TexH=742
2026-08-21 01:48:09 [INFO] X=464 Y=-288 Src=0,0 - 256,256 TexW=256 TexH=256
2026-08-21 01:48:09 [INFO] X=0 Y=0 Src=608,64 - 640,96 TexW=640 TexH=742
2026-08-21 01:48:09 [INFO] X=291 Y=-14 Src=0,0 - 26,46 TexW=149 TexH=181
2026-08-21 01:48:09 [INFO] X=296 Y=-22 Src=256,48 - 272,64 TexW=708 TexH=202
2026-08-21 01:48:09 [INFO] X=736 Y=-64 Src=0,96 - 96,192 TexW=288 TexH=192
2026-08-21 01:48:09 [INFO] X=656 Y=32 Src=0,0 - 64,32 TexW=64 TexH=32
2026-08-21 01:48:09 [INFO] X=867 Y=18 Src=0,0 - 26,46 TexW=149 TexH=181
2026-08-21 01:48:09 [INFO] X=872 Y=10 Src=0,0 - 16,16 TexW=708 TexH=202
2026-08-21 01:48:09 [INFO] X=-349 Y=50 Src=0,0 - 26,46 TexW=149 TexH=181
2026-08-21 01:48:09 [INFO] X=-344 Y=42 Src=384,16 - 400,32 TexW=708 TexH=202
2026-08-21 01:48:09 [INFO] X=-285 Y=50 Src=0,0 - 26,46 TexW=149 TexH=181
2026-08-21 01:48:09 [INFO] X=-280 Y=42 Src=384,16 - 400,32 TexW=708 TexH=202
2026-08-21 01:48:09 [INFO] X=-182 Y=-59 Src=0,0 - 77,155 TexW=77 TexH=155
2026-08-21 01:48:09 [INFO] X=-61 Y=50 Src=0,0 - 26,46 TexW=149 TexH=181
2026-08-21 01:48:09 [INFO] X=-56 Y=42 Src=272,128 - 288,144 TexW=708 TexH=202
2026-08-21 01:48:09 [INFO] X=42 Y=-59 Src=0,0 - 77,155 TexW=77 TexH=155
2026-08-21 01:48:09 [INFO] X=259 Y=178 Src=0,0 - 26,46 TexW=149 TexH=181
2026-08-21 01:48:09 [INFO] X=264 Y=170 Src=128,16 - 144,32 TexW=708 TexH=202
2026-08-21 01:48:09 [INFO] X=611 Y=306 Src=0,0 - 26,46 TexW=149 TexH=181
2026-08-21 01:48:09 [INFO] X=616 Y=298 Src=256,48 - 272,64 TexW=708 TexH=202
2026-08-21 01:48:09 [INFO] X=-368 Y=128 Src=0,0 - 256,256 TexW=256 TexH=256
2026-08-21 01:48:09 [INFO] X=-240 Y=128 Src=0,0 - 256,256 TexW=256 TexH=256
2026-08-21 01:48:09 [INFO] X=-112 Y=128 Src=0,0 - 256,256 TexW=256 TexH=256
2026-08-21 01:48:09 [INFO] X=283 Y=384 Src=780,512 - 823,576 TexW=1792 TexH=640
2026-08-21 01:48:09 [INFO] X=443 Y=384 Src=780,512 - 823,576 TexW=1792 TexH=640
2026-08-21 01:48:09 [INFO] X=592 Y=192 Src=0,0 - 256,256 TexW=256 TexH=256
2026-08-21 01:48:09 [INFO] X=688 Y=192 Src=0,0 - 256,256 TexW=256 TexH=256
2026-08-21 01:48:09 [INFO] X=323 Y=448 Src=156,0 - 182,96 TexW=234 TexH=97
2026-08-21 01:48:09 [INFO] X=355 Y=498 Src=0,0 - 26,46 TexW=149 TexH=181
2026-08-21 01:48:09 [INFO] X=360 Y=490 Src=384,32 - 400,48 TexW=708 TexH=202
2026-08-21 01:48:09 [INFO] X=384 Y=512 Src=64,672 - 96,704 TexW=640 TexH=742
2026-08-21 01:48:09 [INFO] X=419 Y=448 Src=156,0 - 182,96 TexW=234 TexH=97
2026-08-21 01:48:09 [INFO] X=-368 Y=320 Src=0,0 - 256,256 TexW=256 TexH=256
2026-08-21 01:48:09 [INFO] X=688 Y=384 Src=0,0 - 256,256 TexW=256 TexH=256
2026-08-21 01:48:09 [INFO] X=-368 Y=448 Src=0,0 - 256,256 TexW=256 TexH=256
2026-08-21 01:48:09 [INFO] X=-127 Y=636 Src=180,0 - 210,68 TexW=270 TexH=68
2026-08-21 01:48:09 [INFO] X=-208 Y=448 Src=0,0 - 256,256 TexW=256 TexH=256
2026-08-21 01:48:09 [INFO] X=-285 Y=690 Src=0,0 - 26,46 TexW=149 TexH=181
2026-08-21 01:48:09 [INFO] X=-280 Y=682 Src=64,0 - 80,16 TexW=708 TexH=202
2026-08-21 01:48:09 [INFO] X=-253 Y=690 Src=0,0 - 26,46 TexW=149 TexH=181
2026-08-21 01:48:09 [INFO] X=-248 Y=682 Src=639,64 - 655,80 TexW=708 TexH=202
2026-08-21 01:48:09 [INFO] X=-221 Y=690 Src=0,0 - 26,46 TexW=149 TexH=181
2026-08-21 01:48:09 [INFO] X=-216 Y=682 Src=272,128 - 288,144 TexW=708 TexH=202
2026-08-21 01:48:09 [INFO] X=-32 Y=-32 Src=0,0 - 32,32 TexW=512 TexH=128
2026-08-21 01:48:09 [INFO] X=0 Y=-32 Src=32,0 - 64,32 TexW=512 TexH=128
2026-08-21 01:48:09 [INFO] X=32 Y=-32 Src=64,0 - 96,32 TexW=512 TexH=128
2026-08-21 01:48:09 [INFO] X=32 Y=-32 Src=512,192 - 544,224 TexW=640 TexH=742
2026-08-21 01:48:09 [INFO] X=64 Y=-32 Src=96,0 - 128,32 TexW=512 TexH=128
2026-08-21 01:48:09 [INFO] X=96 Y=-32 Src=0,0 - 32,32 TexW=512 TexH=128
2026-08-21 01:48:09 [INFO] X=128 Y=-32 Src=32,0 - 64,32 TexW=512 TexH=128
2026-08-21 01:48:09 [INFO] X=160 Y=-32 Src=64,0 - 96,32 TexW=512 TexH=128
2026-08-21 01:48:09 [INFO] X=192 Y=-32 Src=96,0 - 128,32 TexW=512 TexH=128
2026-08-21 01:48:09 [INFO] X=224 Y=-32 Src=0,0 - 32,32 TexW=512 TexH=128
2026-08-21 01:48:09 [INFO] X=256 Y=-32 Src=32,0 - 64,32 TexW=512 TexH=128
2026-08-21 01:48:09 [INFO] X=288 Y=-32 Src=64,0 - 96,32 TexW=512 TexH=128
2026-08-21 01:48:09 [INFO] X=320 Y=-32 Src=96,0 - 128,32 TexW=512 TexH=128
2026-08-21 01:48:09 [INFO] X=352 Y=-32 Src=0,0 - 32,32 TexW=512 TexH=128
2026-08-21 01:48:09 [INFO] X=384 Y=-32 Src=32,0 - 64,32 TexW=512 TexH=128
2026-08-21 01:48:09 [INFO] X=362 Y=-58 Src=0,0 - 77,58 TexW=77 TexH=58
2026-08-21 01:48:09 [INFO] X=416 Y=-32 Src=64,0 - 96,32 TexW=512 TexH=128
2026-08-21 01:48:09 [INFO] X=448 Y=-32 Src=96,0 - 128,32 TexW=512 TexH=128
2026-08-21 01:48:09 [INFO] X=480 Y=-32 Src=0,0 - 32,32 TexW=512 TexH=128
2026-08-21 01:48:09 [INFO] X=512 Y=-32 Src=32,0 - 64,32 TexW=512 TexH=128
2026-08-21 01:48:09 [INFO] X=544 Y=-32 Src=64,0 - 96,32 TexW=512 TexH=128
2026-08-21 01:48:09 [INFO] X=-32 Y=0 Src=0,64 - 32,96 TexW=512 TexH=128
2026-08-21 01:48:09 [INFO] X=0 Y=0 Src=32,64 - 64,96 TexW=512 TexH=128
2026-08-21 01:48:09 [INFO] X=32 Y=0 Src=64,64 - 96,96 TexW=512 TexH=128
2026-08-21 01:48:09 [INFO] X=64 Y=0 Src=96,64 - 128,96 TexW=512 TexH=128
2026-08-21 01:48:09 [INFO] X=96 Y=0 Src=0,64 - 32,96 TexW=512 TexH=128
2026-08-21 01:48:09 [INFO] X=128 Y=0 Src=32,64 - 64,96 TexW=512 TexH=128
2026-08-21 01:48:09 [INFO] X=160 Y=0 Src=64,64 - 96,96 TexW=512 TexH=128
2026-08-21 01:48:09 [INFO] X=192 Y=0 Src=96,64 - 128,96 TexW=512 TexH=128
2026-08-21 01:48:09 [INFO] X=224 Y=0 Src=0,64 - 32,96 TexW=512 TexH=128
2026-08-21 01:48:09 [INFO] X=256 Y=0 Src=32,64 - 64,96 TexW=512 TexH=128
2026-08-21 01:48:09 [INFO] X=288 Y=0 Src=64,64 - 96,96 TexW=512 TexH=128
2026-08-21 01:48:09 [INFO] X=320 Y=0 Src=96,64 - 128,96 TexW=512 TexH=128
2026-08-21 01:48:09 [INFO] X=352 Y=0 Src=0,64 - 32,96 TexW=512 TexH=128
2026-08-21 01:48:09 [INFO] X=384 Y=0 Src=32,64 - 64,96 TexW=512 TexH=128
2026-08-21 01:48:09 [INFO] X=416 Y=0 Src=64,64 - 96,96 TexW=512 TexH=128
2026-08-21 01:48:09 [INFO] X=448 Y=0 Src=96,64 - 128,96 TexW=512 TexH=128
2026-08-21 01:48:09 [INFO] X=480 Y=0 Src=0,64 - 32,96 TexW=512 TexH=128
2026-08-21 01:48:09 [INFO] X=512 Y=0 Src=32,64 - 64,96 TexW=512 TexH=128
2026-08-21 01:48:09 [INFO] X=544 Y=0 Src=64,64 - 96,96 TexW=512 TexH=128
2026-08-21 01:48:09 [INFO] X=-32 Y=32 Src=256,0 - 288,32 TexW=384 TexH=384
2026-08-21 01:48:09 [INFO] X=-32 Y=32 Src=128,128 - 160,160 TexW=256 TexH=384
2026-08-21 01:48:09 [INFO] X=0 Y=32 Src=288,0 - 320,32 TexW=384 TexH=384
2026-08-21 01:48:09 [INFO] X=0 Y=32 Src=160,128 - 192,160 TexW=256 TexH=384
2026-08-21 01:48:09 [INFO] X=32 Y=32 Src=320,0 - 352,32 TexW=384 TexH=384
2026-08-21 01:48:09 [INFO] X=32 Y=32 Src=128,128 - 160,160 TexW=256 TexH=384
2026-08-21 01:48:09 [INFO] X=64 Y=32 Src=352,0 - 384,32 TexW=384 TexH=384
2026-08-21 01:48:09 [INFO] X=64 Y=32 Src=160,128 - 192,160 TexW=256 TexH=384
2026-08-21 01:48:09 [INFO] X=96 Y=32 Src=256,0 - 288,32 TexW=384 TexH=384
2026-08-21 01:48:09 [INFO] X=96 Y=32 Src=128,128 - 160,160 TexW=256 TexH=384
2026-08-21 01:48:09 [INFO] X=128 Y=32 Src=288,0 - 320,32 TexW=384 TexH=384
2026-08-21 01:48:09 [INFO] X=128 Y=32 Src=160,128 - 192,160 TexW=256 TexH=384
2026-08-21 01:48:09 [INFO] X=160 Y=32 Src=320,0 - 352,32 TexW=384 TexH=384
2026-08-21 01:48:09 [INFO] X=160 Y=32 Src=128,128 - 160,160 TexW=256 TexH=384
2026-08-21 01:48:09 [INFO] X=192 Y=32 Src=352,0 - 384,32 TexW=384 TexH=384
2026-08-21 01:48:09 [INFO] X=192 Y=32 Src=160,128 - 192,160 TexW=256 TexH=384
2026-08-21 01:48:09 [INFO] X=224 Y=32 Src=256,0 - 288,32 TexW=384 TexH=384
2026-08-21 01:48:09 [INFO] X=224 Y=32 Src=128,128 - 160,160 TexW=256 TexH=384
2026-08-21 01:48:09 [INFO] X=256 Y=32 Src=288,0 - 320,32 TexW=384 TexH=384
2026-08-21 01:48:09 [INFO] X=256 Y=32 Src=160,128 - 192,160 TexW=256 TexH=384
2026-08-21 01:48:09 [INFO] X=288 Y=32 Src=320,0 - 352,32 TexW=384 TexH=384
2026-08-21 01:48:09 [INFO] X=288 Y=32 Src=128,128 - 160,160 TexW=256 TexH=384
2026-08-21 01:48:09 [INFO] X=320 Y=32 Src=352,0 - 384,32 TexW=384 TexH=384
2026-08-21 01:48:09 [INFO] X=320 Y=32 Src=160,128 - 192,160 TexW=256 TexH=384
2026-08-21 01:48:09 [INFO] X=352 Y=32 Src=256,0 - 288,32 TexW=384 TexH=384
2026-08-21 01:48:09 [INFO] X=352 Y=32 Src=128,128 - 160,160 TexW=256 TexH=384
2026-08-21 01:48:09 [INFO] X=384 Y=32 Src=288,0 - 320,32 TexW=384 TexH=384
2026-08-21 01:48:09 [INFO] X=384 Y=32 Src=160,128 - 192,160 TexW=256 TexH=384
2026-08-21 01:48:09 [INFO] X=416 Y=32 Src=320,0 - 352,32 TexW=384 TexH=384
2026-08-21 01:48:09 [INFO] X=416 Y=32 Src=128,128 - 160,160 TexW=256 TexH=384
2026-08-21 01:48:09 [INFO] X=448 Y=32 Src=352,0 - 384,32 TexW=384 TexH=384
2026-08-21 01:48:09 [INFO] X=448 Y=32 Src=160,128 - 192,160 TexW=256 TexH=384
2026-08-21 01:48:09 [INFO] X=480 Y=32 Src=256,0 - 288,32 TexW=384 TexH=384
2026-08-21 01:48:09 [INFO] X=480 Y=32 Src=128,128 - 160,160 TexW=256 TexH=384
2026-08-21 01:48:09 [INFO] X=512 Y=32 Src=288,0 - 320,32 TexW=384 TexH=384
2026-08-21 01:48:09 [INFO] X=512 Y=32 Src=160,128 - 192,160 TexW=256 TexH=384
2026-08-21 01:48:09 [INFO] X=544 Y=32 Src=320,0 - 352,32 TexW=384 TexH=384
2026-08-21 01:48:09 [INFO] X=544 Y=32 Src=128,128 - 160,160 TexW=256 TexH=384
2026-08-21 01:48:09 [INFO] X=-32 Y=64 Src=256,64 - 288,96 TexW=384 TexH=384
2026-08-21 01:48:09 [INFO] X=0 Y=64 Src=288,64 - 320,96 TexW=384 TexH=384
2026-08-21 01:48:09 [INFO] X=32 Y=64 Src=320,64 - 352,96 TexW=384 TexH=384
2026-08-21 01:48:09 [INFO] X=64 Y=64 Src=352,64 - 384,96 TexW=384 TexH=384
2026-08-21 01:48:09 [INFO] X=96 Y=64 Src=256,64 - 288,96 TexW=384 TexH=384
2026-08-21 01:48:09 [INFO] X=128 Y=64 Src=288,64 - 320,96 TexW=384 TexH=384
2026-08-21 01:48:09 [INFO] X=160 Y=64 Src=320,64 - 352,96 TexW=384 TexH=384
2026-08-21 01:48:09 [INFO] X=192 Y=64 Src=352,64 - 384,96 TexW=384 TexH=384
2026-08-21 01:48:09 [INFO] X=224 Y=64 Src=256,64 - 288,96 TexW=384 TexH=384
2026-08-21 01:48:09 [INFO] X=256 Y=64 Src=288,64 - 320,96 TexW=384 TexH=384
2026-08-21 01:48:09 [INFO] X=288 Y=64 Src=320,64 - 352,96 TexW=384 TexH=384
2026-08-21 01:48:09 [INFO] X=320 Y=64 Src=352,64 - 384,96 TexW=384 TexH=384
2026-08-21 01:48:09 [INFO] X=352 Y=64 Src=256,64 - 288,96 TexW=384 TexH=384
2026-08-21 01:48:09 [INFO] X=384 Y=64 Src=288,64 - 320,96 TexW=384 TexH=384
2026-08-21 01:48:09 [INFO] X=416 Y=64 Src=320,64 - 352,96 TexW=384 TexH=384
2026-08-21 01:48:09 [INFO] X=448 Y=64 Src=352,64 - 384,96 TexW=384 TexH=384
2026-08-21 01:48:09 [INFO] X=480 Y=64 Src=256,64 - 288,96 TexW=384 TexH=384
2026-08-21 01:48:09 [INFO] X=512 Y=64 Src=288,64 - 320,96 TexW=384 TexH=384
2026-08-21 01:48:09 [INFO] X=544 Y=64 Src=320,64 - 352,96 TexW=384 TexH=384
2026-08-21 01:48:09 [INFO] X=-32 Y=96 Src=256,0 - 288,32 TexW=384 TexH=384
2026-08-21 01:48:09 [INFO] X=0 Y=96 Src=288,0 - 320,32 TexW=384 TexH=384
2026-08-21 01:48:09 [INFO] X=32 Y=96 Src=320,0 - 352,32 TexW=384 TexH=384
2026-08-21 01:48:09 [INFO] X=64 Y=96 Src=352,0 - 384,32 TexW=384 TexH=384
2026-08-21 01:48:09 [INFO] X=96 Y=96 Src=256,0 - 288,32 TexW=384 TexH=384
2026-08-21 01:48:09 [INFO] X=128 Y=96 Src=288,0 - 320,32 TexW=384 TexH=384
2026-08-21 01:48:09 [INFO] X=160 Y=96 Src=320,0 - 352,32 TexW=384 TexH=384
2026-08-21 01:48:09 [INFO] X=192 Y=96 Src=352,0 - 384,32 TexW=384 TexH=384
2026-08-21 01:48:09 [INFO] X=224 Y=96 Src=256,0 - 288,32 TexW=384 TexH=384
2026-08-21 01:48:09 [INFO] X=256 Y=96 Src=288,0 - 320,32 TexW=384 TexH=384
2026-08-21 01:48:09 [INFO] X=288 Y=96 Src=320,0 - 352,32 TexW=384 TexH=384
2026-08-21 01:48:09 [INFO] X=320 Y=96 Src=352,0 - 384,32 TexW=384 TexH=384
2026-08-21 01:48:09 [INFO] X=352 Y=96 Src=256,0 - 288,32 TexW=384 TexH=384
2026-08-21 01:48:09 [INFO] X=384 Y=96 Src=288,0 - 320,32 TexW=384 TexH=384
2026-08-21 01:48:09 [INFO] X=416 Y=96 Src=320,0 - 352,32 TexW=384 TexH=384
2026-08-21 01:48:09 [INFO] X=448 Y=96 Src=352,0 - 384,32 TexW=384 TexH=384
2026-08-21 01:48:09 [INFO] X=480 Y=96 Src=256,0 - 288,32 TexW=384 TexH=384
2026-08-21 01:48:09 [INFO] X=512 Y=96 Src=288,0 - 320,32 TexW=384 TexH=384
2026-08-21 01:48:09 [INFO] X=544 Y=96 Src=320,0 - 352,32 TexW=384 TexH=384
2026-08-21 01:48:09 [INFO] X=-32 Y=128 Src=256,64 - 288,96 TexW=384 TexH=384
2026-08-21 01:48:09 [INFO] X=0 Y=128 Src=288,64 - 320,96 TexW=384 TexH=384
2026-08-21 01:48:09 [INFO] X=32 Y=128 Src=320,64 - 352,96 TexW=384 TexH=384
2026-08-21 01:48:09 [INFO] X=64 Y=128 Src=352,64 - 384,96 TexW=384 TexH=384
2026-08-21 01:48:09 [INFO] X=96 Y=128 Src=256,64 - 288,96 TexW=384 TexH=384
2026-08-21 01:48:09 [INFO] X=128 Y=128 Src=288,64 - 320,96 TexW=384 TexH=384
2026-08-21 01:48:09 [INFO] X=160 Y=128 Src=320,64 - 352,96 TexW=384 TexH=384
2026-08-21 01:48:09 [INFO] X=192 Y=128 Src=352,64 - 384,96 TexW=384 TexH=384
2026-08-21 01:48:09 [INFO] X=224 Y=128 Src=256,64 - 288,96 TexW=384 TexH=384
2026-08-21 01:48:09 [INFO] X=256 Y=128 Src=288,64 - 320,96 TexW=384 TexH=384
2026-08-21 01:48:09 [INFO] X=288 Y=128 Src=320,64 - 352,96 TexW=384 TexH=384
2026-08-21 01:48:09 [INFO] X=320 Y=128 Src=352,64 - 384,96 TexW=384 TexH=384
2026-08-21 01:48:09 [INFO] X=352 Y=128 Src=256,64 - 288,96 TexW=384 TexH=384
2026-08-21 01:48:09 [INFO] X=384 Y=128 Src=288,64 - 320,96 TexW=384 TexH=384
2026-08-21 01:48:09 [INFO] X=416 Y=128 Src=320,64 - 352,96 TexW=384 TexH=384
2026-08-21 01:48:09 [INFO] X=448 Y=128 Src=352,64 - 384,96 TexW=384 TexH=384
2026-08-21 01:48:09 [INFO] X=480 Y=128 Src=256,64 - 288,96 TexW=384 TexH=384
2026-08-21 01:48:09 [INFO] X=512 Y=128 Src=288,64 - 320,96 TexW=384 TexH=384
2026-08-21 01:48:09 [INFO] X=544 Y=128 Src=320,64 - 352,96 TexW=384 TexH=384
2026-08-21 01:48:09 [INFO] X=-32 Y=160 Src=256,0 - 288,32 TexW=384 TexH=384
2026-08-21 01:48:09 [INFO] X=0 Y=160 Src=288,0 - 320,32 TexW=384 TexH=384
2026-08-21 01:48:09 [INFO] X=32 Y=160 Src=320,0 - 352,32 TexW=384 TexH=384
2026-08-21 01:48:09 [INFO] X=64 Y=160 Src=352,0 - 384,32 TexW=384 TexH=384
2026-08-21 01:48:09 [INFO] X=96 Y=160 Src=256,0 - 288,32 TexW=384 TexH=384
2026-08-21 01:48:09 [INFO] X=128 Y=160 Src=288,0 - 320,32 TexW=384 TexH=384
2026-08-21 01:48:09 [INFO] X=160 Y=160 Src=320,0 - 352,32 TexW=384 TexH=384
2026-08-21 01:48:09 [INFO] X=192 Y=160 Src=352,0 - 384,32 TexW=384 TexH=384
2026-08-21 01:48:09 [INFO] X=224 Y=160 Src=256,0 - 288,32 TexW=384 TexH=384
2026-08-21 01:48:09 [INFO] X=256 Y=160 Src=288,0 - 320,32 TexW=384 TexH=384
2026-08-21 01:48:09 [INFO] X=288 Y=160 Src=320,0 - 352,32 TexW=384 TexH=384
2026-08-21 01:48:09 [INFO] X=320 Y=160 Src=352,0 - 384,32 TexW=384 TexH=384
2026-08-21 01:48:09 [INFO] X=352 Y=160 Src=256,0 - 288,32 TexW=384 TexH=384
2026-08-21 01:48:09 [INFO] X=384 Y=160 Src=288,0 - 320,32 TexW=384 TexH=384
2026-08-21 01:48:09 [INFO] X=416 Y=160 Src=320,0 - 352,32 TexW=384 TexH=384
2026-08-21 01:48:09 [INFO] X=448 Y=160 Src=352,0 - 384,32 TexW=384 TexH=384
2026-08-21 01:48:09 [INFO] X=480 Y=160 Src=256,0 - 288,32 TexW=384 TexH=384
2026-08-21 01:48:09 [INFO] X=512 Y=160 Src=288,0 - 320,32 TexW=384 TexH=384
2026-08-21 01:48:09 [INFO] X=544 Y=160 Src=320,0 - 352,32 TexW=384 TexH=384
2026-08-21 01:48:09 [INFO] X=-32 Y=192 Src=256,64 - 288,96 TexW=384 TexH=384
2026-08-21 01:48:09 [INFO] X=0 Y=192 Src=288,64 - 320,96 TexW=384 TexH=384
2026-08-21 01:48:09 [INFO] X=32 Y=192 Src=320,64 - 352,96 TexW=384 TexH=384
2026-08-21 01:48:09 [INFO] X=64 Y=192 Src=352,64 - 384,96 TexW=384 TexH=384
2026-08-21 01:48:09 [INFO] X=96 Y=192 Src=256,64 - 288,96 TexW=384 TexH=384
2026-08-21 01:48:09 [INFO] X=128 Y=192 Src=288,64 - 320,96 TexW=384 TexH=384
2026-08-21 01:48:09 [INFO] X=160 Y=192 Src=320,64 - 352,96 TexW=384 TexH=384
2026-08-21 01:48:09 [INFO] X=192 Y=192 Src=352,64 - 384,96 TexW=384 TexH=384
2026-08-21 01:48:09 [INFO] X=224 Y=192 Src=256,64 - 288,96 TexW=384 TexH=384
2026-08-21 01:48:09 [INFO] X=256 Y=192 Src=288,64 - 320,96 TexW=384 TexH=384
2026-08-21 01:48:09 [INFO] X=288 Y=192 Src=320,64 - 352,96 TexW=384 TexH=384
2026-08-21 01:48:09 [INFO] X=320 Y=192 Src=352,64 - 384,96 TexW=384 TexH=384
2026-08-21 01:48:09 [INFO] X=352 Y=192 Src=256,64 - 288,96 TexW=384 TexH=384
2026-08-21 01:48:09 [INFO] X=384 Y=192 Src=288,64 - 320,96 TexW=384 TexH=384
2026-08-21 01:48:09 [INFO] X=416 Y=192 Src=320,64 - 352,96 TexW=384 TexH=384
2026-08-21 01:48:09 [INFO] X=448 Y=192 Src=352,64 - 384,96 TexW=384 TexH=384
2026-08-21 01:48:09 [INFO] X=480 Y=192 Src=256,64 - 288,96 TexW=384 TexH=384
2026-08-21 01:48:09 [INFO] X=512 Y=192 Src=288,64 - 320,96 TexW=384 TexH=384
2026-08-21 01:48:09 [INFO] X=544 Y=192 Src=320,64 - 352,96 TexW=384 TexH=384
2026-08-21 01:48:09 [INFO] X=-304 Y=-415 Src=0,0 - 64,95 TexW=64 TexH=95
2026-08-21 01:48:09 [INFO] X=-368 Y=-576 Src=0,0 - 256,256 TexW=256 TexH=256
2026-08-21 01:48:09 [INFO] X=-182 Y=-475 Src=0,0 - 77,155 TexW=77 TexH=155
2026-08-21 01:48:09 [INFO] X=-208 Y=-576 Src=0,0 - 256,256 TexW=256 TexH=256
2026-08-21 01:48:09 [INFO] X=48 Y=-320 Src=0,0 - 128,32 TexW=128 TexH=32
2026-08-21 01:48:09 [INFO] X=176 Y=-320 Src=0,0 - 128,32 TexW=128 TexH=32
2026-08-21 01:48:09 [INFO] X=464 Y=-320 Src=0,0 - 128,32 TexW=128 TexH=32
2026-08-21 01:48:09 [INFO] X=592 Y=-320 Src=0,0 - 128,32 TexW=128 TexH=32
2026-08-21 01:48:09 [INFO] X=-176 Y=-512 Src=0,0 - 256,256 TexW=256 TexH=256
2026-08-21 01:48:09 [INFO] X=208 Y=-512 Src=0,0 - 256,256 TexW=256 TexH=256
2026-08-21 01:48:09 [INFO] X=-352 Y=-256 Src=0,0 - 32,32 TexW=64 TexH=32
2026-08-21 01:48:09 [INFO] X=835 Y=-270 Src=0,0 - 26,46 TexW=174 TexH=181
2026-08-21 01:48:09 [INFO] X=-176 Y=-448 Src=0,0 - 256,256 TexW=256 TexH=256
2026-08-21 01:48:09 [INFO] X=48 Y=-224 Src=0,0 - 128,32 TexW=128 TexH=32
2026-08-21 01:48:09 [INFO] X=176 Y=-224 Src=0,0 - 128,32 TexW=128 TexH=32
2026-08-21 01:48:09 [INFO] X=384 Y=-224 Src=608,64 - 640,96 TexW=640 TexH=742
2026-08-21 01:48:09 [INFO] X=480 Y=-224 Src=608,64 - 640,96 TexW=640 TexH=742
2026-08-21 01:48:09 [INFO] X=464 Y=-224 Src=0,0 - 128,32 TexW=128 TexH=32
2026-08-21 01:48:09 [INFO] X=592 Y=-224 Src=0,0 - 128,32 TexW=128 TexH=32
2026-08-21 01:48:09 [INFO] X=-253 Y=-206 Src=0,0 - 26,46 TexW=149 TexH=181
2026-08-21 01:48:09 [INFO] X=163 Y=-206 Src=0,0 - 26,46 TexW=149 TexH=181
2026-08-21 01:48:09 [INFO] X=168 Y=-214 Src=64,0 - 80,16 TexW=708 TexH=202
2026-08-21 01:48:09 [INFO] X=-352 Y=-160 Src=0,0 - 32,32 TexW=64 TexH=32
2026-08-21 01:48:09 [INFO] X=352 Y=-160 Src=608,64 - 640,96 TexW=640 TexH=742
2026-08-21 01:48:09 [INFO] X=480 Y=-160 Src=608,64 - 640,96 TexW=640 TexH=742
2026-08-21 01:48:09 [INFO] X=74 Y=-251 Src=0,0 - 77,155 TexW=77 TexH=155
2026-08-21 01:48:09 [INFO] X=419 Y=-142 Src=0,0 - 26,46 TexW=149 TexH=181
2026-08-21 01:48:09 [INFO] X=424 Y=-150 Src=320,0 - 336,16 TexW=708 TexH=202
2026-08-21 01:48:09 [INFO] X=448 Y=-128 Src=256,96 - 288,128 TexW=640 TexH=742
2026-08-21 01:48:09 [INFO] X=586 Y=-251 Src=0,0 - 77,155 TexW=77 TexH=155
2026-08-21 01:48:09 [INFO] X=-32 Y=-64 Src=608,64 - 640,96 TexW=640 TexH=742
2026-08-21 01:48:09 [INFO] X=448 Y=-64 Src=608,64 - 640,96 TexW=640 TexH=742
2026-08-21 01:48:09 [INFO] X=464 Y=-288 Src=0,0 - 256,256 TexW=256 TexH=256
2026-08-21 01:48:09 [INFO] X=0 Y=0 Src=608,64 - 640,96 TexW=640 TexH=742
2026-08-21 01:48:09 [INFO] X=291 Y=-14 Src=0,0 - 26,46 TexW=149 TexH=181
2026-08-21 01:48:09 [INFO] X=296 Y=-22 Src=256,48 - 272,64 TexW=708 TexH=202
2026-08-21 01:48:09 [INFO] X=736 Y=-64 Src=0,96 - 96,192 TexW=288 TexH=192
2026-08-21 01:48:09 [INFO] X=656 Y=32 Src=0,0 - 64,32 TexW=64 TexH=32
2026-08-21 01:48:09 [INFO] X=867 Y=18 Src=0,0 - 26,46 TexW=149 TexH=181
2026-08-21 01:48:09 [INFO] X=872 Y=10 Src=0,0 - 16,16 TexW=708 TexH=202
2026-08-21 01:48:09 [INFO] X=-349 Y=50 Src=0,0 - 26,46 TexW=149 TexH=181
2026-08-21 01:48:09 [INFO] X=-344 Y=42 Src=384,16 - 400,32 TexW=708 TexH=202
2026-08-21 01:48:09 [INFO] X=-285 Y=50 Src=0,0 - 26,46 TexW=149 TexH=181
2026-08-21 01:48:09 [INFO] X=-280 Y=42 Src=384,16 - 400,32 TexW=708 TexH=202
2026-08-21 01:48:09 [INFO] X=-182 Y=-59 Src=0,0 - 77,155 TexW=77 TexH=155
2026-08-21 01:48:09 [INFO] X=-61 Y=50 Src=0,0 - 26,46 TexW=149 TexH=181
2026-08-21 01:48:09 [INFO] X=-56 Y=42 Src=272,128 - 288,144 TexW=708 TexH=202
2026-08-21 01:48:09 [INFO] X=42 Y=-59 Src=0,0 - 77,155 TexW=77 TexH=155
2026-08-21 01:48:09 [INFO] X=259 Y=178 Src=0,0 - 26,46 TexW=149 TexH=181
2026-08-21 01:48:09 [INFO] X=264 Y=170 Src=128,16 - 144,32 TexW=708 TexH=202
2026-08-21 01:48:09 [INFO] X=611 Y=306 Src=0,0 - 26,46 TexW=149 TexH=181
2026-08-21 01:48:09 [INFO] X=616 Y=298 Src=256,48 - 272,64 TexW=708 TexH=202
2026-08-21 01:48:09 [INFO] X=-368 Y=128 Src=0,0 - 256,256 TexW=256 TexH=256
2026-08-21 01:48:09 [INFO] X=-240 Y=128 Src=0,0 - 256,256 TexW=256 TexH=256
2026-08-21 01:48:09 [INFO] X=-112 Y=128 Src=0,0 - 256,256 TexW=256 TexH=256
2026-08-21 01:48:09 [INFO] X=283 Y=384 Src=823,512 - 866,576 TexW=1792 TexH=640
2026-08-21 01:48:09 [INFO] X=443 Y=384 Src=823,512 - 866,576 TexW=1792 TexH=640
2026-08-21 01:48:09 [INFO] X=592 Y=192 Src=0,0 - 256,256 TexW=256 TexH=256
2026-08-21 01:48:09 [INFO] X=688 Y=192 Src=0,0 - 256,256 TexW=256 TexH=256
2026-08-21 01:48:09 [INFO] X=323 Y=448 Src=182,0 - 208,96 TexW=234 TexH=97
2026-08-21 01:48:09 [INFO] X=355 Y=498 Src=0,0 - 26,46 TexW=149 TexH=181
2026-08-21 01:48:09 [INFO] X=360 Y=490 Src=384,32 - 400,48 TexW=708 TexH=202
2026-08-21 01:48:09 [INFO] X=384 Y=512 Src=64,672 - 96,704 TexW=640 TexH=742
2026-08-21 01:48:09 [INFO] X=419 Y=448 Src=182,0 - 208,96 TexW=234 TexH=97
2026-08-21 01:48:09 [INFO] X=-368 Y=320 Src=0,0 - 256,256 TexW=256 TexH=256
2026-08-21 01:48:09 [INFO] X=688 Y=384 Src=0,0 - 256,256 TexW=256 TexH=256
2026-08-21 01:48:09 [INFO] X=-368 Y=448 Src=0,0 - 256,256 TexW=256 TexH=256
2026-08-21 01:48:09 [INFO] X=-127 Y=636 Src=210,0 - 240,68 TexW=270 TexH=68
2026-08-21 01:48:09 [INFO] X=-208 Y=448 Src=0,0 - 256,256 TexW=256 TexH=256
2026-08-21 01:48:09 [INFO] X=-285 Y=690 Src=0,0 - 26,46 TexW=149 TexH=181
2026-08-21 01:48:09 [INFO] X=-280 Y=682 Src=64,0 - 80,16 TexW=708 TexH=202
2026-08-21 01:48:09 [INFO] X=-253 Y=690 Src=0,0 - 26,46 TexW=149 TexH=181
2026-08-21 01:48:09 [INFO] X=-248 Y=682 Src=639,64 - 655,80 TexW=708 TexH=202
2026-08-21 01:48:09 [INFO] X=-221 Y=690 Src=0,0 - 26,46 TexW=149 TexH=181
2026-08-21 01:48:09 [INFO] X=-216 Y=682 Src=272,128 - 288,144 TexW=708 TexH=202
2026-08-21 01:48:09 [INFO] X=-32 Y=-32 Src=0,0 - 32,32 TexW=512 TexH=128
2026-08-21 01:48:09 [INFO] X=0 Y=-32 Src=32,0 - 64,32 TexW=512 TexH=128
2026-08-21 01:48:09 [INFO] X=32 Y=-32 Src=64,0 - 96,32 TexW=512 TexH=128
2026-08-21 01:48:09 [INFO] X=32 Y=-32 Src=512,192 - 544,224 TexW=640 TexH=742
2026-08-21 01:48:09 [INFO] X=64 Y=-32 Src=96,0 - 128,32 TexW=512 TexH=128
2026-08-21 01:48:09 [INFO] X=96 Y=-32 Src=0,0 - 32,32 TexW=512 TexH=128
2026-08-21 01:48:09 [INFO] X=128 Y=-32 Src=32,0 - 64,32 TexW=512 TexH=128
2026-08-21 01:48:09 [INFO] X=160 Y=-32 Src=64,0 - 96,32 TexW=512 TexH=128
2026-08-21 01:48:09 [INFO] X=192 Y=-32 Src=96,0 - 128,32 TexW=512 TexH=128
2026-08-21 01:48:09 [INFO] X=224 Y=-32 Src=0,0 - 32,32 TexW=512 TexH=128
2026-08-21 01:48:09 [INFO] X=256 Y=-32 Src=32,0 - 64,32 TexW=512 TexH=128
2026-08-21 01:48:09 [INFO] X=288 Y=-32 Src=64,0 - 96,32 TexW=512 TexH=128
2026-08-21 01:48:09 [INFO] X=320 Y=-32 Src=96,0 - 128,32 TexW=512 TexH=128
2026-08-21 01:48:09 [INFO] X=352 Y=-32 Src=0,0 - 32,32 TexW=512 TexH=128
2026-08-21 01:48:09 [INFO] X=384 Y=-32 Src=32,0 - 64,32 TexW=512 TexH=128
2026-08-21 01:48:09 [INFO] X=362 Y=-58 Src=0,0 - 77,58 TexW=77 TexH=58
2026-08-21 01:48:09 [INFO] X=416 Y=-32 Src=64,0 - 96,32 TexW=512 TexH=128
2026-08-21 01:48:09 [INFO] X=448 Y=-32 Src=96,0 - 128,32 TexW=512 TexH=128
2026-08-21 01:48:09 [INFO] X=480 Y=-32 Src=0,0 - 32,32 TexW=512 TexH=128
2026-08-21 01:48:09 [INFO] X=512 Y=-32 Src=32,0 - 64,32 TexW=512 TexH=128
2026-08-21 01:48:09 [INFO] X=544 Y=-32 Src=64,0 - 96,32 TexW=512 TexH=128
2026-08-21 01:48:09 [INFO] X=-32 Y=0 Src=0,64 - 32,96 TexW=512 TexH=128
2026-08-21 01:48:09 [INFO] X=0 Y=0 Src=32,64 - 64,96 TexW=512 TexH=128
2026-08-21 01:48:09 [INFO] X=32 Y=0 Src=64,64 - 96,96 TexW=512 TexH=128
2026-08-21 01:48:09 [INFO] X=64 Y=0 Src=96,64 - 128,96 TexW=512 TexH=128
2026-08-21 01:48:09 [INFO] X=96 Y=0 Src=0,64 - 32,96 TexW=512 TexH=128
2026-08-21 01:48:09 [INFO] X=128 Y=0 Src=32,64 - 64,96 TexW=512 TexH=128
2026-08-21 01:48:09 [INFO] X=160 Y=0 Src=64,64 - 96,96 TexW=512 TexH=128
2026-08-21 01:48:09 [INFO] X=192 Y=0 Src=96,64 - 128,96 TexW=512 TexH=128
2026-08-21 01:48:09 [INFO] X=224 Y=0 Src=0,64 - 32,96 TexW=512 TexH=128
2026-08-21 01:48:09 [INFO] X=256 Y=0 Src=32,64 - 64,96 TexW=512 TexH=128
2026-08-21 01:48:09 [INFO] X=288 Y=0 Src=64,64 - 96,96 TexW=512 TexH=128
2026-08-21 01:48:09 [INFO] X=320 Y=0 Src=96,64 - 128,96 TexW=512 TexH=128
2026-08-21 01:48:09 [INFO] X=352 Y=0 Src=0,64 - 32,96 TexW=512 TexH=128
2026-08-21 01:48:09 [INFO] X=384 Y=0 Src=32,64 - 64,96 TexW=512 TexH=128
2026-08-21 01:48:09 [INFO] X=416 Y=0 Src=64,64 - 96,96 TexW=512 TexH=128
2026-08-21 01:48:09 [INFO] X=448 Y=0 Src=96,64 - 128,96 TexW=512 TexH=128
2026-08-21 01:48:09 [INFO] X=480 Y=0 Src=0,64 - 32,96 TexW=512 TexH=128
2026-08-21 01:48:09 [INFO] X=512 Y=0 Src=32,64 - 64,96 TexW=512 TexH=128
2026-08-21 01:48:09 [INFO] X=544 Y=0 Src=64,64 - 96,96 TexW=512 TexH=128
2026-08-21 01:48:09 [INFO] X=-32 Y=32 Src=128,0 - 160,32 TexW=384 TexH=384
2026-08-21 01:48:09 [INFO] X=-32 Y=32 Src=128,128 - 160,160 TexW=256 TexH=384
2026-08-21 01:48:09 [INFO] X=0 Y=32 Src=160,0 - 192,32 TexW=384 TexH=384
2026-08-21 01:48:09 [INFO] X=0 Y=32 Src=160,128 - 192,160 TexW=256 TexH=384
2026-08-21 01:48:09 [INFO] X=32 Y=32 Src=192,0 - 224,32 TexW=384 TexH=384
2026-08-21 01:48:09 [INFO] X=32 Y=32 Src=128,128 - 160,160 TexW=256 TexH=384
2026-08-21 01:48:09 [INFO] X=64 Y=32 Src=224,0 - 256,32 TexW=384 TexH=384
2026-08-21 01:48:09 [INFO] X=64 Y=32 Src=160,128 - 192,160 TexW=256 TexH=384
2026-08-21 01:48:09 [INFO] X=96 Y=32 Src=128,0 - 160,32 TexW=384 TexH=384
2026-08-21 01:48:09 [INFO] X=96 Y=32 Src=128,128 - 160,160 TexW=256 TexH=384
2026-08-21 01:48:09 [INFO] X=128 Y=32 Src=160,0 - 192,32 TexW=384 TexH=384
2026-08-21 01:48:09 [INFO] X=128 Y=32 Src=160,128 - 192,160 TexW=256 TexH=384
2026-08-21 01:48:09 [INFO] X=160 Y=32 Src=192,0 - 224,32 TexW=384 TexH=384
2026-08-21 01:48:09 [INFO] X=160 Y=32 Src=128,128 - 160,160 TexW=256 TexH=384
2026-08-21 01:48:09 [INFO] X=192 Y=32 Src=224,0 - 256,32 TexW=384 TexH=384
2026-08-21 01:48:09 [INFO] X=192 Y=32 Src=160,128 - 192,160 TexW=256 TexH=384
2026-08-21 01:48:09 [INFO] X=224 Y=32 Src=128,0 - 160,32 TexW=384 TexH=384
2026-08-21 01:48:09 [INFO] X=224 Y=32 Src=128,128 - 160,160 TexW=256 TexH=384
2026-08-21 01:48:09 [INFO] X=256 Y=32 Src=160,0 - 192,32 TexW=384 TexH=384
2026-08-21 01:48:09 [INFO] X=256 Y=32 Src=160,128 - 192,160 TexW=256 TexH=384
2026-08-21 01:48:09 [INFO] X=288 Y=32 Src=192,0 - 224,32 TexW=384 TexH=384
2026-08-21 01:48:09 [INFO] X=288 Y=32 Src=128,128 - 160,160 TexW=256 TexH=384
2026-08-21 01:48:09 [INFO] X=320 Y=32 Src=224,0 - 256,32 TexW=384 TexH=384
2026-08-21 01:48:09 [INFO] X=320 Y=32 Src=160,128 - 192,160 TexW=256 TexH=384
2026-08-21 01:48:09 [INFO] X=352 Y=32 Src=128,0 - 160,32 TexW=384 TexH=384
2026-08-21 01:48:09 [INFO] X=352 Y=32 Src=128,128 - 160,160 TexW=256 TexH=384
2026-08-21 01:48:09 [INFO] X=384 Y=32 Src=160,0 - 192,32 TexW=384 TexH=384
2026-08-21 01:48:09 [INFO] X=384 Y=32 Src=160,128 - 192,160 TexW=256 TexH=384
2026-08-21 01:48:09 [INFO] X=416 Y=32 Src=192,0 - 224,32 TexW=384 TexH=384
2026-08-21 01:48:09 [INFO] X=416 Y=32 Src=128,128 - 160,160 TexW=256 TexH=384
2026-08-21 01:48:09 [INFO] X=448 Y=32 Src=224,0 - 256,32 TexW=384 TexH=384
2026-08-21 01:48:09 [INFO] X=448 Y=32 Src=160,128 - 192,160 TexW=256 TexH=384
2026-08-21 01:48:09 [INFO] X=480 Y=32 Src=128,0 - 160,32 TexW=384 TexH=384
2026-08-21 01:48:09 [INFO] X=480 Y=32 Src=128,128 - 160,160 TexW=256 TexH=384
2026-08-21 01:48:09 [INFO] X=512 Y=32 Src=160,0 - 192,32 TexW=384 TexH=384
2026-08-21 01:48:09 [INFO] X=512 Y=32 Src=160,128 - 192,160 TexW=256 TexH=384
2026-08-21 01:48:09 [INFO] X=544 Y=32 Src=192,0 - 224,32 TexW=384 TexH=384
2026-08-21 01:48:09 [INFO] X=544 Y=32 Src=128,128 - 160,160 TexW=256 TexH=384
2026-08-21 01:48:09 [INFO] X=-32 Y=64 Src=128,64 - 160,96 TexW=384 TexH=384
2026-08-21 01:48:09 [INFO] X=0 Y=64 Src=160,64 - 192,96 TexW=384 TexH=384
2026-08-21 01:48:09 [INFO] X=32 Y=64 Src=192,64 - 224,96 TexW=384 TexH=384
2026-08-21 01:48:09 [INFO] X=64 Y=64 Src=224,64 - 256,96 TexW=384 TexH=384
2026-08-21 01:48:09 [INFO] X=96 Y=64 Src=128,64 - 160,96 TexW=384 TexH=384
2026-08-21 01:48:09 [INFO] X=128 Y=64 Src=160,64 - 192,96 TexW=384 TexH=384
2026-08-21 01:48:09 [INFO] X=160 Y=64 Src=192,64 - 224,96 TexW=384 TexH=384
2026-08-21 01:48:09 [INFO] X=192 Y=64 Src=224,64 - 256,96 TexW=384 TexH=384
2026-08-21 01:48:09 [INFO] X=224 Y=64 Src=128,64 - 160,96 TexW=384 TexH=384
2026-08-21 01:48:09 [INFO] X=256 Y=64 Src=160,64 - 192,96 TexW=384 TexH=384
2026-08-21 01:48:09 [INFO] X=288 Y=64 Src=192,64 - 224,96 TexW=384 TexH=384
2026-08-21 01:48:09 [INFO] X=320 Y=64 Src=224,64 - 256,96 TexW=384 TexH=384
2026-08-21 01:48:09 [INFO] X=352 Y=64 Src=128,64 - 160,96 TexW=384 TexH=384
2026-08-21 01:48:09 [INFO] X=384 Y=64 Src=160,64 - 192,96 TexW=384 TexH=384
2026-08-21 01:48:09 [INFO] X=416 Y=64 Src=192,64 - 224,96 TexW=384 TexH=384
2026-08-21 01:48:09 [INFO] X=448 Y=64 Src=224,64 - 256,96 TexW=384 TexH=384
2026-08-21 01:48:09 [INFO] X=480 Y=64 Src=128,64 - 160,96 TexW=384 TexH=384
2026-08-21 01:48:09 [INFO] X=512 Y=64 Src=160,64 - 192,96 TexW=384 TexH=384
2026-08-21 01:48:09 [INFO] X=544 Y=64 Src=192,64 - 224,96 TexW=384 TexH=384
2026-08-21 01:48:09 [INFO] X=-32 Y=96 Src=128,0 - 160,32 TexW=384 TexH=384
2026-08-21 01:48:09 [INFO] X=0 Y=96 Src=160,0 - 192,32 TexW=384 TexH=384
2026-08-21 01:48:09 [INFO] X=32 Y=96 Src=192,0 - 224,32 TexW=384 TexH=384
2026-08-21 01:48:09 [INFO] X=64 Y=96 Src=224,0 - 256,32 TexW=384 TexH=384
2026-08-21 01:48:09 [INFO] X=96 Y=96 Src=128,0 - 160,32 TexW=384 TexH=384
2026-08-21 01:48:09 [INFO] X=128 Y=96 Src=160,0 - 192,32 TexW=384 TexH=384
2026-08-21 01:48:09 [INFO] X=160 Y=96 Src=192,0 - 224,32 TexW=384 TexH=384
2026-08-21 01:48:09 [INFO] X=192 Y=96 Src=224,0 - 256,32 TexW=384 TexH=384
2026-08-21 01:48:09 [INFO] X=224 Y=96 Src=128,0 - 160,32 TexW=384 TexH=384
2026-08-21 01:48:09 [INFO] X=256 Y=96 Src=160,0 - 192,32 TexW=384 TexH=384
2026-08-21 01:48:09 [INFO] X=288 Y=96 Src=192,0 - 224,32 TexW=384 TexH=384
2026-08-21 01:48:09 [INFO] X=320 Y=96 Src=224,0 - 256,32 TexW=384 TexH=384
2026-08-21 01:48:09 [INFO] X=352 Y=96 Src=128,0 - 160,32 TexW=384 TexH=384
2026-08-21 01:48:09 [INFO] X=384 Y=96 Src=160,0 - 192,32 TexW=384 TexH=384
2026-08-21 01:48:09 [INFO] X=416 Y=96 Src=192,0 - 224,32 TexW=384 TexH=384
2026-08-21 01:48:09 [INFO] X=448 Y=96 Src=224,0 - 256,32 TexW=384 TexH=384
2026-08-21 01:48:09 [INFO] X=480 Y=96 Src=128,0 - 160,32 TexW=384 TexH=384
2026-08-21 01:48:09 [INFO] X=512 Y=96 Src=160,0 - 192,32 TexW=384 TexH=384
2026-08-21 01:48:09 [INFO] X=544 Y=96 Src=192,0 - 224,32 TexW=384 TexH=384
2026-08-21 01:48:09 [INFO] X=-32 Y=128 Src=128,64 - 160,96 TexW=384 TexH=384
2026-08-21 01:48:09 [INFO] X=0 Y=128 Src=160,64 - 192,96 TexW=384 TexH=384
2026-08-21 01:48:09 [INFO] X=32 Y=128 Src=192,64 - 224,96 TexW=384 TexH=384
2026-08-21 01:48:09 [INFO] X=64 Y=128 Src=224,64 - 256,96 TexW=384 TexH=384
2026-08-21 01:48:09 [INFO] X=96 Y=128 Src=128,64 - 160,96 TexW=384 TexH=384
2026-08-21 01:48:09 [INFO] X=128 Y=128 Src=160,64 - 192,96 TexW=384 TexH=384
2026-08-21 01:48:09 [INFO] X=160 Y=128 Src=192,64 - 224,96 TexW=384 TexH=384
2026-08-21 01:48:09 [INFO] X=192 Y=128 Src=224,64 - 256,96 TexW=384 TexH=384
2026-08-21 01:48:09 [INFO] X=224 Y=128 Src=128,64 - 160,96 TexW=384 TexH=384
2026-08-21 01:48:09 [INFO] X=256 Y=128 Src=160,64 - 192,96 TexW=384 TexH=384
2026-08-21 01:48:09 [INFO] X=288 Y=128 Src=192,64 - 224,96 TexW=384 TexH=384
2026-08-21 01:48:09 [INFO] X=320 Y=128 Src=224,64 - 256,96 TexW=384 TexH=384
2026-08-21 01:48:09 [INFO] X=352 Y=128 Src=128,64 - 160,96 TexW=384 TexH=384
2026-08-21 01:48:09 [INFO] X=384 Y=128 Src=160,64 - 192,96 TexW=384 TexH=384
2026-08-21 01:48:09 [INFO] X=416 Y=128 Src=192,64 - 224,96 TexW=384 TexH=384
2026-08-21 01:48:09 [INFO] X=448 Y=128 Src=224,64 - 256,96 TexW=384 TexH=384
2026-08-21 01:48:09 [INFO] X=480 Y=128 Src=128,64 - 160,96 TexW=384 TexH=384
2026-08-21 01:48:09 [INFO] X=512 Y=128 Src=160,64 - 192,96 TexW=384 TexH=384
2026-08-21 01:48:09 [INFO] X=544 Y=128 Src=192,64 - 224,96 TexW=384 TexH=384
2026-08-21 01:48:09 [INFO] X=-32 Y=160 Src=128,0 - 160,32 TexW=384 TexH=384
2026-08-21 01:48:09 [INFO] X=0 Y=160 Src=160,0 - 192,32 TexW=384 TexH=384
2026-08-21 01:48:09 [INFO] X=32 Y=160 Src=192,0 - 224,32 TexW=384 TexH=384
2026-08-21 01:48:09 [INFO] X=64 Y=160 Src=224,0 - 256,32 TexW=384 TexH=384
2026-08-21 01:48:09 [INFO] X=96 Y=160 Src=128,0 - 160,32 TexW=384 TexH=384
2026-08-21 01:48:09 [INFO] X=128 Y=160 Src=160,0 - 192,32 TexW=384 TexH=384
2026-08-21 01:48:09 [INFO] X=160 Y=160 Src=192,0 - 224,32 TexW=384 TexH=384
2026-08-21 01:48:09 [INFO] X=192 Y=160 Src=224,0 - 256,32 TexW=384 TexH=384
2026-08-21 01:48:09 [INFO] X=224 Y=160 Src=128,0 - 160,32 TexW=384 TexH=384
2026-08-21 01:48:09 [INFO] X=256 Y=160 Src=160,0 - 192,32 TexW=384 TexH=384
2026-08-21 01:48:09 [INFO] X=288 Y=160 Src=192,0 - 224,32 TexW=384 TexH=384
2026-08-21 01:48:10 [INFO] X=320 Y=160 Src=224,0 - 256,32 TexW=384 TexH=384
2026-08-21 01:48:10 [INFO] X=352 Y=160 Src=128,0 - 160,32 TexW=384 TexH=384
2026-08-21 01:48:10 [INFO] X=384 Y=160 Src=160,0 - 192,32 TexW=384 TexH=384
2026-08-21 01:48:10 [INFO] X=416 Y=160 Src=192,0 - 224,32 TexW=384 TexH=384
2026-08-21 01:48:10 [INFO] X=448 Y=160 Src=224,0 - 256,32 TexW=384 TexH=384
2026-08-21 01:48:10 [INFO] X=480 Y=160 Src=128,0 - 160,32 TexW=384 TexH=384
2026-08-21 01:48:10 [INFO] X=512 Y=160 Src=160,0 - 192,32 TexW=384 TexH=384
2026-08-21 01:48:10 [INFO] X=544 Y=160 Src=192,0 - 224,32 TexW=384 TexH=384
2026-08-21 01:48:10 [INFO] X=-32 Y=192 Src=128,64 - 160,96 TexW=384 TexH=384
2026-08-21 01:48:10 [INFO] X=0 Y=192 Src=160,64 - 192,96 TexW=384 TexH=384
2026-08-21 01:48:10 [INFO] X=32 Y=192 Src=192,64 - 224,96 TexW=384 TexH=384
2026-08-21 01:48:10 [INFO] X=64 Y=192 Src=224,64 - 256,96 TexW=384 TexH=384
2026-08-21 01:48:10 [INFO] X=96 Y=192 Src=128,64 - 160,96 TexW=384 TexH=384
2026-08-21 01:48:10 [INFO] X=128 Y=192 Src=160,64 - 192,96 TexW=384 TexH=384
2026-08-21 01:48:10 [INFO] X=160 Y=192 Src=192,64 - 224,96 TexW=384 TexH=384
2026-08-21 01:48:10 [INFO] X=192 Y=192 Src=224,64 - 256,96 TexW=384 TexH=384
2026-08-21 01:48:10 [INFO] X=224 Y=192 Src=128,64 - 160,96 TexW=384 TexH=384
2026-08-21 01:48:10 [INFO] X=256 Y=192 Src=160,64 - 192,96 TexW=384 TexH=384
2026-08-21 01:48:10 [INFO] X=288 Y=192 Src=192,64 - 224,96 TexW=384 TexH=384
2026-08-21 01:48:10 [INFO] X=320 Y=192 Src=224,64 - 256,96 TexW=384 TexH=384
2026-08-21 01:48:10 [INFO] X=352 Y=192 Src=128,64 - 160,96 TexW=384 TexH=384
2026-08-21 01:48:10 [INFO] X=384 Y=192 Src=160,64 - 192,96 TexW=384 TexH=384
2026-08-21 01:48:10 [INFO] X=416 Y=192 Src=192,64 - 224,96 TexW=384 TexH=384
2026-08-21 01:48:10 [INFO] X=448 Y=192 Src=224,64 - 256,96 TexW=384 TexH=384
2026-08-21 01:48:10 [INFO] X=480 Y=192 Src=128,64 - 160,96 TexW=384 TexH=384
2026-08-21 01:48:10 [INFO] X=512 Y=192 Src=160,64 - 192,96 TexW=384 TexH=384
2026-08-21 01:48:10 [INFO] X=544 Y=192 Src=192,64 - 224,96 TexW=384 TexH=384
2026-08-21 01:48:10 [INFO] X=-304 Y=-415 Src=0,0 - 64,95 TexW=64 TexH=95
2026-08-21 01:48:10 [INFO] X=-368 Y=-576 Src=0,0 - 256,256 TexW=256 TexH=256
2026-08-21 01:48:10 [INFO] X=-182 Y=-475 Src=0,0 - 77,155 TexW=77 TexH=155
2026-08-21 01:48:10 [INFO] X=-208 Y=-576 Src=0,0 - 256,256 TexW=256 TexH=256
2026-08-21 01:48:10 [INFO] X=48 Y=-320 Src=0,0 - 128,32 TexW=128 TexH=32
2026-08-21 01:48:10 [INFO] X=176 Y=-320 Src=0,0 - 128,32 TexW=128 TexH=32
2026-08-21 01:48:10 [INFO] X=464 Y=-320 Src=0,0 - 128,32 TexW=128 TexH=32
2026-08-21 01:48:10 [INFO] X=592 Y=-320 Src=0,0 - 128,32 TexW=128 TexH=32
2026-08-21 01:48:10 [INFO] X=-176 Y=-512 Src=0,0 - 256,256 TexW=256 TexH=256
2026-08-21 01:48:10 [INFO] X=208 Y=-512 Src=0,0 - 256,256 TexW=256 TexH=256
2026-08-21 01:48:10 [INFO] X=-352 Y=-256 Src=0,0 - 32,32 TexW=64 TexH=32
2026-08-21 01:48:10 [INFO] X=835 Y=-270 Src=0,0 - 26,46 TexW=174 TexH=181
2026-08-21 01:48:10 [INFO] X=-176 Y=-448 Src=0,0 - 256,256 TexW=256 TexH=256
2026-08-21 01:48:10 [INFO] X=48 Y=-224 Src=0,0 - 128,32 TexW=128 TexH=32
2026-08-21 01:48:10 [INFO] X=176 Y=-224 Src=0,0 - 128,32 TexW=128 TexH=32
2026-08-21 01:48:10 [INFO] X=384 Y=-224 Src=608,64 - 640,96 TexW=640 TexH=742
2026-08-21 01:48:10 [INFO] X=480 Y=-224 Src=608,64 - 640,96 TexW=640 TexH=742
2026-08-21 01:48:10 [INFO] X=464 Y=-224 Src=0,0 - 128,32 TexW=128 TexH=32
2026-08-21 01:48:10 [INFO] X=592 Y=-224 Src=0,0 - 128,32 TexW=128 TexH=32
2026-08-21 01:48:10 [INFO] X=-253 Y=-206 Src=0,0 - 26,46 TexW=149 TexH=181
2026-08-21 01:48:10 [INFO] X=163 Y=-206 Src=0,0 - 26,46 TexW=149 TexH=181
2026-08-21 01:48:10 [INFO] X=168 Y=-214 Src=64,0 - 80,16 TexW=708 TexH=202
2026-08-21 01:48:10 [INFO] X=-352 Y=-160 Src=0,0 - 32,32 TexW=64 TexH=32
2026-08-21 01:48:10 [INFO] X=352 Y=-160 Src=608,64 - 640,96 TexW=640 TexH=742
2026-08-21 01:48:10 [INFO] X=480 Y=-160 Src=608,64 - 640,96 TexW=640 TexH=742
2026-08-21 01:48:10 [INFO] X=74 Y=-251 Src=0,0 - 77,155 TexW=77 TexH=155
2026-08-21 01:48:10 [INFO] X=419 Y=-142 Src=0,0 - 26,46 TexW=149 TexH=181
2026-08-21 01:48:10 [INFO] X=424 Y=-150 Src=320,0 - 336,16 TexW=708 TexH=202
2026-08-21 01:48:10 [INFO] X=448 Y=-128 Src=256,96 - 288,128 TexW=640 TexH=742
2026-08-21 01:48:10 [INFO] X=586 Y=-251 Src=0,0 - 77,155 TexW=77 TexH=155
2026-08-21 01:48:10 [INFO] X=-32 Y=-64 Src=608,64 - 640,96 TexW=640 TexH=742
2026-08-21 01:48:10 [INFO] X=448 Y=-64 Src=608,64 - 640,96 TexW=640 TexH=742
2026-08-21 01:48:10 [INFO] X=464 Y=-288 Src=0,0 - 256,256 TexW=256 TexH=256
2026-08-21 01:48:10 [INFO] X=0 Y=0 Src=608,64 - 640,96 TexW=640 TexH=742
2026-08-21 01:48:10 [INFO] X=291 Y=-14 Src=0,0 - 26,46 TexW=149 TexH=181
2026-08-21 01:48:10 [INFO] X=296 Y=-22 Src=256,48 - 272,64 TexW=708 TexH=202
2026-08-21 01:48:10 [INFO] X=736 Y=-64 Src=0,96 - 96,192 TexW=288 TexH=192
2026-08-21 01:48:10 [INFO] X=656 Y=32 Src=0,0 - 64,32 TexW=64 TexH=32
2026-08-21 01:48:10 [INFO] X=867 Y=18 Src=0,0 - 26,46 TexW=149 TexH=181
2026-08-21 01:48:10 [INFO] X=872 Y=10 Src=0,0 - 16,16 TexW=708 TexH=202
2026-08-21 01:48:10 [INFO] X=-349 Y=50 Src=0,0 - 26,46 TexW=149 TexH=181
2026-08-21 01:48:10 [INFO] X=-344 Y=42 Src=384,16 - 400,32 TexW=708 TexH=202
2026-08-21 01:48:10 [INFO] X=-285 Y=50 Src=0,0 - 26,46 TexW=149 TexH=181
2026-08-21 01:48:10 [INFO] X=-280 Y=42 Src=384,16 - 400,32 TexW=708 TexH=202
2026-08-21 01:48:10 [INFO] X=-182 Y=-59 Src=0,0 - 77,155 TexW=77 TexH=155
2026-08-21 01:48:10 [INFO] X=-61 Y=50 Src=0,0 - 26,46 TexW=149 TexH=181
2026-08-21 01:48:10 [INFO] X=-56 Y=42 Src=272,128 - 288,144 TexW=708 TexH=202
2026-08-21 01:48:10 [INFO] X=42 Y=-59 Src=0,0 - 77,155 TexW=77 TexH=155
2026-08-21 01:48:10 [INFO] X=259 Y=178 Src=0,0 - 26,46 TexW=149 TexH=181
2026-08-21 01:48:10 [INFO] X=264 Y=170 Src=128,16 - 144,32 TexW=708 TexH=202
2026-08-21 01:48:10 [INFO] X=611 Y=306 Src=0,0 - 26,46 TexW=149 TexH=181
2026-08-21 01:48:10 [INFO] X=616 Y=298 Src=256,48 - 272,64 TexW=708 TexH=202
2026-08-21 01:48:10 [INFO] X=-368 Y=128 Src=0,0 - 256,256 TexW=256 TexH=256
2026-08-21 01:48:10 [INFO] X=-240 Y=128 Src=0,0 - 256,256 TexW=256 TexH=256
2026-08-21 01:48:10 [INFO] X=-112 Y=128 Src=0,0 - 256,256 TexW=256 TexH=256
2026-08-21 01:48:10 [INFO] X=283 Y=384 Src=952,512 - 995,576 TexW=1792 TexH=640
2026-08-21 01:48:10 [INFO] X=443 Y=384 Src=952,512 - 995,576 TexW=1792 TexH=640
2026-08-21 01:48:10 [INFO] X=592 Y=192 Src=0,0 - 256,256 TexW=256 TexH=256
2026-08-21 01:48:10 [INFO] X=688 Y=192 Src=0,0 - 256,256 TexW=256 TexH=256
2026-08-21 01:48:10 [INFO] X=323 Y=448 Src=26,0 - 52,96 TexW=234 TexH=97
2026-08-21 01:48:10 [INFO] X=355 Y=498 Src=0,0 - 26,46 TexW=149 TexH=181
2026-08-21 01:48:10 [INFO] X=360 Y=490 Src=384,32 - 400,48 TexW=708 TexH=202
2026-08-21 01:48:10 [INFO] X=384 Y=512 Src=64,672 - 96,704 TexW=640 TexH=742
2026-08-21 01:48:10 [INFO] X=419 Y=448 Src=26,0 - 52,96 TexW=234 TexH=97
2026-08-21 01:48:10 [INFO] X=-368 Y=320 Src=0,0 - 256,256 TexW=256 TexH=256
2026-08-21 01:48:10 [INFO] X=688 Y=384 Src=0,0 - 256,256 TexW=256 TexH=256
2026-08-21 01:48:10 [INFO] X=-368 Y=448 Src=0,0 - 256,256 TexW=256 TexH=256
2026-08-21 01:48:10 [INFO] X=-127 Y=636 Src=30,0 - 60,68 TexW=270 TexH=68
2026-08-21 01:48:10 [INFO] X=-208 Y=448 Src=0,0 - 256,256 TexW=256 TexH=256
2026-08-21 01:48:10 [INFO] X=-285 Y=690 Src=0,0 - 26,46 TexW=149 TexH=181
2026-08-21 01:48:10 [INFO] X=-280 Y=682 Src=64,0 - 80,16 TexW=708 TexH=202
2026-08-21 01:48:10 [INFO] X=-253 Y=690 Src=0,0 - 26,46 TexW=149 TexH=181
2026-08-21 01:48:10 [INFO] X=-248 Y=682 Src=639,64 - 655,80 TexW=708 TexH=202
2026-08-21 01:48:10 [INFO] X=-221 Y=690 Src=0,0 - 26,46 TexW=149 TexH=181
2026-08-21 01:48:10 [INFO] X=-216 Y=682 Src=272,128 - 288,144 TexW=708 TexH=202
2026-08-21 01:48:10 [INFO] X=-32 Y=-32 Src=0,0 - 32,32 TexW=512 TexH=128
2026-08-21 01:48:10 [INFO] X=0 Y=-32 Src=32,0 - 64,32 TexW=512 TexH=128
2026-08-21 01:48:10 [INFO] X=32 Y=-32 Src=64,0 - 96,32 TexW=512 TexH=128
2026-08-21 01:48:10 [INFO] X=32 Y=-32 Src=512,192 - 544,224 TexW=640 TexH=742
2026-08-21 01:48:10 [INFO] X=64 Y=-32 Src=96,0 - 128,32 TexW=512 TexH=128
2026-08-21 01:48:10 [INFO] X=96 Y=-32 Src=0,0 - 32,32 TexW=512 TexH=128
2026-08-21 01:48:10 [INFO] X=128 Y=-32 Src=32,0 - 64,32 TexW=512 TexH=128
2026-08-21 01:48:10 [INFO] X=160 Y=-32 Src=64,0 - 96,32 TexW=512 TexH=128
2026-08-21 01:48:10 [INFO] X=192 Y=-32 Src=96,0 - 128,32 TexW=512 TexH=128
2026-08-21 01:48:10 [INFO] X=224 Y=-32 Src=0,0 - 32,32 TexW=512 TexH=128
2026-08-21 01:48:10 [INFO] X=256 Y=-32 Src=32,0 - 64,32 TexW=512 TexH=128
2026-08-21 01:48:10 [INFO] X=288 Y=-32 Src=64,0 - 96,32 TexW=512 TexH=128
2026-08-21 01:48:10 [INFO] X=320 Y=-32 Src=96,0 - 128,32 TexW=512 TexH=128
2026-08-21 01:48:10 [INFO] X=352 Y=-32 Src=0,0 - 32,32 TexW=512 TexH=128
2026-08-21 01:48:10 [INFO] X=384 Y=-32 Src=32,0 - 64,32 TexW=512 TexH=128
2026-08-21 01:48:10 [INFO] X=362 Y=-58 Src=0,0 - 77,58 TexW=77 TexH=58
2026-08-21 01:48:10 [INFO] X=416 Y=-32 Src=64,0 - 96,32 TexW=512 TexH=128
2026-08-21 01:48:10 [INFO] X=448 Y=-32 Src=96,0 - 128,32 TexW=512 TexH=128
2026-08-21 01:48:10 [INFO] X=480 Y=-32 Src=0,0 - 32,32 TexW=512 TexH=128
2026-08-21 01:48:10 [INFO] X=512 Y=-32 Src=32,0 - 64,32 TexW=512 TexH=128
2026-08-21 01:48:10 [INFO] X=544 Y=-32 Src=64,0 - 96,32 TexW=512 TexH=128
2026-08-21 01:48:10 [INFO] X=-32 Y=0 Src=0,64 - 32,96 TexW=512 TexH=128
2026-08-21 01:48:10 [INFO] X=0 Y=0 Src=32,64 - 64,96 TexW=512 TexH=128
2026-08-21 01:48:10 [INFO] X=32 Y=0 Src=64,64 - 96,96 TexW=512 TexH=128
2026-08-21 01:48:10 [INFO] X=64 Y=0 Src=96,64 - 128,96 TexW=512 TexH=128
2026-08-21 01:48:10 [INFO] X=96 Y=0 Src=0,64 - 32,96 TexW=512 TexH=128
2026-08-21 01:48:10 [INFO] X=128 Y=0 Src=32,64 - 64,96 TexW=512 TexH=128
2026-08-21 01:48:10 [INFO] X=160 Y=0 Src=64,64 - 96,96 TexW=512 TexH=128
2026-08-21 01:48:10 [INFO] X=192 Y=0 Src=96,64 - 128,96 TexW=512 TexH=128
2026-08-21 01:48:10 [INFO] X=224 Y=0 Src=0,64 - 32,96 TexW=512 TexH=128
2026-08-21 01:48:10 [INFO] X=256 Y=0 Src=32,64 - 64,96 TexW=512 TexH=128
2026-08-21 01:48:10 [INFO] X=288 Y=0 Src=64,64 - 96,96 TexW=512 TexH=128
2026-08-21 01:48:10 [INFO] X=320 Y=0 Src=96,64 - 128,96 TexW=512 TexH=128
2026-08-21 01:48:10 [INFO] X=352 Y=0 Src=0,64 - 32,96 TexW=512 TexH=128
2026-08-21 01:48:10 [INFO] X=384 Y=0 Src=32,64 - 64,96 TexW=512 TexH=128
2026-08-21 01:48:10 [INFO] X=416 Y=0 Src=64,64 - 96,96 TexW=512 TexH=128
2026-08-21 01:48:10 [INFO] X=448 Y=0 Src=96,64 - 128,96 TexW=512 TexH=128
2026-08-21 01:48:10 [INFO] X=480 Y=0 Src=0,64 - 32,96 TexW=512 TexH=128
2026-08-21 01:48:10 [INFO] X=512 Y=0 Src=32,64 - 64,96 TexW=512 TexH=128
2026-08-21 01:48:10 [INFO] X=544 Y=0 Src=64,64 - 96,96 TexW=512 TexH=128
2026-08-21 01:48:10 [INFO] X=-32 Y=32 Src=0,0 - 32,32 TexW=384 TexH=384
2026-08-21 01:48:10 [INFO] X=-32 Y=32 Src=128,128 - 160,160 TexW=256 TexH=384
2026-08-21 01:48:10 [INFO] X=0 Y=32 Src=32,0 - 64,32 TexW=384 TexH=384
2026-08-21 01:48:10 [INFO] X=0 Y=32 Src=160,128 - 192,160 TexW=256 TexH=384
2026-08-21 01:48:10 [INFO] X=32 Y=32 Src=64,0 - 96,32 TexW=384 TexH=384
2026-08-21 01:48:10 [INFO] X=32 Y=32 Src=128,128 - 160,160 TexW=256 TexH=384
2026-08-21 01:48:10 [INFO] X=64 Y=32 Src=96,0 - 128,32 TexW=384 TexH=384
2026-08-21 01:48:10 [INFO] X=64 Y=32 Src=160,128 - 192,160 TexW=256 TexH=384
2026-08-21 01:48:10 [INFO] X=96 Y=32 Src=0,0 - 32,32 TexW=384 TexH=384
2026-08-21 01:48:10 [INFO] X=96 Y=32 Src=128,128 - 160,160 TexW=256 TexH=384
2026-08-21 01:48:10 [INFO] X=128 Y=32 Src=32,0 - 64,32 TexW=384 TexH=384
2026-08-21 01:48:10 [INFO] X=128 Y=32 Src=160,128 - 192,160 TexW=256 TexH=384
2026-08-21 01:48:10 [INFO] X=160 Y=32 Src=64,0 - 96,32 TexW=384 TexH=384
2026-08-21 01:48:10 [INFO] X=160 Y=32 Src=128,128 - 160,160 TexW=256 TexH=384
2026-08-21 01:48:10 [INFO] X=192 Y=32 Src=96,0 - 128,32 TexW=384 TexH=384
2026-08-21 01:48:10 [INFO] X=192 Y=32 Src=160,128 - 192,160 TexW=256 TexH=384
2026-08-21 01:48:10 [INFO] X=224 Y=32 Src=0,0 - 32,32 TexW=384 TexH=384
2026-08-21 01:48:10 [INFO] X=224 Y=32 Src=128,128 - 160,160 TexW=256 TexH=384
2026-08-21 01:48:10 [INFO] X=256 Y=32 Src=32,0 - 64,32 TexW=384 TexH=384
2026-08-21 01:48:10 [INFO] X=256 Y=32 Src=160,128 - 192,160 TexW=256 TexH=384
2026-08-21 01:48:10 [INFO] X=288 Y=32 Src=64,0 - 96,32 TexW=384 TexH=384
2026-08-21 01:48:10 [INFO] X=288 Y=32 Src=128,128 - 160,160 TexW=256 TexH=384
2026-08-21 01:48:10 [INFO] X=320 Y=32 Src=96,0 - 128,32 TexW=384 TexH=384
2026-08-21 01:48:10 [INFO] X=320 Y=32 Src=160,128 - 192,160 TexW=256 TexH=384
2026-08-21 01:48:10 [INFO] X=352 Y=32 Src=0,0 - 32,32 TexW=384 TexH=384
2026-08-21 01:48:10 [INFO] X=352 Y=32 Src=128,128 - 160,160 TexW=256 TexH=384
2026-08-21 01:48:10 [INFO] X=384 Y=32 Src=32,0 - 64,32 TexW=384 TexH=384
2026-08-21 01:48:10 [INFO] X=384 Y=32 Src=160,128 - 192,160 TexW=256 TexH=384
2026-08-21 01:48:10 [INFO] X=416 Y=32 Src=64,0 - 96,32 TexW=384 TexH=384
2026-08-21 01:48:10 [INFO] X=416 Y=32 Src=128,128 - 160,160 TexW=256 TexH=384
2026-08-21 01:48:10 [INFO] X=448 Y=32 Src=96,0 - 128,32 TexW=384 TexH=384
2026-08-21 01:48:10 [INFO] X=448 Y=32 Src=160,128 - 192,160 TexW=256 TexH=384
2026-08-21 01:48:10 [INFO] X=480 Y=32 Src=0,0 - 32,32 TexW=384 TexH=384
2026-08-21 01:48:10 [INFO] X=480 Y=32 Src=128,128 - 160,160 TexW=256 TexH=384
2026-08-21 01:48:10 [INFO] X=512 Y=32 Src=32,0 - 64,32 TexW=384 TexH=384
2026-08-21 01:48:10 [INFO] X=512 Y=32 Src=160,128 - 192,160 TexW=256 TexH=384
2026-08-21 01:48:10 [INFO] X=544 Y=32 Src=64,0 - 96,32 TexW=384 TexH=384
2026-08-21 01:48:10 [INFO] X=544 Y=32 Src=128,128 - 160,160 TexW=256 TexH=384
2026-08-21 01:48:10 [INFO] X=-32 Y=64 Src=0,64 - 32,96 TexW=384 TexH=384
2026-08-21 01:48:10 [INFO] X=0 Y=64 Src=32,64 - 64,96 TexW=384 TexH=384
2026-08-21 01:48:10 [INFO] X=32 Y=64 Src=64,64 - 96,96 TexW=384 TexH=384
2026-08-21 01:48:10 [INFO] X=64 Y=64 Src=96,64 - 128,96 TexW=384 TexH=384
2026-08-21 01:48:10 [INFO] X=96 Y=64 Src=0,64 - 32,96 TexW=384 TexH=384
2026-08-21 01:48:10 [INFO] X=128 Y=64 Src=32,64 - 64,96 TexW=384 TexH=384
2026-08-21 01:48:10 [INFO] X=160 Y=64 Src=64,64 - 96,96 TexW=384 TexH=384
2026-08-21 01:48:10 [INFO] X=192 Y=64 Src=96,64 - 128,96 TexW=384 TexH=384
2026-08-21 01:48:10 [INFO] X=224 Y=64 Src=0,64 - 32,96 TexW=384 TexH=384
2026-08-21 01:48:10 [INFO] X=256 Y=64 Src=32,64 - 64,96 TexW=384 TexH=384
2026-08-21 01:48:10 [INFO] X=288 Y=64 Src=64,64 - 96,96 TexW=384 TexH=384
2026-08-21 01:48:10 [INFO] X=320 Y=64 Src=96,64 - 128,96 TexW=384 TexH=384
2026-08-21 01:48:10 [INFO] X=352 Y=64 Src=0,64 - 32,96 TexW=384 TexH=384
2026-08-21 01:48:10 [INFO] X=384 Y=64 Src=32,64 - 64,96 TexW=384 TexH=384
2026-08-21 01:48:10 [INFO] X=416 Y=64 Src=64,64 - 96,96 TexW=384 TexH=384
2026-08-21 01:48:10 [INFO] X=448 Y=64 Src=96,64 - 128,96 TexW=384 TexH=384
2026-08-21 01:48:10 [INFO] X=480 Y=64 Src=0,64 - 32,96 TexW=384 TexH=384
2026-08-21 01:48:10 [INFO] X=512 Y=64 Src=32,64 - 64,96 TexW=384 TexH=384
2026-08-21 01:48:10 [INFO] X=544 Y=64 Src=64,64 - 96,96 TexW=384 TexH=384
2026-08-21 01:48:10 [INFO] X=-32 Y=96 Src=0,0 - 32,32 TexW=384 TexH=384
2026-08-21 01:48:10 [INFO] X=0 Y=96 Src=32,0 - 64,32 TexW=384 TexH=384
2026-08-21 01:48:10 [INFO] X=32 Y=96 Src=64,0 - 96,32 TexW=384 TexH=384
2026-08-21 01:48:10 [INFO] X=64 Y=96 Src=96,0 - 128,32 TexW=384 TexH=384
2026-08-21 01:48:10 [INFO] X=96 Y=96 Src=0,0 - 32,32 TexW=384 TexH=384
2026-08-21 01:48:10 [INFO] X=128 Y=96 Src=32,0 - 64,32 TexW=384 TexH=384
2026-08-21 01:48:10 [INFO] X=160 Y=96 Src=64,0 - 96,32 TexW=384 TexH=384
2026-08-21 01:48:10 [INFO] X=192 Y=96 Src=96,0 - 128,32 TexW=384 TexH=384
2026-08-21 01:48:10 [INFO] X=224 Y=96 Src=0,0 - 32,32 TexW=384 TexH=384
2026-08-21 01:48:10 [INFO] X=256 Y=96 Src=32,0 - 64,32 TexW=384 TexH=384
2026-08-21 01:48:10 [INFO] X=288 Y=96 Src=64,0 - 96,32 TexW=384 TexH=384
2026-08-21 01:48:10 [INFO] X=320 Y=96 Src=96,0 - 128,32 TexW=384 TexH=384
2026-08-21 01:48:10 [INFO] X=352 Y=96 Src=0,0 - 32,32 TexW=384 TexH=384
2026-08-21 01:48:10 [INFO] X=384 Y=96 Src=32,0 - 64,32 TexW=384 TexH=384
2026-08-21 01:48:10 [INFO] X=416 Y=96 Src=64,0 - 96,32 TexW=384 TexH=384
2026-08-21 01:48:10 [INFO] X=448 Y=96 Src=96,0 - 128,32 TexW=384 TexH=384
2026-08-21 01:48:10 [INFO] X=480 Y=96 Src=0,0 - 32,32 TexW=384 TexH=384
2026-08-21 01:48:10 [INFO] X=512 Y=96 Src=32,0 - 64,32 TexW=384 TexH=384
2026-08-21 01:48:10 [INFO] X=544 Y=96 Src=64,0 - 96,32 TexW=384 TexH=384
2026-08-21 01:48:10 [INFO] X=-32 Y=128 Src=0,64 - 32,96 TexW=384 TexH=384
2026-08-21 01:48:10 [INFO] X=0 Y=128 Src=32,64 - 64,96 TexW=384 TexH=384
2026-08-21 01:48:10 [INFO] X=32 Y=128 Src=64,64 - 96,96 TexW=384 TexH=384
2026-08-21 01:48:10 [INFO] X=64 Y=128 Src=96,64 - 128,96 TexW=384 TexH=384
2026-08-21 01:48:10 [INFO] X=96 Y=128 Src=0,64 - 32,96 TexW=384 TexH=384
2026-08-21 01:48:10 [INFO] X=128 Y=128 Src=32,64 - 64,96 TexW=384 TexH=384
2026-08-21 01:48:10 [INFO] X=160 Y=128 Src=64,64 - 96,96 TexW=384 TexH=384
2026-08-21 01:48:10 [INFO] X=192 Y=128 Src=96,64 - 128,96 TexW=384 TexH=384
2026-08-21 01:48:10 [INFO] X=224 Y=128 Src=0,64 - 32,96 TexW=384 TexH=384
2026-08-21 01:48:10 [INFO] X=256 Y=128 Src=32,64 - 64,96 TexW=384 TexH=384
2026-08-21 01:48:10 [INFO] X=288 Y=128 Src=64,64 - 96,96 TexW=384 TexH=384
2026-08-21 01:48:10 [INFO] X=320 Y=128 Src=96,64 - 128,96 TexW=384 TexH=384
2026-08-21 01:48:10 [INFO] X=352 Y=128 Src=0,64 - 32,96 TexW=384 TexH=384
2026-08-21 01:48:10 [INFO] X=384 Y=128 Src=32,64 - 64,96 TexW=384 TexH=384
2026-08-21 01:48:10 [INFO] X=416 Y=128 Src=64,64 - 96,96 TexW=384 TexH=384
2026-08-21 01:48:10 [INFO] X=448 Y=128 Src=96,64 - 128,96 TexW=384 TexH=384
2026-08-21 01:48:10 [INFO] X=480 Y=128 Src=0,64 - 32,96 TexW=384 TexH=384
2026-08-21 01:48:10 [INFO] X=512 Y=128 Src=32,64 - 64,96 TexW=384 TexH=384
2026-08-21 01:48:10 [INFO] X=544 Y=128 Src=64,64 - 96,96 TexW=384 TexH=384
2026-08-21 01:48:10 [INFO] X=-32 Y=160 Src=0,0 - 32,32 TexW=384 TexH=384
2026-08-21 01:48:10 [INFO] X=0 Y=160 Src=32,0 - 64,32 TexW=384 TexH=384
2026-08-21 01:48:10 [INFO] X=32 Y=160 Src=64,0 - 96,32 TexW=384 TexH=384
2026-08-21 01:48:10 [INFO] X=64 Y=160 Src=96,0 - 128,32 TexW=384 TexH=384
2026-08-21 01:48:10 [INFO] X=96 Y=160 Src=0,0 - 32,32 TexW=384 TexH=384
2026-08-21 01:48:10 [INFO] X=128 Y=160 Src=32,0 - 64,32 TexW=384 TexH=384
2026-08-21 01:48:10 [INFO] X=160 Y=160 Src=64,0 - 96,32 TexW=384 TexH=384
2026-08-21 01:48:10 [INFO] X=192 Y=160 Src=96,0 - 128,32 TexW=384 TexH=384
2026-08-21 01:48:10 [INFO] X=224 Y=160 Src=0,0 - 32,32 TexW=384 TexH=384
2026-08-21 01:48:10 [INFO] X=256 Y=160 Src=32,0 - 64,32 TexW=384 TexH=384
2026-08-21 01:48:10 [INFO] X=288 Y=160 Src=64,0 - 96,32 TexW=384 TexH=384
2026-08-21 01:48:10 [INFO] X=320 Y=160 Src=96,0 - 128,32 TexW=384 TexH=384
2026-08-21 01:48:10 [INFO] X=352 Y=160 Src=0,0 - 32,32 TexW=384 TexH=384
2026-08-21 01:48:10 [INFO] X=384 Y=160 Src=32,0 - 64,32 TexW=384 TexH=384
2026-08-21 01:48:10 [INFO] X=416 Y=160 Src=64,0 - 96,32 TexW=384 TexH=384
2026-08-21 01:48:10 [INFO] X=448 Y=160 Src=96,0 - 128,32 TexW=384 TexH=384
2026-08-21 01:48:10 [INFO] X=480 Y=160 Src=0,0 - 32,32 TexW=384 TexH=384
2026-08-21 01:48:10 [INFO] X=512 Y=160 Src=32,0 - 64,32 TexW=384 TexH=384
2026-08-21 01:48:10 [INFO] X=544 Y=160 Src=64,0 - 96,32 TexW=384 TexH=384
2026-08-21 01:48:10 [INFO] X=-32 Y=192 Src=0,64 - 32,96 TexW=384 TexH=384
2026-08-21 01:48:10 [INFO] X=0 Y=192 Src=32,64 - 64,96 TexW=384 TexH=384
2026-08-21 01:48:10 [INFO] X=32 Y=192 Src=64,64 - 96,96 TexW=384 TexH=384
2026-08-21 01:48:10 [INFO] X=64 Y=192 Src=96,64 - 128,96 TexW=384 TexH=384
2026-08-21 01:48:10 [INFO] X=96 Y=192 Src=0,64 - 32,96 TexW=384 TexH=384
2026-08-21 01:48:10 [INFO] X=128 Y=192 Src=32,64 - 64,96 TexW=384 TexH=384
2026-08-21 01:48:10 [INFO] X=160 Y=192 Src=64,64 - 96,96 TexW=384 TexH=384
2026-08-21 01:48:10 [INFO] X=192 Y=192 Src=96,64 - 128,96 TexW=384 TexH=384
2026-08-21 01:48:10 [INFO] X=224 Y=192 Src=0,64 - 32,96 TexW=384 TexH=384
2026-08-21 01:48:10 [INFO] X=256 Y=192 Src=32,64 - 64,96 TexW=384 TexH=384
2026-08-21 01:48:10 [INFO] X=288 Y=192 Src=64,64 - 96,96 TexW=384 TexH=384
2026-08-21 01:48:10 [INFO] X=320 Y=192 Src=96,64 - 128,96 TexW=384 TexH=384
2026-08-21 01:48:10 [INFO] X=352 Y=192 Src=0,64 - 32,96 TexW=384 TexH=384
2026-08-21 01:48:10 [INFO] X=384 Y=192 Src=32,64 - 64,96 TexW=384 TexH=384
2026-08-21 01:48:10 [INFO] X=416 Y=192 Src=64,64 - 96,96 TexW=384 TexH=384
2026-08-21 01:48:10 [INFO] X=448 Y=192 Src=96,64 - 128,96 TexW=384 TexH=384
2026-08-21 01:48:10 [INFO] X=480 Y=192 Src=0,64 - 32,96 TexW=384 TexH=384
2026-08-21 01:48:10 [INFO] X=512 Y=192 Src=32,64 - 64,96 TexW=384 TexH=384
2026-08-21 01:48:10 [INFO] X=544 Y=192 Src=64,64 - 96,96 TexW=384 TexH=384
2026-08-21 01:48:10 [INFO] X=-304 Y=-415 Src=0,0 - 64,95 TexW=64 TexH=95
2026-08-21 01:48:10 [INFO] X=-368 Y=-576 Src=0,0 - 256,256 TexW=256 TexH=256
2026-08-21 01:48:10 [INFO] X=-182 Y=-475 Src=0,0 - 77,155 TexW=77 TexH=155
2026-08-21 01:48:10 [INFO] X=-208 Y=-576 Src=0,0 - 256,256 TexW=256 TexH=256
2026-08-21 01:48:10 [INFO] X=48 Y=-320 Src=0,0 - 128,32 TexW=128 TexH=32
2026-08-21 01:48:10 [INFO] X=176 Y=-320 Src=0,0 - 128,32 TexW=128 TexH=32
2026-08-21 01:48:10 [INFO] X=464 Y=-320 Src=0,0 - 128,32 TexW=128 TexH=32
2026-08-21 01:48:10 [INFO] X=592 Y=-320 Src=0,0 - 128,32 TexW=128 TexH=32
2026-08-21 01:48:10 [INFO] X=-176 Y=-512 Src=0,0 - 256,256 TexW=256 TexH=256
2026-08-21 01:48:10 [INFO] X=208 Y=-512 Src=0,0 - 256,256 TexW=256 TexH=256
2026-08-21 01:48:10 [INFO] X=-352 Y=-256 Src=0,0 - 32,32 TexW=64 TexH=32
2026-08-21 01:48:10 [INFO] X=835 Y=-270 Src=0,0 - 26,46 TexW=174 TexH=181
2026-08-21 01:48:10 [INFO] X=-176 Y=-448 Src=0,0 - 256,256 TexW=256 TexH=256
2026-08-21 01:48:10 [INFO] X=48 Y=-224 Src=0,0 - 128,32 TexW=128 TexH=32
2026-08-21 01:48:10 [INFO] X=176 Y=-224 Src=0,0 - 128,32 TexW=128 TexH=32
2026-08-21 01:48:10 [INFO] X=384 Y=-224 Src=608,64 - 640,96 TexW=640 TexH=742
2026-08-21 01:48:10 [INFO] X=480 Y=-224 Src=608,64 - 640,96 TexW=640 TexH=742
2026-08-21 01:48:10 [INFO] X=464 Y=-224 Src=0,0 - 128,32 TexW=128 TexH=32
2026-08-21 01:48:10 [INFO] X=592 Y=-224 Src=0,0 - 128,32 TexW=128 TexH=32
2026-08-21 01:48:10 [INFO] X=-253 Y=-206 Src=0,0 - 26,46 TexW=149 TexH=181
2026-08-21 01:48:10 [INFO] X=163 Y=-206 Src=0,0 - 26,46 TexW=149 TexH=181
2026-08-21 01:48:10 [INFO] X=168 Y=-214 Src=64,0 - 80,16 TexW=708 TexH=202
2026-08-21 01:48:10 [INFO] X=-352 Y=-160 Src=0,0 - 32,32 TexW=64 TexH=32
2026-08-21 01:48:10 [INFO] X=352 Y=-160 Src=608,64 - 640,96 TexW=640 TexH=742
2026-08-21 01:48:10 [INFO] X=480 Y=-160 Src=608,64 - 640,96 TexW=640 TexH=742
2026-08-21 01:48:10 [INFO] X=74 Y=-251 Src=0,0 - 77,155 TexW=77 TexH=155
2026-08-21 01:48:10 [INFO] X=419 Y=-142 Src=0,0 - 26,46 TexW=149 TexH=181
2026-08-21 01:48:10 [INFO] X=424 Y=-150 Src=320,0 - 336,16 TexW=708 TexH=202
2026-08-21 01:48:10 [INFO] X=448 Y=-128 Src=256,96 - 288,128 TexW=640 TexH=742
2026-08-21 01:48:10 [INFO] X=586 Y=-251 Src=0,0 - 77,155 TexW=77 TexH=155
2026-08-21 01:48:10 [INFO] X=-32 Y=-64 Src=608,64 - 640,96 TexW=640 TexH=742
2026-08-21 01:48:10 [INFO] X=448 Y=-64 Src=608,64 - 640,96 TexW=640 TexH=742
2026-08-21 01:48:10 [INFO] X=464 Y=-288 Src=0,0 - 256,256 TexW=256 TexH=256
2026-08-21 01:48:10 [INFO] X=0 Y=0 Src=608,64 - 640,96 TexW=640 TexH=742
2026-08-21 01:48:10 [INFO] X=291 Y=-14 Src=0,0 - 26,46 TexW=149 TexH=181
2026-08-21 01:48:10 [INFO] X=296 Y=-22 Src=256,48 - 272,64 TexW=708 TexH=202
2026-08-21 01:48:10 [INFO] X=736 Y=-64 Src=0,96 - 96,192 TexW=288 TexH=192
2026-08-21 01:48:10 [INFO] X=656 Y=32 Src=0,0 - 64,32 TexW=64 TexH=32
2026-08-21 01:48:10 [INFO] X=867 Y=18 Src=0,0 - 26,46 TexW=149 TexH=181
2026-08-21 01:48:10 [INFO] X=872 Y=10 Src=0,0 - 16,16 TexW=708 TexH=202
2026-08-21 01:48:10 [INFO] X=-349 Y=50 Src=0,0 - 26,46 TexW=149 TexH=181
2026-08-21 01:48:10 [INFO] X=-344 Y=42 Src=384,16 - 400,32 TexW=708 TexH=202
2026-08-21 01:48:10 [INFO] X=-285 Y=50 Src=0,0 - 26,46 TexW=149 TexH=181
2026-08-21 01:48:10 [INFO] X=-280 Y=42 Src=384,16 - 400,32 TexW=708 TexH=202
2026-08-21 01:48:10 [INFO] X=-182 Y=-59 Src=0,0 - 77,155 TexW=77 TexH=155
2026-08-21 01:48:10 [INFO] X=-61 Y=50 Src=0,0 - 26,46 TexW=149 TexH=181
2026-08-21 01:48:10 [INFO] X=-56 Y=42 Src=272,128 - 288,144 TexW=708 TexH=202
2026-08-21 01:48:10 [INFO] X=42 Y=-59 Src=0,0 - 77,155 TexW=77 TexH=155
2026-08-21 01:48:10 [INFO] X=259 Y=178 Src=0,0 - 26,46 TexW=149 TexH=181
2026-08-21 01:48:10 [INFO] X=264 Y=170 Src=128,16 - 144,32 TexW=708 TexH=202
2026-08-21 01:48:10 [INFO] X=611 Y=306 Src=0,0 - 26,46 TexW=149 TexH=181
2026-08-21 01:48:10 [INFO] X=616 Y=298 Src=256,48 - 272,64 TexW=708 TexH=202
2026-08-21 01:48:10 [INFO] X=-368 Y=128 Src=0,0 - 256,256 TexW=256 TexH=256
2026-08-21 01:48:10 [INFO] X=-240 Y=128 Src=0,0 - 256,256 TexW=256 TexH=256
2026-08-21 01:48:10 [INFO] X=-112 Y=128 Src=0,0 - 256,256 TexW=256 TexH=256
2026-08-21 01:48:10 [INFO] X=283 Y=384 Src=780,512 - 823,576 TexW=1792 TexH=640
2026-08-21 01:48:10 [INFO] X=443 Y=384 Src=780,512 - 823,576 TexW=1792 TexH=640
2026-08-21 01:48:10 [INFO] X=592 Y=192 Src=0,0 - 256,256 TexW=256 TexH=256
2026-08-21 01:48:10 [INFO] X=688 Y=192 Src=0,0 - 256,256 TexW=256 TexH=256
2026-08-21 01:48:10 [INFO] X=323 Y=448 Src=156,0 - 182,96 TexW=234 TexH=97
2026-08-21 01:48:10 [INFO] X=355 Y=498 Src=0,0 - 26,46 TexW=149 TexH=181
2026-08-21 01:48:10 [INFO] X=360 Y=490 Src=384,32 - 400,48 TexW=708 TexH=202
2026-08-21 01:48:10 [INFO] X=384 Y=512 Src=64,672 - 96,704 TexW=640 TexH=742
2026-08-21 01:48:10 [INFO] X=419 Y=448 Src=156,0 - 182,96 TexW=234 TexH=97
2026-08-21 01:48:10 [INFO] X=-368 Y=320 Src=0,0 - 256,256 TexW=256 TexH=256
2026-08-21 01:48:10 [INFO] X=688 Y=384 Src=0,0 - 256,256 TexW=256 TexH=256
2026-08-21 01:48:10 [INFO] X=-368 Y=448 Src=0,0 - 256,256 TexW=256 TexH=256
2026-08-21 01:48:10 [INFO] X=-127 Y=636 Src=180,0 - 210,68 TexW=270 TexH=68
2026-08-21 01:48:10 [INFO] X=-208 Y=448 Src=0,0 - 256,256 TexW=256 TexH=256
2026-08-21 01:48:10 [INFO] X=-285 Y=690 Src=0,0 - 26,46 TexW=149 TexH=181
2026-08-21 01:48:10 [INFO] X=-280 Y=682 Src=64,0 - 80,16 TexW=708 TexH=202
2026-08-21 01:48:10 [INFO] X=-253 Y=690 Src=0,0 - 26,46 TexW=149 TexH=181
2026-08-21 01:48:10 [INFO] X=-248 Y=682 Src=639,64 - 655,80 TexW=708 TexH=202
2026-08-21 01:48:10 [INFO] X=-221 Y=690 Src=0,0 - 26,46 TexW=149 TexH=181
2026-08-21 01:48:10 [INFO] X=-216 Y=682 Src=272,128 - 288,144 TexW=708 TexH=202
2026-08-21 01:48:10 [INFO] X=-32 Y=-32 Src=0,0 - 32,32 TexW=512 TexH=128
2026-08-21 01:48:10 [INFO] X=0 Y=-32 Src=32,0 - 64,32 TexW=512 TexH=128
2026-08-21 01:48:10 [INFO] X=32 Y=-32 Src=64,0 - 96,32 TexW=512 TexH=128
2026-08-21 01:48:10 [INFO] X=32 Y=-32 Src=512,192 - 544,224 TexW=640 TexH=742
2026-08-21 01:48:10 [INFO] X=64 Y=-32 Src=96,0 - 128,32 TexW=512 TexH=128
2026-08-21 01:48:10 [INFO] X=96 Y=-32 Src=0,0 - 32,32 TexW=512 TexH=128
2026-08-21 01:48:10 [INFO] X=128 Y=-32 Src=32,0 - 64,32 TexW=512 TexH=128
2026-08-21 01:48:10 [INFO] X=160 Y=-32 Src=64,0 - 96,32 TexW=512 TexH=128
2026-08-21 01:48:10 [INFO] X=192 Y=-32 Src=96,0 - 128,32 TexW=512 TexH=128
2026-08-21 01:48:10 [INFO] X=224 Y=-32 Src=0,0 - 32,32 TexW=512 TexH=128
2026-08-21 01:48:10 [INFO] X=256 Y=-32 Src=32,0 - 64,32 TexW=512 TexH=128
2026-08-21 01:48:10 [INFO] X=288 Y=-32 Src=64,0 - 96,32 TexW=512 TexH=128
2026-08-21 01:48:10 [INFO] X=320 Y=-32 Src=96,0 - 128,32 TexW=512 TexH=128
2026-08-21 01:48:10 [INFO] X=352 Y=-32 Src=0,0 - 32,32 TexW=512 TexH=128
2026-08-21 01:48:10 [INFO] X=384 Y=-32 Src=32,0 - 64,32 TexW=512 TexH=128
2026-08-21 01:48:10 [INFO] X=362 Y=-58 Src=0,0 - 77,58 TexW=77 TexH=58
2026-08-21 01:48:10 [INFO] X=416 Y=-32 Src=64,0 - 96,32 TexW=512 TexH=128
2026-08-21 01:48:10 [INFO] X=448 Y=-32 Src=96,0 - 128,32 TexW=512 TexH=128
2026-08-21 01:48:10 [INFO] X=480 Y=-32 Src=0,0 - 32,32 TexW=512 TexH=128
2026-08-21 01:48:10 [INFO] X=512 Y=-32 Src=32,0 - 64,32 TexW=512 TexH=128
2026-08-21 01:48:10 [INFO] X=544 Y=-32 Src=64,0 - 96,32 TexW=512 TexH=128
2026-08-21 01:48:10 [INFO] X=-32 Y=0 Src=0,64 - 32,96 TexW=512 TexH=128
2026-08-21 01:48:10 [INFO] X=0 Y=0 Src=32,64 - 64,96 TexW=512 TexH=128
2026-08-21 01:48:10 [INFO] X=32 Y=0 Src=64,64 - 96,96 TexW=512 TexH=128
2026-08-21 01:48:10 [INFO] X=64 Y=0 Src=96,64 - 128,96 TexW=512 TexH=128
2026-08-21 01:48:10 [INFO] X=96 Y=0 Src=0,64 - 32,96 TexW=512 TexH=128
2026-08-21 01:48:10 [INFO] X=128 Y=0 Src=32,64 - 64,96 TexW=512 TexH=128
2026-08-21 01:48:10 [INFO] X=160 Y=0 Src=64,64 - 96,96 TexW=512 TexH=128
2026-08-21 01:48:10 [INFO] X=192 Y=0 Src=96,64 - 128,96 TexW=512 TexH=128
2026-08-21 01:48:10 [INFO] X=224 Y=0 Src=0,64 - 32,96 TexW=512 TexH=128
2026-08-21 01:48:10 [INFO] X=256 Y=0 Src=32,64 - 64,96 TexW=512 TexH=128
2026-08-21 01:48:10 [INFO] X=288 Y=0 Src=64,64 - 96,96 TexW=512 TexH=128
2026-08-21 01:48:10 [INFO] X=320 Y=0 Src=96,64 - 128,96 TexW=512 TexH=128
2026-08-21 01:48:10 [INFO] X=352 Y=0 Src=0,64 - 32,96 TexW=512 TexH=128
2026-08-21 01:48:10 [INFO] X=384 Y=0 Src=32,64 - 64,96 TexW=512 TexH=128
2026-08-21 01:48:10 [INFO] X=416 Y=0 Src=64,64 - 96,96 TexW=512 TexH=128
2026-08-21 01:48:10 [INFO] X=448 Y=0 Src=96,64 - 128,96 TexW=512 TexH=128
2026-08-21 01:48:10 [INFO] X=480 Y=0 Src=0,64 - 32,96 TexW=512 TexH=128
2026-08-21 01:48:10 [INFO] X=512 Y=0 Src=32,64 - 64,96 TexW=512 TexH=128
2026-08-21 01:48:10 [INFO] X=544 Y=0 Src=64,64 - 96,96 TexW=512 TexH=128
2026-08-21 01:48:10 [INFO] X=-32 Y=32 Src=256,0 - 288,32 TexW=384 TexH=384
2026-08-21 01:48:10 [INFO] X=-32 Y=32 Src=128,128 - 160,160 TexW=256 TexH=384
2026-08-21 01:48:10 [INFO] X=0 Y=32 Src=288,0 - 320,32 TexW=384 TexH=384
2026-08-21 01:48:10 [INFO] X=0 Y=32 Src=160,128 - 192,160 TexW=256 TexH=384
2026-08-21 01:48:10 [INFO] X=32 Y=32 Src=320,0 - 352,32 TexW=384 TexH=384
2026-08-21 01:48:10 [INFO] X=32 Y=32 Src=128,128 - 160,160 TexW=256 TexH=384
2026-08-21 01:48:10 [INFO] X=64 Y=32 Src=352,0 - 384,32 TexW=384 TexH=384
2026-08-21 01:48:10 [INFO] X=64 Y=32 Src=160,128 - 192,160 TexW=256 TexH=384
2026-08-21 01:48:10 [INFO] X=96 Y=32 Src=256,0 - 288,32 TexW=384 TexH=384
2026-08-21 01:48:10 [INFO] X=96 Y=32 Src=128,128 - 160,160 TexW=256 TexH=384
2026-08-21 01:48:10 [INFO] X=128 Y=32 Src=288,0 - 320,32 TexW=384 TexH=384
2026-08-21 01:48:10 [INFO] X=128 Y=32 Src=160,128 - 192,160 TexW=256 TexH=384
2026-08-21 01:48:10 [INFO] X=160 Y=32 Src=320,0 - 352,32 TexW=384 TexH=384
2026-08-21 01:48:10 [INFO] X=160 Y=32 Src=128,128 - 160,160 TexW=256 TexH=384
2026-08-21 01:48:10 [INFO] X=192 Y=32 Src=352,0 - 384,32 TexW=384 TexH=384
2026-08-21 01:48:10 [INFO] X=192 Y=32 Src=160,128 - 192,160 TexW=256 TexH=384
2026-08-21 01:48:10 [INFO] X=224 Y=32 Src=256,0 - 288,32 TexW=384 TexH=384
2026-08-21 01:48:10 [INFO] X=224 Y=32 Src=128,128 - 160,160 TexW=256 TexH=384
2026-08-21 01:48:10 [INFO] X=256 Y=32 Src=288,0 - 320,32 TexW=384 TexH=384
2026-08-21 01:48:10 [INFO] X=256 Y=32 Src=160,128 - 192,160 TexW=256 TexH=384
2026-08-21 01:48:10 [INFO] X=288 Y=32 Src=320,0 - 352,32 TexW=384 TexH=384
2026-08-21 01:48:10 [INFO] X=288 Y=32 Src=128,128 - 160,160 TexW=256 TexH=384
2026-08-21 01:48:10 [INFO] X=320 Y=32 Src=352,0 - 384,32 TexW=384 TexH=384
2026-08-21 01:48:10 [INFO] X=320 Y=32 Src=160,128 - 192,160 TexW=256 TexH=384
2026-08-21 01:48:10 [INFO] X=352 Y=32 Src=256,0 - 288,32 TexW=384 TexH=384
2026-08-21 01:48:10 [INFO] X=352 Y=32 Src=128,128 - 160,160 TexW=256 TexH=384
2026-08-21 01:48:10 [INFO] X=384 Y=32 Src=288,0 - 320,32 TexW=384 TexH=384
2026-08-21 01:48:10 [INFO] X=384 Y=32 Src=160,128 - 192,160 TexW=256 TexH=384
2026-08-21 01:48:10 [INFO] X=416 Y=32 Src=320,0 - 352,32 TexW=384 TexH=384
2026-08-21 01:48:10 [INFO] X=416 Y=32 Src=128,128 - 160,160 TexW=256 TexH=384
2026-08-21 01:48:10 [INFO] X=448 Y=32 Src=352,0 - 384,32 TexW=384 TexH=384
2026-08-21 01:48:10 [INFO] X=448 Y=32 Src=160,128 - 192,160 TexW=256 TexH=384
2026-08-21 01:48:10 [INFO] X=480 Y=32 Src=256,0 - 288,32 TexW=384 TexH=384
2026-08-21 01:48:10 [INFO] X=480 Y=32 Src=128,128 - 160,160 TexW=256 TexH=384
2026-08-21 01:48:10 [INFO] X=512 Y=32 Src=288,0 - 320,32 TexW=384 TexH=384
2026-08-21 01:48:10 [INFO] X=512 Y=32 Src=160,128 - 192,160 TexW=256 TexH=384
2026-08-21 01:48:10 [INFO] X=544 Y=32 Src=320,0 - 352,32 TexW=384 TexH=384
2026-08-21 01:48:10 [INFO] X=544 Y=32 Src=128,128 - 160,160 TexW=256 TexH=384
2026-08-21 01:48:10 [INFO] X=-32 Y=64 Src=256,64 - 288,96 TexW=384 TexH=384
2026-08-21 01:48:10 [INFO] X=0 Y=64 Src=288,64 - 320,96 TexW=384 TexH=384
2026-08-21 01:48:10 [INFO] X=32 Y=64 Src=320,64 - 352,96 TexW=384 TexH=384
2026-08-21 01:48:10 [INFO] X=64 Y=64 Src=352,64 - 384,96 TexW=384 TexH=384
2026-08-21 01:48:10 [INFO] X=96 Y=64 Src=256,64 - 288,96 TexW=384 TexH=384
2026-08-21 01:48:10 [INFO] X=128 Y=64 Src=288,64 - 320,96 TexW=384 TexH=384
2026-08-21 01:48:10 [INFO] X=160 Y=64 Src=320,64 - 352,96 TexW=384 TexH=384
2026-08-21 01:48:10 [INFO] X=192 Y=64 Src=352,64 - 384,96 TexW=384 TexH=384
2026-08-21 01:48:10 [INFO] X=224 Y=64 Src=256,64 - 288,96 TexW=384 TexH=384
2026-08-21 01:48:10 [INFO] X=256 Y=64 Src=288,64 - 320,96 TexW=384 TexH=384
2026-08-21 01:48:10 [INFO] X=288 Y=64 Src=320,64 - 352,96 TexW=384 TexH=384
2026-08-21 01:48:10 [INFO] X=320 Y=64 Src=352,64 - 384,96 TexW=384 TexH=384
2026-08-21 01:48:10 [INFO] X=352 Y=64 Src=256,64 - 288,96 TexW=384 TexH=384
2026-08-21 01:48:10 [INFO] X=384 Y=64 Src=288,64 - 320,96 TexW=384 TexH=384
2026-08-21 01:48:10 [INFO] X=416 Y=64 Src=320,64 - 352,96 TexW=384 TexH=384
2026-08-21 01:48:10 [INFO] X=448 Y=64 Src=352,64 - 384,96 TexW=384 TexH=384
2026-08-21 01:48:10 [INFO] X=480 Y=64 Src=256,64 - 288,96 TexW=384 TexH=384
2026-08-21 01:48:10 [INFO] X=512 Y=64 Src=288,64 - 320,96 TexW=384 TexH=384
2026-08-21 01:48:10 [INFO] X=544 Y=64 Src=320,64 - 352,96 TexW=384 TexH=384
2026-08-21 01:48:10 [INFO] X=-32 Y=96 Src=256,0 - 288,32 TexW=384 TexH=384
2026-08-21 01:48:10 [INFO] X=0 Y=96 Src=288,0 - 320,32 TexW=384 TexH=384
2026-08-21 01:48:10 [INFO] X=32 Y=96 Src=320,0 - 352,32 TexW=384 TexH=384
2026-08-21 01:48:10 [INFO] X=64 Y=96 Src=352,0 - 384,32 TexW=384 TexH=384
2026-08-21 01:48:10 [INFO] X=96 Y=96 Src=256,0 - 288,32 TexW=384 TexH=384
2026-08-21 01:48:10 [INFO] X=128 Y=96 Src=288,0 - 320,32 TexW=384 TexH=384
2026-08-21 01:48:10 [INFO] X=160 Y=96 Src=320,0 - 352,32 TexW=384 TexH=384
2026-08-21 01:48:10 [INFO] X=192 Y=96 Src=352,0 - 384,32 TexW=384 TexH=384
2026-08-21 01:48:10 [INFO] X=224 Y=96 Src=256,0 - 288,32 TexW=384 TexH=384
2026-08-21 01:48:10 [INFO] X=256 Y=96 Src=288,0 - 320,32 TexW=384 TexH=384
2026-08-21 01:48:10 [INFO] X=288 Y=96 Src=320,0 - 352,32 TexW=384 TexH=384
2026-08-21 01:48:10 [INFO] X=320 Y=96 Src=352,0 - 384,32 TexW=384 TexH=384
2026-08-21 01:48:10 [INFO] X=352 Y=96 Src=256,0 - 288,32 TexW=384 TexH=384
2026-08-21 01:48:10 [INFO] X=384 Y=96 Src=288,0 - 320,32 TexW=384 TexH=384
2026-08-21 01:48:10 [INFO] X=416 Y=96 Src=320,0 - 352,32 TexW=384 TexH=384
2026-08-21 01:48:10 [INFO] X=448 Y=96 Src=352,0 - 384,32 TexW=384 TexH=384
2026-08-21 01:48:10 [INFO] X=480 Y=96 Src=256,0 - 288,32 TexW=384 TexH=384
2026-08-21 01:48:10 [INFO] X=512 Y=96 Src=288,0 - 320,32 TexW=384 TexH=384
2026-08-21 01:48:10 [INFO] X=544 Y=96 Src=320,0 - 352,32 TexW=384 TexH=384
2026-08-21 01:48:10 [INFO] X=-32 Y=128 Src=256,64 - 288,96 TexW=384 TexH=384
2026-08-21 01:48:10 [INFO] X=0 Y=128 Src=288,64 - 320,96 TexW=384 TexH=384
2026-08-21 01:48:10 [INFO] X=32 Y=128 Src=320,64 - 352,96 TexW=384 TexH=384
2026-08-21 01:48:10 [INFO] X=64 Y=128 Src=352,64 - 384,96 TexW=384 TexH=384
2026-08-21 01:48:10 [INFO] X=96 Y=128 Src=256,64 - 288,96 TexW=384 TexH=384
2026-08-21 01:48:10 [INFO] X=128 Y=128 Src=288,64 - 320,96 TexW=384 TexH=384
2026-08-21 01:48:10 [INFO] X=160 Y=128 Src=320,64 - 352,96 TexW=384 TexH=384
2026-08-21 01:48:10 [INFO] X=192 Y=128 Src=352,64 - 384,96 TexW=384 TexH=384
2026-08-21 01:48:10 [INFO] X=224 Y=128 Src=256,64 - 288,96 TexW=384 TexH=384
2026-08-21 01:48:10 [INFO] X=256 Y=128 Src=288,64 - 320,96 TexW=384 TexH=384
2026-08-21 01:48:10 [INFO] X=288 Y=128 Src=320,64 - 352,96 TexW=384 TexH=384
2026-08-21 01:48:10 [INFO] X=320 Y=128 Src=352,64 - 384,96 TexW=384 TexH=384
2026-08-21 01:48:10 [INFO] X=352 Y=128 Src=256,64 - 288,96 TexW=384 TexH=384
2026-08-21 01:48:10 [INFO] X=384 Y=128 Src=288,64 - 320,96 TexW=384 TexH=384
2026-08-21 01:48:10 [INFO] X=416 Y=128 Src=320,64 - 352,96 TexW=384 TexH=384
2026-08-21 01:48:10 [INFO] X=448 Y=128 Src=352,64 - 384,96 TexW=384 TexH=384
2026-08-21 01:48:10 [INFO] X=480 Y=128 Src=256,64 - 288,96 TexW=384 TexH=384
2026-08-21 01:48:10 [INFO] X=512 Y=128 Src=288,64 - 320,96 TexW=384 TexH=384
2026-08-21 01:48:10 [INFO] X=544 Y=128 Src=320,64 - 352,96 TexW=384 TexH=384
2026-08-21 01:48:10 [INFO] X=-32 Y=160 Src=256,0 - 288,32 TexW=384 TexH=384
2026-08-21 01:48:10 [INFO] X=0 Y=160 Src=288,0 - 320,32 TexW=384 TexH=384
2026-08-21 01:48:10 [INFO] X=32 Y=160 Src=320,0 - 352,32 TexW=384 TexH=384
2026-08-21 01:48:10 [INFO] X=64 Y=160 Src=352,0 - 384,32 TexW=384 TexH=384
2026-08-21 01:48:10 [INFO] X=96 Y=160 Src=256,0 - 288,32 TexW=384 TexH=384
2026-08-21 01:48:10 [INFO] X=128 Y=160 Src=288,0 - 320,32 TexW=384 TexH=384
2026-08-21 01:48:10 [INFO] X=160 Y=160 Src=320,0 - 352,32 TexW=384 TexH=384
2026-08-21 01:48:10 [INFO] X=192 Y=160 Src=352,0 - 384,32 TexW=384 TexH=384
2026-08-21 01:48:10 [INFO] X=224 Y=160 Src=256,0 - 288,32 TexW=384 TexH=384
2026-08-21 01:48:10 [INFO] X=256 Y=160 Src=288,0 - 320,32 TexW=384 TexH=384
2026-08-21 01:48:10 [INFO] X=288 Y=160 Src=320,0 - 352,32 TexW=384 TexH=384
2026-08-21 01:48:10 [INFO] X=320 Y=160 Src=352,0 - 384,32 TexW=384 TexH=384
2026-08-21 01:48:10 [INFO] X=352 Y=160 Src=256,0 - 288,32 TexW=384 TexH=384
2026-08-21 01:48:10 [INFO] X=384 Y=160 Src=288,0 - 320,32 TexW=384 TexH=384
2026-08-21 01:48:10 [INFO] X=416 Y=160 Src=320,0 - 352,32 TexW=384 TexH=384
2026-08-21 01:48:10 [INFO] X=448 Y=160 Src=352,0 - 384,32 TexW=384 TexH=384
2026-08-21 01:48:10 [INFO] X=480 Y=160 Src=256,0 - 288,32 TexW=384 TexH=384
2026-08-21 01:48:10 [INFO] X=512 Y=160 Src=288,0 - 320,32 TexW=384 TexH=384
2026-08-21 01:48:10 [INFO] X=544 Y=160 Src=320,0 - 352,32 TexW=384 TexH=384
2026-08-21 01:48:10 [INFO] X=-32 Y=192 Src=256,64 - 288,96 TexW=384 TexH=384
2026-08-21 01:48:10 [INFO] X=0 Y=192 Src=288,64 - 320,96 TexW=384 TexH=384
2026-08-21 01:48:11 [INFO] X=32 Y=192 Src=320,64 - 352,96 TexW=384 TexH=384
2026-08-21 01:48:11 [INFO] X=64 Y=192 Src=352,64 - 384,96 TexW=384 TexH=384
2026-08-21 01:48:11 [INFO] X=96 Y=192 Src=256,64 - 288,96 TexW=384 TexH=384
2026-08-21 01:48:11 [INFO] X=128 Y=192 Src=288,64 - 320,96 TexW=384 TexH=384
2026-08-21 01:48:11 [INFO] X=160 Y=192 Src=320,64 - 352,96 TexW=384 TexH=384
2026-08-21 01:48:11 [INFO] X=192 Y=192 Src=352,64 - 384,96 TexW=384 TexH=384
2026-08-21 01:48:11 [INFO] X=224 Y=192 Src=256,64 - 288,96 TexW=384 TexH=384
2026-08-21 01:48:11 [INFO] X=256 Y=192 Src=288,64 - 320,96 TexW=384 TexH=384
2026-08-21 01:48:11 [INFO] X=288 Y=192 Src=320,64 - 352,96 TexW=384 TexH=384
2026-08-21 01:48:11 [INFO] X=320 Y=192 Src=352,64 - 384,96 TexW=384 TexH=384
2026-08-21 01:48:11 [INFO] X=352 Y=192 Src=256,64 - 288,96 TexW=384 TexH=384
2026-08-21 01:48:11 [INFO] X=384 Y=192 Src=288,64 - 320,96 TexW=384 TexH=384
2026-08-21 01:48:11 [INFO] X=416 Y=192 Src=320,64 - 352,96 TexW=384 TexH=384
2026-08-21 01:48:11 [INFO] X=448 Y=192 Src=352,64 - 384,96 TexW=384 TexH=384
2026-08-21 01:48:11 [INFO] X=480 Y=192 Src=256,64 - 288,96 TexW=384 TexH=384
2026-08-21 01:48:11 [INFO] X=512 Y=192 Src=288,64 - 320,96 TexW=384 TexH=384
2026-08-21 01:48:11 [INFO] X=544 Y=192 Src=320,64 - 352,96 TexW=384 TexH=384
2026-08-21 01:48:11 [INFO] X=-304 Y=-415 Src=0,0 - 64,95 TexW=64 TexH=95
2026-08-21 01:48:11 [INFO] X=-368 Y=-576 Src=0,0 - 256,256 TexW=256 TexH=256
2026-08-21 01:48:11 [INFO] X=-182 Y=-475 Src=0,0 - 77,155 TexW=77 TexH=155
2026-08-21 01:48:11 [INFO] X=-208 Y=-576 Src=0,0 - 256,256 TexW=256 TexH=256
2026-08-21 01:48:11 [INFO] X=48 Y=-320 Src=0,0 - 128,32 TexW=128 TexH=32
2026-08-21 01:48:11 [INFO] X=176 Y=-320 Src=0,0 - 128,32 TexW=128 TexH=32
2026-08-21 01:48:11 [INFO] X=464 Y=-320 Src=0,0 - 128,32 TexW=128 TexH=32
2026-08-21 01:48:11 [INFO] X=592 Y=-320 Src=0,0 - 128,32 TexW=128 TexH=32
2026-08-21 01:48:11 [INFO] X=-176 Y=-512 Src=0,0 - 256,256 TexW=256 TexH=256
2026-08-21 01:48:11 [INFO] X=208 Y=-512 Src=0,0 - 256,256 TexW=256 TexH=256
2026-08-21 01:48:11 [INFO] X=-352 Y=-256 Src=0,0 - 32,32 TexW=64 TexH=32
2026-08-21 01:48:11 [INFO] X=835 Y=-270 Src=0,0 - 26,46 TexW=174 TexH=181
2026-08-21 01:48:11 [INFO] X=-176 Y=-448 Src=0,0 - 256,256 TexW=256 TexH=256
2026-08-21 01:48:11 [INFO] X=48 Y=-224 Src=0,0 - 128,32 TexW=128 TexH=32
2026-08-21 01:48:11 [INFO] X=176 Y=-224 Src=0,0 - 128,32 TexW=128 TexH=32
2026-08-21 01:48:11 [INFO] X=384 Y=-224 Src=608,64 - 640,96 TexW=640 TexH=742
2026-08-21 01:48:11 [INFO] X=480 Y=-224 Src=608,64 - 640,96 TexW=640 TexH=742
2026-08-21 01:48:11 [INFO] X=464 Y=-224 Src=0,0 - 128,32 TexW=128 TexH=32
2026-08-21 01:48:11 [INFO] X=592 Y=-224 Src=0,0 - 128,32 TexW=128 TexH=32
2026-08-21 01:48:11 [INFO] X=-253 Y=-206 Src=0,0 - 26,46 TexW=149 TexH=181
2026-08-21 01:48:11 [INFO] X=163 Y=-206 Src=0,0 - 26,46 TexW=149 TexH=181
2026-08-21 01:48:11 [INFO] X=168 Y=-214 Src=64,0 - 80,16 TexW=708 TexH=202
2026-08-21 01:48:11 [INFO] X=-352 Y=-160 Src=0,0 - 32,32 TexW=64 TexH=32
2026-08-21 01:48:11 [INFO] X=352 Y=-160 Src=608,64 - 640,96 TexW=640 TexH=742
2026-08-21 01:48:11 [INFO] X=480 Y=-160 Src=608,64 - 640,96 TexW=640 TexH=742
2026-08-21 01:48:11 [INFO] X=74 Y=-251 Src=0,0 - 77,155 TexW=77 TexH=155
2026-08-21 01:48:11 [INFO] X=419 Y=-142 Src=0,0 - 26,46 TexW=149 TexH=181
2026-08-21 01:48:11 [INFO] X=424 Y=-150 Src=320,0 - 336,16 TexW=708 TexH=202
2026-08-21 01:48:11 [INFO] X=448 Y=-128 Src=256,96 - 288,128 TexW=640 TexH=742
2026-08-21 01:48:11 [INFO] X=586 Y=-251 Src=0,0 - 77,155 TexW=77 TexH=155
2026-08-21 01:48:11 [INFO] X=-32 Y=-64 Src=608,64 - 640,96 TexW=640 TexH=742
2026-08-21 01:48:11 [INFO] X=448 Y=-64 Src=608,64 - 640,96 TexW=640 TexH=742
2026-08-21 01:48:11 [INFO] X=464 Y=-288 Src=0,0 - 256,256 TexW=256 TexH=256
2026-08-21 01:48:11 [INFO] X=0 Y=0 Src=608,64 - 640,96 TexW=640 TexH=742
2026-08-21 01:48:11 [INFO] X=291 Y=-14 Src=0,0 - 26,46 TexW=149 TexH=181
2026-08-21 01:48:11 [INFO] X=296 Y=-22 Src=256,48 - 272,64 TexW=708 TexH=202
2026-08-21 01:48:11 [INFO] X=736 Y=-64 Src=0,96 - 96,192 TexW=288 TexH=192
2026-08-21 01:48:11 [INFO] X=656 Y=32 Src=0,0 - 64,32 TexW=64 TexH=32
2026-08-21 01:48:11 [INFO] X=867 Y=18 Src=0,0 - 26,46 TexW=149 TexH=181
2026-08-21 01:48:11 [INFO] X=872 Y=10 Src=0,0 - 16,16 TexW=708 TexH=202
2026-08-21 01:48:11 [INFO] X=-349 Y=50 Src=0,0 - 26,46 TexW=149 TexH=181
2026-08-21 01:48:11 [INFO] X=-344 Y=42 Src=384,16 - 400,32 TexW=708 TexH=202
2026-08-21 01:48:11 [INFO] X=-285 Y=50 Src=0,0 - 26,46 TexW=149 TexH=181
2026-08-21 01:48:11 [INFO] X=-280 Y=42 Src=384,16 - 400,32 TexW=708 TexH=202
2026-08-21 01:48:11 [INFO] X=-182 Y=-59 Src=0,0 - 77,155 TexW=77 TexH=155
2026-08-21 01:48:11 [INFO] X=-61 Y=50 Src=0,0 - 26,46 TexW=149 TexH=181
2026-08-21 01:48:11 [INFO] X=-56 Y=42 Src=272,128 - 288,144 TexW=708 TexH=202
2026-08-21 01:48:11 [INFO] X=42 Y=-59 Src=0,0 - 77,155 TexW=77 TexH=155
2026-08-21 01:48:11 [INFO] X=259 Y=178 Src=0,0 - 26,46 TexW=149 TexH=181
2026-08-21 01:48:11 [INFO] X=264 Y=170 Src=128,16 - 144,32 TexW=708 TexH=202
2026-08-21 01:48:11 [INFO] X=611 Y=306 Src=0,0 - 26,46 TexW=149 TexH=181
2026-08-21 01:48:11 [INFO] X=616 Y=298 Src=256,48 - 272,64 TexW=708 TexH=202
2026-08-21 01:48:11 [INFO] X=-368 Y=128 Src=0,0 - 256,256 TexW=256 TexH=256
2026-08-21 01:48:11 [INFO] X=-240 Y=128 Src=0,0 - 256,256 TexW=256 TexH=256
2026-08-21 01:48:11 [INFO] X=-112 Y=128 Src=0,0 - 256,256 TexW=256 TexH=256
2026-08-21 01:48:11 [INFO] X=283 Y=384 Src=780,512 - 823,576 TexW=1792 TexH=640
2026-08-21 01:48:11 [INFO] X=443 Y=384 Src=780,512 - 823,576 TexW=1792 TexH=640
2026-08-21 01:48:11 [INFO] X=592 Y=192 Src=0,0 - 256,256 TexW=256 TexH=256
2026-08-21 01:48:11 [INFO] X=688 Y=192 Src=0,0 - 256,256 TexW=256 TexH=256
2026-08-21 01:48:11 [INFO] X=323 Y=448 Src=156,0 - 182,96 TexW=234 TexH=97
2026-08-21 01:48:11 [INFO] X=355 Y=498 Src=0,0 - 26,46 TexW=149 TexH=181
2026-08-21 01:48:11 [INFO] X=360 Y=490 Src=384,32 - 400,48 TexW=708 TexH=202
2026-08-21 01:48:11 [INFO] X=384 Y=512 Src=64,672 - 96,704 TexW=640 TexH=742
2026-08-21 01:48:11 [INFO] X=419 Y=448 Src=156,0 - 182,96 TexW=234 TexH=97
2026-08-21 01:48:11 [INFO] X=-368 Y=320 Src=0,0 - 256,256 TexW=256 TexH=256
2026-08-21 01:48:11 [INFO] X=688 Y=384 Src=0,0 - 256,256 TexW=256 TexH=256
2026-08-21 01:48:11 [INFO] X=-368 Y=448 Src=0,0 - 256,256 TexW=256 TexH=256
2026-08-21 01:48:11 [INFO] X=-127 Y=636 Src=180,0 - 210,68 TexW=270 TexH=68
2026-08-21 01:48:11 [INFO] X=-208 Y=448 Src=0,0 - 256,256 TexW=256 TexH=256
2026-08-21 01:48:11 [INFO] X=-285 Y=690 Src=0,0 - 26,46 TexW=149 TexH=181
2026-08-21 01:48:11 [INFO] X=-280 Y=682 Src=64,0 - 80,16 TexW=708 TexH=202
2026-08-21 01:48:11 [INFO] X=-253 Y=690 Src=0,0 - 26,46 TexW=149 TexH=181
2026-08-21 01:48:11 [INFO] X=-248 Y=682 Src=639,64 - 655,80 TexW=708 TexH=202
2026-08-21 01:48:11 [INFO] X=-221 Y=690 Src=0,0 - 26,46 TexW=149 TexH=181
2026-08-21 01:48:11 [INFO] X=-216 Y=682 Src=272,128 - 288,144 TexW=708 TexH=202
2026-08-21 01:48:11 [INFO] X=-32 Y=-32 Src=0,0 - 32,32 TexW=512 TexH=128
2026-08-21 01:48:11 [INFO] X=0 Y=-32 Src=32,0 - 64,32 TexW=512 TexH=128
2026-08-21 01:48:11 [INFO] X=32 Y=-32 Src=64,0 - 96,32 TexW=512 TexH=128
2026-08-21 01:48:11 [INFO] X=32 Y=-32 Src=512,192 - 544,224 TexW=640 TexH=742
2026-08-21 01:48:11 [INFO] X=64 Y=-32 Src=96,0 - 128,32 TexW=512 TexH=128
2026-08-21 01:48:11 [INFO] X=96 Y=-32 Src=0,0 - 32,32 TexW=512 TexH=128
2026-08-21 01:48:11 [INFO] X=128 Y=-32 Src=32,0 - 64,32 TexW=512 TexH=128
2026-08-21 01:48:11 [INFO] X=160 Y=-32 Src=64,0 - 96,32 TexW=512 TexH=128
2026-08-21 01:48:11 [INFO] X=192 Y=-32 Src=96,0 - 128,32 TexW=512 TexH=128
2026-08-21 01:48:11 [INFO] X=224 Y=-32 Src=0,0 - 32,32 TexW=512 TexH=128
2026-08-21 01:48:11 [INFO] X=256 Y=-32 Src=32,0 - 64,32 TexW=512 TexH=128
2026-08-21 01:48:11 [INFO] X=288 Y=-32 Src=64,0 - 96,32 TexW=512 TexH=128
2026-08-21 01:48:11 [INFO] X=320 Y=-32 Src=96,0 - 128,32 TexW=512 TexH=128
2026-08-21 01:48:11 [INFO] X=352 Y=-32 Src=0,0 - 32,32 TexW=512 TexH=128
2026-08-21 01:48:11 [INFO] X=384 Y=-32 Src=32,0 - 64,32 TexW=512 TexH=128
2026-08-21 01:48:11 [INFO] X=362 Y=-58 Src=0,0 - 77,58 TexW=77 TexH=58
2026-08-21 01:48:11 [INFO] X=416 Y=-32 Src=64,0 - 96,32 TexW=512 TexH=128
2026-08-21 01:48:11 [INFO] X=448 Y=-32 Src=96,0 - 128,32 TexW=512 TexH=128
2026-08-21 01:48:11 [INFO] X=480 Y=-32 Src=0,0 - 32,32 TexW=512 TexH=128
2026-08-21 01:48:11 [INFO] X=512 Y=-32 Src=32,0 - 64,32 TexW=512 TexH=128
2026-08-21 01:48:11 [INFO] X=544 Y=-32 Src=64,0 - 96,32 TexW=512 TexH=128
2026-08-21 01:48:11 [INFO] X=-32 Y=0 Src=0,64 - 32,96 TexW=512 TexH=128
2026-08-21 01:48:11 [INFO] X=0 Y=0 Src=32,64 - 64,96 TexW=512 TexH=128
2026-08-21 01:48:11 [INFO] X=32 Y=0 Src=64,64 - 96,96 TexW=512 TexH=128
2026-08-21 01:48:11 [INFO] X=64 Y=0 Src=96,64 - 128,96 TexW=512 TexH=128
2026-08-21 01:48:11 [INFO] X=96 Y=0 Src=0,64 - 32,96 TexW=512 TexH=128
2026-08-21 01:48:11 [INFO] X=128 Y=0 Src=32,64 - 64,96 TexW=512 TexH=128
2026-08-21 01:48:11 [INFO] X=160 Y=0 Src=64,64 - 96,96 TexW=512 TexH=128
2026-08-21 01:48:11 [INFO] X=192 Y=0 Src=96,64 - 128,96 TexW=512 TexH=128
2026-08-21 01:48:11 [INFO] X=224 Y=0 Src=0,64 - 32,96 TexW=512 TexH=128
2026-08-21 01:48:11 [INFO] X=256 Y=0 Src=32,64 - 64,96 TexW=512 TexH=128
2026-08-21 01:48:11 [INFO] X=288 Y=0 Src=64,64 - 96,96 TexW=512 TexH=128
2026-08-21 01:48:11 [INFO] X=320 Y=0 Src=96,64 - 128,96 TexW=512 TexH=128
2026-08-21 01:48:11 [INFO] X=352 Y=0 Src=0,64 - 32,96 TexW=512 TexH=128
2026-08-21 01:48:11 [INFO] X=384 Y=0 Src=32,64 - 64,96 TexW=512 TexH=128
2026-08-21 01:48:11 [INFO] X=416 Y=0 Src=64,64 - 96,96 TexW=512 TexH=128
2026-08-21 01:48:11 [INFO] X=448 Y=0 Src=96,64 - 128,96 TexW=512 TexH=128
2026-08-21 01:48:11 [INFO] X=480 Y=0 Src=0,64 - 32,96 TexW=512 TexH=128
2026-08-21 01:48:11 [INFO] X=512 Y=0 Src=32,64 - 64,96 TexW=512 TexH=128
2026-08-21 01:48:11 [INFO] X=544 Y=0 Src=64,64 - 96,96 TexW=512 TexH=128
2026-08-21 01:48:11 [INFO] X=-32 Y=32 Src=256,0 - 288,32 TexW=384 TexH=384
2026-08-21 01:48:11 [INFO] X=-32 Y=32 Src=128,128 - 160,160 TexW=256 TexH=384
2026-08-21 01:48:11 [INFO] X=0 Y=32 Src=288,0 - 320,32 TexW=384 TexH=384
2026-08-21 01:48:11 [INFO] X=0 Y=32 Src=160,128 - 192,160 TexW=256 TexH=384
2026-08-21 01:48:11 [INFO] X=32 Y=32 Src=320,0 - 352,32 TexW=384 TexH=384
2026-08-21 01:48:11 [INFO] X=32 Y=32 Src=128,128 - 160,160 TexW=256 TexH=384
2026-08-21 01:48:11 [INFO] X=64 Y=32 Src=352,0 - 384,32 TexW=384 TexH=384
2026-08-21 01:48:11 [INFO] X=64 Y=32 Src=160,128 - 192,160 TexW=256 TexH=384
2026-08-21 01:48:11 [INFO] X=96 Y=32 Src=256,0 - 288,32 TexW=384 TexH=384
2026-08-21 01:48:11 [INFO] X=96 Y=32 Src=128,128 - 160,160 TexW=256 TexH=384
2026-08-21 01:48:11 [INFO] X=128 Y=32 Src=288,0 - 320,32 TexW=384 TexH=384
2026-08-21 01:48:11 [INFO] X=128 Y=32 Src=160,128 - 192,160 TexW=256 TexH=384
2026-08-21 01:48:11 [INFO] X=160 Y=32 Src=320,0 - 352,32 TexW=384 TexH=384
2026-08-21 01:48:11 [INFO] X=160 Y=32 Src=128,128 - 160,160 TexW=256 TexH=384
2026-08-21 01:48:11 [INFO] X=192 Y=32 Src=352,0 - 384,32 TexW=384 TexH=384
2026-08-21 01:48:11 [INFO] X=192 Y=32 Src=160,128 - 192,160 TexW=256 TexH=384
2026-08-21 01:48:11 [INFO] X=224 Y=32 Src=256,0 - 288,32 TexW=384 TexH=384
2026-08-21 01:48:11 [INFO] X=224 Y=32 Src=128,128 - 160,160 TexW=256 TexH=384
2026-08-21 01:48:11 [INFO] X=256 Y=32 Src=288,0 - 320,32 TexW=384 TexH=384
2026-08-21 01:48:11 [INFO] X=256 Y=32 Src=160,128 - 192,160 TexW=256 TexH=384
2026-08-21 01:48:11 [INFO] X=288 Y=32 Src=320,0 - 352,32 TexW=384 TexH=384
2026-08-21 01:48:11 [INFO] X=288 Y=32 Src=128,128 - 160,160 TexW=256 TexH=384
2026-08-21 01:48:11 [INFO] X=320 Y=32 Src=352,0 - 384,32 TexW=384 TexH=384
2026-08-21 01:48:11 [INFO] X=320 Y=32 Src=160,128 - 192,160 TexW=256 TexH=384
2026-08-21 01:48:11 [INFO] X=352 Y=32 Src=256,0 - 288,32 TexW=384 TexH=384
2026-08-21 01:48:11 [INFO] X=352 Y=32 Src=128,128 - 160,160 TexW=256 TexH=384
2026-08-21 01:48:11 [INFO] X=384 Y=32 Src=288,0 - 320,32 TexW=384 TexH=384
2026-08-21 01:48:11 [INFO] X=384 Y=32 Src=160,128 - 192,160 TexW=256 TexH=384
2026-08-21 01:48:11 [INFO] X=416 Y=32 Src=320,0 - 352,32 TexW=384 TexH=384
2026-08-21 01:48:11 [INFO] X=416 Y=32 Src=128,128 - 160,160 TexW=256 TexH=384
2026-08-21 01:48:11 [INFO] X=448 Y=32 Src=352,0 - 384,32 TexW=384 TexH=384
2026-08-21 01:48:11 [INFO] X=448 Y=32 Src=160,128 - 192,160 TexW=256 TexH=384
2026-08-21 01:48:11 [INFO] X=480 Y=32 Src=256,0 - 288,32 TexW=384 TexH=384
2026-08-21 01:48:11 [INFO] X=480 Y=32 Src=128,128 - 160,160 TexW=256 TexH=384
2026-08-21 01:48:11 [INFO] X=512 Y=32 Src=288,0 - 320,32 TexW=384 TexH=384
2026-08-21 01:48:11 [INFO] X=512 Y=32 Src=160,128 - 192,160 TexW=256 TexH=384
2026-08-21 01:48:11 [INFO] X=544 Y=32 Src=320,0 - 352,32 TexW=384 TexH=384
2026-08-21 01:48:11 [INFO] X=544 Y=32 Src=128,128 - 160,160 TexW=256 TexH=384
2026-08-21 01:48:11 [INFO] X=-32 Y=64 Src=256,64 - 288,96 TexW=384 TexH=384
2026-08-21 01:48:11 [INFO] X=0 Y=64 Src=288,64 - 320,96 TexW=384 TexH=384
2026-08-21 01:48:11 [INFO] X=32 Y=64 Src=320,64 - 352,96 TexW=384 TexH=384
2026-08-21 01:48:11 [INFO] X=64 Y=64 Src=352,64 - 384,96 TexW=384 TexH=384
2026-08-21 01:48:11 [INFO] X=96 Y=64 Src=256,64 - 288,96 TexW=384 TexH=384
2026-08-21 01:48:11 [INFO] X=128 Y=64 Src=288,64 - 320,96 TexW=384 TexH=384
2026-08-21 01:48:11 [INFO] X=160 Y=64 Src=320,64 - 352,96 TexW=384 TexH=384
2026-08-21 01:48:11 [INFO] X=192 Y=64 Src=352,64 - 384,96 TexW=384 TexH=384
2026-08-21 01:48:11 [INFO] X=224 Y=64 Src=256,64 - 288,96 TexW=384 TexH=384
2026-08-21 01:48:11 [INFO] X=256 Y=64 Src=288,64 - 320,96 TexW=384 TexH=384
2026-08-21 01:48:11 [INFO] X=288 Y=64 Src=320,64 - 352,96 TexW=384 TexH=384
2026-08-21 01:48:11 [INFO] X=320 Y=64 Src=352,64 - 384,96 TexW=384 TexH=384
2026-08-21 01:48:11 [INFO] X=352 Y=64 Src=256,64 - 288,96 TexW=384 TexH=384
2026-08-21 01:48:11 [INFO] X=384 Y=64 Src=288,64 - 320,96 TexW=384 TexH=384
2026-08-21 01:48:11 [INFO] X=416 Y=64 Src=320,64 - 352,96 TexW=384 TexH=384
2026-08-21 01:48:11 [INFO] X=448 Y=64 Src=352,64 - 384,96 TexW=384 TexH=384
2026-08-21 01:48:11 [INFO] X=480 Y=64 Src=256,64 - 288,96 TexW=384 TexH=384
2026-08-21 01:48:11 [INFO] X=512 Y=64 Src=288,64 - 320,96 TexW=384 TexH=384
2026-08-21 01:48:11 [INFO] X=544 Y=64 Src=320,64 - 352,96 TexW=384 TexH=384
2026-08-21 01:48:11 [INFO] X=-32 Y=96 Src=256,0 - 288,32 TexW=384 TexH=384
2026-08-21 01:48:11 [INFO] X=0 Y=96 Src=288,0 - 320,32 TexW=384 TexH=384
2026-08-21 01:48:11 [INFO] X=32 Y=96 Src=320,0 - 352,32 TexW=384 TexH=384
2026-08-21 01:48:11 [INFO] X=64 Y=96 Src=352,0 - 384,32 TexW=384 TexH=384
2026-08-21 01:48:11 [INFO] X=96 Y=96 Src=256,0 - 288,32 TexW=384 TexH=384
2026-08-21 01:48:11 [INFO] X=128 Y=96 Src=288,0 - 320,32 TexW=384 TexH=384
2026-08-21 01:48:11 [INFO] X=160 Y=96 Src=320,0 - 352,32 TexW=384 TexH=384
2026-08-21 01:48:11 [INFO] X=192 Y=96 Src=352,0 - 384,32 TexW=384 TexH=384
2026-08-21 01:48:11 [INFO] X=224 Y=96 Src=256,0 - 288,32 TexW=384 TexH=384
2026-08-21 01:48:11 [INFO] X=256 Y=96 Src=288,0 - 320,32 TexW=384 TexH=384
2026-08-21 01:48:11 [INFO] X=288 Y=96 Src=320,0 - 352,32 TexW=384 TexH=384
2026-08-21 01:48:11 [INFO] X=320 Y=96 Src=352,0 - 384,32 TexW=384 TexH=384
2026-08-21 01:48:11 [INFO] X=352 Y=96 Src=256,0 - 288,32 TexW=384 TexH=384
2026-08-21 01:48:11 [INFO] X=384 Y=96 Src=288,0 - 320,32 TexW=384 TexH=384
2026-08-21 01:48:11 [INFO] X=416 Y=96 Src=320,0 - 352,32 TexW=384 TexH=384
2026-08-21 01:48:11 [INFO] X=448 Y=96 Src=352,0 - 384,32 TexW=384 TexH=384
2026-08-21 01:48:11 [INFO] X=480 Y=96 Src=256,0 - 288,32 TexW=384 TexH=384
2026-08-21 01:48:11 [INFO] X=512 Y=96 Src=288,0 - 320,32 TexW=384 TexH=384
2026-08-21 01:48:11 [INFO] X=544 Y=96 Src=320,0 - 352,32 TexW=384 TexH=384
2026-08-21 01:48:11 [INFO] X=-32 Y=128 Src=256,64 - 288,96 TexW=384 TexH=384
2026-08-21 01:48:11 [INFO] X=0 Y=128 Src=288,64 - 320,96 TexW=384 TexH=384
2026-08-21 01:48:11 [INFO] X=32 Y=128 Src=320,64 - 352,96 TexW=384 TexH=384
2026-08-21 01:48:11 [INFO] X=64 Y=128 Src=352,64 - 384,96 TexW=384 TexH=384
2026-08-21 01:48:11 [INFO] X=96 Y=128 Src=256,64 - 288,96 TexW=384 TexH=384
2026-08-21 01:48:11 [INFO] X=128 Y=128 Src=288,64 - 320,96 TexW=384 TexH=384
2026-08-21 01:48:11 [INFO] X=160 Y=128 Src=320,64 - 352,96 TexW=384 TexH=384
2026-08-21 01:48:11 [INFO] X=192 Y=128 Src=352,64 - 384,96 TexW=384 TexH=384
2026-08-21 01:48:11 [INFO] X=224 Y=128 Src=256,64 - 288,96 TexW=384 TexH=384
2026-08-21 01:48:11 [INFO] X=256 Y=128 Src=288,64 - 320,96 TexW=384 TexH=384
2026-08-21 01:48:11 [INFO] X=288 Y=128 Src=320,64 - 352,96 TexW=384 TexH=384
2026-08-21 01:48:11 [INFO] X=320 Y=128 Src=352,64 - 384,96 TexW=384 TexH=384
2026-08-21 01:48:11 [INFO] X=352 Y=128 Src=256,64 - 288,96 TexW=384 TexH=384
2026-08-21 01:48:11 [INFO] X=384 Y=128 Src=288,64 - 320,96 TexW=384 TexH=384
2026-08-21 01:48:11 [INFO] X=416 Y=128 Src=320,64 - 352,96 TexW=384 TexH=384
2026-08-21 01:48:11 [INFO] X=448 Y=128 Src=352,64 - 384,96 TexW=384 TexH=384
2026-08-21 01:48:11 [INFO] X=480 Y=128 Src=256,64 - 288,96 TexW=384 TexH=384
2026-08-21 01:48:11 [INFO] X=512 Y=128 Src=288,64 - 320,96 TexW=384 TexH=384
2026-08-21 01:48:11 [INFO] X=544 Y=128 Src=320,64 - 352,96 TexW=384 TexH=384
2026-08-21 01:48:11 [INFO] X=-32 Y=160 Src=256,0 - 288,32 TexW=384 TexH=384
2026-08-21 01:48:11 [INFO] X=0 Y=160 Src=288,0 - 320,32 TexW=384 TexH=384
2026-08-21 01:48:11 [INFO] X=32 Y=160 Src=320,0 - 352,32 TexW=384 TexH=384
2026-08-21 01:48:11 [INFO] X=64 Y=160 Src=352,0 - 384,32 TexW=384 TexH=384
2026-08-21 01:48:11 [INFO] X=96 Y=160 Src=256,0 - 288,32 TexW=384 TexH=384
2026-08-21 01:48:11 [INFO] X=128 Y=160 Src=288,0 - 320,32 TexW=384 TexH=384
2026-08-21 01:48:11 [INFO] X=160 Y=160 Src=320,0 - 352,32 TexW=384 TexH=384
2026-08-21 01:48:11 [INFO] X=192 Y=160 Src=352,0 - 384,32 TexW=384 TexH=384
2026-08-21 01:48:11 [INFO] X=224 Y=160 Src=256,0 - 288,32 TexW=384 TexH=384
2026-08-21 01:48:11 [INFO] X=256 Y=160 Src=288,0 - 320,32 TexW=384 TexH=384
2026-08-21 01:48:11 [INFO] X=288 Y=160 Src=320,0 - 352,32 TexW=384 TexH=384
2026-08-21 01:48:11 [INFO] X=320 Y=160 Src=352,0 - 384,32 TexW=384 TexH=384
2026-08-21 01:48:11 [INFO] X=352 Y=160 Src=256,0 - 288,32 TexW=384 TexH=384
2026-08-21 01:48:11 [INFO] X=384 Y=160 Src=288,0 - 320,32 TexW=384 TexH=384
2026-08-21 01:48:11 [INFO] X=416 Y=160 Src=320,0 - 352,32 TexW=384 TexH=384
2026-08-21 01:48:11 [INFO] X=448 Y=160 Src=352,0 - 384,32 TexW=384 TexH=384
2026-08-21 01:48:11 [INFO] X=480 Y=160 Src=256,0 - 288,32 TexW=384 TexH=384
2026-08-21 01:48:11 [INFO] X=512 Y=160 Src=288,0 - 320,32 TexW=384 TexH=384
2026-08-21 01:48:11 [INFO] X=544 Y=160 Src=320,0 - 352,32 TexW=384 TexH=384
2026-08-21 01:48:11 [INFO] X=-32 Y=192 Src=256,64 - 288,96 TexW=384 TexH=384
2026-08-21 01:48:11 [INFO] X=0 Y=192 Src=288,64 - 320,96 TexW=384 TexH=384
2026-08-21 01:48:11 [INFO] X=32 Y=192 Src=320,64 - 352,96 TexW=384 TexH=384
2026-08-21 01:48:11 [INFO] X=64 Y=192 Src=352,64 - 384,96 TexW=384 TexH=384
2026-08-21 01:48:11 [INFO] X=96 Y=192 Src=256,64 - 288,96 TexW=384 TexH=384
2026-08-21 01:48:11 [INFO] X=128 Y=192 Src=288,64 - 320,96 TexW=384 TexH=384
2026-08-21 01:48:11 [INFO] X=160 Y=192 Src=320,64 - 352,96 TexW=384 TexH=384
2026-08-21 01:48:11 [INFO] X=192 Y=192 Src=352,64 - 384,96 TexW=384 TexH=384
2026-08-21 01:48:11 [INFO] X=224 Y=192 Src=256,64 - 288,96 TexW=384 TexH=384
2026-08-21 01:48:11 [INFO] X=256 Y=192 Src=288,64 - 320,96 TexW=384 TexH=384
2026-08-21 01:48:11 [INFO] X=288 Y=192 Src=320,64 - 352,96 TexW=384 TexH=384
2026-08-21 01:48:11 [INFO] X=320 Y=192 Src=352,64 - 384,96 TexW=384 TexH=384
2026-08-21 01:48:11 [INFO] X=352 Y=192 Src=256,64 - 288,96 TexW=384 TexH=384
2026-08-21 01:48:11 [INFO] X=384 Y=192 Src=288,64 - 320,96 TexW=384 TexH=384
2026-08-21 01:48:11 [INFO] X=416 Y=192 Src=320,64 - 352,96 TexW=384 TexH=384
2026-08-21 01:48:11 [INFO] X=448 Y=192 Src=352,64 - 384,96 TexW=384 TexH=384
2026-08-21 01:48:11 [INFO] X=480 Y=192 Src=256,64 - 288,96 TexW=384 TexH=384
2026-08-21 01:48:11 [INFO] X=512 Y=192 Src=288,64 - 320,96 TexW=384 TexH=384
2026-08-21 01:48:11 [INFO] X=544 Y=192 Src=320,64 - 352,96 TexW=384 TexH=384
2026-08-21 01:48:11 [INFO] X=-304 Y=-415 Src=0,0 - 64,95 TexW=64 TexH=95
2026-08-21 01:48:11 [INFO] X=-368 Y=-576 Src=0,0 - 256,256 TexW=256 TexH=256
2026-08-21 01:48:11 [INFO] X=-182 Y=-475 Src=0,0 - 77,155 TexW=77 TexH=155
2026-08-21 01:48:11 [INFO] X=-208 Y=-576 Src=0,0 - 256,256 TexW=256 TexH=256
2026-08-21 01:48:11 [INFO] X=48 Y=-320 Src=0,0 - 128,32 TexW=128 TexH=32
2026-08-21 01:48:11 [INFO] X=176 Y=-320 Src=0,0 - 128,32 TexW=128 TexH=32
2026-08-21 01:48:11 [INFO] X=464 Y=-320 Src=0,0 - 128,32 TexW=128 TexH=32
2026-08-21 01:48:11 [INFO] X=592 Y=-320 Src=0,0 - 128,32 TexW=128 TexH=32
2026-08-21 01:48:11 [INFO] X=-176 Y=-512 Src=0,0 - 256,256 TexW=256 TexH=256
2026-08-21 01:48:11 [INFO] X=208 Y=-512 Src=0,0 - 256,256 TexW=256 TexH=256
2026-08-21 01:48:11 [INFO] X=-352 Y=-256 Src=0,0 - 32,32 TexW=64 TexH=32
2026-08-21 01:48:11 [INFO] X=835 Y=-270 Src=0,0 - 26,46 TexW=174 TexH=181
2026-08-21 01:48:11 [INFO] X=-176 Y=-448 Src=0,0 - 256,256 TexW=256 TexH=256
2026-08-21 01:48:11 [INFO] X=48 Y=-224 Src=0,0 - 128,32 TexW=128 TexH=32
2026-08-21 01:48:11 [INFO] X=176 Y=-224 Src=0,0 - 128,32 TexW=128 TexH=32
2026-08-21 01:48:11 [INFO] X=384 Y=-224 Src=608,64 - 640,96 TexW=640 TexH=742
2026-08-21 01:48:11 [INFO] X=480 Y=-224 Src=608,64 - 640,96 TexW=640 TexH=742
2026-08-21 01:48:11 [INFO] X=464 Y=-224 Src=0,0 - 128,32 TexW=128 TexH=32
2026-08-21 01:48:11 [INFO] X=592 Y=-224 Src=0,0 - 128,32 TexW=128 TexH=32
2026-08-21 01:48:11 [INFO] X=-253 Y=-206 Src=0,0 - 26,46 TexW=149 TexH=181
2026-08-21 01:48:11 [INFO] X=163 Y=-206 Src=0,0 - 26,46 TexW=149 TexH=181
2026-08-21 01:48:11 [INFO] X=168 Y=-214 Src=64,0 - 80,16 TexW=708 TexH=202
2026-08-21 01:48:11 [INFO] X=-352 Y=-160 Src=0,0 - 32,32 TexW=64 TexH=32
2026-08-21 01:48:11 [INFO] X=352 Y=-160 Src=608,64 - 640,96 TexW=640 TexH=742
2026-08-21 01:48:11 [INFO] X=480 Y=-160 Src=608,64 - 640,96 TexW=640 TexH=742
2026-08-21 01:48:11 [INFO] X=74 Y=-251 Src=0,0 - 77,155 TexW=77 TexH=155
2026-08-21 01:48:11 [INFO] X=419 Y=-142 Src=0,0 - 26,46 TexW=149 TexH=181
2026-08-21 01:48:11 [INFO] X=424 Y=-150 Src=320,0 - 336,16 TexW=708 TexH=202
2026-08-21 01:48:11 [INFO] X=448 Y=-128 Src=256,96 - 288,128 TexW=640 TexH=742
2026-08-21 01:48:11 [INFO] X=586 Y=-251 Src=0,0 - 77,155 TexW=77 TexH=155
2026-08-21 01:48:11 [INFO] X=-32 Y=-64 Src=608,64 - 640,96 TexW=640 TexH=742
2026-08-21 01:48:11 [INFO] X=448 Y=-64 Src=608,64 - 640,96 TexW=640 TexH=742
2026-08-21 01:48:11 [INFO] X=464 Y=-288 Src=0,0 - 256,256 TexW=256 TexH=256
2026-08-21 01:48:11 [INFO] X=0 Y=0 Src=608,64 - 640,96 TexW=640 TexH=742
2026-08-21 01:48:11 [INFO] X=291 Y=-14 Src=0,0 - 26,46 TexW=149 TexH=181
2026-08-21 01:48:11 [INFO] X=296 Y=-22 Src=256,48 - 272,64 TexW=708 TexH=202
2026-08-21 01:48:11 [INFO] X=736 Y=-64 Src=0,96 - 96,192 TexW=288 TexH=192
2026-08-21 01:48:11 [INFO] X=656 Y=32 Src=0,0 - 64,32 TexW=64 TexH=32
2026-08-21 01:48:11 [INFO] X=867 Y=18 Src=0,0 - 26,46 TexW=149 TexH=181
2026-08-21 01:48:11 [INFO] X=872 Y=10 Src=0,0 - 16,16 TexW=708 TexH=202
2026-08-21 01:48:11 [INFO] X=-349 Y=50 Src=0,0 - 26,46 TexW=149 TexH=181
2026-08-21 01:48:11 [INFO] X=-344 Y=42 Src=384,16 - 400,32 TexW=708 TexH=202
2026-08-21 01:48:11 [INFO] X=-285 Y=50 Src=0,0 - 26,46 TexW=149 TexH=181
2026-08-21 01:48:11 [INFO] X=-280 Y=42 Src=384,16 - 400,32 TexW=708 TexH=202
2026-08-21 01:48:11 [INFO] X=-182 Y=-59 Src=0,0 - 77,155 TexW=77 TexH=155
2026-08-21 01:48:11 [INFO] X=-61 Y=50 Src=0,0 - 26,46 TexW=149 TexH=181
2026-08-21 01:48:11 [INFO] X=-56 Y=42 Src=272,128 - 288,144 TexW=708 TexH=202
2026-08-21 01:48:11 [INFO] X=42 Y=-59 Src=0,0 - 77,155 TexW=77 TexH=155
2026-08-21 01:48:11 [INFO] X=259 Y=178 Src=0,0 - 26,46 TexW=149 TexH=181
2026-08-21 01:48:11 [INFO] X=264 Y=170 Src=128,16 - 144,32 TexW=708 TexH=202
2026-08-21 01:48:11 [INFO] X=611 Y=306 Src=0,0 - 26,46 TexW=149 TexH=181
2026-08-21 01:48:11 [INFO] X=616 Y=298 Src=256,48 - 272,64 TexW=708 TexH=202
2026-08-21 01:48:11 [INFO] X=-368 Y=128 Src=0,0 - 256,256 TexW=256 TexH=256
2026-08-21 01:48:11 [INFO] X=-240 Y=128 Src=0,0 - 256,256 TexW=256 TexH=256
2026-08-21 01:48:11 [INFO] X=-112 Y=128 Src=0,0 - 256,256 TexW=256 TexH=256
2026-08-21 01:48:11 [INFO] X=283 Y=384 Src=780,512 - 823,576 TexW=1792 TexH=640
2026-08-21 01:48:11 [INFO] X=443 Y=384 Src=780,512 - 823,576 TexW=1792 TexH=640
2026-08-21 01:48:11 [INFO] X=592 Y=192 Src=0,0 - 256,256 TexW=256 TexH=256
2026-08-21 01:48:11 [INFO] X=688 Y=192 Src=0,0 - 256,256 TexW=256 TexH=256
2026-08-21 01:48:11 [INFO] X=323 Y=448 Src=156,0 - 182,96 TexW=234 TexH=97
2026-08-21 01:48:11 [INFO] X=355 Y=498 Src=0,0 - 26,46 TexW=149 TexH=181
2026-08-21 01:48:11 [INFO] X=360 Y=490 Src=384,32 - 400,48 TexW=708 TexH=202
2026-08-21 01:48:11 [INFO] X=384 Y=512 Src=64,672 - 96,704 TexW=640 TexH=742
2026-08-21 01:48:11 [INFO] X=419 Y=448 Src=156,0 - 182,96 TexW=234 TexH=97
2026-08-21 01:48:11 [INFO] X=-368 Y=320 Src=0,0 - 256,256 TexW=256 TexH=256
2026-08-21 01:48:11 [INFO] X=688 Y=384 Src=0,0 - 256,256 TexW=256 TexH=256
2026-08-21 01:48:11 [INFO] X=-368 Y=448 Src=0,0 - 256,256 TexW=256 TexH=256
2026-08-21 01:48:11 [INFO] X=-127 Y=636 Src=180,0 - 210,68 TexW=270 TexH=68
2026-08-21 01:48:11 [INFO] X=-208 Y=448 Src=0,0 - 256,256 TexW=256 TexH=256
2026-08-21 01:48:11 [INFO] X=-285 Y=690 Src=0,0 - 26,46 TexW=149 TexH=181
2026-08-21 01:48:11 [INFO] X=-280 Y=682 Src=64,0 - 80,16 TexW=708 TexH=202
2026-08-21 01:48:11 [INFO] X=-253 Y=690 Src=0,0 - 26,46 TexW=149 TexH=181
2026-08-21 01:48:11 [INFO] X=-248 Y=682 Src=639,64 - 655,80 TexW=708 TexH=202
2026-08-21 01:48:11 [INFO] X=-221 Y=690 Src=0,0 - 26,46 TexW=149 TexH=181
2026-08-21 01:48:11 [INFO] X=-216 Y=682 Src=272,128 - 288,144 TexW=708 TexH=202
2026-08-21 01:48:11 [INFO] X=-32 Y=-32 Src=0,0 - 32,32 TexW=512 TexH=128
2026-08-21 01:48:11 [INFO] X=0 Y=-32 Src=32,0 - 64,32 TexW=512 TexH=128
2026-08-21 01:48:11 [INFO] X=32 Y=-32 Src=64,0 - 96,32 TexW=512 TexH=128
2026-08-21 01:48:11 [INFO] X=32 Y=-32 Src=512,192 - 544,224 TexW=640 TexH=742
2026-08-21 01:48:11 [INFO] X=64 Y=-32 Src=96,0 - 128,32 TexW=512 TexH=128
2026-08-21 01:48:11 [INFO] X=96 Y=-32 Src=0,0 - 32,32 TexW=512 TexH=128
2026-08-21 01:48:11 [INFO] X=128 Y=-32 Src=32,0 - 64,32 TexW=512 TexH=128
2026-08-21 01:48:11 [INFO] X=160 Y=-32 Src=64,0 - 96,32 TexW=512 TexH=128
2026-08-21 01:48:11 [INFO] X=192 Y=-32 Src=96,0 - 128,32 TexW=512 TexH=128
2026-08-21 01:48:11 [INFO] X=224 Y=-32 Src=0,0 - 32,32 TexW=512 TexH=128
2026-08-21 01:48:11 [INFO] X=256 Y=-32 Src=32,0 - 64,32 TexW=512 TexH=128
2026-08-21 01:48:11 [INFO] X=288 Y=-32 Src=64,0 - 96,32 TexW=512 TexH=128
2026-08-21 01:48:11 [INFO] X=320 Y=-32 Src=96,0 - 128,32 TexW=512 TexH=128
2026-08-21 01:48:11 [INFO] X=352 Y=-32 Src=0,0 - 32,32 TexW=512 TexH=128
2026-08-21 01:48:11 [INFO] X=384 Y=-32 Src=32,0 - 64,32 TexW=512 TexH=128
2026-08-21 01:48:11 [INFO] X=362 Y=-58 Src=0,0 - 77,58 TexW=77 TexH=58
2026-08-21 01:48:11 [INFO] X=416 Y=-32 Src=64,0 - 96,32 TexW=512 TexH=128
2026-08-21 01:48:11 [INFO] X=448 Y=-32 Src=96,0 - 128,32 TexW=512 TexH=128
2026-08-21 01:48:11 [INFO] X=480 Y=-32 Src=0,0 - 32,32 TexW=512 TexH=128
2026-08-21 01:48:11 [INFO] X=512 Y=-32 Src=32,0 - 64,32 TexW=512 TexH=128
2026-08-21 01:48:11 [INFO] X=544 Y=-32 Src=64,0 - 96,32 TexW=512 TexH=128
2026-08-21 01:48:11 [INFO] X=-32 Y=0 Src=0,64 - 32,96 TexW=512 TexH=128
2026-08-21 01:48:11 [INFO] X=0 Y=0 Src=32,64 - 64,96 TexW=512 TexH=128
2026-08-21 01:48:11 [INFO] X=32 Y=0 Src=64,64 - 96,96 TexW=512 TexH=128
2026-08-21 01:48:11 [INFO] X=64 Y=0 Src=96,64 - 128,96 TexW=512 TexH=128
2026-08-21 01:48:11 [INFO] X=96 Y=0 Src=0,64 - 32,96 TexW=512 TexH=128
2026-08-21 01:48:11 [INFO] X=128 Y=0 Src=32,64 - 64,96 TexW=512 TexH=128
2026-08-21 01:48:11 [INFO] X=160 Y=0 Src=64,64 - 96,96 TexW=512 TexH=128
2026-08-21 01:48:11 [INFO] X=192 Y=0 Src=96,64 - 128,96 TexW=512 TexH=128
2026-08-21 01:48:11 [INFO] X=224 Y=0 Src=0,64 - 32,96 TexW=512 TexH=128
2026-08-21 01:48:11 [INFO] X=256 Y=0 Src=32,64 - 64,96 TexW=512 TexH=128
2026-08-21 01:48:11 [INFO] X=288 Y=0 Src=64,64 - 96,96 TexW=512 TexH=128
2026-08-21 01:48:11 [INFO] X=320 Y=0 Src=96,64 - 128,96 TexW=512 TexH=128
2026-08-21 01:48:11 [INFO] X=352 Y=0 Src=0,64 - 32,96 TexW=512 TexH=128
2026-08-21 01:48:11 [INFO] X=384 Y=0 Src=32,64 - 64,96 TexW=512 TexH=128
2026-08-21 01:48:11 [INFO] X=416 Y=0 Src=64,64 - 96,96 TexW=512 TexH=128
2026-08-21 01:48:11 [INFO] X=448 Y=0 Src=96,64 - 128,96 TexW=512 TexH=128
2026-08-21 01:48:11 [INFO] X=480 Y=0 Src=0,64 - 32,96 TexW=512 TexH=128
2026-08-21 01:48:11 [INFO] X=512 Y=0 Src=32,64 - 64,96 TexW=512 TexH=128
2026-08-21 01:48:11 [INFO] X=544 Y=0 Src=64,64 - 96,96 TexW=512 TexH=128
2026-08-21 01:48:11 [INFO] X=-32 Y=32 Src=256,0 - 288,32 TexW=384 TexH=384
2026-08-21 01:48:11 [INFO] X=-32 Y=32 Src=128,128 - 160,160 TexW=256 TexH=384
2026-08-21 01:48:11 [INFO] X=0 Y=32 Src=288,0 - 320,32 TexW=384 TexH=384
2026-08-21 01:48:11 [INFO] X=0 Y=32 Src=160,128 - 192,160 TexW=256 TexH=384
2026-08-21 01:48:11 [INFO] X=32 Y=32 Src=320,0 - 352,32 TexW=384 TexH=384
2026-08-21 01:48:11 [INFO] X=32 Y=32 Src=128,128 - 160,160 TexW=256 TexH=384
2026-08-21 01:48:11 [INFO] X=64 Y=32 Src=352,0 - 384,32 TexW=384 TexH=384
2026-08-21 01:48:11 [INFO] X=64 Y=32 Src=160,128 - 192,160 TexW=256 TexH=384
2026-08-21 01:48:11 [INFO] X=96 Y=32 Src=256,0 - 288,32 TexW=384 TexH=384
2026-08-21 01:48:11 [INFO] X=96 Y=32 Src=128,128 - 160,160 TexW=256 TexH=384
2026-08-21 01:48:11 [INFO] X=128 Y=32 Src=288,0 - 320,32 TexW=384 TexH=384
2026-08-21 01:48:11 [INFO] X=128 Y=32 Src=160,128 - 192,160 TexW=256 TexH=384
2026-08-21 01:48:11 [INFO] X=160 Y=32 Src=320,0 - 352,32 TexW=384 TexH=384
2026-08-21 01:48:11 [INFO] X=160 Y=32 Src=128,128 - 160,160 TexW=256 TexH=384
2026-08-21 01:48:11 [INFO] X=192 Y=32 Src=352,0 - 384,32 TexW=384 TexH=384
2026-08-21 01:48:11 [INFO] X=192 Y=32 Src=160,128 - 192,160 TexW=256 TexH=384
2026-08-21 01:48:11 [INFO] X=224 Y=32 Src=256,0 - 288,32 TexW=384 TexH=384
2026-08-21 01:48:11 [INFO] X=224 Y=32 Src=128,128 - 160,160 TexW=256 TexH=384
2026-08-21 01:48:11 [INFO] X=256 Y=32 Src=288,0 - 320,32 TexW=384 TexH=384
2026-08-21 01:48:11 [INFO] X=256 Y=32 Src=160,128 - 192,160 TexW=256 TexH=384
2026-08-21 01:48:11 [INFO] X=288 Y=32 Src=320,0 - 352,32 TexW=384 TexH=384
2026-08-21 01:48:11 [INFO] X=288 Y=32 Src=128,128 - 160,160 TexW=256 TexH=384
2026-08-21 01:48:11 [INFO] X=320 Y=32 Src=352,0 - 384,32 TexW=384 TexH=384
2026-08-21 01:48:11 [INFO] X=320 Y=32 Src=160,128 - 192,160 TexW=256 TexH=384
2026-08-21 01:48:11 [INFO] X=352 Y=32 Src=256,0 - 288,32 TexW=384 TexH=384
2026-08-21 01:48:11 [INFO] X=352 Y=32 Src=128,128 - 160,160 TexW=256 TexH=384
2026-08-21 01:48:11 [INFO] X=384 Y=32 Src=288,0 - 320,32 TexW=384 TexH=384
2026-08-21 01:48:11 [INFO] X=384 Y=32 Src=160,128 - 192,160 TexW=256 TexH=384
2026-08-21 01:48:11 [INFO] X=416 Y=32 Src=320,0 - 352,32 TexW=384 TexH=384
2026-08-21 01:48:11 [INFO] X=416 Y=32 Src=128,128 - 160,160 TexW=256 TexH=384
2026-08-21 01:48:11 [INFO] X=448 Y=32 Src=352,0 - 384,32 TexW=384 TexH=384
2026-08-21 01:48:11 [INFO] X=448 Y=32 Src=160,128 - 192,160 TexW=256 TexH=384
2026-08-21 01:48:11 [INFO] X=480 Y=32 Src=256,0 - 288,32 TexW=384 TexH=384
2026-08-21 01:48:11 [INFO] X=480 Y=32 Src=128,128 - 160,160 TexW=256 TexH=384
2026-08-21 01:48:11 [INFO] X=512 Y=32 Src=288,0 - 320,32 TexW=384 TexH=384
2026-08-21 01:48:11 [INFO] X=512 Y=32 Src=160,128 - 192,160 TexW=256 TexH=384
2026-08-21 01:48:11 [INFO] X=544 Y=32 Src=320,0 - 352,32 TexW=384 TexH=384
2026-08-21 01:48:11 [INFO] X=544 Y=32 Src=128,128 - 160,160 TexW=256 TexH=384
2026-08-21 01:48:11 [INFO] X=-32 Y=64 Src=256,64 - 288,96 TexW=384 TexH=384
2026-08-21 01:48:11 [INFO] X=0 Y=64 Src=288,64 - 320,96 TexW=384 TexH=384
2026-08-21 01:48:11 [INFO] X=32 Y=64 Src=320,64 - 352,96 TexW=384 TexH=384
2026-08-21 01:48:11 [INFO] X=64 Y=64 Src=352,64 - 384,96 TexW=384 TexH=384
2026-08-21 01:48:11 [INFO] X=96 Y=64 Src=256,64 - 288,96 TexW=384 TexH=384
2026-08-21 01:48:11 [INFO] X=128 Y=64 Src=288,64 - 320,96 TexW=384 TexH=384
2026-08-21 01:48:11 [INFO] X=160 Y=64 Src=320,64 - 352,96 TexW=384 TexH=384
2026-08-21 01:48:11 [INFO] X=192 Y=64 Src=352,64 - 384,96 TexW=384 TexH=384
2026-08-21 01:48:11 [INFO] X=224 Y=64 Src=256,64 - 288,96 TexW=384 TexH=384
2026-08-21 01:48:11 [INFO] X=256 Y=64 Src=288,64 - 320,96 TexW=384 TexH=384
2026-08-21 01:48:11 [INFO] X=288 Y=64 Src=320,64 - 352,96 TexW=384 TexH=384
2026-08-21 01:48:11 [INFO] X=320 Y=64 Src=352,64 - 384,96 TexW=384 TexH=384
2026-08-21 01:48:11 [INFO] X=352 Y=64 Src=256,64 - 288,96 TexW=384 TexH=384
2026-08-21 01:48:11 [INFO] X=384 Y=64 Src=288,64 - 320,96 TexW=384 TexH=384
2026-08-21 01:48:11 [INFO] X=416 Y=64 Src=320,64 - 352,96 TexW=384 TexH=384
2026-08-21 01:48:11 [INFO] X=448 Y=64 Src=352,64 - 384,96 TexW=384 TexH=384
2026-08-21 01:48:11 [INFO] X=480 Y=64 Src=256,64 - 288,96 TexW=384 TexH=384
2026-08-21 01:48:11 [INFO] X=512 Y=64 Src=288,64 - 320,96 TexW=384 TexH=384
2026-08-21 01:48:11 [INFO] X=544 Y=64 Src=320,64 - 352,96 TexW=384 TexH=384
2026-08-21 01:48:11 [INFO] X=-32 Y=96 Src=256,0 - 288,32 TexW=384 TexH=384
2026-08-21 01:48:11 [INFO] X=0 Y=96 Src=288,0 - 320,32 TexW=384 TexH=384
2026-08-21 01:48:11 [INFO] X=32 Y=96 Src=320,0 - 352,32 TexW=384 TexH=384
2026-08-21 01:48:11 [INFO] X=64 Y=96 Src=352,0 - 384,32 TexW=384 TexH=384
2026-08-21 01:48:11 [INFO] X=96 Y=96 Src=256,0 - 288,32 TexW=384 TexH=384
2026-08-21 01:48:11 [INFO] X=128 Y=96 Src=288,0 - 320,32 TexW=384 TexH=384
2026-08-21 01:48:11 [INFO] X=160 Y=96 Src=320,0 - 352,32 TexW=384 TexH=384
2026-08-21 01:48:11 [INFO] X=192 Y=96 Src=352,0 - 384,32 TexW=384 TexH=384
2026-08-21 01:48:11 [INFO] X=224 Y=96 Src=256,0 - 288,32 TexW=384 TexH=384
2026-08-21 01:48:11 [INFO] X=256 Y=96 Src=288,0 - 320,32 TexW=384 TexH=384
2026-08-21 01:48:11 [INFO] X=288 Y=96 Src=320,0 - 352,32 TexW=384 TexH=384
2026-08-21 01:48:11 [INFO] X=320 Y=96 Src=352,0 - 384,32 TexW=384 TexH=384
2026-08-21 01:48:11 [INFO] X=352 Y=96 Src=256,0 - 288,32 TexW=384 TexH=384
2026-08-21 01:48:11 [INFO] X=384 Y=96 Src=288,0 - 320,32 TexW=384 TexH=384
2026-08-21 01:48:11 [INFO] X=416 Y=96 Src=320,0 - 352,32 TexW=384 TexH=384
2026-08-21 01:48:11 [INFO] X=448 Y=96 Src=352,0 - 384,32 TexW=384 TexH=384
2026-08-21 01:48:11 [INFO] X=480 Y=96 Src=256,0 - 288,32 TexW=384 TexH=384
2026-08-21 01:48:11 [INFO] X=512 Y=96 Src=288,0 - 320,32 TexW=384 TexH=384
2026-08-21 01:48:11 [INFO] X=544 Y=96 Src=320,0 - 352,32 TexW=384 TexH=384
2026-08-21 01:48:11 [INFO] X=-32 Y=128 Src=256,64 - 288,96 TexW=384 TexH=384
2026-08-21 01:48:11 [INFO] X=0 Y=128 Src=288,64 - 320,96 TexW=384 TexH=384
2026-08-21 01:48:11 [INFO] X=32 Y=128 Src=320,64 - 352,96 TexW=384 TexH=384
2026-08-21 01:48:11 [INFO] X=64 Y=128 Src=352,64 - 384,96 TexW=384 TexH=384
2026-08-21 01:48:11 [INFO] X=96 Y=128 Src=256,64 - 288,96 TexW=384 TexH=384
2026-08-21 01:48:11 [INFO] X=128 Y=128 Src=288,64 - 320,96 TexW=384 TexH=384
2026-08-21 01:48:11 [INFO] X=160 Y=128 Src=320,64 - 352,96 TexW=384 TexH=384
2026-08-21 01:48:11 [INFO] X=192 Y=128 Src=352,64 - 384,96 TexW=384 TexH=384
2026-08-21 01:48:11 [INFO] X=224 Y=128 Src=256,64 - 288,96 TexW=384 TexH=384
2026-08-21 01:48:11 [INFO] X=256 Y=128 Src=288,64 - 320,96 TexW=384 TexH=384
2026-08-21 01:48:11 [INFO] X=288 Y=128 Src=320,64 - 352,96 TexW=384 TexH=384
2026-08-21 01:48:11 [INFO] X=320 Y=128 Src=352,64 - 384,96 TexW=384 TexH=384
2026-08-21 01:48:11 [INFO] X=352 Y=128 Src=256,64 - 288,96 TexW=384 TexH=384
2026-08-21 01:48:11 [INFO] X=384 Y=128 Src=288,64 - 320,96 TexW=384 TexH=384
2026-08-21 01:48:11 [INFO] X=416 Y=128 Src=320,64 - 352,96 TexW=384 TexH=384
2026-08-21 01:48:11 [INFO] X=448 Y=128 Src=352,64 - 384,96 TexW=384 TexH=384
2026-08-21 01:48:11 [INFO] X=480 Y=128 Src=256,64 - 288,96 TexW=384 TexH=384
2026-08-21 01:48:11 [INFO] X=512 Y=128 Src=288,64 - 320,96 TexW=384 TexH=384
2026-08-21 01:48:11 [INFO] X=544 Y=128 Src=320,64 - 352,96 TexW=384 TexH=384
2026-08-21 01:48:11 [INFO] X=-32 Y=160 Src=256,0 - 288,32 TexW=384 TexH=384
2026-08-21 01:48:11 [INFO] X=0 Y=160 Src=288,0 - 320,32 TexW=384 TexH=384
2026-08-21 01:48:11 [INFO] X=32 Y=160 Src=320,0 - 352,32 TexW=384 TexH=384
2026-08-21 01:48:11 [INFO] X=64 Y=160 Src=352,0 - 384,32 TexW=384 TexH=384
2026-08-21 01:48:11 [INFO] X=96 Y=160 Src=256,0 - 288,32 TexW=384 TexH=384
2026-08-21 01:48:11 [INFO] X=128 Y=160 Src=288,0 - 320,32 TexW=384 TexH=384
2026-08-21 01:48:11 [INFO] X=160 Y=160 Src=320,0 - 352,32 TexW=384 TexH=384
2026-08-21 01:48:11 [INFO] X=192 Y=160 Src=352,0 - 384,32 TexW=384 TexH=384
2026-08-21 01:48:11 [INFO] X=224 Y=160 Src=256,0 - 288,32 TexW=384 TexH=384
2026-08-21 01:48:11 [INFO] X=256 Y=160 Src=288,0 - 320,32 TexW=384 TexH=384
2026-08-21 01:48:11 [INFO] X=288 Y=160 Src=320,0 - 352,32 TexW=384 TexH=384
2026-08-21 01:48:11 [INFO] X=320 Y=160 Src=352,0 - 384,32 TexW=384 TexH=384
2026-08-21 01:48:11 [INFO] X=352 Y=160 Src=256,0 - 288,32 TexW=384 TexH=384
2026-08-21 01:48:11 [INFO] X=384 Y=160 Src=288,0 - 320,32 TexW=384 TexH=384
2026-08-21 01:48:11 [INFO] X=416 Y=160 Src=320,0 - 352,32 TexW=384 TexH=384
2026-08-21 01:48:11 [INFO] X=448 Y=160 Src=352,0 - 384,32 TexW=384 TexH=384
2026-08-21 01:48:11 [INFO] X=480 Y=160 Src=256,0 - 288,32 TexW=384 TexH=384
2026-08-21 01:48:11 [INFO] X=512 Y=160 Src=288,0 - 320,32 TexW=384 TexH=384
2026-08-21 01:48:11 [INFO] X=544 Y=160 Src=320,0 - 352,32 TexW=384 TexH=384
2026-08-21 01:48:11 [INFO] X=-32 Y=192 Src=256,64 - 288,96 TexW=384 TexH=384
2026-08-21 01:48:11 [INFO] X=0 Y=192 Src=288,64 - 320,96 TexW=384 TexH=384
2026-08-21 01:48:11 [INFO] X=32 Y=192 Src=320,64 - 352,96 TexW=384 TexH=384
2026-08-21 01:48:11 [INFO] X=64 Y=192 Src=352,64 - 384,96 TexW=384 TexH=384
2026-08-21 01:48:11 [INFO] X=96 Y=192 Src=256,64 - 288,96 TexW=384 TexH=384
2026-08-21 01:48:11 [INFO] X=128 Y=192 Src=288,64 - 320,96 TexW=384 TexH=384
2026-08-21 01:48:11 [INFO] X=160 Y=192 Src=320,64 - 352,96 TexW=384 TexH=384
2026-08-21 01:48:11 [INFO] X=192 Y=192 Src=352,64 - 384,96 TexW=384 TexH=384
2026-08-21 01:48:12 [INFO] X=224 Y=192 Src=256,64 - 288,96 TexW=384 TexH=384
2026-08-21 01:48:12 [INFO] X=256 Y=192 Src=288,64 - 320,96 TexW=384 TexH=384
2026-08-21 01:48:12 [INFO] X=288 Y=192 Src=320,64 - 352,96 TexW=384 TexH=384
2026-08-21 01:48:12 [INFO] X=320 Y=192 Src=352,64 - 384,96 TexW=384 TexH=384
2026-08-21 01:48:12 [INFO] X=352 Y=192 Src=256,64 - 288,96 TexW=384 TexH=384
2026-08-21 01:48:12 [INFO] X=384 Y=192 Src=288,64 - 320,96 TexW=384 TexH=384
2026-08-21 01:48:12 [INFO] X=416 Y=192 Src=320,64 - 352,96 TexW=384 TexH=384
2026-08-21 01:48:12 [INFO] X=448 Y=192 Src=352,64 - 384,96 TexW=384 TexH=384
2026-08-21 01:48:12 [INFO] X=480 Y=192 Src=256,64 - 288,96 TexW=384 TexH=384
2026-08-21 01:48:12 [INFO] X=512 Y=192 Src=288,64 - 320,96 TexW=384 TexH=384
2026-08-21 01:48:12 [INFO] X=544 Y=192 Src=320,64 - 352,96 TexW=384 TexH=384
2026-08-21 01:48:12 [INFO] X=-304 Y=-415 Src=0,0 - 64,95 TexW=64 TexH=95
2026-08-21 01:48:12 [INFO] X=-368 Y=-576 Src=0,0 - 256,256 TexW=256 TexH=256
2026-08-21 01:48:12 [INFO] X=-182 Y=-475 Src=0,0 - 77,155 TexW=77 TexH=155
2026-08-21 01:48:12 [INFO] X=-208 Y=-576 Src=0,0 - 256,256 TexW=256 TexH=256
2026-08-21 01:48:12 [INFO] X=48 Y=-320 Src=0,0 - 128,32 TexW=128 TexH=32
2026-08-21 01:48:12 [INFO] X=176 Y=-320 Src=0,0 - 128,32 TexW=128 TexH=32
2026-08-21 01:48:12 [INFO] X=464 Y=-320 Src=0,0 - 128,32 TexW=128 TexH=32
2026-08-21 01:48:12 [INFO] X=592 Y=-320 Src=0,0 - 128,32 TexW=128 TexH=32
2026-08-21 01:48:12 [INFO] X=-176 Y=-512 Src=0,0 - 256,256 TexW=256 TexH=256
2026-08-21 01:48:12 [INFO] X=208 Y=-512 Src=0,0 - 256,256 TexW=256 TexH=256
2026-08-21 01:48:12 [INFO] X=-352 Y=-256 Src=0,0 - 32,32 TexW=64 TexH=32
2026-08-21 01:48:12 [INFO] X=835 Y=-270 Src=0,0 - 26,46 TexW=174 TexH=181
2026-08-21 01:48:12 [INFO] X=-176 Y=-448 Src=0,0 - 256,256 TexW=256 TexH=256
2026-08-21 01:48:12 [INFO] X=48 Y=-224 Src=0,0 - 128,32 TexW=128 TexH=32
2026-08-21 01:48:12 [INFO] X=176 Y=-224 Src=0,0 - 128,32 TexW=128 TexH=32
2026-08-21 01:48:12 [INFO] X=384 Y=-224 Src=608,64 - 640,96 TexW=640 TexH=742
2026-08-21 01:48:12 [INFO] X=480 Y=-224 Src=608,64 - 640,96 TexW=640 TexH=742
2026-08-21 01:48:12 [INFO] X=464 Y=-224 Src=0,0 - 128,32 TexW=128 TexH=32
2026-08-21 01:48:12 [INFO] X=592 Y=-224 Src=0,0 - 128,32 TexW=128 TexH=32
2026-08-21 01:48:12 [INFO] X=-253 Y=-206 Src=0,0 - 26,46 TexW=149 TexH=181
2026-08-21 01:48:12 [INFO] X=163 Y=-206 Src=0,0 - 26,46 TexW=149 TexH=181
2026-08-21 01:48:12 [INFO] X=168 Y=-214 Src=64,0 - 80,16 TexW=708 TexH=202
2026-08-21 01:48:12 [INFO] X=-352 Y=-160 Src=0,0 - 32,32 TexW=64 TexH=32
2026-08-21 01:48:12 [INFO] X=352 Y=-160 Src=608,64 - 640,96 TexW=640 TexH=742
2026-08-21 01:48:12 [INFO] X=480 Y=-160 Src=608,64 - 640,96 TexW=640 TexH=742
2026-08-21 01:48:12 [INFO] X=74 Y=-251 Src=0,0 - 77,155 TexW=77 TexH=155
2026-08-21 01:48:12 [INFO] X=419 Y=-142 Src=0,0 - 26,46 TexW=149 TexH=181
2026-08-21 01:48:12 [INFO] X=424 Y=-150 Src=320,0 - 336,16 TexW=708 TexH=202
2026-08-21 01:48:12 [INFO] X=448 Y=-128 Src=256,96 - 288,128 TexW=640 TexH=742
2026-08-21 01:48:12 [INFO] X=586 Y=-251 Src=0,0 - 77,155 TexW=77 TexH=155
2026-08-21 01:48:12 [INFO] X=-32 Y=-64 Src=608,64 - 640,96 TexW=640 TexH=742
2026-08-21 01:48:12 [INFO] X=448 Y=-64 Src=608,64 - 640,96 TexW=640 TexH=742
2026-08-21 01:48:12 [INFO] X=464 Y=-288 Src=0,0 - 256,256 TexW=256 TexH=256
2026-08-21 01:48:12 [INFO] X=0 Y=0 Src=608,64 - 640,96 TexW=640 TexH=742
2026-08-21 01:48:12 [INFO] X=291 Y=-14 Src=0,0 - 26,46 TexW=149 TexH=181
2026-08-21 01:48:12 [INFO] X=296 Y=-22 Src=256,48 - 272,64 TexW=708 TexH=202
2026-08-21 01:48:12 [INFO] X=736 Y=-64 Src=0,96 - 96,192 TexW=288 TexH=192
2026-08-21 01:48:12 [INFO] X=656 Y=32 Src=0,0 - 64,32 TexW=64 TexH=32
2026-08-21 01:48:12 [INFO] X=867 Y=18 Src=0,0 - 26,46 TexW=149 TexH=181
2026-08-21 01:48:12 [INFO] X=872 Y=10 Src=0,0 - 16,16 TexW=708 TexH=202
2026-08-21 01:48:12 [INFO] X=-349 Y=50 Src=0,0 - 26,46 TexW=149 TexH=181
2026-08-21 01:48:12 [INFO] X=-344 Y=42 Src=384,16 - 400,32 TexW=708 TexH=202
2026-08-21 01:48:12 [INFO] X=-285 Y=50 Src=0,0 - 26,46 TexW=149 TexH=181
2026-08-21 01:48:12 [INFO] X=-280 Y=42 Src=384,16 - 400,32 TexW=708 TexH=202
2026-08-21 01:48:12 [INFO] X=-182 Y=-59 Src=0,0 - 77,155 TexW=77 TexH=155
2026-08-21 01:48:12 [INFO] X=-61 Y=50 Src=0,0 - 26,46 TexW=149 TexH=181
2026-08-21 01:48:12 [INFO] X=-56 Y=42 Src=272,128 - 288,144 TexW=708 TexH=202
2026-08-21 01:48:12 [INFO] X=42 Y=-59 Src=0,0 - 77,155 TexW=77 TexH=155
2026-08-21 01:48:12 [INFO] X=259 Y=178 Src=0,0 - 26,46 TexW=149 TexH=181
2026-08-21 01:48:12 [INFO] X=264 Y=170 Src=128,16 - 144,32 TexW=708 TexH=202
2026-08-21 01:48:12 [INFO] X=611 Y=306 Src=0,0 - 26,46 TexW=149 TexH=181
2026-08-21 01:48:12 [INFO] X=616 Y=298 Src=256,48 - 272,64 TexW=708 TexH=202
2026-08-21 01:48:12 [INFO] X=-368 Y=128 Src=0,0 - 256,256 TexW=256 TexH=256
2026-08-21 01:48:12 [INFO] X=-240 Y=128 Src=0,0 - 256,256 TexW=256 TexH=256
2026-08-21 01:48:12 [INFO] X=-112 Y=128 Src=0,0 - 256,256 TexW=256 TexH=256
2026-08-21 01:48:12 [INFO] X=283 Y=384 Src=952,512 - 995,576 TexW=1792 TexH=640
2026-08-21 01:48:12 [INFO] X=443 Y=384 Src=952,512 - 995,576 TexW=1792 TexH=640
2026-08-21 01:48:12 [INFO] X=592 Y=192 Src=0,0 - 256,256 TexW=256 TexH=256
2026-08-21 01:48:12 [INFO] X=688 Y=192 Src=0,0 - 256,256 TexW=256 TexH=256
2026-08-21 01:48:12 [INFO] X=323 Y=448 Src=26,0 - 52,96 TexW=234 TexH=97
2026-08-21 01:48:12 [INFO] X=355 Y=498 Src=0,0 - 26,46 TexW=149 TexH=181
2026-08-21 01:48:12 [INFO] X=360 Y=490 Src=384,32 - 400,48 TexW=708 TexH=202
2026-08-21 01:48:12 [INFO] X=384 Y=512 Src=64,672 - 96,704 TexW=640 TexH=742
2026-08-21 01:48:12 [INFO] X=419 Y=448 Src=26,0 - 52,96 TexW=234 TexH=97
2026-08-21 01:48:12 [INFO] X=-368 Y=320 Src=0,0 - 256,256 TexW=256 TexH=256
2026-08-21 01:48:12 [INFO] X=688 Y=384 Src=0,0 - 256,256 TexW=256 TexH=256
2026-08-21 01:48:12 [INFO] X=-368 Y=448 Src=0,0 - 256,256 TexW=256 TexH=256
2026-08-21 01:48:12 [INFO] X=-127 Y=636 Src=30,0 - 60,68 TexW=270 TexH=68
2026-08-21 01:48:12 [INFO] X=-208 Y=448 Src=0,0 - 256,256 TexW=256 TexH=256
2026-08-21 01:48:12 [INFO] X=-285 Y=690 Src=0,0 - 26,46 TexW=149 TexH=181
2026-08-21 01:48:12 [INFO] X=-280 Y=682 Src=64,0 - 80,16 TexW=708 TexH=202
2026-08-21 01:48:12 [INFO] X=-253 Y=690 Src=0,0 - 26,46 TexW=149 TexH=181
2026-08-21 01:48:12 [INFO] X=-248 Y=682 Src=639,64 - 655,80 TexW=708 TexH=202
2026-08-21 01:48:12 [INFO] X=-221 Y=690 Src=0,0 - 26,46 TexW=149 TexH=181
2026-08-21 01:48:12 [INFO] X=-216 Y=682 Src=272,128 - 288,144 TexW=708 TexH=202
2026-08-21 01:48:12 [INFO] X=-32 Y=-32 Src=0,0 - 32,32 TexW=512 TexH=128
2026-08-21 01:48:12 [INFO] X=0 Y=-32 Src=32,0 - 64,32 TexW=512 TexH=128
2026-08-21 01:48:12 [INFO] X=32 Y=-32 Src=64,0 - 96,32 TexW=512 TexH=128
2026-08-21 01:48:12 [INFO] X=32 Y=-32 Src=512,192 - 544,224 TexW=640 TexH=742
2026-08-21 01:48:12 [INFO] X=64 Y=-32 Src=96,0 - 128,32 TexW=512 TexH=128
2026-08-21 01:48:12 [INFO] X=96 Y=-32 Src=0,0 - 32,32 TexW=512 TexH=128
2026-08-21 01:48:12 [INFO] X=128 Y=-32 Src=32,0 - 64,32 TexW=512 TexH=128
2026-08-21 01:48:12 [INFO] X=160 Y=-32 Src=64,0 - 96,32 TexW=512 TexH=128
2026-08-21 01:48:12 [INFO] X=192 Y=-32 Src=96,0 - 128,32 TexW=512 TexH=128
2026-08-21 01:48:12 [INFO] X=224 Y=-32 Src=0,0 - 32,32 TexW=512 TexH=128
2026-08-21 01:48:12 [INFO] X=256 Y=-32 Src=32,0 - 64,32 TexW=512 TexH=128
2026-08-21 01:48:12 [INFO] X=288 Y=-32 Src=64,0 - 96,32 TexW=512 TexH=128
2026-08-21 01:48:12 [INFO] X=320 Y=-32 Src=96,0 - 128,32 TexW=512 TexH=128
2026-08-21 01:48:12 [INFO] X=352 Y=-32 Src=0,0 - 32,32 TexW=512 TexH=128
2026-08-21 01:48:12 [INFO] X=384 Y=-32 Src=32,0 - 64,32 TexW=512 TexH=128
2026-08-21 01:48:12 [INFO] X=362 Y=-58 Src=0,0 - 77,58 TexW=77 TexH=58
2026-08-21 01:48:12 [INFO] X=416 Y=-32 Src=64,0 - 96,32 TexW=512 TexH=128
2026-08-21 01:48:12 [INFO] X=448 Y=-32 Src=96,0 - 128,32 TexW=512 TexH=128
2026-08-21 01:48:12 [INFO] X=480 Y=-32 Src=0,0 - 32,32 TexW=512 TexH=128
2026-08-21 01:48:12 [INFO] X=512 Y=-32 Src=32,0 - 64,32 TexW=512 TexH=128
2026-08-21 01:48:12 [INFO] X=544 Y=-32 Src=64,0 - 96,32 TexW=512 TexH=128
2026-08-21 01:48:12 [INFO] X=-32 Y=0 Src=0,64 - 32,96 TexW=512 TexH=128
2026-08-21 01:48:12 [INFO] X=0 Y=0 Src=32,64 - 64,96 TexW=512 TexH=128
2026-08-21 01:48:12 [INFO] X=32 Y=0 Src=64,64 - 96,96 TexW=512 TexH=128
2026-08-21 01:48:12 [INFO] X=64 Y=0 Src=96,64 - 128,96 TexW=512 TexH=128
2026-08-21 01:48:12 [INFO] X=96 Y=0 Src=0,64 - 32,96 TexW=512 TexH=128
2026-08-21 01:48:12 [INFO] X=128 Y=0 Src=32,64 - 64,96 TexW=512 TexH=128
2026-08-21 01:48:12 [INFO] X=160 Y=0 Src=64,64 - 96,96 TexW=512 TexH=128
2026-08-21 01:48:12 [INFO] X=192 Y=0 Src=96,64 - 128,96 TexW=512 TexH=128
2026-08-21 01:48:12 [INFO] X=224 Y=0 Src=0,64 - 32,96 TexW=512 TexH=128
2026-08-21 01:48:12 [INFO] X=256 Y=0 Src=32,64 - 64,96 TexW=512 TexH=128
2026-08-21 01:48:12 [INFO] X=288 Y=0 Src=64,64 - 96,96 TexW=512 TexH=128
2026-08-21 01:48:12 [INFO] X=320 Y=0 Src=96,64 - 128,96 TexW=512 TexH=128
2026-08-21 01:48:12 [INFO] X=352 Y=0 Src=0,64 - 32,96 TexW=512 TexH=128
2026-08-21 01:48:12 [INFO] X=384 Y=0 Src=32,64 - 64,96 TexW=512 TexH=128
2026-08-21 01:48:12 [INFO] X=416 Y=0 Src=64,64 - 96,96 TexW=512 TexH=128
2026-08-21 01:48:12 [INFO] X=448 Y=0 Src=96,64 - 128,96 TexW=512 TexH=128
2026-08-21 01:48:12 [INFO] X=480 Y=0 Src=0,64 - 32,96 TexW=512 TexH=128
2026-08-21 01:48:12 [INFO] X=512 Y=0 Src=32,64 - 64,96 TexW=512 TexH=128
2026-08-21 01:48:12 [INFO] X=544 Y=0 Src=64,64 - 96,96 TexW=512 TexH=128
2026-08-21 01:48:12 [INFO] X=-32 Y=32 Src=256,0 - 288,32 TexW=384 TexH=384
2026-08-21 01:48:12 [INFO] X=-32 Y=32 Src=128,128 - 160,160 TexW=256 TexH=384
2026-08-21 01:48:12 [INFO] X=0 Y=32 Src=288,0 - 320,32 TexW=384 TexH=384
2026-08-21 01:48:12 [INFO] X=0 Y=32 Src=160,128 - 192,160 TexW=256 TexH=384
2026-08-21 01:48:12 [INFO] X=32 Y=32 Src=320,0 - 352,32 TexW=384 TexH=384
2026-08-21 01:48:12 [INFO] X=32 Y=32 Src=128,128 - 160,160 TexW=256 TexH=384
2026-08-21 01:48:12 [INFO] X=64 Y=32 Src=352,0 - 384,32 TexW=384 TexH=384
2026-08-21 01:48:12 [INFO] X=64 Y=32 Src=160,128 - 192,160 TexW=256 TexH=384
2026-08-21 01:48:12 [INFO] X=96 Y=32 Src=256,0 - 288,32 TexW=384 TexH=384
2026-08-21 01:48:12 [INFO] X=96 Y=32 Src=128,128 - 160,160 TexW=256 TexH=384
2026-08-21 01:48:12 [INFO] X=128 Y=32 Src=288,0 - 320,32 TexW=384 TexH=384
2026-08-21 01:48:12 [INFO] X=128 Y=32 Src=160,128 - 192,160 TexW=256 TexH=384
2026-08-21 01:48:12 [INFO] X=160 Y=32 Src=320,0 - 352,32 TexW=384 TexH=384
2026-08-21 01:48:12 [INFO] X=160 Y=32 Src=128,128 - 160,160 TexW=256 TexH=384
2026-08-21 01:48:12 [INFO] X=192 Y=32 Src=352,0 - 384,32 TexW=384 TexH=384
2026-08-21 01:48:12 [INFO] X=192 Y=32 Src=160,128 - 192,160 TexW=256 TexH=384
2026-08-21 01:48:12 [INFO] X=224 Y=32 Src=256,0 - 288,32 TexW=384 TexH=384
2026-08-21 01:48:12 [INFO] X=224 Y=32 Src=128,128 - 160,160 TexW=256 TexH=384
2026-08-21 01:48:12 [INFO] X=256 Y=32 Src=288,0 - 320,32 TexW=384 TexH=384
2026-08-21 01:48:12 [INFO] X=256 Y=32 Src=160,128 - 192,160 TexW=256 TexH=384
2026-08-21 01:48:12 [INFO] X=288 Y=32 Src=320,0 - 352,32 TexW=384 TexH=384
2026-08-21 01:48:12 [INFO] X=288 Y=32 Src=128,128 - 160,160 TexW=256 TexH=384
2026-08-21 01:48:12 [INFO] X=320 Y=32 Src=352,0 - 384,32 TexW=384 TexH=384
2026-08-21 01:48:12 [INFO] X=320 Y=32 Src=160,128 - 192,160 TexW=256 TexH=384
2026-08-21 01:48:12 [INFO] X=352 Y=32 Src=256,0 - 288,32 TexW=384 TexH=384
2026-08-21 01:48:12 [INFO] X=352 Y=32 Src=128,128 - 160,160 TexW=256 TexH=384
2026-08-21 01:48:12 [INFO] X=384 Y=32 Src=288,0 - 320,32 TexW=384 TexH=384
2026-08-21 01:48:12 [INFO] X=384 Y=32 Src=160,128 - 192,160 TexW=256 TexH=384
2026-08-21 01:48:12 [INFO] X=416 Y=32 Src=320,0 - 352,32 TexW=384 TexH=384
2026-08-21 01:48:12 [INFO] X=416 Y=32 Src=128,128 - 160,160 TexW=256 TexH=384
2026-08-21 01:48:12 [INFO] X=448 Y=32 Src=352,0 - 384,32 TexW=384 TexH=384
2026-08-21 01:48:12 [INFO] X=448 Y=32 Src=160,128 - 192,160 TexW=256 TexH=384
2026-08-21 01:48:12 [INFO] X=480 Y=32 Src=256,0 - 288,32 TexW=384 TexH=384
2026-08-21 01:48:12 [INFO] X=480 Y=32 Src=128,128 - 160,160 TexW=256 TexH=384
2026-08-21 01:48:12 [INFO] X=512 Y=32 Src=288,0 - 320,32 TexW=384 TexH=384
2026-08-21 01:48:12 [INFO] X=512 Y=32 Src=160,128 - 192,160 TexW=256 TexH=384
2026-08-21 01:48:12 [INFO] X=544 Y=32 Src=320,0 - 352,32 TexW=384 TexH=384
2026-08-21 01:48:12 [INFO] X=544 Y=32 Src=128,128 - 160,160 TexW=256 TexH=384
2026-08-21 01:48:12 [INFO] X=-32 Y=64 Src=256,64 - 288,96 TexW=384 TexH=384
2026-08-21 01:48:12 [INFO] X=0 Y=64 Src=288,64 - 320,96 TexW=384 TexH=384
2026-08-21 01:48:12 [INFO] X=32 Y=64 Src=320,64 - 352,96 TexW=384 TexH=384
2026-08-21 01:48:12 [INFO] X=64 Y=64 Src=352,64 - 384,96 TexW=384 TexH=384
2026-08-21 01:48:12 [INFO] X=96 Y=64 Src=256,64 - 288,96 TexW=384 TexH=384
2026-08-21 01:48:12 [INFO] X=128 Y=64 Src=288,64 - 320,96 TexW=384 TexH=384
2026-08-21 01:48:12 [INFO] X=160 Y=64 Src=320,64 - 352,96 TexW=384 TexH=384
2026-08-21 01:48:12 [INFO] X=192 Y=64 Src=352,64 - 384,96 TexW=384 TexH=384
2026-08-21 01:48:12 [INFO] X=224 Y=64 Src=256,64 - 288,96 TexW=384 TexH=384
2026-08-21 01:48:12 [INFO] X=256 Y=64 Src=288,64 - 320,96 TexW=384 TexH=384
2026-08-21 01:48:12 [INFO] X=288 Y=64 Src=320,64 - 352,96 TexW=384 TexH=384
2026-08-21 01:48:12 [INFO] X=320 Y=64 Src=352,64 - 384,96 TexW=384 TexH=384
2026-08-21 01:48:12 [INFO] X=352 Y=64 Src=256,64 - 288,96 TexW=384 TexH=384
2026-08-21 01:48:12 [INFO] X=384 Y=64 Src=288,64 - 320,96 TexW=384 TexH=384
2026-08-21 01:48:12 [INFO] X=416 Y=64 Src=320,64 - 352,96 TexW=384 TexH=384
2026-08-21 01:48:12 [INFO] X=448 Y=64 Src=352,64 - 384,96 TexW=384 TexH=384
2026-08-21 01:48:12 [INFO] X=480 Y=64 Src=256,64 - 288,96 TexW=384 TexH=384
2026-08-21 01:48:12 [INFO] X=512 Y=64 Src=288,64 - 320,96 TexW=384 TexH=384
2026-08-21 01:48:12 [INFO] X=544 Y=64 Src=320,64 - 352,96 TexW=384 TexH=384
2026-08-21 01:48:12 [INFO] X=-32 Y=96 Src=256,0 - 288,32 TexW=384 TexH=384
2026-08-21 01:48:12 [INFO] X=0 Y=96 Src=288,0 - 320,32 TexW=384 TexH=384
2026-08-21 01:48:12 [INFO] X=32 Y=96 Src=320,0 - 352,32 TexW=384 TexH=384
2026-08-21 01:48:12 [INFO] X=64 Y=96 Src=352,0 - 384,32 TexW=384 TexH=384
2026-08-21 01:48:12 [INFO] X=96 Y=96 Src=256,0 - 288,32 TexW=384 TexH=384
2026-08-21 01:48:12 [INFO] X=128 Y=96 Src=288,0 - 320,32 TexW=384 TexH=384
2026-08-21 01:48:12 [INFO] X=160 Y=96 Src=320,0 - 352,32 TexW=384 TexH=384
2026-08-21 01:48:12 [INFO] X=192 Y=96 Src=352,0 - 384,32 TexW=384 TexH=384
2026-08-21 01:48:12 [INFO] X=224 Y=96 Src=256,0 - 288,32 TexW=384 TexH=384
2026-08-21 01:48:12 [INFO] X=256 Y=96 Src=288,0 - 320,32 TexW=384 TexH=384
2026-08-21 01:48:12 [INFO] X=288 Y=96 Src=320,0 - 352,32 TexW=384 TexH=384
2026-08-21 01:48:12 [INFO] X=320 Y=96 Src=352,0 - 384,32 TexW=384 TexH=384
2026-08-21 01:48:12 [INFO] X=352 Y=96 Src=256,0 - 288,32 TexW=384 TexH=384
2026-08-21 01:48:12 [INFO] X=384 Y=96 Src=288,0 - 320,32 TexW=384 TexH=384
2026-08-21 01:48:12 [INFO] X=416 Y=96 Src=320,0 - 352,32 TexW=384 TexH=384
2026-08-21 01:48:12 [INFO] X=448 Y=96 Src=352,0 - 384,32 TexW=384 TexH=384
2026-08-21 01:48:12 [INFO] X=480 Y=96 Src=256,0 - 288,32 TexW=384 TexH=384
2026-08-21 01:48:12 [INFO] X=512 Y=96 Src=288,0 - 320,32 TexW=384 TexH=384
2026-08-21 01:48:12 [INFO] X=544 Y=96 Src=320,0 - 352,32 TexW=384 TexH=384
2026-08-21 01:48:12 [INFO] X=-32 Y=128 Src=256,64 - 288,96 TexW=384 TexH=384
2026-08-21 01:48:12 [INFO] X=0 Y=128 Src=288,64 - 320,96 TexW=384 TexH=384
2026-08-21 01:48:12 [INFO] X=32 Y=128 Src=320,64 - 352,96 TexW=384 TexH=384
2026-08-21 01:48:12 [INFO] X=64 Y=128 Src=352,64 - 384,96 TexW=384 TexH=384
2026-08-21 01:48:12 [INFO] X=96 Y=128 Src=256,64 - 288,96 TexW=384 TexH=384
2026-08-21 01:48:12 [INFO] X=128 Y=128 Src=288,64 - 320,96 TexW=384 TexH=384
2026-08-21 01:48:12 [INFO] X=160 Y=128 Src=320,64 - 352,96 TexW=384 TexH=384
2026-08-21 01:48:12 [INFO] X=192 Y=128 Src=352,64 - 384,96 TexW=384 TexH=384
2026-08-21 01:48:12 [INFO] X=224 Y=128 Src=256,64 - 288,96 TexW=384 TexH=384
2026-08-21 01:48:12 [INFO] X=256 Y=128 Src=288,64 - 320,96 TexW=384 TexH=384
2026-08-21 01:48:12 [INFO] X=288 Y=128 Src=320,64 - 352,96 TexW=384 TexH=384
2026-08-21 01:48:12 [INFO] X=320 Y=128 Src=352,64 - 384,96 TexW=384 TexH=384
2026-08-21 01:48:12 [INFO] X=352 Y=128 Src=256,64 - 288,96 TexW=384 TexH=384
2026-08-21 01:48:12 [INFO] X=384 Y=128 Src=288,64 - 320,96 TexW=384 TexH=384
2026-08-21 01:48:12 [INFO] X=416 Y=128 Src=320,64 - 352,96 TexW=384 TexH=384
2026-08-21 01:48:12 [INFO] X=448 Y=128 Src=352,64 - 384,96 TexW=384 TexH=384
2026-08-21 01:48:12 [INFO] X=480 Y=128 Src=256,64 - 288,96 TexW=384 TexH=384
2026-08-21 01:48:12 [INFO] X=512 Y=128 Src=288,64 - 320,96 TexW=384 TexH=384
2026-08-21 01:48:12 [INFO] X=544 Y=128 Src=320,64 - 352,96 TexW=384 TexH=384
2026-08-21 01:48:12 [INFO] X=-32 Y=160 Src=256,0 - 288,32 TexW=384 TexH=384
2026-08-21 01:48:12 [INFO] X=0 Y=160 Src=288,0 - 320,32 TexW=384 TexH=384
2026-08-21 01:48:12 [INFO] X=32 Y=160 Src=320,0 - 352,32 TexW=384 TexH=384
2026-08-21 01:48:12 [INFO] X=64 Y=160 Src=352,0 - 384,32 TexW=384 TexH=384
2026-08-21 01:48:12 [INFO] X=96 Y=160 Src=256,0 - 288,32 TexW=384 TexH=384
2026-08-21 01:48:12 [INFO] X=128 Y=160 Src=288,0 - 320,32 TexW=384 TexH=384
2026-08-21 01:48:12 [INFO] X=160 Y=160 Src=320,0 - 352,32 TexW=384 TexH=384
2026-08-21 01:48:12 [INFO] X=192 Y=160 Src=352,0 - 384,32 TexW=384 TexH=384
2026-08-21 01:48:12 [INFO] X=224 Y=160 Src=256,0 - 288,32 TexW=384 TexH=384
2026-08-21 01:48:12 [INFO] X=256 Y=160 Src=288,0 - 320,32 TexW=384 TexH=384
2026-08-21 01:48:12 [INFO] X=288 Y=160 Src=320,0 - 352,32 TexW=384 TexH=384
2026-08-21 01:48:12 [INFO] X=320 Y=160 Src=352,0 - 384,32 TexW=384 TexH=384
2026-08-21 01:48:12 [INFO] X=352 Y=160 Src=256,0 - 288,32 TexW=384 TexH=384
2026-08-21 01:48:12 [INFO] X=384 Y=160 Src=288,0 - 320,32 TexW=384 TexH=384
2026-08-21 01:48:12 [INFO] X=416 Y=160 Src=320,0 - 352,32 TexW=384 TexH=384
2026-08-21 01:48:12 [INFO] X=448 Y=160 Src=352,0 - 384,32 TexW=384 TexH=384
2026-08-21 01:48:12 [INFO] X=480 Y=160 Src=256,0 - 288,32 TexW=384 TexH=384
2026-08-21 01:48:12 [INFO] X=512 Y=160 Src=288,0 - 320,32 TexW=384 TexH=384
2026-08-21 01:48:12 [INFO] X=544 Y=160 Src=320,0 - 352,32 TexW=384 TexH=384
2026-08-21 01:48:12 [INFO] X=-32 Y=192 Src=256,64 - 288,96 TexW=384 TexH=384
2026-08-21 01:48:12 [INFO] X=0 Y=192 Src=288,64 - 320,96 TexW=384 TexH=384
2026-08-21 01:48:12 [INFO] X=32 Y=192 Src=320,64 - 352,96 TexW=384 TexH=384
2026-08-21 01:48:12 [INFO] X=64 Y=192 Src=352,64 - 384,96 TexW=384 TexH=384
2026-08-21 01:48:12 [INFO] X=96 Y=192 Src=256,64 - 288,96 TexW=384 TexH=384
2026-08-21 01:48:12 [INFO] X=128 Y=192 Src=288,64 - 320,96 TexW=384 TexH=384
2026-08-21 01:48:12 [INFO] X=160 Y=192 Src=320,64 - 352,96 TexW=384 TexH=384
2026-08-21 01:48:12 [INFO] X=192 Y=192 Src=352,64 - 384,96 TexW=384 TexH=384
2026-08-21 01:48:12 [INFO] X=224 Y=192 Src=256,64 - 288,96 TexW=384 TexH=384
2026-08-21 01:48:12 [INFO] X=256 Y=192 Src=288,64 - 320,96 TexW=384 TexH=384
2026-08-21 01:48:12 [INFO] X=288 Y=192 Src=320,64 - 352,96 TexW=384 TexH=384
2026-08-21 01:48:12 [INFO] X=320 Y=192 Src=352,64 - 384,96 TexW=384 TexH=384
2026-08-21 01:48:12 [INFO] X=352 Y=192 Src=256,64 - 288,96 TexW=384 TexH=384
2026-08-21 01:48:12 [INFO] X=384 Y=192 Src=288,64 - 320,96 TexW=384 TexH=384
2026-08-21 01:48:12 [INFO] X=416 Y=192 Src=320,64 - 352,96 TexW=384 TexH=384
2026-08-21 01:48:12 [INFO] X=448 Y=192 Src=352,64 - 384,96 TexW=384 TexH=384
2026-08-21 01:48:12 [INFO] X=480 Y=192 Src=256,64 - 288,96 TexW=384 TexH=384
2026-08-21 01:48:12 [INFO] X=512 Y=192 Src=288,64 - 320,96 TexW=384 TexH=384
2026-08-21 01:48:12 [INFO] X=544 Y=192 Src=320,64 - 352,96 TexW=384 TexH=384
2026-08-21 01:48:12 [INFO] X=-304 Y=-415 Src=0,0 - 64,95 TexW=64 TexH=95
2026-08-21 01:48:12 [INFO] X=-368 Y=-576 Src=0,0 - 256,256 TexW=256 TexH=256
2026-08-21 01:48:12 [INFO] X=-182 Y=-475 Src=0,0 - 77,155 TexW=77 TexH=155
2026-08-21 01:48:12 [INFO] X=-208 Y=-576 Src=0,0 - 256,256 TexW=256 TexH=256
2026-08-21 01:48:12 [INFO] X=48 Y=-320 Src=0,0 - 128,32 TexW=128 TexH=32
2026-08-21 01:48:12 [INFO] X=176 Y=-320 Src=0,0 - 128,32 TexW=128 TexH=32
2026-08-21 01:48:12 [INFO] X=464 Y=-320 Src=0,0 - 128,32 TexW=128 TexH=32
2026-08-21 01:48:12 [INFO] X=592 Y=-320 Src=0,0 - 128,32 TexW=128 TexH=32
2026-08-21 01:48:12 [INFO] X=-176 Y=-512 Src=0,0 - 256,256 TexW=256 TexH=256
2026-08-21 01:48:12 [INFO] X=208 Y=-512 Src=0,0 - 256,256 TexW=256 TexH=256
2026-08-21 01:48:12 [INFO] X=-352 Y=-256 Src=0,0 - 32,32 TexW=64 TexH=32
2026-08-21 01:48:12 [INFO] X=835 Y=-270 Src=0,0 - 26,46 TexW=174 TexH=181
2026-08-21 01:48:12 [INFO] X=-176 Y=-448 Src=0,0 - 256,256 TexW=256 TexH=256
2026-08-21 01:48:12 [INFO] X=48 Y=-224 Src=0,0 - 128,32 TexW=128 TexH=32
2026-08-21 01:48:12 [INFO] X=176 Y=-224 Src=0,0 - 128,32 TexW=128 TexH=32
2026-08-21 01:48:12 [INFO] X=384 Y=-224 Src=608,64 - 640,96 TexW=640 TexH=742
2026-08-21 01:48:12 [INFO] X=480 Y=-224 Src=608,64 - 640,96 TexW=640 TexH=742
2026-08-21 01:48:12 [INFO] X=464 Y=-224 Src=0,0 - 128,32 TexW=128 TexH=32
2026-08-21 01:48:12 [INFO] X=592 Y=-224 Src=0,0 - 128,32 TexW=128 TexH=32
2026-08-21 01:48:12 [INFO] X=-253 Y=-206 Src=0,0 - 26,46 TexW=149 TexH=181
2026-08-21 01:48:12 [INFO] X=163 Y=-206 Src=0,0 - 26,46 TexW=149 TexH=181
2026-08-21 01:48:12 [INFO] X=168 Y=-214 Src=64,0 - 80,16 TexW=708 TexH=202
2026-08-21 01:48:12 [INFO] X=-352 Y=-160 Src=0,0 - 32,32 TexW=64 TexH=32
2026-08-21 01:48:12 [INFO] X=352 Y=-160 Src=608,64 - 640,96 TexW=640 TexH=742
2026-08-21 01:48:12 [INFO] X=480 Y=-160 Src=608,64 - 640,96 TexW=640 TexH=742
2026-08-21 01:48:12 [INFO] X=74 Y=-251 Src=0,0 - 77,155 TexW=77 TexH=155
2026-08-21 01:48:12 [INFO] X=419 Y=-142 Src=0,0 - 26,46 TexW=149 TexH=181
2026-08-21 01:48:12 [INFO] X=424 Y=-150 Src=320,0 - 336,16 TexW=708 TexH=202
2026-08-21 01:48:12 [INFO] X=448 Y=-128 Src=256,96 - 288,128 TexW=640 TexH=742
2026-08-21 01:48:12 [INFO] X=586 Y=-251 Src=0,0 - 77,155 TexW=77 TexH=155
2026-08-21 01:48:12 [INFO] X=-32 Y=-64 Src=608,64 - 640,96 TexW=640 TexH=742
2026-08-21 01:48:12 [INFO] X=448 Y=-64 Src=608,64 - 640,96 TexW=640 TexH=742
2026-08-21 01:48:12 [INFO] X=464 Y=-288 Src=0,0 - 256,256 TexW=256 TexH=256
2026-08-21 01:48:12 [INFO] X=0 Y=0 Src=608,64 - 640,96 TexW=640 TexH=742
2026-08-21 01:48:12 [INFO] X=291 Y=-14 Src=0,0 - 26,46 TexW=149 TexH=181
2026-08-21 01:48:12 [INFO] X=296 Y=-22 Src=256,48 - 272,64 TexW=708 TexH=202
2026-08-21 01:48:12 [INFO] X=736 Y=-64 Src=0,96 - 96,192 TexW=288 TexH=192
2026-08-21 01:48:12 [INFO] X=656 Y=32 Src=0,0 - 64,32 TexW=64 TexH=32
2026-08-21 01:48:12 [INFO] X=867 Y=18 Src=0,0 - 26,46 TexW=149 TexH=181
2026-08-21 01:48:12 [INFO] X=872 Y=10 Src=0,0 - 16,16 TexW=708 TexH=202
2026-08-21 01:48:12 [INFO] X=-349 Y=50 Src=0,0 - 26,46 TexW=149 TexH=181
2026-08-21 01:48:12 [INFO] X=-344 Y=42 Src=384,16 - 400,32 TexW=708 TexH=202
2026-08-21 01:48:12 [INFO] X=-285 Y=50 Src=0,0 - 26,46 TexW=149 TexH=181
2026-08-21 01:48:12 [INFO] X=-280 Y=42 Src=384,16 - 400,32 TexW=708 TexH=202
2026-08-21 01:48:12 [INFO] X=-182 Y=-59 Src=0,0 - 77,155 TexW=77 TexH=155
2026-08-21 01:48:12 [INFO] X=-61 Y=50 Src=0,0 - 26,46 TexW=149 TexH=181
2026-08-21 01:48:12 [INFO] X=-56 Y=42 Src=272,128 - 288,144 TexW=708 TexH=202
2026-08-21 01:48:12 [INFO] X=42 Y=-59 Src=0,0 - 77,155 TexW=77 TexH=155
2026-08-21 01:48:12 [INFO] X=259 Y=178 Src=0,0 - 26,46 TexW=149 TexH=181
2026-08-21 01:48:12 [INFO] X=264 Y=170 Src=128,16 - 144,32 TexW=708 TexH=202
2026-08-21 01:48:12 [INFO] X=611 Y=306 Src=0,0 - 26,46 TexW=149 TexH=181
2026-08-21 01:48:12 [INFO] X=616 Y=298 Src=256,48 - 272,64 TexW=708 TexH=202
2026-08-21 01:48:12 [INFO] X=-368 Y=128 Src=0,0 - 256,256 TexW=256 TexH=256
2026-08-21 01:48:12 [INFO] X=-240 Y=128 Src=0,0 - 256,256 TexW=256 TexH=256
2026-08-21 01:48:12 [INFO] X=-112 Y=128 Src=0,0 - 256,256 TexW=256 TexH=256
2026-08-21 01:48:12 [INFO] X=283 Y=384 Src=866,512 - 909,576 TexW=1792 TexH=640
2026-08-21 01:48:12 [INFO] X=443 Y=384 Src=866,512 - 909,576 TexW=1792 TexH=640
2026-08-21 01:48:12 [INFO] X=592 Y=192 Src=0,0 - 256,256 TexW=256 TexH=256
2026-08-21 01:48:12 [INFO] X=688 Y=192 Src=0,0 - 256,256 TexW=256 TexH=256
2026-08-21 01:48:12 [INFO] X=323 Y=448 Src=208,0 - 234,96 TexW=234 TexH=97
2026-08-21 01:48:12 [INFO] X=355 Y=498 Src=0,0 - 26,46 TexW=149 TexH=181
2026-08-21 01:48:12 [INFO] X=360 Y=490 Src=384,32 - 400,48 TexW=708 TexH=202
2026-08-21 01:48:12 [INFO] X=384 Y=512 Src=64,672 - 96,704 TexW=640 TexH=742
2026-08-21 01:48:12 [INFO] X=419 Y=448 Src=208,0 - 234,96 TexW=234 TexH=97
2026-08-21 01:48:12 [INFO] X=-368 Y=320 Src=0,0 - 256,256 TexW=256 TexH=256
2026-08-21 01:48:12 [INFO] X=688 Y=384 Src=0,0 - 256,256 TexW=256 TexH=256
2026-08-21 01:48:12 [INFO] X=-368 Y=448 Src=0,0 - 256,256 TexW=256 TexH=256
2026-08-21 01:48:12 [INFO] X=-127 Y=636 Src=240,0 - 270,68 TexW=270 TexH=68
2026-08-21 01:48:12 [INFO] X=-208 Y=448 Src=0,0 - 256,256 TexW=256 TexH=256
2026-08-21 01:48:12 [INFO] X=-285 Y=690 Src=0,0 - 26,46 TexW=149 TexH=181
2026-08-21 01:48:12 [INFO] X=-280 Y=682 Src=64,0 - 80,16 TexW=708 TexH=202
2026-08-21 01:48:12 [INFO] X=-253 Y=690 Src=0,0 - 26,46 TexW=149 TexH=181
2026-08-21 01:48:12 [INFO] X=-248 Y=682 Src=639,64 - 655,80 TexW=708 TexH=202
2026-08-21 01:48:12 [INFO] X=-221 Y=690 Src=0,0 - 26,46 TexW=149 TexH=181
2026-08-21 01:48:12 [INFO] X=-216 Y=682 Src=272,128 - 288,144 TexW=708 TexH=202
2026-08-21 01:48:12 [INFO] X=-32 Y=-32 Src=0,0 - 32,32 TexW=512 TexH=128
2026-08-21 01:48:12 [INFO] X=0 Y=-32 Src=32,0 - 64,32 TexW=512 TexH=128
2026-08-21 01:48:12 [INFO] X=32 Y=-32 Src=64,0 - 96,32 TexW=512 TexH=128
2026-08-21 01:48:12 [INFO] X=32 Y=-32 Src=512,192 - 544,224 TexW=640 TexH=742
2026-08-21 01:48:12 [INFO] X=64 Y=-32 Src=96,0 - 128,32 TexW=512 TexH=128
2026-08-21 01:48:12 [INFO] X=96 Y=-32 Src=0,0 - 32,32 TexW=512 TexH=128
2026-08-21 01:48:12 [INFO] X=128 Y=-32 Src=32,0 - 64,32 TexW=512 TexH=128
2026-08-21 01:48:12 [INFO] X=160 Y=-32 Src=64,0 - 96,32 TexW=512 TexH=128
2026-08-21 01:48:12 [INFO] X=192 Y=-32 Src=96,0 - 128,32 TexW=512 TexH=128
2026-08-21 01:48:12 [INFO] X=224 Y=-32 Src=0,0 - 32,32 TexW=512 TexH=128
2026-08-21 01:48:12 [INFO] X=256 Y=-32 Src=32,0 - 64,32 TexW=512 TexH=128
2026-08-21 01:48:12 [INFO] X=288 Y=-32 Src=64,0 - 96,32 TexW=512 TexH=128
2026-08-21 01:48:12 [INFO] X=320 Y=-32 Src=96,0 - 128,32 TexW=512 TexH=128
2026-08-21 01:48:12 [INFO] X=352 Y=-32 Src=0,0 - 32,32 TexW=512 TexH=128
2026-08-21 01:48:12 [INFO] X=384 Y=-32 Src=32,0 - 64,32 TexW=512 TexH=128
2026-08-21 01:48:12 [INFO] X=362 Y=-58 Src=0,0 - 77,58 TexW=77 TexH=58
2026-08-21 01:48:12 [INFO] X=416 Y=-32 Src=64,0 - 96,32 TexW=512 TexH=128
2026-08-21 01:48:12 [INFO] X=448 Y=-32 Src=96,0 - 128,32 TexW=512 TexH=128
2026-08-21 01:48:12 [INFO] X=480 Y=-32 Src=0,0 - 32,32 TexW=512 TexH=128
2026-08-21 01:48:12 [INFO] X=512 Y=-32 Src=32,0 - 64,32 TexW=512 TexH=128
2026-08-21 01:48:12 [INFO] X=544 Y=-32 Src=64,0 - 96,32 TexW=512 TexH=128
2026-08-21 01:48:12 [INFO] X=-32 Y=0 Src=0,64 - 32,96 TexW=512 TexH=128
2026-08-21 01:48:12 [INFO] X=0 Y=0 Src=32,64 - 64,96 TexW=512 TexH=128
2026-08-21 01:48:12 [INFO] X=32 Y=0 Src=64,64 - 96,96 TexW=512 TexH=128
2026-08-21 01:48:12 [INFO] X=64 Y=0 Src=96,64 - 128,96 TexW=512 TexH=128
2026-08-21 01:48:12 [INFO] X=96 Y=0 Src=0,64 - 32,96 TexW=512 TexH=128
2026-08-21 01:48:12 [INFO] X=128 Y=0 Src=32,64 - 64,96 TexW=512 TexH=128
2026-08-21 01:48:12 [INFO] X=160 Y=0 Src=64,64 - 96,96 TexW=512 TexH=128
2026-08-21 01:48:12 [INFO] X=192 Y=0 Src=96,64 - 128,96 TexW=512 TexH=128
2026-08-21 01:48:12 [INFO] X=224 Y=0 Src=0,64 - 32,96 TexW=512 TexH=128
2026-08-21 01:48:12 [INFO] X=256 Y=0 Src=32,64 - 64,96 TexW=512 TexH=128
2026-08-21 01:48:12 [INFO] X=288 Y=0 Src=64,64 - 96,96 TexW=512 TexH=128
2026-08-21 01:48:12 [INFO] X=320 Y=0 Src=96,64 - 128,96 TexW=512 TexH=128
2026-08-21 01:48:12 [INFO] X=352 Y=0 Src=0,64 - 32,96 TexW=512 TexH=128
2026-08-21 01:48:12 [INFO] X=384 Y=0 Src=32,64 - 64,96 TexW=512 TexH=128
2026-08-21 01:48:12 [INFO] X=416 Y=0 Src=64,64 - 96,96 TexW=512 TexH=128
2026-08-21 01:48:12 [INFO] X=448 Y=0 Src=96,64 - 128,96 TexW=512 TexH=128
2026-08-21 01:48:12 [INFO] X=480 Y=0 Src=0,64 - 32,96 TexW=512 TexH=128
2026-08-21 01:48:12 [INFO] X=512 Y=0 Src=32,64 - 64,96 TexW=512 TexH=128
2026-08-21 01:48:12 [INFO] X=544 Y=0 Src=64,64 - 96,96 TexW=512 TexH=128
2026-08-21 01:48:12 [INFO] X=-32 Y=32 Src=0,0 - 32,32 TexW=384 TexH=384
2026-08-21 01:48:12 [INFO] X=-32 Y=32 Src=128,128 - 160,160 TexW=256 TexH=384
2026-08-21 01:48:12 [INFO] X=0 Y=32 Src=32,0 - 64,32 TexW=384 TexH=384
2026-08-21 01:48:12 [INFO] X=0 Y=32 Src=160,128 - 192,160 TexW=256 TexH=384
2026-08-21 01:48:12 [INFO] X=32 Y=32 Src=64,0 - 96,32 TexW=384 TexH=384
2026-08-21 01:48:12 [INFO] X=32 Y=32 Src=128,128 - 160,160 TexW=256 TexH=384
2026-08-21 01:48:12 [INFO] X=64 Y=32 Src=96,0 - 128,32 TexW=384 TexH=384
2026-08-21 01:48:12 [INFO] X=64 Y=32 Src=160,128 - 192,160 TexW=256 TexH=384
2026-08-21 01:48:12 [INFO] X=96 Y=32 Src=0,0 - 32,32 TexW=384 TexH=384
2026-08-21 01:48:12 [INFO] X=96 Y=32 Src=128,128 - 160,160 TexW=256 TexH=384
2026-08-21 01:48:12 [INFO] X=128 Y=32 Src=32,0 - 64,32 TexW=384 TexH=384
2026-08-21 01:48:12 [INFO] X=128 Y=32 Src=160,128 - 192,160 TexW=256 TexH=384
2026-08-21 01:48:12 [INFO] X=160 Y=32 Src=64,0 - 96,32 TexW=384 TexH=384
2026-08-21 01:48:12 [INFO] X=160 Y=32 Src=128,128 - 160,160 TexW=256 TexH=384
2026-08-21 01:48:12 [INFO] X=192 Y=32 Src=96,0 - 128,32 TexW=384 TexH=384
2026-08-21 01:48:12 [INFO] X=192 Y=32 Src=160,128 - 192,160 TexW=256 TexH=384
2026-08-21 01:48:12 [INFO] X=224 Y=32 Src=0,0 - 32,32 TexW=384 TexH=384
2026-08-21 01:48:12 [INFO] X=224 Y=32 Src=128,128 - 160,160 TexW=256 TexH=384
2026-08-21 01:48:12 [INFO] X=256 Y=32 Src=32,0 - 64,32 TexW=384 TexH=384
2026-08-21 01:48:12 [INFO] X=256 Y=32 Src=160,128 - 192,160 TexW=256 TexH=384
2026-08-21 01:48:12 [INFO] X=288 Y=32 Src=64,0 - 96,32 TexW=384 TexH=384
2026-08-21 01:48:12 [INFO] X=288 Y=32 Src=128,128 - 160,160 TexW=256 TexH=384
2026-08-21 01:48:12 [INFO] X=320 Y=32 Src=96,0 - 128,32 TexW=384 TexH=384
2026-08-21 01:48:12 [INFO] X=320 Y=32 Src=160,128 - 192,160 TexW=256 TexH=384
2026-08-21 01:48:12 [INFO] X=352 Y=32 Src=0,0 - 32,32 TexW=384 TexH=384
2026-08-21 01:48:12 [INFO] X=352 Y=32 Src=128,128 - 160,160 TexW=256 TexH=384
2026-08-21 01:48:12 [INFO] X=384 Y=32 Src=32,0 - 64,32 TexW=384 TexH=384
2026-08-21 01:48:12 [INFO] X=384 Y=32 Src=160,128 - 192,160 TexW=256 TexH=384
2026-08-21 01:48:12 [INFO] X=416 Y=32 Src=64,0 - 96,32 TexW=384 TexH=384
2026-08-21 01:48:12 [INFO] X=416 Y=32 Src=128,128 - 160,160 TexW=256 TexH=384
2026-08-21 01:48:12 [INFO] X=448 Y=32 Src=96,0 - 128,32 TexW=384 TexH=384
2026-08-21 01:48:12 [INFO] X=448 Y=32 Src=160,128 - 192,160 TexW=256 TexH=384
2026-08-21 01:48:12 [INFO] X=480 Y=32 Src=0,0 - 32,32 TexW=384 TexH=384
2026-08-21 01:48:12 [INFO] X=480 Y=32 Src=128,128 - 160,160 TexW=256 TexH=384
2026-08-21 01:48:12 [INFO] X=512 Y=32 Src=32,0 - 64,32 TexW=384 TexH=384
2026-08-21 01:48:12 [INFO] X=512 Y=32 Src=160,128 - 192,160 TexW=256 TexH=384
2026-08-21 01:48:12 [INFO] X=544 Y=32 Src=64,0 - 96,32 TexW=384 TexH=384
2026-08-21 01:48:12 [INFO] X=544 Y=32 Src=128,128 - 160,160 TexW=256 TexH=384
2026-08-21 01:48:12 [INFO] X=-32 Y=64 Src=0,64 - 32,96 TexW=384 TexH=384
2026-08-21 01:48:12 [INFO] X=0 Y=64 Src=32,64 - 64,96 TexW=384 TexH=384
2026-08-21 01:48:12 [INFO] X=32 Y=64 Src=64,64 - 96,96 TexW=384 TexH=384
2026-08-21 01:48:12 [INFO] X=64 Y=64 Src=96,64 - 128,96 TexW=384 TexH=384
2026-08-21 01:48:12 [INFO] X=96 Y=64 Src=0,64 - 32,96 TexW=384 TexH=384
2026-08-21 01:48:12 [INFO] X=128 Y=64 Src=32,64 - 64,96 TexW=384 TexH=384
2026-08-21 01:48:12 [INFO] X=160 Y=64 Src=64,64 - 96,96 TexW=384 TexH=384
2026-08-21 01:48:12 [INFO] X=192 Y=64 Src=96,64 - 128,96 TexW=384 TexH=384
2026-08-21 01:48:12 [INFO] X=224 Y=64 Src=0,64 - 32,96 TexW=384 TexH=384
2026-08-21 01:48:12 [INFO] X=256 Y=64 Src=32,64 - 64,96 TexW=384 TexH=384
2026-08-21 01:48:12 [INFO] X=288 Y=64 Src=64,64 - 96,96 TexW=384 TexH=384
2026-08-21 01:48:12 [INFO] X=320 Y=64 Src=96,64 - 128,96 TexW=384 TexH=384
2026-08-21 01:48:12 [INFO] X=352 Y=64 Src=0,64 - 32,96 TexW=384 TexH=384
2026-08-21 01:48:12 [INFO] X=384 Y=64 Src=32,64 - 64,96 TexW=384 TexH=384
2026-08-21 01:48:12 [INFO] X=416 Y=64 Src=64,64 - 96,96 TexW=384 TexH=384
2026-08-21 01:48:12 [INFO] X=448 Y=64 Src=96,64 - 128,96 TexW=384 TexH=384
2026-08-21 01:48:12 [INFO] X=480 Y=64 Src=0,64 - 32,96 TexW=384 TexH=384
2026-08-21 01:48:12 [INFO] X=512 Y=64 Src=32,64 - 64,96 TexW=384 TexH=384
2026-08-21 01:48:12 [INFO] X=544 Y=64 Src=64,64 - 96,96 TexW=384 TexH=384
2026-08-21 01:48:12 [INFO] X=-32 Y=96 Src=0,0 - 32,32 TexW=384 TexH=384
2026-08-21 01:48:12 [INFO] X=0 Y=96 Src=32,0 - 64,32 TexW=384 TexH=384
2026-08-21 01:48:12 [INFO] X=32 Y=96 Src=64,0 - 96,32 TexW=384 TexH=384
2026-08-21 01:48:12 [INFO] X=64 Y=96 Src=96,0 - 128,32 TexW=384 TexH=384
2026-08-21 01:48:12 [INFO] X=96 Y=96 Src=0,0 - 32,32 TexW=384 TexH=384
2026-08-21 01:48:12 [INFO] X=128 Y=96 Src=32,0 - 64,32 TexW=384 TexH=384
2026-08-21 01:48:12 [INFO] X=160 Y=96 Src=64,0 - 96,32 TexW=384 TexH=384
2026-08-21 01:48:12 [INFO] X=192 Y=96 Src=96,0 - 128,32 TexW=384 TexH=384
2026-08-21 01:48:12 [INFO] X=224 Y=96 Src=0,0 - 32,32 TexW=384 TexH=384
2026-08-21 01:48:12 [INFO] X=256 Y=96 Src=32,0 - 64,32 TexW=384 TexH=384
2026-08-21 01:48:12 [INFO] X=288 Y=96 Src=64,0 - 96,32 TexW=384 TexH=384
2026-08-21 01:48:12 [INFO] X=320 Y=96 Src=96,0 - 128,32 TexW=384 TexH=384
2026-08-21 01:48:12 [INFO] X=352 Y=96 Src=0,0 - 32,32 TexW=384 TexH=384
2026-08-21 01:48:12 [INFO] X=384 Y=96 Src=32,0 - 64,32 TexW=384 TexH=384
2026-08-21 01:48:12 [INFO] X=416 Y=96 Src=64,0 - 96,32 TexW=384 TexH=384
2026-08-21 01:48:12 [INFO] X=448 Y=96 Src=96,0 - 128,32 TexW=384 TexH=384
2026-08-21 01:48:12 [INFO] X=480 Y=96 Src=0,0 - 32,32 TexW=384 TexH=384
2026-08-21 01:48:12 [INFO] X=512 Y=96 Src=32,0 - 64,32 TexW=384 TexH=384
2026-08-21 01:48:12 [INFO] X=544 Y=96 Src=64,0 - 96,32 TexW=384 TexH=384
2026-08-21 01:48:12 [INFO] X=-32 Y=128 Src=0,64 - 32,96 TexW=384 TexH=384
2026-08-21 01:48:12 [INFO] X=0 Y=128 Src=32,64 - 64,96 TexW=384 TexH=384
2026-08-21 01:48:12 [INFO] X=32 Y=128 Src=64,64 - 96,96 TexW=384 TexH=384
2026-08-21 01:48:12 [INFO] X=64 Y=128 Src=96,64 - 128,96 TexW=384 TexH=384
2026-08-21 01:48:12 [INFO] X=96 Y=128 Src=0,64 - 32,96 TexW=384 TexH=384
2026-08-21 01:48:12 [INFO] X=128 Y=128 Src=32,64 - 64,96 TexW=384 TexH=384
2026-08-21 01:48:12 [INFO] X=160 Y=128 Src=64,64 - 96,96 TexW=384 TexH=384
2026-08-21 01:48:12 [INFO] X=192 Y=128 Src=96,64 - 128,96 TexW=384 TexH=384
2026-08-21 01:48:13 [INFO] X=224 Y=128 Src=0,64 - 32,96 TexW=384 TexH=384
2026-08-21 01:48:13 [INFO] X=256 Y=128 Src=32,64 - 64,96 TexW=384 TexH=384
2026-08-21 01:48:13 [INFO] X=288 Y=128 Src=64,64 - 96,96 TexW=384 TexH=384
2026-08-21 01:48:13 [INFO] X=320 Y=128 Src=96,64 - 128,96 TexW=384 TexH=384
2026-08-21 01:48:13 [INFO] X=352 Y=128 Src=0,64 - 32,96 TexW=384 TexH=384
2026-08-21 01:48:13 [INFO] X=384 Y=128 Src=32,64 - 64,96 TexW=384 TexH=384
2026-08-21 01:48:13 [INFO] X=416 Y=128 Src=64,64 - 96,96 TexW=384 TexH=384
2026-08-21 01:48:13 [INFO] X=448 Y=128 Src=96,64 - 128,96 TexW=384 TexH=384
2026-08-21 01:48:13 [INFO] X=480 Y=128 Src=0,64 - 32,96 TexW=384 TexH=384
2026-08-21 01:48:13 [INFO] X=512 Y=128 Src=32,64 - 64,96 TexW=384 TexH=384
2026-08-21 01:48:13 [INFO] X=544 Y=128 Src=64,64 - 96,96 TexW=384 TexH=384
2026-08-21 01:48:13 [INFO] X=-32 Y=160 Src=0,0 - 32,32 TexW=384 TexH=384
2026-08-21 01:48:13 [INFO] X=0 Y=160 Src=32,0 - 64,32 TexW=384 TexH=384
2026-08-21 01:48:13 [INFO] X=32 Y=160 Src=64,0 - 96,32 TexW=384 TexH=384
2026-08-21 01:48:13 [INFO] X=64 Y=160 Src=96,0 - 128,32 TexW=384 TexH=384
2026-08-21 01:48:13 [INFO] X=96 Y=160 Src=0,0 - 32,32 TexW=384 TexH=384
2026-08-21 01:48:13 [INFO] X=128 Y=160 Src=32,0 - 64,32 TexW=384 TexH=384
2026-08-21 01:48:13 [INFO] X=160 Y=160 Src=64,0 - 96,32 TexW=384 TexH=384
2026-08-21 01:48:13 [INFO] X=192 Y=160 Src=96,0 - 128,32 TexW=384 TexH=384
2026-08-21 01:48:13 [INFO] X=224 Y=160 Src=0,0 - 32,32 TexW=384 TexH=384
2026-08-21 01:48:13 [INFO] X=256 Y=160 Src=32,0 - 64,32 TexW=384 TexH=384
2026-08-21 01:48:13 [INFO] X=288 Y=160 Src=64,0 - 96,32 TexW=384 TexH=384
2026-08-21 01:48:13 [INFO] X=320 Y=160 Src=96,0 - 128,32 TexW=384 TexH=384
2026-08-21 01:48:13 [INFO] X=352 Y=160 Src=0,0 - 32,32 TexW=384 TexH=384
2026-08-21 01:48:13 [INFO] X=384 Y=160 Src=32,0 - 64,32 TexW=384 TexH=384
2026-08-21 01:48:13 [INFO] X=416 Y=160 Src=64,0 - 96,32 TexW=384 TexH=384
2026-08-21 01:48:13 [INFO] X=448 Y=160 Src=96,0 - 128,32 TexW=384 TexH=384
2026-08-21 01:48:13 [INFO] X=480 Y=160 Src=0,0 - 32,32 TexW=384 TexH=384
2026-08-21 01:48:13 [INFO] X=512 Y=160 Src=32,0 - 64,32 TexW=384 TexH=384
2026-08-21 01:48:13 [INFO] X=544 Y=160 Src=64,0 - 96,32 TexW=384 TexH=384
2026-08-21 01:48:13 [INFO] X=-32 Y=192 Src=0,64 - 32,96 TexW=384 TexH=384
2026-08-21 01:48:13 [INFO] X=0 Y=192 Src=32,64 - 64,96 TexW=384 TexH=384
2026-08-21 01:48:13 [INFO] X=32 Y=192 Src=64,64 - 96,96 TexW=384 TexH=384
2026-08-21 01:48:13 [INFO] X=64 Y=192 Src=96,64 - 128,96 TexW=384 TexH=384
2026-08-21 01:48:13 [INFO] X=96 Y=192 Src=0,64 - 32,96 TexW=384 TexH=384
2026-08-21 01:48:13 [INFO] X=128 Y=192 Src=32,64 - 64,96 TexW=384 TexH=384
2026-08-21 01:48:13 [INFO] X=160 Y=192 Src=64,64 - 96,96 TexW=384 TexH=384
2026-08-21 01:48:13 [INFO] X=192 Y=192 Src=96,64 - 128,96 TexW=384 TexH=384
2026-08-21 01:48:13 [INFO] X=224 Y=192 Src=0,64 - 32,96 TexW=384 TexH=384
2026-08-21 01:48:13 [INFO] X=256 Y=192 Src=32,64 - 64,96 TexW=384 TexH=384
2026-08-21 01:48:13 [INFO] X=288 Y=192 Src=64,64 - 96,96 TexW=384 TexH=384
2026-08-21 01:48:13 [INFO] X=320 Y=192 Src=96,64 - 128,96 TexW=384 TexH=384
2026-08-21 01:48:13 [INFO] X=352 Y=192 Src=0,64 - 32,96 TexW=384 TexH=384
2026-08-21 01:48:13 [INFO] X=384 Y=192 Src=32,64 - 64,96 TexW=384 TexH=384
2026-08-21 01:48:13 [INFO] X=416 Y=192 Src=64,64 - 96,96 TexW=384 TexH=384
2026-08-21 01:48:13 [INFO] X=448 Y=192 Src=96,64 - 128,96 TexW=384 TexH=384
2026-08-21 01:48:13 [INFO] X=480 Y=192 Src=0,64 - 32,96 TexW=384 TexH=384
2026-08-21 01:48:13 [INFO] X=512 Y=192 Src=32,64 - 64,96 TexW=384 TexH=384
2026-08-21 01:48:13 [INFO] X=544 Y=192 Src=64,64 - 96,96 TexW=384 TexH=384
2026-08-21 01:48:13 [INFO] X=-304 Y=-415 Src=0,0 - 64,95 TexW=64 TexH=95
2026-08-21 01:48:13 [INFO] X=-368 Y=-576 Src=0,0 - 256,256 TexW=256 TexH=256
2026-08-21 01:48:13 [INFO] X=-182 Y=-475 Src=0,0 - 77,155 TexW=77 TexH=155
2026-08-21 01:48:13 [INFO] X=-208 Y=-576 Src=0,0 - 256,256 TexW=256 TexH=256
2026-08-21 01:48:13 [INFO] X=48 Y=-320 Src=0,0 - 128,32 TexW=128 TexH=32
2026-08-21 01:48:13 [INFO] X=176 Y=-320 Src=0,0 - 128,32 TexW=128 TexH=32
2026-08-21 01:48:13 [INFO] X=464 Y=-320 Src=0,0 - 128,32 TexW=128 TexH=32
2026-08-21 01:48:13 [INFO] X=592 Y=-320 Src=0,0 - 128,32 TexW=128 TexH=32
2026-08-21 01:48:13 [INFO] X=-176 Y=-512 Src=0,0 - 256,256 TexW=256 TexH=256
2026-08-21 01:48:13 [INFO] X=208 Y=-512 Src=0,0 - 256,256 TexW=256 TexH=256
2026-08-21 01:48:13 [INFO] X=-352 Y=-256 Src=0,0 - 32,32 TexW=64 TexH=32
2026-08-21 01:48:13 [INFO] X=835 Y=-270 Src=0,0 - 26,46 TexW=174 TexH=181
2026-08-21 01:48:13 [INFO] X=-176 Y=-448 Src=0,0 - 256,256 TexW=256 TexH=256
2026-08-21 01:48:13 [INFO] X=48 Y=-224 Src=0,0 - 128,32 TexW=128 TexH=32
2026-08-21 01:48:13 [INFO] X=176 Y=-224 Src=0,0 - 128,32 TexW=128 TexH=32
2026-08-21 01:48:13 [INFO] X=384 Y=-224 Src=608,64 - 640,96 TexW=640 TexH=742
2026-08-21 01:48:13 [INFO] X=480 Y=-224 Src=608,64 - 640,96 TexW=640 TexH=742
2026-08-21 01:48:13 [INFO] X=464 Y=-224 Src=0,0 - 128,32 TexW=128 TexH=32
2026-08-21 01:48:13 [INFO] X=592 Y=-224 Src=0,0 - 128,32 TexW=128 TexH=32
2026-08-21 01:48:13 [INFO] X=-253 Y=-206 Src=0,0 - 26,46 TexW=149 TexH=181
2026-08-21 01:48:13 [INFO] X=163 Y=-206 Src=0,0 - 26,46 TexW=149 TexH=181
2026-08-21 01:48:13 [INFO] X=168 Y=-214 Src=64,0 - 80,16 TexW=708 TexH=202
2026-08-21 01:48:13 [INFO] X=-352 Y=-160 Src=0,0 - 32,32 TexW=64 TexH=32
2026-08-21 01:48:13 [INFO] X=352 Y=-160 Src=608,64 - 640,96 TexW=640 TexH=742
2026-08-21 01:48:13 [INFO] X=480 Y=-160 Src=608,64 - 640,96 TexW=640 TexH=742
2026-08-21 01:48:13 [INFO] X=74 Y=-251 Src=0,0 - 77,155 TexW=77 TexH=155
2026-08-21 01:48:13 [INFO] X=419 Y=-142 Src=0,0 - 26,46 TexW=149 TexH=181
2026-08-21 01:48:13 [INFO] X=424 Y=-150 Src=320,0 - 336,16 TexW=708 TexH=202
2026-08-21 01:48:13 [INFO] X=448 Y=-128 Src=256,96 - 288,128 TexW=640 TexH=742
2026-08-21 01:48:13 [INFO] X=586 Y=-251 Src=0,0 - 77,155 TexW=77 TexH=155
2026-08-21 01:48:13 [INFO] X=-32 Y=-64 Src=608,64 - 640,96 TexW=640 TexH=742
2026-08-21 01:48:13 [INFO] X=448 Y=-64 Src=608,64 - 640,96 TexW=640 TexH=742
2026-08-21 01:48:13 [INFO] X=464 Y=-288 Src=0,0 - 256,256 TexW=256 TexH=256
2026-08-21 01:48:13 [INFO] X=0 Y=0 Src=608,64 - 640,96 TexW=640 TexH=742
2026-08-21 01:48:13 [INFO] X=291 Y=-14 Src=0,0 - 26,46 TexW=149 TexH=181
2026-08-21 01:48:13 [INFO] X=296 Y=-22 Src=256,48 - 272,64 TexW=708 TexH=202
2026-08-21 01:48:13 [INFO] X=736 Y=-64 Src=0,96 - 96,192 TexW=288 TexH=192
2026-08-21 01:48:13 [INFO] X=656 Y=32 Src=0,0 - 64,32 TexW=64 TexH=32
2026-08-21 01:48:13 [INFO] X=867 Y=18 Src=0,0 - 26,46 TexW=149 TexH=181
2026-08-21 01:48:13 [INFO] X=872 Y=10 Src=0,0 - 16,16 TexW=708 TexH=202
2026-08-21 01:48:13 [INFO] X=-349 Y=50 Src=0,0 - 26,46 TexW=149 TexH=181
2026-08-21 01:48:13 [INFO] X=-344 Y=42 Src=384,16 - 400,32 TexW=708 TexH=202
2026-08-21 01:48:13 [INFO] X=-285 Y=50 Src=0,0 - 26,46 TexW=149 TexH=181
2026-08-21 01:48:13 [INFO] X=-280 Y=42 Src=384,16 - 400,32 TexW=708 TexH=202
2026-08-21 01:48:13 [INFO] X=-182 Y=-59 Src=0,0 - 77,155 TexW=77 TexH=155
2026-08-21 01:48:13 [INFO] X=-61 Y=50 Src=0,0 - 26,46 TexW=149 TexH=181
2026-08-21 01:48:13 [INFO] X=-56 Y=42 Src=272,128 - 288,144 TexW=708 TexH=202
2026-08-21 01:48:13 [INFO] X=42 Y=-59 Src=0,0 - 77,155 TexW=77 TexH=155
2026-08-21 01:48:13 [INFO] X=259 Y=178 Src=0,0 - 26,46 TexW=149 TexH=181
2026-08-21 01:48:13 [INFO] X=264 Y=170 Src=128,16 - 144,32 TexW=708 TexH=202
2026-08-21 01:48:13 [INFO] X=611 Y=306 Src=0,0 - 26,46 TexW=149 TexH=181
2026-08-21 01:48:13 [INFO] X=616 Y=298 Src=256,48 - 272,64 TexW=708 TexH=202
2026-08-21 01:48:13 [INFO] X=-368 Y=128 Src=0,0 - 256,256 TexW=256 TexH=256
2026-08-21 01:48:13 [INFO] X=-240 Y=128 Src=0,0 - 256,256 TexW=256 TexH=256
2026-08-21 01:48:13 [INFO] X=-112 Y=128 Src=0,0 - 256,256 TexW=256 TexH=256
2026-08-21 01:48:13 [INFO] X=283 Y=384 Src=823,512 - 866,576 TexW=1792 TexH=640
2026-08-21 01:48:13 [INFO] X=443 Y=384 Src=823,512 - 866,576 TexW=1792 TexH=640
2026-08-21 01:48:13 [INFO] X=592 Y=192 Src=0,0 - 256,256 TexW=256 TexH=256
2026-08-21 01:48:13 [INFO] X=688 Y=192 Src=0,0 - 256,256 TexW=256 TexH=256
2026-08-21 01:48:13 [INFO] X=323 Y=448 Src=182,0 - 208,96 TexW=234 TexH=97
2026-08-21 01:48:13 [INFO] X=355 Y=498 Src=0,0 - 26,46 TexW=149 TexH=181
2026-08-21 01:48:13 [INFO] X=360 Y=490 Src=384,32 - 400,48 TexW=708 TexH=202
2026-08-21 01:48:13 [INFO] X=384 Y=512 Src=64,672 - 96,704 TexW=640 TexH=742
2026-08-21 01:48:13 [INFO] X=419 Y=448 Src=182,0 - 208,96 TexW=234 TexH=97
2026-08-21 01:48:13 [INFO] X=-368 Y=320 Src=0,0 - 256,256 TexW=256 TexH=256
2026-08-21 01:48:13 [INFO] X=688 Y=384 Src=0,0 - 256,256 TexW=256 TexH=256
2026-08-21 01:48:13 [INFO] X=-368 Y=448 Src=0,0 - 256,256 TexW=256 TexH=256
2026-08-21 01:48:13 [INFO] X=-127 Y=636 Src=210,0 - 240,68 TexW=270 TexH=68
2026-08-21 01:48:13 [INFO] X=-208 Y=448 Src=0,0 - 256,256 TexW=256 TexH=256
2026-08-21 01:48:13 [INFO] X=-285 Y=690 Src=0,0 - 26,46 TexW=149 TexH=181
2026-08-21 01:48:13 [INFO] X=-280 Y=682 Src=64,0 - 80,16 TexW=708 TexH=202
2026-08-21 01:48:13 [INFO] X=-253 Y=690 Src=0,0 - 26,46 TexW=149 TexH=181
2026-08-21 01:48:13 [INFO] X=-248 Y=682 Src=639,64 - 655,80 TexW=708 TexH=202
2026-08-21 01:48:13 [INFO] X=-221 Y=690 Src=0,0 - 26,46 TexW=149 TexH=181
2026-08-21 01:48:13 [INFO] X=-216 Y=682 Src=272,128 - 288,144 TexW=708 TexH=202
2026-08-21 01:48:13 [INFO] X=-32 Y=-32 Src=0,0 - 32,32 TexW=512 TexH=128
2026-08-21 01:48:13 [INFO] X=0 Y=-32 Src=32,0 - 64,32 TexW=512 TexH=128
2026-08-21 01:48:13 [INFO] X=32 Y=-32 Src=64,0 - 96,32 TexW=512 TexH=128
2026-08-21 01:48:13 [INFO] X=32 Y=-32 Src=512,192 - 544,224 TexW=640 TexH=742
2026-08-21 01:48:13 [INFO] X=64 Y=-32 Src=96,0 - 128,32 TexW=512 TexH=128
2026-08-21 01:48:13 [INFO] X=96 Y=-32 Src=0,0 - 32,32 TexW=512 TexH=128
2026-08-21 01:48:13 [INFO] X=128 Y=-32 Src=32,0 - 64,32 TexW=512 TexH=128
2026-08-21 01:48:13 [INFO] X=160 Y=-32 Src=64,0 - 96,32 TexW=512 TexH=128
2026-08-21 01:48:13 [INFO] X=192 Y=-32 Src=96,0 - 128,32 TexW=512 TexH=128
2026-08-21 01:48:13 [INFO] X=224 Y=-32 Src=0,0 - 32,32 TexW=512 TexH=128
2026-08-21 01:48:13 [INFO] X=256 Y=-32 Src=32,0 - 64,32 TexW=512 TexH=128
2026-08-21 01:48:13 [INFO] X=288 Y=-32 Src=64,0 - 96,32 TexW=512 TexH=128
2026-08-21 01:48:13 [INFO] X=320 Y=-32 Src=96,0 - 128,32 TexW=512 TexH=128
2026-08-21 01:48:13 [INFO] X=352 Y=-32 Src=0,0 - 32,32 TexW=512 TexH=128
2026-08-21 01:48:13 [INFO] X=384 Y=-32 Src=32,0 - 64,32 TexW=512 TexH=128
2026-08-21 01:48:13 [INFO] X=362 Y=-58 Src=0,0 - 77,58 TexW=77 TexH=58
2026-08-21 01:48:13 [INFO] X=416 Y=-32 Src=64,0 - 96,32 TexW=512 TexH=128
2026-08-21 01:48:13 [INFO] X=448 Y=-32 Src=96,0 - 128,32 TexW=512 TexH=128
2026-08-21 01:48:13 [INFO] X=480 Y=-32 Src=0,0 - 32,32 TexW=512 TexH=128
2026-08-21 01:48:13 [INFO] X=512 Y=-32 Src=32,0 - 64,32 TexW=512 TexH=128
2026-08-21 01:48:13 [INFO] X=544 Y=-32 Src=64,0 - 96,32 TexW=512 TexH=128
2026-08-21 01:48:13 [INFO] X=-32 Y=0 Src=0,64 - 32,96 TexW=512 TexH=128
2026-08-21 01:48:13 [INFO] X=0 Y=0 Src=32,64 - 64,96 TexW=512 TexH=128
2026-08-21 01:48:13 [INFO] X=32 Y=0 Src=64,64 - 96,96 TexW=512 TexH=128
2026-08-21 01:48:13 [INFO] X=64 Y=0 Src=96,64 - 128,96 TexW=512 TexH=128
2026-08-21 01:48:13 [INFO] X=96 Y=0 Src=0,64 - 32,96 TexW=512 TexH=128
2026-08-21 01:48:13 [INFO] X=128 Y=0 Src=32,64 - 64,96 TexW=512 TexH=128
2026-08-21 01:48:13 [INFO] X=160 Y=0 Src=64,64 - 96,96 TexW=512 TexH=128
2026-08-21 01:48:13 [INFO] X=192 Y=0 Src=96,64 - 128,96 TexW=512 TexH=128
2026-08-21 01:48:13 [INFO] X=224 Y=0 Src=0,64 - 32,96 TexW=512 TexH=128
2026-08-21 01:48:13 [INFO] X=256 Y=0 Src=32,64 - 64,96 TexW=512 TexH=128
2026-08-21 01:48:13 [INFO] X=288 Y=0 Src=64,64 - 96,96 TexW=512 TexH=128
2026-08-21 01:48:13 [INFO] X=320 Y=0 Src=96,64 - 128,96 TexW=512 TexH=128
2026-08-21 01:48:13 [INFO] X=352 Y=0 Src=0,64 - 32,96 TexW=512 TexH=128
2026-08-21 01:48:13 [INFO] X=384 Y=0 Src=32,64 - 64,96 TexW=512 TexH=128
2026-08-21 01:48:13 [INFO] X=416 Y=0 Src=64,64 - 96,96 TexW=512 TexH=128
2026-08-21 01:48:13 [INFO] X=448 Y=0 Src=96,64 - 128,96 TexW=512 TexH=128
2026-08-21 01:48:13 [INFO] X=480 Y=0 Src=0,64 - 32,96 TexW=512 TexH=128
2026-08-21 01:48:13 [INFO] X=512 Y=0 Src=32,64 - 64,96 TexW=512 TexH=128
2026-08-21 01:48:13 [INFO] X=544 Y=0 Src=64,64 - 96,96 TexW=512 TexH=128
2026-08-21 01:48:13 [INFO] X=-32 Y=32 Src=0,128 - 32,160 TexW=384 TexH=384
2026-08-21 01:48:13 [INFO] X=-32 Y=32 Src=128,128 - 160,160 TexW=256 TexH=384
2026-08-21 01:48:13 [INFO] X=0 Y=32 Src=32,128 - 64,160 TexW=384 TexH=384
2026-08-21 01:48:13 [INFO] X=0 Y=32 Src=160,128 - 192,160 TexW=256 TexH=384
2026-08-21 01:48:13 [INFO] X=32 Y=32 Src=64,128 - 96,160 TexW=384 TexH=384
2026-08-21 01:48:13 [INFO] X=32 Y=32 Src=128,128 - 160,160 TexW=256 TexH=384
2026-08-21 01:48:13 [INFO] X=64 Y=32 Src=96,128 - 128,160 TexW=384 TexH=384
2026-08-21 01:48:13 [INFO] X=64 Y=32 Src=160,128 - 192,160 TexW=256 TexH=384
2026-08-21 01:48:13 [INFO] X=96 Y=32 Src=0,128 - 32,160 TexW=384 TexH=384
2026-08-21 01:48:13 [INFO] X=96 Y=32 Src=128,128 - 160,160 TexW=256 TexH=384
2026-08-21 01:48:13 [INFO] X=128 Y=32 Src=32,128 - 64,160 TexW=384 TexH=384
2026-08-21 01:48:13 [INFO] X=128 Y=32 Src=160,128 - 192,160 TexW=256 TexH=384
2026-08-21 01:48:13 [INFO] X=160 Y=32 Src=64,128 - 96,160 TexW=384 TexH=384
2026-08-21 01:48:13 [INFO] X=160 Y=32 Src=128,128 - 160,160 TexW=256 TexH=384
2026-08-21 01:48:13 [INFO] X=192 Y=32 Src=96,128 - 128,160 TexW=384 TexH=384
2026-08-21 01:48:13 [INFO] X=192 Y=32 Src=160,128 - 192,160 TexW=256 TexH=384
2026-08-21 01:48:13 [INFO] X=224 Y=32 Src=0,128 - 32,160 TexW=384 TexH=384
2026-08-21 01:48:13 [INFO] X=224 Y=32 Src=128,128 - 160,160 TexW=256 TexH=384
2026-08-21 01:48:13 [INFO] X=256 Y=32 Src=32,128 - 64,160 TexW=384 TexH=384
2026-08-21 01:48:13 [INFO] X=256 Y=32 Src=160,128 - 192,160 TexW=256 TexH=384
2026-08-21 01:48:13 [INFO] X=288 Y=32 Src=64,128 - 96,160 TexW=384 TexH=384
2026-08-21 01:48:13 [INFO] X=288 Y=32 Src=128,128 - 160,160 TexW=256 TexH=384
2026-08-21 01:48:13 [INFO] X=320 Y=32 Src=96,128 - 128,160 TexW=384 TexH=384
2026-08-21 01:48:13 [INFO] X=320 Y=32 Src=160,128 - 192,160 TexW=256 TexH=384
2026-08-21 01:48:13 [INFO] X=352 Y=32 Src=0,128 - 32,160 TexW=384 TexH=384
2026-08-21 01:48:13 [INFO] X=352 Y=32 Src=128,128 - 160,160 TexW=256 TexH=384
2026-08-21 01:48:13 [INFO] X=384 Y=32 Src=32,128 - 64,160 TexW=384 TexH=384
2026-08-21 01:48:13 [INFO] X=384 Y=32 Src=160,128 - 192,160 TexW=256 TexH=384
2026-08-21 01:48:13 [INFO] X=416 Y=32 Src=64,128 - 96,160 TexW=384 TexH=384
2026-08-21 01:48:13 [INFO] X=416 Y=32 Src=128,128 - 160,160 TexW=256 TexH=384
2026-08-21 01:48:13 [INFO] X=448 Y=32 Src=96,128 - 128,160 TexW=384 TexH=384
2026-08-21 01:48:13 [INFO] X=448 Y=32 Src=160,128 - 192,160 TexW=256 TexH=384
2026-08-21 01:48:13 [INFO] X=480 Y=32 Src=0,128 - 32,160 TexW=384 TexH=384
2026-08-21 01:48:13 [INFO] X=480 Y=32 Src=128,128 - 160,160 TexW=256 TexH=384
2026-08-21 01:48:13 [INFO] X=512 Y=32 Src=32,128 - 64,160 TexW=384 TexH=384
2026-08-21 01:48:13 [INFO] X=512 Y=32 Src=160,128 - 192,160 TexW=256 TexH=384
2026-08-21 01:48:13 [INFO] X=544 Y=32 Src=64,128 - 96,160 TexW=384 TexH=384
2026-08-21 01:48:13 [INFO] X=544 Y=32 Src=128,128 - 160,160 TexW=256 TexH=384
2026-08-21 01:48:13 [INFO] X=-32 Y=64 Src=0,192 - 32,224 TexW=384 TexH=384
2026-08-21 01:48:13 [INFO] X=0 Y=64 Src=32,192 - 64,224 TexW=384 TexH=384
2026-08-21 01:48:13 [INFO] X=32 Y=64 Src=64,192 - 96,224 TexW=384 TexH=384
2026-08-21 01:48:13 [INFO] X=64 Y=64 Src=96,192 - 128,224 TexW=384 TexH=384
2026-08-21 01:48:13 [INFO] X=96 Y=64 Src=0,192 - 32,224 TexW=384 TexH=384
2026-08-21 01:48:13 [INFO] X=128 Y=64 Src=32,192 - 64,224 TexW=384 TexH=384
2026-08-21 01:48:13 [INFO] X=160 Y=64 Src=64,192 - 96,224 TexW=384 TexH=384
2026-08-21 01:48:13 [INFO] X=192 Y=64 Src=96,192 - 128,224 TexW=384 TexH=384
2026-08-21 01:48:13 [INFO] X=224 Y=64 Src=0,192 - 32,224 TexW=384 TexH=384
2026-08-21 01:48:13 [INFO] X=256 Y=64 Src=32,192 - 64,224 TexW=384 TexH=384
2026-08-21 01:48:13 [INFO] X=288 Y=64 Src=64,192 - 96,224 TexW=384 TexH=384
2026-08-21 01:48:13 [INFO] X=320 Y=64 Src=96,192 - 128,224 TexW=384 TexH=384
2026-08-21 01:48:13 [INFO] X=352 Y=64 Src=0,192 - 32,224 TexW=384 TexH=384
2026-08-21 01:48:13 [INFO] X=384 Y=64 Src=32,192 - 64,224 TexW=384 TexH=384
2026-08-21 01:48:13 [INFO] X=416 Y=64 Src=64,192 - 96,224 TexW=384 TexH=384
2026-08-21 01:48:13 [INFO] X=448 Y=64 Src=96,192 - 128,224 TexW=384 TexH=384
2026-08-21 01:48:13 [INFO] X=480 Y=64 Src=0,192 - 32,224 TexW=384 TexH=384
2026-08-21 01:48:13 [INFO] X=512 Y=64 Src=32,192 - 64,224 TexW=384 TexH=384
2026-08-21 01:48:13 [INFO] X=544 Y=64 Src=64,192 - 96,224 TexW=384 TexH=384
2026-08-21 01:48:13 [INFO] X=-32 Y=96 Src=0,128 - 32,160 TexW=384 TexH=384
2026-08-21 01:48:13 [INFO] X=0 Y=96 Src=32,128 - 64,160 TexW=384 TexH=384
2026-08-21 01:48:13 [INFO] X=32 Y=96 Src=64,128 - 96,160 TexW=384 TexH=384
2026-08-21 01:48:13 [INFO] X=64 Y=96 Src=96,128 - 128,160 TexW=384 TexH=384
2026-08-21 01:48:13 [INFO] X=96 Y=96 Src=0,128 - 32,160 TexW=384 TexH=384
2026-08-21 01:48:13 [INFO] X=128 Y=96 Src=32,128 - 64,160 TexW=384 TexH=384
2026-08-21 01:48:13 [INFO] X=160 Y=96 Src=64,128 - 96,160 TexW=384 TexH=384
2026-08-21 01:48:13 [INFO] X=192 Y=96 Src=96,128 - 128,160 TexW=384 TexH=384
2026-08-21 01:48:13 [INFO] X=224 Y=96 Src=0,128 - 32,160 TexW=384 TexH=384
2026-08-21 01:48:13 [INFO] X=256 Y=96 Src=32,128 - 64,160 TexW=384 TexH=384
2026-08-21 01:48:13 [INFO] X=288 Y=96 Src=64,128 - 96,160 TexW=384 TexH=384
2026-08-21 01:48:13 [INFO] X=320 Y=96 Src=96,128 - 128,160 TexW=384 TexH=384
2026-08-21 01:48:13 [INFO] X=352 Y=96 Src=0,128 - 32,160 TexW=384 TexH=384
2026-08-21 01:48:13 [INFO] X=384 Y=96 Src=32,128 - 64,160 TexW=384 TexH=384
2026-08-21 01:48:13 [INFO] X=416 Y=96 Src=64,128 - 96,160 TexW=384 TexH=384
2026-08-21 01:48:13 [INFO] X=448 Y=96 Src=96,128 - 128,160 TexW=384 TexH=384
2026-08-21 01:48:13 [INFO] X=480 Y=96 Src=0,128 - 32,160 TexW=384 TexH=384
2026-08-21 01:48:13 [INFO] X=512 Y=96 Src=32,128 - 64,160 TexW=384 TexH=384
2026-08-21 01:48:13 [INFO] X=544 Y=96 Src=64,128 - 96,160 TexW=384 TexH=384
2026-08-21 01:48:13 [INFO] X=-32 Y=128 Src=0,192 - 32,224 TexW=384 TexH=384
2026-08-21 01:48:13 [INFO] X=0 Y=128 Src=32,192 - 64,224 TexW=384 TexH=384
2026-08-21 01:48:13 [INFO] X=32 Y=128 Src=64,192 - 96,224 TexW=384 TexH=384
2026-08-21 01:48:13 [INFO] X=64 Y=128 Src=96,192 - 128,224 TexW=384 TexH=384
2026-08-21 01:48:13 [INFO] X=96 Y=128 Src=0,192 - 32,224 TexW=384 TexH=384
2026-08-21 01:48:13 [INFO] X=128 Y=128 Src=32,192 - 64,224 TexW=384 TexH=384
2026-08-21 01:48:13 [INFO] X=160 Y=128 Src=64,192 - 96,224 TexW=384 TexH=384
2026-08-21 01:48:13 [INFO] X=192 Y=128 Src=96,192 - 128,224 TexW=384 TexH=384
2026-08-21 01:48:13 [INFO] X=224 Y=128 Src=0,192 - 32,224 TexW=384 TexH=384
2026-08-21 01:48:13 [INFO] X=256 Y=128 Src=32,192 - 64,224 TexW=384 TexH=384
2026-08-21 01:48:13 [INFO] X=288 Y=128 Src=64,192 - 96,224 TexW=384 TexH=384
2026-08-21 01:48:13 [INFO] X=320 Y=128 Src=96,192 - 128,224 TexW=384 TexH=384
2026-08-21 01:48:13 [INFO] X=352 Y=128 Src=0,192 - 32,224 TexW=384 TexH=384
2026-08-21 01:48:13 [INFO] X=384 Y=128 Src=32,192 - 64,224 TexW=384 TexH=384
2026-08-21 01:48:13 [INFO] X=416 Y=128 Src=64,192 - 96,224 TexW=384 TexH=384
2026-08-21 01:48:13 [INFO] X=448 Y=128 Src=96,192 - 128,224 TexW=384 TexH=384
2026-08-21 01:48:13 [INFO] X=480 Y=128 Src=0,192 - 32,224 TexW=384 TexH=384
2026-08-21 01:48:13 [INFO] X=512 Y=128 Src=32,192 - 64,224 TexW=384 TexH=384
2026-08-21 01:48:13 [INFO] X=544 Y=128 Src=64,192 - 96,224 TexW=384 TexH=384
2026-08-21 01:48:13 [INFO] X=-32 Y=160 Src=0,128 - 32,160 TexW=384 TexH=384
2026-08-21 01:48:13 [INFO] X=0 Y=160 Src=32,128 - 64,160 TexW=384 TexH=384
2026-08-21 01:48:13 [INFO] X=32 Y=160 Src=64,128 - 96,160 TexW=384 TexH=384
2026-08-21 01:48:13 [INFO] X=64 Y=160 Src=96,128 - 128,160 TexW=384 TexH=384
2026-08-21 01:48:13 [INFO] X=96 Y=160 Src=0,128 - 32,160 TexW=384 TexH=384
2026-08-21 01:48:13 [INFO] X=128 Y=160 Src=32,128 - 64,160 TexW=384 TexH=384
2026-08-21 01:48:13 [INFO] X=160 Y=160 Src=64,128 - 96,160 TexW=384 TexH=384
2026-08-21 01:48:13 [INFO] X=192 Y=160 Src=96,128 - 128,160 TexW=384 TexH=384
2026-08-21 01:48:13 [INFO] X=224 Y=160 Src=0,128 - 32,160 TexW=384 TexH=384
2026-08-21 01:48:13 [INFO] X=256 Y=160 Src=32,128 - 64,160 TexW=384 TexH=384
2026-08-21 01:48:13 [INFO] X=288 Y=160 Src=64,128 - 96,160 TexW=384 TexH=384
2026-08-21 01:48:13 [INFO] X=320 Y=160 Src=96,128 - 128,160 TexW=384 TexH=384
2026-08-21 01:48:13 [INFO] X=352 Y=160 Src=0,128 - 32,160 TexW=384 TexH=384
2026-08-21 01:48:13 [INFO] X=384 Y=160 Src=32,128 - 64,160 TexW=384 TexH=384
2026-08-21 01:48:13 [INFO] X=416 Y=160 Src=64,128 - 96,160 TexW=384 TexH=384
2026-08-21 01:48:13 [INFO] X=448 Y=160 Src=96,128 - 128,160 TexW=384 TexH=384
2026-08-21 01:48:13 [INFO] X=480 Y=160 Src=0,128 - 32,160 TexW=384 TexH=384
2026-08-21 01:48:13 [INFO] X=512 Y=160 Src=32,128 - 64,160 TexW=384 TexH=384
2026-08-21 01:48:13 [INFO] X=544 Y=160 Src=64,128 - 96,160 TexW=384 TexH=384
2026-08-21 01:48:13 [INFO] X=-32 Y=192 Src=0,192 - 32,224 TexW=384 TexH=384
2026-08-21 01:48:13 [INFO] X=0 Y=192 Src=32,192 - 64,224 TexW=384 TexH=384
2026-08-21 01:48:13 [INFO] X=32 Y=192 Src=64,192 - 96,224 TexW=384 TexH=384
2026-08-21 01:48:13 [INFO] X=64 Y=192 Src=96,192 - 128,224 TexW=384 TexH=384
2026-08-21 01:48:13 [INFO] X=96 Y=192 Src=0,192 - 32,224 TexW=384 TexH=384
2026-08-21 01:48:13 [INFO] X=128 Y=192 Src=32,192 - 64,224 TexW=384 TexH=384
2026-08-21 01:48:13 [INFO] X=160 Y=192 Src=64,192 - 96,224 TexW=384 TexH=384
2026-08-21 01:48:13 [INFO] X=192 Y=192 Src=96,192 - 128,224 TexW=384 TexH=384
2026-08-21 01:48:13 [INFO] X=224 Y=192 Src=0,192 - 32,224 TexW=384 TexH=384
2026-08-21 01:48:13 [INFO] X=256 Y=192 Src=32,192 - 64,224 TexW=384 TexH=384
2026-08-21 01:48:13 [INFO] X=288 Y=192 Src=64,192 - 96,224 TexW=384 TexH=384
2026-08-21 01:48:13 [INFO] X=320 Y=192 Src=96,192 - 128,224 TexW=384 TexH=384
2026-08-21 01:48:13 [INFO] X=352 Y=192 Src=0,192 - 32,224 TexW=384 TexH=384
2026-08-21 01:48:13 [INFO] X=384 Y=192 Src=32,192 - 64,224 TexW=384 TexH=384
2026-08-21 01:48:13 [INFO] X=416 Y=192 Src=64,192 - 96,224 TexW=384 TexH=384
2026-08-21 01:48:13 [INFO] X=448 Y=192 Src=96,192 - 128,224 TexW=384 TexH=384
2026-08-21 01:48:13 [INFO] X=480 Y=192 Src=0,192 - 32,224 TexW=384 TexH=384
2026-08-21 01:48:13 [INFO] X=512 Y=192 Src=32,192 - 64,224 TexW=384 TexH=384
2026-08-21 01:48:13 [INFO] X=544 Y=192 Src=64,192 - 96,224 TexW=384 TexH=384
2026-08-21 01:48:13 [INFO] X=-304 Y=-415 Src=0,0 - 64,95 TexW=64 TexH=95
2026-08-21 01:48:13 [INFO] X=-368 Y=-576 Src=0,0 - 256,256 TexW=256 TexH=256
2026-08-21 01:48:13 [INFO] X=-182 Y=-475 Src=0,0 - 77,155 TexW=77 TexH=155
2026-08-21 01:48:13 [INFO] X=-208 Y=-576 Src=0,0 - 256,256 TexW=256 TexH=256
2026-08-21 01:48:13 [INFO] X=48 Y=-320 Src=0,0 - 128,32 TexW=128 TexH=32
2026-08-21 01:48:13 [INFO] X=176 Y=-320 Src=0,0 - 128,32 TexW=128 TexH=32
2026-08-21 01:48:13 [INFO] X=464 Y=-320 Src=0,0 - 128,32 TexW=128 TexH=32
2026-08-21 01:48:13 [INFO] X=592 Y=-320 Src=0,0 - 128,32 TexW=128 TexH=32
2026-08-21 01:48:13 [INFO] X=-176 Y=-512 Src=0,0 - 256,256 TexW=256 TexH=256
2026-08-21 01:48:13 [INFO] X=208 Y=-512 Src=0,0 - 256,256 TexW=256 TexH=256
2026-08-21 01:48:13 [INFO] X=-352 Y=-256 Src=0,0 - 32,32 TexW=64 TexH=32
2026-08-21 01:48:13 [INFO] X=835 Y=-270 Src=0,0 - 26,46 TexW=174 TexH=181
2026-08-21 01:48:13 [INFO] X=-176 Y=-448 Src=0,0 - 256,256 TexW=256 TexH=256
2026-08-21 01:48:13 [INFO] X=48 Y=-224 Src=0,0 - 128,32 TexW=128 TexH=32
2026-08-21 01:48:13 [INFO] X=176 Y=-224 Src=0,0 - 128,32 TexW=128 TexH=32
2026-08-21 01:48:13 [INFO] X=384 Y=-224 Src=608,64 - 640,96 TexW=640 TexH=742
2026-08-21 01:48:13 [INFO] X=480 Y=-224 Src=608,64 - 640,96 TexW=640 TexH=742
2026-08-21 01:48:13 [INFO] X=464 Y=-224 Src=0,0 - 128,32 TexW=128 TexH=32
2026-08-21 01:48:13 [INFO] X=592 Y=-224 Src=0,0 - 128,32 TexW=128 TexH=32
2026-08-21 01:48:13 [INFO] X=-253 Y=-206 Src=0,0 - 26,46 TexW=149 TexH=181
2026-08-21 01:48:13 [INFO] X=163 Y=-206 Src=0,0 - 26,46 TexW=149 TexH=181
2026-08-21 01:48:13 [INFO] X=168 Y=-214 Src=64,0 - 80,16 TexW=708 TexH=202
2026-08-21 01:48:13 [INFO] X=-352 Y=-160 Src=0,0 - 32,32 TexW=64 TexH=32
2026-08-21 01:48:13 [INFO] X=352 Y=-160 Src=608,64 - 640,96 TexW=640 TexH=742
2026-08-21 01:48:13 [INFO] X=480 Y=-160 Src=608,64 - 640,96 TexW=640 TexH=742
2026-08-21 01:48:13 [INFO] X=74 Y=-251 Src=0,0 - 77,155 TexW=77 TexH=155
2026-08-21 01:48:13 [INFO] X=419 Y=-142 Src=0,0 - 26,46 TexW=149 TexH=181
2026-08-21 01:48:13 [INFO] X=424 Y=-150 Src=320,0 - 336,16 TexW=708 TexH=202
2026-08-21 01:48:13 [INFO] X=448 Y=-128 Src=256,96 - 288,128 TexW=640 TexH=742
2026-08-21 01:48:13 [INFO] X=586 Y=-251 Src=0,0 - 77,155 TexW=77 TexH=155
2026-08-21 01:48:13 [INFO] X=-32 Y=-64 Src=608,64 - 640,96 TexW=640 TexH=742
2026-08-21 01:48:13 [INFO] X=448 Y=-64 Src=608,64 - 640,96 TexW=640 TexH=742
2026-08-21 01:48:13 [INFO] X=464 Y=-288 Src=0,0 - 256,256 TexW=256 TexH=256
2026-08-21 01:48:13 [INFO] X=0 Y=0 Src=608,64 - 640,96 TexW=640 TexH=742
2026-08-21 01:48:13 [INFO] X=291 Y=-14 Src=0,0 - 26,46 TexW=149 TexH=181
2026-08-21 01:48:13 [INFO] X=296 Y=-22 Src=256,48 - 272,64 TexW=708 TexH=202
2026-08-21 01:48:13 [INFO] X=736 Y=-64 Src=0,96 - 96,192 TexW=288 TexH=192
2026-08-21 01:48:13 [INFO] X=656 Y=32 Src=0,0 - 64,32 TexW=64 TexH=32
2026-08-21 01:48:13 [INFO] X=867 Y=18 Src=0,0 - 26,46 TexW=149 TexH=181
2026-08-21 01:48:13 [INFO] X=872 Y=10 Src=0,0 - 16,16 TexW=708 TexH=202
2026-08-21 01:48:13 [INFO] X=-349 Y=50 Src=0,0 - 26,46 TexW=149 TexH=181
2026-08-21 01:48:13 [INFO] X=-344 Y=42 Src=384,16 - 400,32 TexW=708 TexH=202
2026-08-21 01:48:13 [INFO] X=-285 Y=50 Src=0,0 - 26,46 TexW=149 TexH=181
2026-08-21 01:48:13 [INFO] X=-280 Y=42 Src=384,16 - 400,32 TexW=708 TexH=202
2026-08-21 01:48:13 [INFO] X=-182 Y=-59 Src=0,0 - 77,155 TexW=77 TexH=155
2026-08-21 01:48:13 [INFO] X=-61 Y=50 Src=0,0 - 26,46 TexW=149 TexH=181
2026-08-21 01:48:13 [INFO] X=-56 Y=42 Src=272,128 - 288,144 TexW=708 TexH=202
2026-08-21 01:48:13 [INFO] X=42 Y=-59 Src=0,0 - 77,155 TexW=77 TexH=155
2026-08-21 01:48:13 [INFO] X=259 Y=178 Src=0,0 - 26,46 TexW=149 TexH=181
2026-08-21 01:48:13 [INFO] X=264 Y=170 Src=128,16 - 144,32 TexW=708 TexH=202
2026-08-21 01:48:13 [INFO] X=611 Y=306 Src=0,0 - 26,46 TexW=149 TexH=181
2026-08-21 01:48:13 [INFO] X=616 Y=298 Src=256,48 - 272,64 TexW=708 TexH=202
2026-08-21 01:48:13 [INFO] X=-368 Y=128 Src=0,0 - 256,256 TexW=256 TexH=256
2026-08-21 01:48:13 [INFO] X=-240 Y=128 Src=0,0 - 256,256 TexW=256 TexH=256
2026-08-21 01:48:13 [INFO] X=-112 Y=128 Src=0,0 - 256,256 TexW=256 TexH=256
2026-08-21 01:48:13 [INFO] X=283 Y=384 Src=1038,512 - 1081,576 TexW=1792 TexH=640
2026-08-21 01:48:13 [INFO] X=443 Y=384 Src=1038,512 - 1081,576 TexW=1792 TexH=640
2026-08-21 01:48:13 [INFO] X=592 Y=192 Src=0,0 - 256,256 TexW=256 TexH=256
2026-08-21 01:48:13 [INFO] X=688 Y=192 Src=0,0 - 256,256 TexW=256 TexH=256
2026-08-21 01:48:13 [INFO] X=323 Y=448 Src=78,0 - 104,96 TexW=234 TexH=97
2026-08-21 01:48:13 [INFO] X=355 Y=498 Src=0,0 - 26,46 TexW=149 TexH=181
2026-08-21 01:48:13 [INFO] X=360 Y=490 Src=384,32 - 400,48 TexW=708 TexH=202
2026-08-21 01:48:13 [INFO] X=384 Y=512 Src=64,672 - 96,704 TexW=640 TexH=742
2026-08-21 01:48:13 [INFO] X=419 Y=448 Src=78,0 - 104,96 TexW=234 TexH=97
2026-08-21 01:48:13 [INFO] X=-368 Y=320 Src=0,0 - 256,256 TexW=256 TexH=256
2026-08-21 01:48:13 [INFO] X=688 Y=384 Src=0,0 - 256,256 TexW=256 TexH=256
2026-08-21 01:48:13 [INFO] X=-368 Y=448 Src=0,0 - 256,256 TexW=256 TexH=256
2026-08-21 01:48:13 [INFO] X=-127 Y=636 Src=90,0 - 120,68 TexW=270 TexH=68
2026-08-21 01:48:13 [INFO] X=-208 Y=448 Src=0,0 - 256,256 TexW=256 TexH=256
2026-08-21 01:48:13 [INFO] X=-285 Y=690 Src=0,0 - 26,46 TexW=149 TexH=181
2026-08-21 01:48:13 [INFO] X=-280 Y=682 Src=64,0 - 80,16 TexW=708 TexH=202
2026-08-21 01:48:13 [INFO] X=-253 Y=690 Src=0,0 - 26,46 TexW=149 TexH=181
2026-08-21 01:48:13 [INFO] X=-248 Y=682 Src=639,64 - 655,80 TexW=708 TexH=202
2026-08-21 01:48:13 [INFO] X=-221 Y=690 Src=0,0 - 26,46 TexW=149 TexH=181
2026-08-21 01:48:13 [INFO] X=-216 Y=682 Src=272,128 - 288,144 TexW=708 TexH=202
2026-08-21 01:48:13 [INFO] X=-32 Y=-32 Src=0,0 - 32,32 TexW=512 TexH=128
2026-08-21 01:48:13 [INFO] X=0 Y=-32 Src=32,0 - 64,32 TexW=512 TexH=128
2026-08-21 01:48:13 [INFO] X=32 Y=-32 Src=64,0 - 96,32 TexW=512 TexH=128
2026-08-21 01:48:13 [INFO] X=32 Y=-32 Src=512,192 - 544,224 TexW=640 TexH=742
2026-08-21 01:48:13 [INFO] X=64 Y=-32 Src=96,0 - 128,32 TexW=512 TexH=128
2026-08-21 01:48:13 [INFO] X=96 Y=-32 Src=0,0 - 32,32 TexW=512 TexH=128
2026-08-21 01:48:13 [INFO] X=128 Y=-32 Src=32,0 - 64,32 TexW=512 TexH=128
2026-08-21 01:48:13 [INFO] X=160 Y=-32 Src=64,0 - 96,32 TexW=512 TexH=128
2026-08-21 01:48:13 [INFO] X=192 Y=-32 Src=96,0 - 128,32 TexW=512 TexH=128
2026-08-21 01:48:13 [INFO] X=224 Y=-32 Src=0,0 - 32,32 TexW=512 TexH=128
2026-08-21 01:48:13 [INFO] X=256 Y=-32 Src=32,0 - 64,32 TexW=512 TexH=128
2026-08-21 01:48:13 [INFO] X=288 Y=-32 Src=64,0 - 96,32 TexW=512 TexH=128
2026-08-21 01:48:13 [INFO] X=320 Y=-32 Src=96,0 - 128,32 TexW=512 TexH=128
2026-08-21 01:48:13 [INFO] X=352 Y=-32 Src=0,0 - 32,32 TexW=512 TexH=128
2026-08-21 01:48:13 [INFO] X=384 Y=-32 Src=32,0 - 64,32 TexW=512 TexH=128
2026-08-21 01:48:13 [INFO] X=362 Y=-58 Src=0,0 - 77,58 TexW=77 TexH=58
2026-08-21 01:48:13 [INFO] X=416 Y=-32 Src=64,0 - 96,32 TexW=512 TexH=128
2026-08-21 01:48:13 [INFO] X=448 Y=-32 Src=96,0 - 128,32 TexW=512 TexH=128
2026-08-21 01:48:13 [INFO] X=480 Y=-32 Src=0,0 - 32,32 TexW=512 TexH=128
2026-08-21 01:48:13 [INFO] X=512 Y=-32 Src=32,0 - 64,32 TexW=512 TexH=128
2026-08-21 01:48:13 [INFO] X=544 Y=-32 Src=64,0 - 96,32 TexW=512 TexH=128
2026-08-21 01:48:13 [INFO] X=-32 Y=0 Src=0,64 - 32,96 TexW=512 TexH=128
2026-08-21 01:48:13 [INFO] X=0 Y=0 Src=32,64 - 64,96 TexW=512 TexH=128
2026-08-21 01:48:13 [INFO] X=32 Y=0 Src=64,64 - 96,96 TexW=512 TexH=128
2026-08-21 01:48:13 [INFO] X=64 Y=0 Src=96,64 - 128,96 TexW=512 TexH=128
2026-08-21 01:48:13 [INFO] X=96 Y=0 Src=0,64 - 32,96 TexW=512 TexH=128
2026-08-21 01:48:13 [INFO] X=128 Y=0 Src=32,64 - 64,96 TexW=512 TexH=128
2026-08-21 01:48:13 [INFO] X=160 Y=0 Src=64,64 - 96,96 TexW=512 TexH=128
2026-08-21 01:48:13 [INFO] X=192 Y=0 Src=96,64 - 128,96 TexW=512 TexH=128
2026-08-21 01:48:13 [INFO] X=224 Y=0 Src=0,64 - 32,96 TexW=512 TexH=128
2026-08-21 01:48:13 [INFO] X=256 Y=0 Src=32,64 - 64,96 TexW=512 TexH=128
2026-08-21 01:48:13 [INFO] X=288 Y=0 Src=64,64 - 96,96 TexW=512 TexH=128
2026-08-21 01:48:13 [INFO] X=320 Y=0 Src=96,64 - 128,96 TexW=512 TexH=128
2026-08-21 01:48:13 [INFO] X=352 Y=0 Src=0,64 - 32,96 TexW=512 TexH=128
2026-08-21 01:48:13 [INFO] X=384 Y=0 Src=32,64 - 64,96 TexW=512 TexH=128
2026-08-21 01:48:13 [INFO] X=416 Y=0 Src=64,64 - 96,96 TexW=512 TexH=128
2026-08-21 01:48:13 [INFO] X=448 Y=0 Src=96,64 - 128,96 TexW=512 TexH=128
2026-08-21 01:48:13 [INFO] X=480 Y=0 Src=0,64 - 32,96 TexW=512 TexH=128
2026-08-21 01:48:13 [INFO] X=512 Y=0 Src=32,64 - 64,96 TexW=512 TexH=128
2026-08-21 01:48:13 [INFO] X=544 Y=0 Src=64,64 - 96,96 TexW=512 TexH=128
2026-08-21 01:48:13 [INFO] X=-32 Y=32 Src=128,0 - 160,32 TexW=384 TexH=384
2026-08-21 01:48:13 [INFO] X=-32 Y=32 Src=128,128 - 160,160 TexW=256 TexH=384
2026-08-21 01:48:13 [INFO] X=0 Y=32 Src=160,0 - 192,32 TexW=384 TexH=384
2026-08-21 01:48:13 [INFO] X=0 Y=32 Src=160,128 - 192,160 TexW=256 TexH=384
2026-08-21 01:48:13 [INFO] X=32 Y=32 Src=192,0 - 224,32 TexW=384 TexH=384
2026-08-21 01:48:13 [INFO] X=32 Y=32 Src=128,128 - 160,160 TexW=256 TexH=384
2026-08-21 01:48:13 [INFO] X=64 Y=32 Src=224,0 - 256,32 TexW=384 TexH=384
2026-08-21 01:48:13 [INFO] X=64 Y=32 Src=160,128 - 192,160 TexW=256 TexH=384
2026-08-21 01:48:13 [INFO] X=96 Y=32 Src=128,0 - 160,32 TexW=384 TexH=384
2026-08-21 01:48:13 [INFO] X=96 Y=32 Src=128,128 - 160,160 TexW=256 TexH=384
2026-08-21 01:48:13 [INFO] X=128 Y=32 Src=160,0 - 192,32 TexW=384 TexH=384
2026-08-21 01:48:13 [INFO] X=128 Y=32 Src=160,128 - 192,160 TexW=256 TexH=384
2026-08-21 01:48:13 [INFO] X=160 Y=32 Src=192,0 - 224,32 TexW=384 TexH=384
2026-08-21 01:48:13 [INFO] X=160 Y=32 Src=128,128 - 160,160 TexW=256 TexH=384
2026-08-21 01:48:13 [INFO] X=192 Y=32 Src=224,0 - 256,32 TexW=384 TexH=384
2026-08-21 01:48:13 [INFO] X=192 Y=32 Src=160,128 - 192,160 TexW=256 TexH=384
2026-08-21 01:48:13 [INFO] X=224 Y=32 Src=128,0 - 160,32 TexW=384 TexH=384
2026-08-21 01:48:13 [INFO] X=224 Y=32 Src=128,128 - 160,160 TexW=256 TexH=384
2026-08-21 01:48:13 [INFO] X=256 Y=32 Src=160,0 - 192,32 TexW=384 TexH=384
2026-08-21 01:48:13 [INFO] X=256 Y=32 Src=160,128 - 192,160 TexW=256 TexH=384
2026-08-21 01:48:13 [INFO] X=288 Y=32 Src=192,0 - 224,32 TexW=384 TexH=384
2026-08-21 01:48:13 [INFO] X=288 Y=32 Src=128,128 - 160,160 TexW=256 TexH=384
2026-08-21 01:48:13 [INFO] X=320 Y=32 Src=224,0 - 256,32 TexW=384 TexH=384
2026-08-21 01:48:13 [INFO] X=320 Y=32 Src=160,128 - 192,160 TexW=256 TexH=384
2026-08-21 01:48:13 [INFO] X=352 Y=32 Src=128,0 - 160,32 TexW=384 TexH=384
2026-08-21 01:48:13 [INFO] X=352 Y=32 Src=128,128 - 160,160 TexW=256 TexH=384
2026-08-21 01:48:13 [INFO] X=384 Y=32 Src=160,0 - 192,32 TexW=384 TexH=384
2026-08-21 01:48:13 [INFO] X=384 Y=32 Src=160,128 - 192,160 TexW=256 TexH=384
2026-08-21 01:48:13 [INFO] X=416 Y=32 Src=192,0 - 224,32 TexW=384 TexH=384
2026-08-21 01:48:13 [INFO] X=416 Y=32 Src=128,128 - 160,160 TexW=256 TexH=384
2026-08-21 01:48:13 [INFO] X=448 Y=32 Src=224,0 - 256,32 TexW=384 TexH=384
2026-08-21 01:48:13 [INFO] X=448 Y=32 Src=160,128 - 192,160 TexW=256 TexH=384
2026-08-21 01:48:13 [INFO] X=480 Y=32 Src=128,0 - 160,32 TexW=384 TexH=384
2026-08-21 01:48:13 [INFO] X=480 Y=32 Src=128,128 - 160,160 TexW=256 TexH=384
2026-08-21 01:48:13 [INFO] X=512 Y=32 Src=160,0 - 192,32 TexW=384 TexH=384
2026-08-21 01:48:13 [INFO] X=512 Y=32 Src=160,128 - 192,160 TexW=256 TexH=384
2026-08-21 01:48:13 [INFO] X=544 Y=32 Src=192,0 - 224,32 TexW=384 TexH=384
2026-08-21 01:48:13 [INFO] X=544 Y=32 Src=128,128 - 160,160 TexW=256 TexH=384
2026-08-21 01:48:13 [INFO] X=-32 Y=64 Src=128,64 - 160,96 TexW=384 TexH=384
2026-08-21 01:48:13 [INFO] X=0 Y=64 Src=160,64 - 192,96 TexW=384 TexH=384
2026-08-21 01:48:13 [INFO] X=32 Y=64 Src=192,64 - 224,96 TexW=384 TexH=384
2026-08-21 01:48:13 [INFO] X=64 Y=64 Src=224,64 - 256,96 TexW=384 TexH=384
2026-08-21 01:48:13 [INFO] X=96 Y=64 Src=128,64 - 160,96 TexW=384 TexH=384
2026-08-21 01:48:13 [INFO] X=128 Y=64 Src=160,64 - 192,96 TexW=384 TexH=384
2026-08-21 01:48:13 [INFO] X=160 Y=64 Src=192,64 - 224,96 TexW=384 TexH=384
2026-08-21 01:48:13 [INFO] X=192 Y=64 Src=224,64 - 256,96 TexW=384 TexH=384
2026-08-21 01:48:13 [INFO] X=224 Y=64 Src=128,64 - 160,96 TexW=384 TexH=384
2026-08-21 01:48:13 [INFO] X=256 Y=64 Src=160,64 - 192,96 TexW=384 TexH=384
2026-08-21 01:48:13 [INFO] X=288 Y=64 Src=192,64 - 224,96 TexW=384 TexH=384
2026-08-21 01:48:13 [INFO] X=320 Y=64 Src=224,64 - 256,96 TexW=384 TexH=384
2026-08-21 01:48:13 [INFO] X=352 Y=64 Src=128,64 - 160,96 TexW=384 TexH=384
2026-08-21 01:48:13 [INFO] X=384 Y=64 Src=160,64 - 192,96 TexW=384 TexH=384
2026-08-21 01:48:13 [INFO] X=416 Y=64 Src=192,64 - 224,96 TexW=384 TexH=384
2026-08-21 01:48:13 [INFO] X=448 Y=64 Src=224,64 - 256,96 TexW=384 TexH=384
2026-08-21 01:48:13 [INFO] X=480 Y=64 Src=128,64 - 160,96 TexW=384 TexH=384
2026-08-21 01:48:13 [INFO] X=512 Y=64 Src=160,64 - 192,96 TexW=384 TexH=384
2026-08-21 01:48:13 [INFO] X=544 Y=64 Src=192,64 - 224,96 TexW=384 TexH=384
2026-08-21 01:48:13 [INFO] X=-32 Y=96 Src=128,0 - 160,32 TexW=384 TexH=384
2026-08-21 01:48:13 [INFO] X=0 Y=96 Src=160,0 - 192,32 TexW=384 TexH=384
2026-08-21 01:48:13 [INFO] X=32 Y=96 Src=192,0 - 224,32 TexW=384 TexH=384
2026-08-21 01:48:13 [INFO] X=64 Y=96 Src=224,0 - 256,32 TexW=384 TexH=384
2026-08-21 01:48:13 [INFO] X=96 Y=96 Src=128,0 - 160,32 TexW=384 TexH=384
2026-08-21 01:48:13 [INFO] X=128 Y=96 Src=160,0 - 192,32 TexW=384 TexH=384
2026-08-21 01:48:13 [INFO] X=160 Y=96 Src=192,0 - 224,32 TexW=384 TexH=384
2026-08-21 01:48:13 [INFO] X=192 Y=96 Src=224,0 - 256,32 TexW=384 TexH=384
2026-08-21 01:48:14 [INFO] X=224 Y=96 Src=128,0 - 160,32 TexW=384 TexH=384
2026-08-21 01:48:14 [INFO] X=256 Y=96 Src=160,0 - 192,32 TexW=384 TexH=384
2026-08-21 01:48:14 [INFO] X=288 Y=96 Src=192,0 - 224,32 TexW=384 TexH=384
2026-08-21 01:48:14 [INFO] X=320 Y=96 Src=224,0 - 256,32 TexW=384 TexH=384
2026-08-21 01:48:14 [INFO] X=352 Y=96 Src=128,0 - 160,32 TexW=384 TexH=384
2026-08-21 01:48:14 [INFO] X=384 Y=96 Src=160,0 - 192,32 TexW=384 TexH=384
2026-08-21 01:48:14 [INFO] X=416 Y=96 Src=192,0 - 224,32 TexW=384 TexH=384
2026-08-21 01:48:14 [INFO] X=448 Y=96 Src=224,0 - 256,32 TexW=384 TexH=384
2026-08-21 01:48:14 [INFO] X=480 Y=96 Src=128,0 - 160,32 TexW=384 TexH=384
2026-08-21 01:48:14 [INFO] X=512 Y=96 Src=160,0 - 192,32 TexW=384 TexH=384
2026-08-21 01:48:14 [INFO] X=544 Y=96 Src=192,0 - 224,32 TexW=384 TexH=384
2026-08-21 01:48:14 [INFO] X=-32 Y=128 Src=128,64 - 160,96 TexW=384 TexH=384
2026-08-21 01:48:14 [INFO] X=0 Y=128 Src=160,64 - 192,96 TexW=384 TexH=384
2026-08-21 01:48:14 [INFO] X=32 Y=128 Src=192,64 - 224,96 TexW=384 TexH=384
2026-08-21 01:48:14 [INFO] X=64 Y=128 Src=224,64 - 256,96 TexW=384 TexH=384
2026-08-21 01:48:14 [INFO] X=96 Y=128 Src=128,64 - 160,96 TexW=384 TexH=384
2026-08-21 01:48:14 [INFO] X=128 Y=128 Src=160,64 - 192,96 TexW=384 TexH=384
2026-08-21 01:48:14 [INFO] X=160 Y=128 Src=192,64 - 224,96 TexW=384 TexH=384
2026-08-21 01:48:14 [INFO] X=192 Y=128 Src=224,64 - 256,96 TexW=384 TexH=384
2026-08-21 01:48:14 [INFO] X=224 Y=128 Src=128,64 - 160,96 TexW=384 TexH=384
2026-08-21 01:48:14 [INFO] X=256 Y=128 Src=160,64 - 192,96 TexW=384 TexH=384
2026-08-21 01:48:14 [INFO] X=288 Y=128 Src=192,64 - 224,96 TexW=384 TexH=384
2026-08-21 01:48:14 [INFO] X=320 Y=128 Src=224,64 - 256,96 TexW=384 TexH=384
2026-08-21 01:48:14 [INFO] X=352 Y=128 Src=128,64 - 160,96 TexW=384 TexH=384
2026-08-21 01:48:14 [INFO] X=384 Y=128 Src=160,64 - 192,96 TexW=384 TexH=384
2026-08-21 01:48:14 [INFO] X=416 Y=128 Src=192,64 - 224,96 TexW=384 TexH=384
2026-08-21 01:48:14 [INFO] X=448 Y=128 Src=224,64 - 256,96 TexW=384 TexH=384
2026-08-21 01:48:14 [INFO] X=480 Y=128 Src=128,64 - 160,96 TexW=384 TexH=384
2026-08-21 01:48:14 [INFO] X=512 Y=128 Src=160,64 - 192,96 TexW=384 TexH=384
2026-08-21 01:48:14 [INFO] X=544 Y=128 Src=192,64 - 224,96 TexW=384 TexH=384
2026-08-21 01:48:14 [INFO] X=-32 Y=160 Src=128,0 - 160,32 TexW=384 TexH=384
2026-08-21 01:48:14 [INFO] X=0 Y=160 Src=160,0 - 192,32 TexW=384 TexH=384
2026-08-21 01:48:14 [INFO] X=32 Y=160 Src=192,0 - 224,32 TexW=384 TexH=384
2026-08-21 01:48:14 [INFO] X=64 Y=160 Src=224,0 - 256,32 TexW=384 TexH=384
2026-08-21 01:48:14 [INFO] X=96 Y=160 Src=128,0 - 160,32 TexW=384 TexH=384
2026-08-21 01:48:14 [INFO] X=128 Y=160 Src=160,0 - 192,32 TexW=384 TexH=384
2026-08-21 01:48:14 [INFO] X=160 Y=160 Src=192,0 - 224,32 TexW=384 TexH=384
2026-08-21 01:48:14 [INFO] X=192 Y=160 Src=224,0 - 256,32 TexW=384 TexH=384
2026-08-21 01:48:14 [INFO] X=224 Y=160 Src=128,0 - 160,32 TexW=384 TexH=384
2026-08-21 01:48:14 [INFO] X=256 Y=160 Src=160,0 - 192,32 TexW=384 TexH=384
2026-08-21 01:48:14 [INFO] X=288 Y=160 Src=192,0 - 224,32 TexW=384 TexH=384
2026-08-21 01:48:14 [INFO] X=320 Y=160 Src=224,0 - 256,32 TexW=384 TexH=384
2026-08-21 01:48:14 [INFO] X=352 Y=160 Src=128,0 - 160,32 TexW=384 TexH=384
2026-08-21 01:48:14 [INFO] X=384 Y=160 Src=160,0 - 192,32 TexW=384 TexH=384
2026-08-21 01:48:14 [INFO] X=416 Y=160 Src=192,0 - 224,32 TexW=384 TexH=384
2026-08-21 01:48:14 [INFO] X=448 Y=160 Src=224,0 - 256,32 TexW=384 TexH=384
2026-08-21 01:48:14 [INFO] X=480 Y=160 Src=128,0 - 160,32 TexW=384 TexH=384
2026-08-21 01:48:14 [INFO] X=512 Y=160 Src=160,0 - 192,32 TexW=384 TexH=384
2026-08-21 01:48:14 [INFO] X=544 Y=160 Src=192,0 - 224,32 TexW=384 TexH=384
2026-08-21 01:48:14 [INFO] X=-32 Y=192 Src=128,64 - 160,96 TexW=384 TexH=384
2026-08-21 01:48:14 [INFO] X=0 Y=192 Src=160,64 - 192,96 TexW=384 TexH=384
2026-08-21 01:48:14 [INFO] X=32 Y=192 Src=192,64 - 224,96 TexW=384 TexH=384
2026-08-21 01:48:14 [INFO] X=64 Y=192 Src=224,64 - 256,96 TexW=384 TexH=384
2026-08-21 01:48:14 [INFO] X=96 Y=192 Src=128,64 - 160,96 TexW=384 TexH=384
2026-08-21 01:48:14 [INFO] X=128 Y=192 Src=160,64 - 192,96 TexW=384 TexH=384
2026-08-21 01:48:14 [INFO] X=160 Y=192 Src=192,64 - 224,96 TexW=384 TexH=384
2026-08-21 01:48:14 [INFO] X=192 Y=192 Src=224,64 - 256,96 TexW=384 TexH=384
2026-08-21 01:48:14 [INFO] X=224 Y=192 Src=128,64 - 160,96 TexW=384 TexH=384
2026-08-21 01:48:14 [INFO] X=256 Y=192 Src=160,64 - 192,96 TexW=384 TexH=384
2026-08-21 01:48:14 [INFO] X=288 Y=192 Src=192,64 - 224,96 TexW=384 TexH=384
2026-08-21 01:48:14 [INFO] X=320 Y=192 Src=224,64 - 256,96 TexW=384 TexH=384
2026-08-21 01:48:14 [INFO] X=352 Y=192 Src=128,64 - 160,96 TexW=384 TexH=384
2026-08-21 01:48:14 [INFO] X=384 Y=192 Src=160,64 - 192,96 TexW=384 TexH=384
2026-08-21 01:48:14 [INFO] X=416 Y=192 Src=192,64 - 224,96 TexW=384 TexH=384
2026-08-21 01:48:14 [INFO] X=448 Y=192 Src=224,64 - 256,96 TexW=384 TexH=384
2026-08-21 01:48:14 [INFO] X=480 Y=192 Src=128,64 - 160,96 TexW=384 TexH=384
2026-08-21 01:48:14 [INFO] X=512 Y=192 Src=160,64 - 192,96 TexW=384 TexH=384
2026-08-21 01:48:14 [INFO] X=544 Y=192 Src=192,64 - 224,96 TexW=384 TexH=384
2026-08-21 01:48:14 [INFO] X=-304 Y=-415 Src=0,0 - 64,95 TexW=64 TexH=95
2026-08-21 01:48:14 [INFO] X=-368 Y=-576 Src=0,0 - 256,256 TexW=256 TexH=256
2026-08-21 01:48:14 [INFO] X=-182 Y=-475 Src=0,0 - 77,155 TexW=77 TexH=155
2026-08-21 01:48:14 [INFO] X=-208 Y=-576 Src=0,0 - 256,256 TexW=256 TexH=256
2026-08-21 01:48:14 [INFO] X=48 Y=-320 Src=0,0 - 128,32 TexW=128 TexH=32
2026-08-21 01:48:14 [INFO] X=176 Y=-320 Src=0,0 - 128,32 TexW=128 TexH=32
2026-08-21 01:48:14 [INFO] X=464 Y=-320 Src=0,0 - 128,32 TexW=128 TexH=32
2026-08-21 01:48:14 [INFO] X=592 Y=-320 Src=0,0 - 128,32 TexW=128 TexH=32
2026-08-21 01:48:14 [INFO] X=-176 Y=-512 Src=0,0 - 256,256 TexW=256 TexH=256
2026-08-21 01:48:14 [INFO] X=208 Y=-512 Src=0,0 - 256,256 TexW=256 TexH=256
2026-08-21 01:48:14 [INFO] X=-352 Y=-256 Src=0,0 - 32,32 TexW=64 TexH=32
2026-08-21 01:48:14 [INFO] X=835 Y=-270 Src=0,0 - 26,46 TexW=174 TexH=181
2026-08-21 01:48:14 [INFO] X=-176 Y=-448 Src=0,0 - 256,256 TexW=256 TexH=256
2026-08-21 01:48:14 [INFO] X=48 Y=-224 Src=0,0 - 128,32 TexW=128 TexH=32
2026-08-21 01:48:14 [INFO] X=176 Y=-224 Src=0,0 - 128,32 TexW=128 TexH=32
2026-08-21 01:48:14 [INFO] X=384 Y=-224 Src=608,64 - 640,96 TexW=640 TexH=742
2026-08-21 01:48:14 [INFO] X=480 Y=-224 Src=608,64 - 640,96 TexW=640 TexH=742
2026-08-21 01:48:14 [INFO] X=464 Y=-224 Src=0,0 - 128,32 TexW=128 TexH=32
2026-08-21 01:48:14 [INFO] X=592 Y=-224 Src=0,0 - 128,32 TexW=128 TexH=32
2026-08-21 01:48:14 [INFO] X=-253 Y=-206 Src=0,0 - 26,46 TexW=149 TexH=181
2026-08-21 01:48:14 [INFO] X=163 Y=-206 Src=0,0 - 26,46 TexW=149 TexH=181
2026-08-21 01:48:14 [INFO] X=168 Y=-214 Src=64,0 - 80,16 TexW=708 TexH=202
2026-08-21 01:48:14 [INFO] X=-352 Y=-160 Src=0,0 - 32,32 TexW=64 TexH=32
2026-08-21 01:48:14 [INFO] X=352 Y=-160 Src=608,64 - 640,96 TexW=640 TexH=742
2026-08-21 01:48:14 [INFO] X=480 Y=-160 Src=608,64 - 640,96 TexW=640 TexH=742
2026-08-21 01:48:14 [INFO] X=74 Y=-251 Src=0,0 - 77,155 TexW=77 TexH=155
2026-08-21 01:48:14 [INFO] X=419 Y=-142 Src=0,0 - 26,46 TexW=149 TexH=181
2026-08-21 01:48:14 [INFO] X=424 Y=-150 Src=320,0 - 336,16 TexW=708 TexH=202
2026-08-21 01:48:14 [INFO] X=448 Y=-128 Src=256,96 - 288,128 TexW=640 TexH=742
2026-08-21 01:48:14 [INFO] X=586 Y=-251 Src=0,0 - 77,155 TexW=77 TexH=155
2026-08-21 01:48:14 [INFO] X=-32 Y=-64 Src=608,64 - 640,96 TexW=640 TexH=742
2026-08-21 01:48:14 [INFO] X=448 Y=-64 Src=608,64 - 640,96 TexW=640 TexH=742
2026-08-21 01:48:14 [INFO] X=464 Y=-288 Src=0,0 - 256,256 TexW=256 TexH=256
2026-08-21 01:48:14 [INFO] X=0 Y=0 Src=608,64 - 640,96 TexW=640 TexH=742
2026-08-21 01:48:14 [INFO] X=291 Y=-14 Src=0,0 - 26,46 TexW=149 TexH=181
2026-08-21 01:48:14 [INFO] X=296 Y=-22 Src=256,48 - 272,64 TexW=708 TexH=202
2026-08-21 01:48:14 [INFO] X=736 Y=-64 Src=0,96 - 96,192 TexW=288 TexH=192
2026-08-21 01:48:14 [INFO] X=656 Y=32 Src=0,0 - 64,32 TexW=64 TexH=32
2026-08-21 01:48:14 [INFO] X=867 Y=18 Src=0,0 - 26,46 TexW=149 TexH=181
2026-08-21 01:48:14 [INFO] X=872 Y=10 Src=0,0 - 16,16 TexW=708 TexH=202
2026-08-21 01:48:14 [INFO] X=-349 Y=50 Src=0,0 - 26,46 TexW=149 TexH=181
2026-08-21 01:48:14 [INFO] X=-344 Y=42 Src=384,16 - 400,32 TexW=708 TexH=202
2026-08-21 01:48:14 [INFO] X=-285 Y=50 Src=0,0 - 26,46 TexW=149 TexH=181
2026-08-21 01:48:14 [INFO] X=-280 Y=42 Src=384,16 - 400,32 TexW=708 TexH=202
2026-08-21 01:48:14 [INFO] X=-182 Y=-59 Src=0,0 - 77,155 TexW=77 TexH=155
2026-08-21 01:48:14 [INFO] X=-61 Y=50 Src=0,0 - 26,46 TexW=149 TexH=181
2026-08-21 01:48:14 [INFO] X=-56 Y=42 Src=272,128 - 288,144 TexW=708 TexH=202
2026-08-21 01:48:14 [INFO] X=42 Y=-59 Src=0,0 - 77,155 TexW=77 TexH=155
2026-08-21 01:48:14 [INFO] X=259 Y=178 Src=0,0 - 26,46 TexW=149 TexH=181
2026-08-21 01:48:14 [INFO] X=264 Y=170 Src=128,16 - 144,32 TexW=708 TexH=202
2026-08-21 01:48:14 [INFO] X=611 Y=306 Src=0,0 - 26,46 TexW=149 TexH=181
2026-08-21 01:48:14 [INFO] X=616 Y=298 Src=256,48 - 272,64 TexW=708 TexH=202
2026-08-21 01:48:14 [INFO] X=-368 Y=128 Src=0,0 - 256,256 TexW=256 TexH=256
2026-08-21 01:48:14 [INFO] X=-240 Y=128 Src=0,0 - 256,256 TexW=256 TexH=256
2026-08-21 01:48:14 [INFO] X=-112 Y=128 Src=0,0 - 256,256 TexW=256 TexH=256
2026-08-21 01:48:14 [INFO] X=283 Y=384 Src=995,512 - 1038,576 TexW=1792 TexH=640
2026-08-21 01:48:14 [INFO] X=443 Y=384 Src=995,512 - 1038,576 TexW=1792 TexH=640
2026-08-21 01:48:14 [INFO] X=592 Y=192 Src=0,0 - 256,256 TexW=256 TexH=256
2026-08-21 01:48:14 [INFO] X=688 Y=192 Src=0,0 - 256,256 TexW=256 TexH=256
2026-08-21 01:48:14 [INFO] X=323 Y=448 Src=52,0 - 78,96 TexW=234 TexH=97
2026-08-21 01:48:14 [INFO] X=355 Y=498 Src=0,0 - 26,46 TexW=149 TexH=181
2026-08-21 01:48:14 [INFO] X=360 Y=490 Src=384,32 - 400,48 TexW=708 TexH=202
2026-08-21 01:48:14 [INFO] X=384 Y=512 Src=64,672 - 96,704 TexW=640 TexH=742
2026-08-21 01:48:14 [INFO] X=419 Y=448 Src=52,0 - 78,96 TexW=234 TexH=97
2026-08-21 01:48:14 [INFO] X=-368 Y=320 Src=0,0 - 256,256 TexW=256 TexH=256
2026-08-21 01:48:14 [INFO] X=688 Y=384 Src=0,0 - 256,256 TexW=256 TexH=256
2026-08-21 01:48:14 [INFO] X=-368 Y=448 Src=0,0 - 256,256 TexW=256 TexH=256
2026-08-21 01:48:14 [INFO] X=-127 Y=636 Src=60,0 - 90,68 TexW=270 TexH=68
2026-08-21 01:48:14 [INFO] X=-208 Y=448 Src=0,0 - 256,256 TexW=256 TexH=256
2026-08-21 01:48:14 [INFO] X=-285 Y=690 Src=0,0 - 26,46 TexW=149 TexH=181
2026-08-21 01:48:14 [INFO] X=-280 Y=682 Src=64,0 - 80,16 TexW=708 TexH=202
2026-08-21 01:48:14 [INFO] X=-253 Y=690 Src=0,0 - 26,46 TexW=149 TexH=181
2026-08-21 01:48:14 [INFO] X=-248 Y=682 Src=639,64 - 655,80 TexW=708 TexH=202
2026-08-21 01:48:14 [INFO] X=-221 Y=690 Src=0,0 - 26,46 TexW=149 TexH=181
2026-08-21 01:48:14 [INFO] X=-216 Y=682 Src=272,128 - 288,144 TexW=708 TexH=202
2026-08-21 01:48:14 [INFO] X=-32 Y=-32 Src=0,0 - 32,32 TexW=512 TexH=128
2026-08-21 01:48:14 [INFO] X=0 Y=-32 Src=32,0 - 64,32 TexW=512 TexH=128
2026-08-21 01:48:14 [INFO] X=32 Y=-32 Src=64,0 - 96,32 TexW=512 TexH=128
2026-08-21 01:48:14 [INFO] X=32 Y=-32 Src=512,192 - 544,224 TexW=640 TexH=742
2026-08-21 01:48:14 [INFO] X=64 Y=-32 Src=96,0 - 128,32 TexW=512 TexH=128
2026-08-21 01:48:14 [INFO] X=96 Y=-32 Src=0,0 - 32,32 TexW=512 TexH=128
2026-08-21 01:48:14 [INFO] X=128 Y=-32 Src=32,0 - 64,32 TexW=512 TexH=128
2026-08-21 01:48:14 [INFO] X=160 Y=-32 Src=64,0 - 96,32 TexW=512 TexH=128
2026-08-21 01:48:14 [INFO] X=192 Y=-32 Src=96,0 - 128,32 TexW=512 TexH=128
2026-08-21 01:48:14 [INFO] X=224 Y=-32 Src=0,0 - 32,32 TexW=512 TexH=128
2026-08-21 01:48:14 [INFO] X=256 Y=-32 Src=32,0 - 64,32 TexW=512 TexH=128
2026-08-21 01:48:14 [INFO] X=288 Y=-32 Src=64,0 - 96,32 TexW=512 TexH=128
2026-08-21 01:48:14 [INFO] X=320 Y=-32 Src=96,0 - 128,32 TexW=512 TexH=128
2026-08-21 01:48:14 [INFO] X=352 Y=-32 Src=0,0 - 32,32 TexW=512 TexH=128
2026-08-21 01:48:14 [INFO] X=384 Y=-32 Src=32,0 - 64,32 TexW=512 TexH=128
2026-08-21 01:48:14 [INFO] X=362 Y=-58 Src=0,0 - 77,58 TexW=77 TexH=58
2026-08-21 01:48:14 [INFO] X=416 Y=-32 Src=64,0 - 96,32 TexW=512 TexH=128
2026-08-21 01:48:14 [INFO] X=448 Y=-32 Src=96,0 - 128,32 TexW=512 TexH=128
2026-08-21 01:48:14 [INFO] X=480 Y=-32 Src=0,0 - 32,32 TexW=512 TexH=128
2026-08-21 01:48:14 [INFO] X=512 Y=-32 Src=32,0 - 64,32 TexW=512 TexH=128
2026-08-21 01:48:14 [INFO] X=544 Y=-32 Src=64,0 - 96,32 TexW=512 TexH=128
2026-08-21 01:48:14 [INFO] X=-32 Y=0 Src=0,64 - 32,96 TexW=512 TexH=128
2026-08-21 01:48:14 [INFO] X=0 Y=0 Src=32,64 - 64,96 TexW=512 TexH=128
2026-08-21 01:48:14 [INFO] X=32 Y=0 Src=64,64 - 96,96 TexW=512 TexH=128
2026-08-21 01:48:14 [INFO] X=64 Y=0 Src=96,64 - 128,96 TexW=512 TexH=128
2026-08-21 01:48:14 [INFO] X=96 Y=0 Src=0,64 - 32,96 TexW=512 TexH=128
2026-08-21 01:48:14 [INFO] X=128 Y=0 Src=32,64 - 64,96 TexW=512 TexH=128
2026-08-21 01:48:14 [INFO] X=160 Y=0 Src=64,64 - 96,96 TexW=512 TexH=128
2026-08-21 01:48:14 [INFO] X=192 Y=0 Src=96,64 - 128,96 TexW=512 TexH=128
2026-08-21 01:48:14 [INFO] X=224 Y=0 Src=0,64 - 32,96 TexW=512 TexH=128
2026-08-21 01:48:14 [INFO] X=256 Y=0 Src=32,64 - 64,96 TexW=512 TexH=128
2026-08-21 01:48:14 [INFO] X=288 Y=0 Src=64,64 - 96,96 TexW=512 TexH=128
2026-08-21 01:48:14 [INFO] X=320 Y=0 Src=96,64 - 128,96 TexW=512 TexH=128
2026-08-21 01:48:14 [INFO] X=352 Y=0 Src=0,64 - 32,96 TexW=512 TexH=128
2026-08-21 01:48:14 [INFO] X=384 Y=0 Src=32,64 - 64,96 TexW=512 TexH=128
2026-08-21 01:48:14 [INFO] X=416 Y=0 Src=64,64 - 96,96 TexW=512 TexH=128
2026-08-21 01:48:14 [INFO] X=448 Y=0 Src=96,64 - 128,96 TexW=512 TexH=128
2026-08-21 01:48:14 [INFO] X=480 Y=0 Src=0,64 - 32,96 TexW=512 TexH=128
2026-08-21 01:48:14 [INFO] X=512 Y=0 Src=32,64 - 64,96 TexW=512 TexH=128
2026-08-21 01:48:14 [INFO] X=544 Y=0 Src=64,64 - 96,96 TexW=512 TexH=128
2026-08-21 01:48:14 [INFO] X=-32 Y=32 Src=256,0 - 288,32 TexW=384 TexH=384
2026-08-21 01:48:14 [INFO] X=-32 Y=32 Src=128,128 - 160,160 TexW=256 TexH=384
2026-08-21 01:48:14 [INFO] X=0 Y=32 Src=288,0 - 320,32 TexW=384 TexH=384
2026-08-21 01:48:14 [INFO] X=0 Y=32 Src=160,128 - 192,160 TexW=256 TexH=384
2026-08-21 01:48:14 [INFO] X=32 Y=32 Src=320,0 - 352,32 TexW=384 TexH=384
2026-08-21 01:48:14 [INFO] X=32 Y=32 Src=128,128 - 160,160 TexW=256 TexH=384
2026-08-21 01:48:14 [INFO] X=64 Y=32 Src=352,0 - 384,32 TexW=384 TexH=384
2026-08-21 01:48:14 [INFO] X=64 Y=32 Src=160,128 - 192,160 TexW=256 TexH=384
2026-08-21 01:48:14 [INFO] X=96 Y=32 Src=256,0 - 288,32 TexW=384 TexH=384
2026-08-21 01:48:14 [INFO] X=96 Y=32 Src=128,128 - 160,160 TexW=256 TexH=384
2026-08-21 01:48:14 [INFO] X=128 Y=32 Src=288,0 - 320,32 TexW=384 TexH=384
2026-08-21 01:48:14 [INFO] X=128 Y=32 Src=160,128 - 192,160 TexW=256 TexH=384
2026-08-21 01:48:14 [INFO] X=160 Y=32 Src=320,0 - 352,32 TexW=384 TexH=384
2026-08-21 01:48:14 [INFO] X=160 Y=32 Src=128,128 - 160,160 TexW=256 TexH=384
2026-08-21 01:48:14 [INFO] X=192 Y=32 Src=352,0 - 384,32 TexW=384 TexH=384
2026-08-21 01:48:14 [INFO] X=192 Y=32 Src=160,128 - 192,160 TexW=256 TexH=384
2026-08-21 01:48:14 [INFO] X=224 Y=32 Src=256,0 - 288,32 TexW=384 TexH=384
2026-08-21 01:48:14 [INFO] X=224 Y=32 Src=128,128 - 160,160 TexW=256 TexH=384
2026-08-21 01:48:14 [INFO] X=256 Y=32 Src=288,0 - 320,32 TexW=384 TexH=384
2026-08-21 01:48:14 [INFO] X=256 Y=32 Src=160,128 - 192,160 TexW=256 TexH=384
2026-08-21 01:48:14 [INFO] X=288 Y=32 Src=320,0 - 352,32 TexW=384 TexH=384
2026-08-21 01:48:14 [INFO] X=288 Y=32 Src=128,128 - 160,160 TexW=256 TexH=384
2026-08-21 01:48:14 [INFO] X=320 Y=32 Src=352,0 - 384,32 TexW=384 TexH=384
2026-08-21 01:48:14 [INFO] X=320 Y=32 Src=160,128 - 192,160 TexW=256 TexH=384
2026-08-21 01:48:14 [INFO] X=352 Y=32 Src=256,0 - 288,32 TexW=384 TexH=384
2026-08-21 01:48:14 [INFO] X=352 Y=32 Src=128,128 - 160,160 TexW=256 TexH=384
2026-08-21 01:48:14 [INFO] X=384 Y=32 Src=288,0 - 320,32 TexW=384 TexH=384
2026-08-21 01:48:14 [INFO] X=384 Y=32 Src=160,128 - 192,160 TexW=256 TexH=384
2026-08-21 01:48:14 [INFO] X=416 Y=32 Src=320,0 - 352,32 TexW=384 TexH=384
2026-08-21 01:48:14 [INFO] X=416 Y=32 Src=128,128 - 160,160 TexW=256 TexH=384
2026-08-21 01:48:14 [INFO] X=448 Y=32 Src=352,0 - 384,32 TexW=384 TexH=384
2026-08-21 01:48:14 [INFO] X=448 Y=32 Src=160,128 - 192,160 TexW=256 TexH=384
2026-08-21 01:48:14 [INFO] X=480 Y=32 Src=256,0 - 288,32 TexW=384 TexH=384
2026-08-21 01:48:14 [INFO] X=480 Y=32 Src=128,128 - 160,160 TexW=256 TexH=384
2026-08-21 01:48:14 [INFO] X=512 Y=32 Src=288,0 - 320,32 TexW=384 TexH=384
2026-08-21 01:48:14 [INFO] X=512 Y=32 Src=160,128 - 192,160 TexW=256 TexH=384
2026-08-21 01:48:14 [INFO] X=544 Y=32 Src=320,0 - 352,32 TexW=384 TexH=384
2026-08-21 01:48:14 [INFO] X=544 Y=32 Src=128,128 - 160,160 TexW=256 TexH=384
2026-08-21 01:48:14 [INFO] X=-32 Y=64 Src=256,64 - 288,96 TexW=384 TexH=384
2026-08-21 01:48:14 [INFO] X=0 Y=64 Src=288,64 - 320,96 TexW=384 TexH=384
2026-08-21 01:48:14 [INFO] X=32 Y=64 Src=320,64 - 352,96 TexW=384 TexH=384
2026-08-21 01:48:14 [INFO] X=64 Y=64 Src=352,64 - 384,96 TexW=384 TexH=384
2026-08-21 01:48:14 [INFO] X=96 Y=64 Src=256,64 - 288,96 TexW=384 TexH=384
2026-08-21 01:48:14 [INFO] X=128 Y=64 Src=288,64 - 320,96 TexW=384 TexH=384
2026-08-21 01:48:14 [INFO] X=160 Y=64 Src=320,64 - 352,96 TexW=384 TexH=384
2026-08-21 01:48:14 [INFO] X=192 Y=64 Src=352,64 - 384,96 TexW=384 TexH=384
2026-08-21 01:48:14 [INFO] X=224 Y=64 Src=256,64 - 288,96 TexW=384 TexH=384
2026-08-21 01:48:14 [INFO] X=256 Y=64 Src=288,64 - 320,96 TexW=384 TexH=384
2026-08-21 01:48:14 [INFO] X=288 Y=64 Src=320,64 - 352,96 TexW=384 TexH=384
2026-08-21 01:48:14 [INFO] X=320 Y=64 Src=352,64 - 384,96 TexW=384 TexH=384
2026-08-21 01:48:14 [INFO] X=352 Y=64 Src=256,64 - 288,96 TexW=384 TexH=384
2026-08-21 01:48:14 [INFO] X=384 Y=64 Src=288,64 - 320,96 TexW=384 TexH=384
2026-08-21 01:48:14 [INFO] X=416 Y=64 Src=320,64 - 352,96 TexW=384 TexH=384
2026-08-21 01:48:14 [INFO] X=448 Y=64 Src=352,64 - 384,96 TexW=384 TexH=384
2026-08-21 01:48:14 [INFO] X=480 Y=64 Src=256,64 - 288,96 TexW=384 TexH=384
2026-08-21 01:48:14 [INFO] X=512 Y=64 Src=288,64 - 320,96 TexW=384 TexH=384
2026-08-21 01:48:14 [INFO] X=544 Y=64 Src=320,64 - 352,96 TexW=384 TexH=384
2026-08-21 01:48:14 [INFO] X=-32 Y=96 Src=256,0 - 288,32 TexW=384 TexH=384
2026-08-21 01:48:14 [INFO] X=0 Y=96 Src=288,0 - 320,32 TexW=384 TexH=384
2026-08-21 01:48:14 [INFO] X=32 Y=96 Src=320,0 - 352,32 TexW=384 TexH=384
2026-08-21 01:48:14 [INFO] X=64 Y=96 Src=352,0 - 384,32 TexW=384 TexH=384
2026-08-21 01:48:14 [INFO] X=96 Y=96 Src=256,0 - 288,32 TexW=384 TexH=384
2026-08-21 01:48:14 [INFO] X=128 Y=96 Src=288,0 - 320,32 TexW=384 TexH=384
2026-08-21 01:48:14 [INFO] X=160 Y=96 Src=320,0 - 352,32 TexW=384 TexH=384
2026-08-21 01:48:14 [INFO] X=192 Y=96 Src=352,0 - 384,32 TexW=384 TexH=384
2026-08-21 01:48:14 [INFO] X=224 Y=96 Src=256,0 - 288,32 TexW=384 TexH=384
2026-08-21 01:48:14 [INFO] X=256 Y=96 Src=288,0 - 320,32 TexW=384 TexH=384
2026-08-21 01:48:14 [INFO] X=288 Y=96 Src=320,0 - 352,32 TexW=384 TexH=384
2026-08-21 01:48:14 [INFO] X=320 Y=96 Src=352,0 - 384,32 TexW=384 TexH=384
2026-08-21 01:48:14 [INFO] X=352 Y=96 Src=256,0 - 288,32 TexW=384 TexH=384
2026-08-21 01:48:14 [INFO] X=384 Y=96 Src=288,0 - 320,32 TexW=384 TexH=384
2026-08-21 01:48:14 [INFO] X=416 Y=96 Src=320,0 - 352,32 TexW=384 TexH=384
2026-08-21 01:48:14 [INFO] X=448 Y=96 Src=352,0 - 384,32 TexW=384 TexH=384
2026-08-21 01:48:14 [INFO] X=480 Y=96 Src=256,0 - 288,32 TexW=384 TexH=384
2026-08-21 01:48:14 [INFO] X=512 Y=96 Src=288,0 - 320,32 TexW=384 TexH=384
2026-08-21 01:48:14 [INFO] X=544 Y=96 Src=320,0 - 352,32 TexW=384 TexH=384
2026-08-21 01:48:14 [INFO] X=-32 Y=128 Src=256,64 - 288,96 TexW=384 TexH=384
2026-08-21 01:48:14 [INFO] X=0 Y=128 Src=288,64 - 320,96 TexW=384 TexH=384
2026-08-21 01:48:14 [INFO] X=32 Y=128 Src=320,64 - 352,96 TexW=384 TexH=384
2026-08-21 01:48:14 [INFO] X=64 Y=128 Src=352,64 - 384,96 TexW=384 TexH=384
2026-08-21 01:48:14 [INFO] X=96 Y=128 Src=256,64 - 288,96 TexW=384 TexH=384
2026-08-21 01:48:14 [INFO] X=128 Y=128 Src=288,64 - 320,96 TexW=384 TexH=384
2026-08-21 01:48:14 [INFO] X=160 Y=128 Src=320,64 - 352,96 TexW=384 TexH=384
2026-08-21 01:48:14 [INFO] X=192 Y=128 Src=352,64 - 384,96 TexW=384 TexH=384
2026-08-21 01:48:14 [INFO] X=224 Y=128 Src=256,64 - 288,96 TexW=384 TexH=384
2026-08-21 01:48:14 [INFO] X=256 Y=128 Src=288,64 - 320,96 TexW=384 TexH=384
2026-08-21 01:48:14 [INFO] X=288 Y=128 Src=320,64 - 352,96 TexW=384 TexH=384
2026-08-21 01:48:14 [INFO] X=320 Y=128 Src=352,64 - 384,96 TexW=384 TexH=384
2026-08-21 01:48:14 [INFO] X=352 Y=128 Src=256,64 - 288,96 TexW=384 TexH=384
2026-08-21 01:48:14 [INFO] X=384 Y=128 Src=288,64 - 320,96 TexW=384 TexH=384
2026-08-21 01:48:14 [INFO] X=416 Y=128 Src=320,64 - 352,96 TexW=384 TexH=384
2026-08-21 01:48:14 [INFO] X=448 Y=128 Src=352,64 - 384,96 TexW=384 TexH=384
2026-08-21 01:48:14 [INFO] X=480 Y=128 Src=256,64 - 288,96 TexW=384 TexH=384
2026-08-21 01:48:14 [INFO] X=512 Y=128 Src=288,64 - 320,96 TexW=384 TexH=384
2026-08-21 01:48:14 [INFO] X=544 Y=128 Src=320,64 - 352,96 TexW=384 TexH=384
2026-08-21 01:48:14 [INFO] X=-32 Y=160 Src=256,0 - 288,32 TexW=384 TexH=384
2026-08-21 01:48:14 [INFO] X=0 Y=160 Src=288,0 - 320,32 TexW=384 TexH=384
2026-08-21 01:48:14 [INFO] X=32 Y=160 Src=320,0 - 352,32 TexW=384 TexH=384
2026-08-21 01:48:14 [INFO] X=64 Y=160 Src=352,0 - 384,32 TexW=384 TexH=384
2026-08-21 01:48:14 [INFO] X=96 Y=160 Src=256,0 - 288,32 TexW=384 TexH=384
2026-08-21 01:48:14 [INFO] X=128 Y=160 Src=288,0 - 320,32 TexW=384 TexH=384
2026-08-21 01:48:14 [INFO] X=160 Y=160 Src=320,0 - 352,32 TexW=384 TexH=384
2026-08-21 01:48:14 [INFO] X=192 Y=160 Src=352,0 - 384,32 TexW=384 TexH=384
2026-08-21 01:48:14 [INFO] X=224 Y=160 Src=256,0 - 288,32 TexW=384 TexH=384
2026-08-21 01:48:14 [INFO] X=256 Y=160 Src=288,0 - 320,32 TexW=384 TexH=384
2026-08-21 01:48:14 [INFO] X=288 Y=160 Src=320,0 - 352,32 TexW=384 TexH=384
2026-08-21 01:48:14 [INFO] X=320 Y=160 Src=352,0 - 384,32 TexW=384 TexH=384
2026-08-21 01:48:14 [INFO] X=352 Y=160 Src=256,0 - 288,32 TexW=384 TexH=384
2026-08-21 01:48:14 [INFO] X=384 Y=160 Src=288,0 - 320,32 TexW=384 TexH=384
2026-08-21 01:48:14 [INFO] X=416 Y=160 Src=320,0 - 352,32 TexW=384 TexH=384
2026-08-21 01:48:14 [INFO] X=448 Y=160 Src=352,0 - 384,32 TexW=384 TexH=384
2026-08-21 01:48:14 [INFO] X=480 Y=160 Src=256,0 - 288,32 TexW=384 TexH=384
2026-08-21 01:48:14 [INFO] X=512 Y=160 Src=288,0 - 320,32 TexW=384 TexH=384
2026-08-21 01:48:14 [INFO] X=544 Y=160 Src=320,0 - 352,32 TexW=384 TexH=384
2026-08-21 01:48:14 [INFO] X=-32 Y=192 Src=256,64 - 288,96 TexW=384 TexH=384
2026-08-21 01:48:14 [INFO] X=0 Y=192 Src=288,64 - 320,96 TexW=384 TexH=384
2026-08-21 01:48:14 [INFO] X=32 Y=192 Src=320,64 - 352,96 TexW=384 TexH=384
2026-08-21 01:48:14 [INFO] X=64 Y=192 Src=352,64 - 384,96 TexW=384 TexH=384
2026-08-21 01:48:14 [INFO] X=96 Y=192 Src=256,64 - 288,96 TexW=384 TexH=384
2026-08-21 01:48:14 [INFO] X=128 Y=192 Src=288,64 - 320,96 TexW=384 TexH=384
2026-08-21 01:48:14 [INFO] X=160 Y=192 Src=320,64 - 352,96 TexW=384 TexH=384
2026-08-21 01:48:14 [INFO] X=192 Y=192 Src=352,64 - 384,96 TexW=384 TexH=384
2026-08-21 01:48:14 [INFO] X=224 Y=192 Src=256,64 - 288,96 TexW=384 TexH=384
2026-08-21 01:48:14 [INFO] X=256 Y=192 Src=288,64 - 320,96 TexW=384 TexH=384
2026-08-21 01:48:14 [INFO] X=288 Y=192 Src=320,64 - 352,96 TexW=384 TexH=384
2026-08-21 01:48:14 [INFO] X=320 Y=192 Src=352,64 - 384,96 TexW=384 TexH=384
2026-08-21 01:48:14 [INFO] X=352 Y=192 Src=256,64 - 288,96 TexW=384 TexH=384
2026-08-21 01:48:14 [INFO] X=384 Y=192 Src=288,64 - 320,96 TexW=384 TexH=384
2026-08-21 01:48:14 [INFO] X=416 Y=192 Src=320,64 - 352,96 TexW=384 TexH=384
2026-08-21 01:48:14 [INFO] X=448 Y=192 Src=352,64 - 384,96 TexW=384 TexH=384
2026-08-21 01:48:14 [INFO] X=480 Y=192 Src=256,64 - 288,96 TexW=384 TexH=384
2026-08-21 01:48:14 [INFO] X=512 Y=192 Src=288,64 - 320,96 TexW=384 TexH=384
2026-08-21 01:48:14 [INFO] X=544 Y=192 Src=320,64 - 352,96 TexW=384 TexH=384
2026-08-21 01:48:14 [INFO] X=-304 Y=-415 Src=0,0 - 64,95 TexW=64 TexH=95
2026-08-21 01:48:14 [INFO] X=-368 Y=-576 Src=0,0 - 256,256 TexW=256 TexH=256
2026-08-21 01:48:14 [INFO] X=-182 Y=-475 Src=0,0 - 77,155 TexW=77 TexH=155
2026-08-21 01:48:14 [INFO] X=-208 Y=-576 Src=0,0 - 256,256 TexW=256 TexH=256
2026-08-21 01:48:14 [INFO] X=48 Y=-320 Src=0,0 - 128,32 TexW=128 TexH=32
2026-08-21 01:48:14 [INFO] X=176 Y=-320 Src=0,0 - 128,32 TexW=128 TexH=32
2026-08-21 01:48:14 [INFO] X=464 Y=-320 Src=0,0 - 128,32 TexW=128 TexH=32
2026-08-21 01:48:14 [INFO] X=592 Y=-320 Src=0,0 - 128,32 TexW=128 TexH=32
2026-08-21 01:48:14 [INFO] X=-176 Y=-512 Src=0,0 - 256,256 TexW=256 TexH=256
2026-08-21 01:48:14 [INFO] X=208 Y=-512 Src=0,0 - 256,256 TexW=256 TexH=256
2026-08-21 01:48:14 [INFO] X=-352 Y=-256 Src=0,0 - 32,32 TexW=64 TexH=32
2026-08-21 01:48:14 [INFO] X=835 Y=-270 Src=0,0 - 26,46 TexW=174 TexH=181
2026-08-21 01:48:14 [INFO] X=-176 Y=-448 Src=0,0 - 256,256 TexW=256 TexH=256
2026-08-21 01:48:14 [INFO] X=48 Y=-224 Src=0,0 - 128,32 TexW=128 TexH=32
2026-08-21 01:48:14 [INFO] X=176 Y=-224 Src=0,0 - 128,32 TexW=128 TexH=32
2026-08-21 01:48:14 [INFO] X=384 Y=-224 Src=608,64 - 640,96 TexW=640 TexH=742
2026-08-21 01:48:14 [INFO] X=480 Y=-224 Src=608,64 - 640,96 TexW=640 TexH=742
2026-08-21 01:48:14 [INFO] X=464 Y=-224 Src=0,0 - 128,32 TexW=128 TexH=32
2026-08-21 01:48:14 [INFO] X=592 Y=-224 Src=0,0 - 128,32 TexW=128 TexH=32
2026-08-21 01:48:14 [INFO] X=-253 Y=-206 Src=0,0 - 26,46 TexW=149 TexH=181
2026-08-21 01:48:14 [INFO] X=163 Y=-206 Src=0,0 - 26,46 TexW=149 TexH=181
2026-08-21 01:48:14 [INFO] X=168 Y=-214 Src=64,0 - 80,16 TexW=708 TexH=202
2026-08-21 01:48:14 [INFO] X=-352 Y=-160 Src=0,0 - 32,32 TexW=64 TexH=32
2026-08-21 01:48:14 [INFO] X=352 Y=-160 Src=608,64 - 640,96 TexW=640 TexH=742
2026-08-21 01:48:14 [INFO] X=480 Y=-160 Src=608,64 - 640,96 TexW=640 TexH=742
2026-08-21 01:48:14 [INFO] X=74 Y=-251 Src=0,0 - 77,155 TexW=77 TexH=155
2026-08-21 01:48:14 [INFO] X=419 Y=-142 Src=0,0 - 26,46 TexW=149 TexH=181
2026-08-21 01:48:14 [INFO] X=424 Y=-150 Src=320,0 - 336,16 TexW=708 TexH=202
2026-08-21 01:48:14 [INFO] X=448 Y=-128 Src=256,96 - 288,128 TexW=640 TexH=742
2026-08-21 01:48:14 [INFO] X=586 Y=-251 Src=0,0 - 77,155 TexW=77 TexH=155
2026-08-21 01:48:14 [INFO] X=-32 Y=-64 Src=608,64 - 640,96 TexW=640 TexH=742
2026-08-21 01:48:14 [INFO] X=448 Y=-64 Src=608,64 - 640,96 TexW=640 TexH=742
2026-08-21 01:48:14 [INFO] X=464 Y=-288 Src=0,0 - 256,256 TexW=256 TexH=256
2026-08-21 01:48:14 [INFO] X=0 Y=0 Src=608,64 - 640,96 TexW=640 TexH=742
2026-08-21 01:48:14 [INFO] X=291 Y=-14 Src=0,0 - 26,46 TexW=149 TexH=181
2026-08-21 01:48:14 [INFO] X=296 Y=-22 Src=256,48 - 272,64 TexW=708 TexH=202
2026-08-21 01:48:14 [INFO] X=736 Y=-64 Src=0,96 - 96,192 TexW=288 TexH=192
2026-08-21 01:48:14 [INFO] X=656 Y=32 Src=0,0 - 64,32 TexW=64 TexH=32
2026-08-21 01:48:14 [INFO] X=867 Y=18 Src=0,0 - 26,46 TexW=149 TexH=181
2026-08-21 01:48:14 [INFO] X=872 Y=10 Src=0,0 - 16,16 TexW=708 TexH=202
2026-08-21 01:48:14 [INFO] X=-349 Y=50 Src=0,0 - 26,46 TexW=149 TexH=181
2026-08-21 01:48:14 [INFO] X=-344 Y=42 Src=384,16 - 400,32 TexW=708 TexH=202
2026-08-21 01:48:14 [INFO] X=-285 Y=50 Src=0,0 - 26,46 TexW=149 TexH=181
2026-08-21 01:48:14 [INFO] X=-280 Y=42 Src=384,16 - 400,32 TexW=708 TexH=202
2026-08-21 01:48:14 [INFO] X=-182 Y=-59 Src=0,0 - 77,155 TexW=77 TexH=155
2026-08-21 01:48:14 [INFO] X=-61 Y=50 Src=0,0 - 26,46 TexW=149 TexH=181
2026-08-21 01:48:14 [INFO] X=-56 Y=42 Src=272,128 - 288,144 TexW=708 TexH=202
2026-08-21 01:48:14 [INFO] X=42 Y=-59 Src=0,0 - 77,155 TexW=77 TexH=155
2026-08-21 01:48:14 [INFO] X=259 Y=178 Src=0,0 - 26,46 TexW=149 TexH=181
2026-08-21 01:48:14 [INFO] X=264 Y=170 Src=128,16 - 144,32 TexW=708 TexH=202
2026-08-21 01:48:14 [INFO] X=611 Y=306 Src=0,0 - 26,46 TexW=149 TexH=181
2026-08-21 01:48:14 [INFO] X=616 Y=298 Src=256,48 - 272,64 TexW=708 TexH=202
2026-08-21 01:48:14 [INFO] X=-368 Y=128 Src=0,0 - 256,256 TexW=256 TexH=256
2026-08-21 01:48:14 [INFO] X=-240 Y=128 Src=0,0 - 256,256 TexW=256 TexH=256
2026-08-21 01:48:14 [INFO] X=-112 Y=128 Src=0,0 - 256,256 TexW=256 TexH=256
2026-08-21 01:48:14 [INFO] X=283 Y=384 Src=952,512 - 995,576 TexW=1792 TexH=640
2026-08-21 01:48:14 [INFO] X=443 Y=384 Src=952,512 - 995,576 TexW=1792 TexH=640
2026-08-21 01:48:14 [INFO] X=592 Y=192 Src=0,0 - 256,256 TexW=256 TexH=256
2026-08-21 01:48:14 [INFO] X=688 Y=192 Src=0,0 - 256,256 TexW=256 TexH=256
2026-08-21 01:48:14 [INFO] X=323 Y=448 Src=26,0 - 52,96 TexW=234 TexH=97
2026-08-21 01:48:14 [INFO] X=355 Y=498 Src=0,0 - 26,46 TexW=149 TexH=181
2026-08-21 01:48:14 [INFO] X=360 Y=490 Src=384,32 - 400,48 TexW=708 TexH=202
2026-08-21 01:48:14 [INFO] X=384 Y=512 Src=64,672 - 96,704 TexW=640 TexH=742
2026-08-21 01:48:14 [INFO] X=419 Y=448 Src=26,0 - 52,96 TexW=234 TexH=97
2026-08-21 01:48:14 [INFO] X=-368 Y=320 Src=0,0 - 256,256 TexW=256 TexH=256
2026-08-21 01:48:14 [INFO] X=688 Y=384 Src=0,0 - 256,256 TexW=256 TexH=256
2026-08-21 01:48:14 [INFO] X=-368 Y=448 Src=0,0 - 256,256 TexW=256 TexH=256
2026-08-21 01:48:14 [INFO] X=-127 Y=636 Src=30,0 - 60,68 TexW=270 TexH=68
2026-08-21 01:48:14 [INFO] X=-208 Y=448 Src=0,0 - 256,256 TexW=256 TexH=256
2026-08-21 01:48:14 [INFO] X=-285 Y=690 Src=0,0 - 26,46 TexW=149 TexH=181
2026-08-21 01:48:14 [INFO] X=-280 Y=682 Src=64,0 - 80,16 TexW=708 TexH=202
2026-08-21 01:48:14 [INFO] X=-253 Y=690 Src=0,0 - 26,46 TexW=149 TexH=181
2026-08-21 01:48:14 [INFO] X=-248 Y=682 Src=639,64 - 655,80 TexW=708 TexH=202
2026-08-21 01:48:14 [INFO] X=-221 Y=690 Src=0,0 - 26,46 TexW=149 TexH=181
2026-08-21 01:48:14 [INFO] X=-216 Y=682 Src=272,128 - 288,144 TexW=708 TexH=202
2026-08-21 01:48:14 [INFO] X=-32 Y=-32 Src=0,0 - 32,32 TexW=512 TexH=128
2026-08-21 01:48:14 [INFO] X=0 Y=-32 Src=32,0 - 64,32 TexW=512 TexH=128
2026-08-21 01:48:14 [INFO] X=32 Y=-32 Src=64,0 - 96,32 TexW=512 TexH=128
2026-08-21 01:48:14 [INFO] X=32 Y=-32 Src=512,192 - 544,224 TexW=640 TexH=742
2026-08-21 01:48:14 [INFO] X=64 Y=-32 Src=96,0 - 128,32 TexW=512 TexH=128
2026-08-21 01:48:14 [INFO] X=96 Y=-32 Src=0,0 - 32,32 TexW=512 TexH=128
2026-08-21 01:48:14 [INFO] X=128 Y=-32 Src=32,0 - 64,32 TexW=512 TexH=128
2026-08-21 01:48:14 [INFO] X=160 Y=-32 Src=64,0 - 96,32 TexW=512 TexH=128
2026-08-21 01:48:14 [INFO] X=192 Y=-32 Src=96,0 - 128,32 TexW=512 TexH=128
2026-08-21 01:48:14 [INFO] X=224 Y=-32 Src=0,0 - 32,32 TexW=512 TexH=128
2026-08-21 01:48:14 [INFO] X=256 Y=-32 Src=32,0 - 64,32 TexW=512 TexH=128
2026-08-21 01:48:14 [INFO] X=288 Y=-32 Src=64,0 - 96,32 TexW=512 TexH=128
2026-08-21 01:48:14 [INFO] X=320 Y=-32 Src=96,0 - 128,32 TexW=512 TexH=128
2026-08-21 01:48:14 [INFO] X=352 Y=-32 Src=0,0 - 32,32 TexW=512 TexH=128
2026-08-21 01:48:14 [INFO] X=384 Y=-32 Src=32,0 - 64,32 TexW=512 TexH=128
2026-08-21 01:48:14 [INFO] X=362 Y=-58 Src=0,0 - 77,58 TexW=77 TexH=58
2026-08-21 01:48:14 [INFO] X=416 Y=-32 Src=64,0 - 96,32 TexW=512 TexH=128
2026-08-21 01:48:14 [INFO] X=448 Y=-32 Src=96,0 - 128,32 TexW=512 TexH=128
2026-08-21 01:48:14 [INFO] X=480 Y=-32 Src=0,0 - 32,32 TexW=512 TexH=128
2026-08-21 01:48:14 [INFO] X=512 Y=-32 Src=32,0 - 64,32 TexW=512 TexH=128
2026-08-21 01:48:14 [INFO] X=544 Y=-32 Src=64,0 - 96,32 TexW=512 TexH=128
2026-08-21 01:48:14 [INFO] X=-32 Y=0 Src=0,64 - 32,96 TexW=512 TexH=128
2026-08-21 01:48:15 [INFO] X=0 Y=0 Src=32,64 - 64,96 TexW=512 TexH=128
2026-08-21 01:48:15 [INFO] X=32 Y=0 Src=64,64 - 96,96 TexW=512 TexH=128
2026-08-21 01:48:15 [INFO] X=64 Y=0 Src=96,64 - 128,96 TexW=512 TexH=128
2026-08-21 01:48:15 [INFO] X=96 Y=0 Src=0,64 - 32,96 TexW=512 TexH=128
2026-08-21 01:48:15 [INFO] X=128 Y=0 Src=32,64 - 64,96 TexW=512 TexH=128
2026-08-21 01:48:15 [INFO] X=160 Y=0 Src=64,64 - 96,96 TexW=512 TexH=128
2026-08-21 01:48:15 [INFO] X=192 Y=0 Src=96,64 - 128,96 TexW=512 TexH=128
2026-08-21 01:48:15 [INFO] X=224 Y=0 Src=0,64 - 32,96 TexW=512 TexH=128
2026-08-21 01:48:15 [INFO] X=256 Y=0 Src=32,64 - 64,96 TexW=512 TexH=128
2026-08-21 01:48:15 [INFO] X=288 Y=0 Src=64,64 - 96,96 TexW=512 TexH=128
2026-08-21 01:48:15 [INFO] X=320 Y=0 Src=96,64 - 128,96 TexW=512 TexH=128
2026-08-21 01:48:15 [INFO] X=352 Y=0 Src=0,64 - 32,96 TexW=512 TexH=128
2026-08-21 01:48:15 [INFO] X=384 Y=0 Src=32,64 - 64,96 TexW=512 TexH=128
2026-08-21 01:48:15 [INFO] X=416 Y=0 Src=64,64 - 96,96 TexW=512 TexH=128
2026-08-21 01:48:15 [INFO] X=448 Y=0 Src=96,64 - 128,96 TexW=512 TexH=128
2026-08-21 01:48:15 [INFO] X=480 Y=0 Src=0,64 - 32,96 TexW=512 TexH=128
2026-08-21 01:48:15 [INFO] X=512 Y=0 Src=32,64 - 64,96 TexW=512 TexH=128
2026-08-21 01:48:15 [INFO] X=544 Y=0 Src=64,64 - 96,96 TexW=512 TexH=128
2026-08-21 01:48:15 [INFO] X=-32 Y=32 Src=128,0 - 160,32 TexW=384 TexH=384
2026-08-21 01:48:15 [INFO] X=-32 Y=32 Src=128,128 - 160,160 TexW=256 TexH=384
2026-08-21 01:48:15 [INFO] X=0 Y=32 Src=160,0 - 192,32 TexW=384 TexH=384
2026-08-21 01:48:15 [INFO] X=0 Y=32 Src=160,128 - 192,160 TexW=256 TexH=384
2026-08-21 01:48:15 [INFO] X=32 Y=32 Src=192,0 - 224,32 TexW=384 TexH=384
2026-08-21 01:48:15 [INFO] X=32 Y=32 Src=128,128 - 160,160 TexW=256 TexH=384
2026-08-21 01:48:15 [INFO] X=64 Y=32 Src=224,0 - 256,32 TexW=384 TexH=384
2026-08-21 01:48:15 [INFO] X=64 Y=32 Src=160,128 - 192,160 TexW=256 TexH=384
2026-08-21 01:48:15 [INFO] X=96 Y=32 Src=128,0 - 160,32 TexW=384 TexH=384
2026-08-21 01:48:15 [INFO] X=96 Y=32 Src=128,128 - 160,160 TexW=256 TexH=384
2026-08-21 01:48:15 [INFO] X=128 Y=32 Src=160,0 - 192,32 TexW=384 TexH=384
2026-08-21 01:48:15 [INFO] X=128 Y=32 Src=160,128 - 192,160 TexW=256 TexH=384
2026-08-21 01:48:15 [INFO] X=160 Y=32 Src=192,0 - 224,32 TexW=384 TexH=384
2026-08-21 01:48:15 [INFO] X=160 Y=32 Src=128,128 - 160,160 TexW=256 TexH=384
2026-08-21 01:48:15 [INFO] X=192 Y=32 Src=224,0 - 256,32 TexW=384 TexH=384
2026-08-21 01:48:15 [INFO] X=192 Y=32 Src=160,128 - 192,160 TexW=256 TexH=384
2026-08-21 01:48:15 [INFO] X=224 Y=32 Src=128,0 - 160,32 TexW=384 TexH=384
2026-08-21 01:48:15 [INFO] X=224 Y=32 Src=128,128 - 160,160 TexW=256 TexH=384
2026-08-21 01:48:15 [INFO] X=256 Y=32 Src=160,0 - 192,32 TexW=384 TexH=384
2026-08-21 01:48:15 [INFO] X=256 Y=32 Src=160,128 - 192,160 TexW=256 TexH=384
2026-08-21 01:48:15 [INFO] X=288 Y=32 Src=192,0 - 224,32 TexW=384 TexH=384
2026-08-21 01:48:15 [INFO] X=288 Y=32 Src=128,128 - 160,160 TexW=256 TexH=384
2026-08-21 01:48:15 [INFO] X=320 Y=32 Src=224,0 - 256,32 TexW=384 TexH=384
2026-08-21 01:48:15 [INFO] X=320 Y=32 Src=160,128 - 192,160 TexW=256 TexH=384
2026-08-21 01:48:15 [INFO] X=352 Y=32 Src=128,0 - 160,32 TexW=384 TexH=384
2026-08-21 01:48:15 [INFO] X=352 Y=32 Src=128,128 - 160,160 TexW=256 TexH=384
2026-08-21 01:48:15 [INFO] X=384 Y=32 Src=160,0 - 192,32 TexW=384 TexH=384
2026-08-21 01:48:15 [INFO] X=384 Y=32 Src=160,128 - 192,160 TexW=256 TexH=384
2026-08-21 01:48:15 [INFO] X=416 Y=32 Src=192,0 - 224,32 TexW=384 TexH=384
2026-08-21 01:48:15 [INFO] X=416 Y=32 Src=128,128 - 160,160 TexW=256 TexH=384
2026-08-21 01:48:15 [INFO] X=448 Y=32 Src=224,0 - 256,32 TexW=384 TexH=384
2026-08-21 01:48:15 [INFO] X=448 Y=32 Src=160,128 - 192,160 TexW=256 TexH=384
2026-08-21 01:48:15 [INFO] X=480 Y=32 Src=128,0 - 160,32 TexW=384 TexH=384
2026-08-21 01:48:15 [INFO] X=480 Y=32 Src=128,128 - 160,160 TexW=256 TexH=384
2026-08-21 01:48:15 [INFO] X=512 Y=32 Src=160,0 - 192,32 TexW=384 TexH=384
2026-08-21 01:48:15 [INFO] X=512 Y=32 Src=160,128 - 192,160 TexW=256 TexH=384
2026-08-21 01:48:15 [INFO] X=544 Y=32 Src=192,0 - 224,32 TexW=384 TexH=384
2026-08-21 01:48:15 [INFO] X=544 Y=32 Src=128,128 - 160,160 TexW=256 TexH=384
2026-08-21 01:48:15 [INFO] X=-32 Y=64 Src=128,64 - 160,96 TexW=384 TexH=384
2026-08-21 01:48:15 [INFO] X=0 Y=64 Src=160,64 - 192,96 TexW=384 TexH=384
2026-08-21 01:48:15 [INFO] X=32 Y=64 Src=192,64 - 224,96 TexW=384 TexH=384
2026-08-21 01:48:15 [INFO] X=64 Y=64 Src=224,64 - 256,96 TexW=384 TexH=384
2026-08-21 01:48:15 [INFO] X=96 Y=64 Src=128,64 - 160,96 TexW=384 TexH=384
2026-08-21 01:48:15 [INFO] X=128 Y=64 Src=160,64 - 192,96 TexW=384 TexH=384
2026-08-21 01:48:15 [INFO] X=160 Y=64 Src=192,64 - 224,96 TexW=384 TexH=384
2026-08-21 01:48:15 [INFO] X=192 Y=64 Src=224,64 - 256,96 TexW=384 TexH=384
2026-08-21 01:48:15 [INFO] X=224 Y=64 Src=128,64 - 160,96 TexW=384 TexH=384
2026-08-21 01:48:15 [INFO] X=256 Y=64 Src=160,64 - 192,96 TexW=384 TexH=384
2026-08-21 01:48:15 [INFO] X=288 Y=64 Src=192,64 - 224,96 TexW=384 TexH=384
2026-08-21 01:48:15 [INFO] X=320 Y=64 Src=224,64 - 256,96 TexW=384 TexH=384
2026-08-21 01:48:15 [INFO] X=352 Y=64 Src=128,64 - 160,96 TexW=384 TexH=384
2026-08-21 01:48:15 [INFO] X=384 Y=64 Src=160,64 - 192,96 TexW=384 TexH=384
2026-08-21 01:48:15 [INFO] X=416 Y=64 Src=192,64 - 224,96 TexW=384 TexH=384
2026-08-21 01:48:15 [INFO] X=448 Y=64 Src=224,64 - 256,96 TexW=384 TexH=384
2026-08-21 01:48:15 [INFO] X=480 Y=64 Src=128,64 - 160,96 TexW=384 TexH=384
2026-08-21 01:48:15 [INFO] X=512 Y=64 Src=160,64 - 192,96 TexW=384 TexH=384
2026-08-21 01:48:15 [INFO] X=544 Y=64 Src=192,64 - 224,96 TexW=384 TexH=384
2026-08-21 01:48:15 [INFO] X=-32 Y=96 Src=128,0 - 160,32 TexW=384 TexH=384
2026-08-21 01:48:15 [INFO] X=0 Y=96 Src=160,0 - 192,32 TexW=384 TexH=384
2026-08-21 01:48:15 [INFO] X=32 Y=96 Src=192,0 - 224,32 TexW=384 TexH=384
2026-08-21 01:48:15 [INFO] X=64 Y=96 Src=224,0 - 256,32 TexW=384 TexH=384
2026-08-21 01:48:15 [INFO] X=96 Y=96 Src=128,0 - 160,32 TexW=384 TexH=384
2026-08-21 01:48:15 [INFO] X=128 Y=96 Src=160,0 - 192,32 TexW=384 TexH=384
2026-08-21 01:48:15 [INFO] X=160 Y=96 Src=192,0 - 224,32 TexW=384 TexH=384
2026-08-21 01:48:15 [INFO] X=192 Y=96 Src=224,0 - 256,32 TexW=384 TexH=384
2026-08-21 01:48:15 [INFO] X=224 Y=96 Src=128,0 - 160,32 TexW=384 TexH=384
2026-08-21 01:48:15 [INFO] X=256 Y=96 Src=160,0 - 192,32 TexW=384 TexH=384
2026-08-21 01:48:15 [INFO] X=288 Y=96 Src=192,0 - 224,32 TexW=384 TexH=384
2026-08-21 01:48:15 [INFO] X=320 Y=96 Src=224,0 - 256,32 TexW=384 TexH=384
2026-08-21 01:48:15 [INFO] X=352 Y=96 Src=128,0 - 160,32 TexW=384 TexH=384
2026-08-21 01:48:15 [INFO] X=384 Y=96 Src=160,0 - 192,32 TexW=384 TexH=384
2026-08-21 01:48:15 [INFO] X=416 Y=96 Src=192,0 - 224,32 TexW=384 TexH=384
2026-08-21 01:48:15 [INFO] X=448 Y=96 Src=224,0 - 256,32 TexW=384 TexH=384
2026-08-21 01:48:15 [INFO] X=480 Y=96 Src=128,0 - 160,32 TexW=384 TexH=384
2026-08-21 01:48:15 [INFO] X=512 Y=96 Src=160,0 - 192,32 TexW=384 TexH=384
2026-08-21 01:48:15 [INFO] X=544 Y=96 Src=192,0 - 224,32 TexW=384 TexH=384
2026-08-21 01:48:15 [INFO] X=-32 Y=128 Src=128,64 - 160,96 TexW=384 TexH=384
2026-08-21 01:48:15 [INFO] X=0 Y=128 Src=160,64 - 192,96 TexW=384 TexH=384
2026-08-21 01:48:15 [INFO] X=32 Y=128 Src=192,64 - 224,96 TexW=384 TexH=384
2026-08-21 01:48:15 [INFO] X=64 Y=128 Src=224,64 - 256,96 TexW=384 TexH=384
2026-08-21 01:48:15 [INFO] X=96 Y=128 Src=128,64 - 160,96 TexW=384 TexH=384
2026-08-21 01:48:15 [INFO] X=128 Y=128 Src=160,64 - 192,96 TexW=384 TexH=384
2026-08-21 01:48:15 [INFO] X=160 Y=128 Src=192,64 - 224,96 TexW=384 TexH=384
2026-08-21 01:48:15 [INFO] X=192 Y=128 Src=224,64 - 256,96 TexW=384 TexH=384
2026-08-21 01:48:15 [INFO] X=224 Y=128 Src=128,64 - 160,96 TexW=384 TexH=384
2026-08-21 01:48:15 [INFO] X=256 Y=128 Src=160,64 - 192,96 TexW=384 TexH=384
2026-08-21 01:48:15 [INFO] X=288 Y=128 Src=192,64 - 224,96 TexW=384 TexH=384
2026-08-21 01:48:15 [INFO] X=320 Y=128 Src=224,64 - 256,96 TexW=384 TexH=384
2026-08-21 01:48:15 [INFO] X=352 Y=128 Src=128,64 - 160,96 TexW=384 TexH=384
2026-08-21 01:48:15 [INFO] X=384 Y=128 Src=160,64 - 192,96 TexW=384 TexH=384
2026-08-21 01:48:15 [INFO] X=416 Y=128 Src=192,64 - 224,96 TexW=384 TexH=384
2026-08-21 01:48:15 [INFO] X=448 Y=128 Src=224,64 - 256,96 TexW=384 TexH=384
2026-08-21 01:48:15 [INFO] X=480 Y=128 Src=128,64 - 160,96 TexW=384 TexH=384
2026-08-21 01:48:15 [INFO] X=512 Y=128 Src=160,64 - 192,96 TexW=384 TexH=384
2026-08-21 01:48:15 [INFO] X=544 Y=128 Src=192,64 - 224,96 TexW=384 TexH=384
2026-08-21 01:48:15 [INFO] X=-32 Y=160 Src=128,0 - 160,32 TexW=384 TexH=384
2026-08-21 01:48:15 [INFO] X=0 Y=160 Src=160,0 - 192,32 TexW=384 TexH=384
2026-08-21 01:48:15 [INFO] X=32 Y=160 Src=192,0 - 224,32 TexW=384 TexH=384
2026-08-21 01:48:15 [INFO] X=64 Y=160 Src=224,0 - 256,32 TexW=384 TexH=384
2026-08-21 01:48:15 [INFO] X=96 Y=160 Src=128,0 - 160,32 TexW=384 TexH=384
2026-08-21 01:48:15 [INFO] X=128 Y=160 Src=160,0 - 192,32 TexW=384 TexH=384
2026-08-21 01:48:15 [INFO] X=160 Y=160 Src=192,0 - 224,32 TexW=384 TexH=384
2026-08-21 01:48:15 [INFO] X=192 Y=160 Src=224,0 - 256,32 TexW=384 TexH=384
2026-08-21 01:48:15 [INFO] X=224 Y=160 Src=128,0 - 160,32 TexW=384 TexH=384
2026-08-21 01:48:15 [INFO] X=256 Y=160 Src=160,0 - 192,32 TexW=384 TexH=384
2026-08-21 01:48:15 [INFO] X=288 Y=160 Src=192,0 - 224,32 TexW=384 TexH=384
2026-08-21 01:48:15 [INFO] X=320 Y=160 Src=224,0 - 256,32 TexW=384 TexH=384
2026-08-21 01:48:15 [INFO] X=352 Y=160 Src=128,0 - 160,32 TexW=384 TexH=384
2026-08-21 01:48:15 [INFO] X=384 Y=160 Src=160,0 - 192,32 TexW=384 TexH=384
2026-08-21 01:48:15 [INFO] X=416 Y=160 Src=192,0 - 224,32 TexW=384 TexH=384
2026-08-21 01:48:15 [INFO] X=448 Y=160 Src=224,0 - 256,32 TexW=384 TexH=384
2026-08-21 01:48:15 [INFO] X=480 Y=160 Src=128,0 - 160,32 TexW=384 TexH=384
2026-08-21 01:48:15 [INFO] X=512 Y=160 Src=160,0 - 192,32 TexW=384 TexH=384
2026-08-21 01:48:15 [INFO] X=544 Y=160 Src=192,0 - 224,32 TexW=384 TexH=384
2026-08-21 01:48:15 [INFO] X=-32 Y=192 Src=128,64 - 160,96 TexW=384 TexH=384
2026-08-21 01:48:15 [INFO] X=0 Y=192 Src=160,64 - 192,96 TexW=384 TexH=384
2026-08-21 01:48:15 [INFO] X=32 Y=192 Src=192,64 - 224,96 TexW=384 TexH=384
2026-08-21 01:48:15 [INFO] X=64 Y=192 Src=224,64 - 256,96 TexW=384 TexH=384
2026-08-21 01:48:15 [INFO] X=96 Y=192 Src=128,64 - 160,96 TexW=384 TexH=384
2026-08-21 01:48:15 [INFO] X=128 Y=192 Src=160,64 - 192,96 TexW=384 TexH=384
2026-08-21 01:48:15 [INFO] X=160 Y=192 Src=192,64 - 224,96 TexW=384 TexH=384
2026-08-21 01:48:15 [INFO] X=192 Y=192 Src=224,64 - 256,96 TexW=384 TexH=384
2026-08-21 01:48:15 [INFO] X=224 Y=192 Src=128,64 - 160,96 TexW=384 TexH=384
2026-08-21 01:48:15 [INFO] X=256 Y=192 Src=160,64 - 192,96 TexW=384 TexH=384
2026-08-21 01:48:15 [INFO] X=288 Y=192 Src=192,64 - 224,96 TexW=384 TexH=384
2026-08-21 01:48:15 [INFO] X=320 Y=192 Src=224,64 - 256,96 TexW=384 TexH=384
2026-08-21 01:48:15 [INFO] X=352 Y=192 Src=128,64 - 160,96 TexW=384 TexH=384
2026-08-21 01:48:15 [INFO] X=384 Y=192 Src=160,64 - 192,96 TexW=384 TexH=384
2026-08-21 01:48:15 [INFO] X=416 Y=192 Src=192,64 - 224,96 TexW=384 TexH=384
2026-08-21 01:48:15 [INFO] X=448 Y=192 Src=224,64 - 256,96 TexW=384 TexH=384
2026-08-21 01:48:15 [INFO] X=480 Y=192 Src=128,64 - 160,96 TexW=384 TexH=384
2026-08-21 01:48:15 [INFO] X=512 Y=192 Src=160,64 - 192,96 TexW=384 TexH=384
2026-08-21 01:48:15 [INFO] X=544 Y=192 Src=192,64 - 224,96 TexW=384 TexH=384
2026-08-21 01:48:15 [INFO] X=-304 Y=-415 Src=0,0 - 64,95 TexW=64 TexH=95
2026-08-21 01:48:15 [INFO] X=-368 Y=-576 Src=0,0 - 256,256 TexW=256 TexH=256
2026-08-21 01:48:15 [INFO] X=-182 Y=-475 Src=0,0 - 77,155 TexW=77 TexH=155
2026-08-21 01:48:15 [INFO] X=-208 Y=-576 Src=0,0 - 256,256 TexW=256 TexH=256
2026-08-21 01:48:15 [INFO] X=48 Y=-320 Src=0,0 - 128,32 TexW=128 TexH=32
2026-08-21 01:48:15 [INFO] X=176 Y=-320 Src=0,0 - 128,32 TexW=128 TexH=32
2026-08-21 01:48:15 [INFO] X=464 Y=-320 Src=0,0 - 128,32 TexW=128 TexH=32
2026-08-21 01:48:15 [INFO] X=592 Y=-320 Src=0,0 - 128,32 TexW=128 TexH=32
2026-08-21 01:48:15 [INFO] X=-176 Y=-512 Src=0,0 - 256,256 TexW=256 TexH=256
2026-08-21 01:48:15 [INFO] X=208 Y=-512 Src=0,0 - 256,256 TexW=256 TexH=256
2026-08-21 01:48:15 [INFO] X=-352 Y=-256 Src=0,0 - 32,32 TexW=64 TexH=32
2026-08-21 01:48:15 [INFO] X=835 Y=-270 Src=0,0 - 26,46 TexW=174 TexH=181
2026-08-21 01:48:15 [INFO] X=-176 Y=-448 Src=0,0 - 256,256 TexW=256 TexH=256
2026-08-21 01:48:15 [INFO] X=48 Y=-224 Src=0,0 - 128,32 TexW=128 TexH=32
2026-08-21 01:48:15 [INFO] X=176 Y=-224 Src=0,0 - 128,32 TexW=128 TexH=32
2026-08-21 01:48:15 [INFO] X=384 Y=-224 Src=608,64 - 640,96 TexW=640 TexH=742
2026-08-21 01:48:15 [INFO] X=480 Y=-224 Src=608,64 - 640,96 TexW=640 TexH=742
2026-08-21 01:48:15 [INFO] X=464 Y=-224 Src=0,0 - 128,32 TexW=128 TexH=32
2026-08-21 01:48:15 [INFO] X=592 Y=-224 Src=0,0 - 128,32 TexW=128 TexH=32
2026-08-21 01:48:15 [INFO] X=-253 Y=-206 Src=0,0 - 26,46 TexW=149 TexH=181
2026-08-21 01:48:15 [INFO] X=163 Y=-206 Src=0,0 - 26,46 TexW=149 TexH=181
2026-08-21 01:48:15 [INFO] X=168 Y=-214 Src=64,0 - 80,16 TexW=708 TexH=202
2026-08-21 01:48:15 [INFO] X=-352 Y=-160 Src=0,0 - 32,32 TexW=64 TexH=32
2026-08-21 01:48:15 [INFO] X=352 Y=-160 Src=608,64 - 640,96 TexW=640 TexH=742
2026-08-21 01:48:15 [INFO] X=480 Y=-160 Src=608,64 - 640,96 TexW=640 TexH=742
2026-08-21 01:48:15 [INFO] X=74 Y=-251 Src=0,0 - 77,155 TexW=77 TexH=155
2026-08-21 01:48:15 [INFO] X=419 Y=-142 Src=0,0 - 26,46 TexW=149 TexH=181
2026-08-21 01:48:15 [INFO] X=424 Y=-150 Src=320,0 - 336,16 TexW=708 TexH=202
2026-08-21 01:48:15 [INFO] X=448 Y=-128 Src=256,96 - 288,128 TexW=640 TexH=742
2026-08-21 01:48:15 [INFO] X=586 Y=-251 Src=0,0 - 77,155 TexW=77 TexH=155
2026-08-21 01:48:15 [INFO] X=-32 Y=-64 Src=608,64 - 640,96 TexW=640 TexH=742
2026-08-21 01:48:15 [INFO] X=448 Y=-64 Src=608,64 - 640,96 TexW=640 TexH=742
2026-08-21 01:48:15 [INFO] X=464 Y=-288 Src=0,0 - 256,256 TexW=256 TexH=256
2026-08-21 01:48:15 [INFO] X=0 Y=0 Src=608,64 - 640,96 TexW=640 TexH=742
2026-08-21 01:48:15 [INFO] X=291 Y=-14 Src=0,0 - 26,46 TexW=149 TexH=181
2026-08-21 01:48:15 [INFO] X=296 Y=-22 Src=256,48 - 272,64 TexW=708 TexH=202
2026-08-21 01:48:15 [INFO] X=736 Y=-64 Src=0,96 - 96,192 TexW=288 TexH=192
2026-08-21 01:48:15 [INFO] X=656 Y=32 Src=0,0 - 64,32 TexW=64 TexH=32
2026-08-21 01:48:15 [INFO] X=867 Y=18 Src=0,0 - 26,46 TexW=149 TexH=181
2026-08-21 01:48:15 [INFO] X=872 Y=10 Src=0,0 - 16,16 TexW=708 TexH=202
2026-08-21 01:48:15 [INFO] X=-349 Y=50 Src=0,0 - 26,46 TexW=149 TexH=181
2026-08-21 01:48:15 [INFO] X=-344 Y=42 Src=384,16 - 400,32 TexW=708 TexH=202
2026-08-21 01:48:15 [INFO] X=-285 Y=50 Src=0,0 - 26,46 TexW=149 TexH=181
2026-08-21 01:48:15 [INFO] X=-280 Y=42 Src=384,16 - 400,32 TexW=708 TexH=202
2026-08-21 01:48:15 [INFO] X=-182 Y=-59 Src=0,0 - 77,155 TexW=77 TexH=155
2026-08-21 01:48:15 [INFO] X=-61 Y=50 Src=0,0 - 26,46 TexW=149 TexH=181
2026-08-21 01:48:15 [INFO] X=-56 Y=42 Src=272,128 - 288,144 TexW=708 TexH=202
2026-08-21 01:48:15 [INFO] X=42 Y=-59 Src=0,0 - 77,155 TexW=77 TexH=155
2026-08-21 01:48:15 [INFO] X=259 Y=178 Src=0,0 - 26,46 TexW=149 TexH=181
2026-08-21 01:48:15 [INFO] X=264 Y=170 Src=128,16 - 144,32 TexW=708 TexH=202
2026-08-21 01:48:15 [INFO] X=611 Y=306 Src=0,0 - 26,46 TexW=149 TexH=181
2026-08-21 01:48:15 [INFO] X=616 Y=298 Src=256,48 - 272,64 TexW=708 TexH=202
2026-08-21 01:48:15 [INFO] X=-368 Y=128 Src=0,0 - 256,256 TexW=256 TexH=256
2026-08-21 01:48:15 [INFO] X=-240 Y=128 Src=0,0 - 256,256 TexW=256 TexH=256
2026-08-21 01:48:15 [INFO] X=-112 Y=128 Src=0,0 - 256,256 TexW=256 TexH=256
2026-08-21 01:48:15 [INFO] X=283 Y=384 Src=866,512 - 909,576 TexW=1792 TexH=640
2026-08-21 01:48:15 [INFO] X=443 Y=384 Src=866,512 - 909,576 TexW=1792 TexH=640
2026-08-21 01:48:15 [INFO] X=592 Y=192 Src=0,0 - 256,256 TexW=256 TexH=256
2026-08-21 01:48:15 [INFO] X=688 Y=192 Src=0,0 - 256,256 TexW=256 TexH=256
2026-08-21 01:48:15 [INFO] X=323 Y=448 Src=182,0 - 208,96 TexW=234 TexH=97
2026-08-21 01:48:15 [INFO] X=355 Y=498 Src=0,0 - 26,46 TexW=149 TexH=181
2026-08-21 01:48:15 [INFO] X=360 Y=490 Src=384,32 - 400,48 TexW=708 TexH=202
2026-08-21 01:48:15 [INFO] X=384 Y=512 Src=64,672 - 96,704 TexW=640 TexH=742
2026-08-21 01:48:15 [INFO] X=419 Y=448 Src=182,0 - 208,96 TexW=234 TexH=97
2026-08-21 01:48:15 [INFO] X=-368 Y=320 Src=0,0 - 256,256 TexW=256 TexH=256
2026-08-21 01:48:15 [INFO] X=688 Y=384 Src=0,0 - 256,256 TexW=256 TexH=256
2026-08-21 01:48:15 [INFO] X=-368 Y=448 Src=0,0 - 256,256 TexW=256 TexH=256
2026-08-21 01:48:15 [INFO] X=-127 Y=636 Src=210,0 - 240,68 TexW=270 TexH=68
2026-08-21 01:48:15 [INFO] X=-208 Y=448 Src=0,0 - 256,256 TexW=256 TexH=256
2026-08-21 01:48:15 [INFO] X=-285 Y=690 Src=0,0 - 26,46 TexW=149 TexH=181
2026-08-21 01:48:15 [INFO] X=-280 Y=682 Src=64,0 - 80,16 TexW=708 TexH=202
2026-08-21 01:48:15 [INFO] X=-253 Y=690 Src=0,0 - 26,46 TexW=149 TexH=181
2026-08-21 01:48:15 [INFO] X=-248 Y=682 Src=639,64 - 655,80 TexW=708 TexH=202
2026-08-21 01:48:15 [INFO] X=-221 Y=690 Src=0,0 - 26,46 TexW=149 TexH=181
2026-08-21 01:48:15 [INFO] X=-216 Y=682 Src=272,128 - 288,144 TexW=708 TexH=202
2026-08-21 01:48:15 [INFO] X=-32 Y=-32 Src=0,0 - 32,32 TexW=512 TexH=128
2026-08-21 01:48:15 [INFO] X=0 Y=-32 Src=32,0 - 64,32 TexW=512 TexH=128
2026-08-21 01:48:15 [INFO] X=32 Y=-32 Src=64,0 - 96,32 TexW=512 TexH=128
2026-08-21 01:48:15 [INFO] X=32 Y=-32 Src=512,192 - 544,224 TexW=640 TexH=742
2026-08-21 01:48:15 [INFO] X=64 Y=-32 Src=96,0 - 128,32 TexW=512 TexH=128
2026-08-21 01:48:15 [INFO] X=96 Y=-32 Src=0,0 - 32,32 TexW=512 TexH=128
2026-08-21 01:48:15 [INFO] X=128 Y=-32 Src=32,0 - 64,32 TexW=512 TexH=128
2026-08-21 01:48:15 [INFO] X=160 Y=-32 Src=64,0 - 96,32 TexW=512 TexH=128
2026-08-21 01:48:15 [INFO] X=192 Y=-32 Src=96,0 - 128,32 TexW=512 TexH=128
2026-08-21 01:48:15 [INFO] X=224 Y=-32 Src=0,0 - 32,32 TexW=512 TexH=128
2026-08-21 01:48:15 [INFO] X=256 Y=-32 Src=32,0 - 64,32 TexW=512 TexH=128
2026-08-21 01:48:15 [INFO] X=288 Y=-32 Src=64,0 - 96,32 TexW=512 TexH=128
2026-08-21 01:48:15 [INFO] X=320 Y=-32 Src=96,0 - 128,32 TexW=512 TexH=128
2026-08-21 01:48:15 [INFO] X=352 Y=-32 Src=0,0 - 32,32 TexW=512 TexH=128
2026-08-21 01:48:15 [INFO] X=384 Y=-32 Src=32,0 - 64,32 TexW=512 TexH=128
2026-08-21 01:48:15 [INFO] X=362 Y=-58 Src=0,0 - 77,58 TexW=77 TexH=58
2026-08-21 01:48:15 [INFO] X=416 Y=-32 Src=64,0 - 96,32 TexW=512 TexH=128
2026-08-21 01:48:15 [INFO] X=448 Y=-32 Src=96,0 - 128,32 TexW=512 TexH=128
2026-08-21 01:48:15 [INFO] X=480 Y=-32 Src=0,0 - 32,32 TexW=512 TexH=128
2026-08-21 01:48:15 [INFO] X=512 Y=-32 Src=32,0 - 64,32 TexW=512 TexH=128
2026-08-21 01:48:15 [INFO] X=544 Y=-32 Src=64,0 - 96,32 TexW=512 TexH=128
2026-08-21 01:48:15 [INFO] X=-32 Y=0 Src=0,64 - 32,96 TexW=512 TexH=128
2026-08-21 01:48:15 [INFO] X=0 Y=0 Src=32,64 - 64,96 TexW=512 TexH=128
2026-08-21 01:48:15 [INFO] X=32 Y=0 Src=64,64 - 96,96 TexW=512 TexH=128
2026-08-21 01:48:15 [INFO] X=64 Y=0 Src=96,64 - 128,96 TexW=512 TexH=128
2026-08-21 01:48:15 [INFO] X=96 Y=0 Src=0,64 - 32,96 TexW=512 TexH=128
2026-08-21 01:48:15 [INFO] X=128 Y=0 Src=32,64 - 64,96 TexW=512 TexH=128
2026-08-21 01:48:15 [INFO] X=160 Y=0 Src=64,64 - 96,96 TexW=512 TexH=128
2026-08-21 01:48:15 [INFO] X=192 Y=0 Src=96,64 - 128,96 TexW=512 TexH=128
2026-08-21 01:48:15 [INFO] X=224 Y=0 Src=0,64 - 32,96 TexW=512 TexH=128
2026-08-21 01:48:15 [INFO] X=256 Y=0 Src=32,64 - 64,96 TexW=512 TexH=128
