2026-08-21 01:47:58 [INFO] Grh=6000 Frame=6000 FileNum=6000 SX=0 SY=0 W=32 H=32 X=-32 Y=-32
2026-08-21 01:47:58 [INFO] Grh=6001 Frame=6001 FileNum=6000 SX=32 SY=0 W=32 H=32 X=0 Y=-32
2026-08-21 01:47:58 [INFO] Grh=6002 Frame=6002 FileNum=6000 SX=64 SY=0 W=32 H=32 X=32 Y=-32
2026-08-21 01:47:58 [INFO] Grh=6003 Frame=6003 FileNum=6000 SX=96 SY=0 W=32 H=32 X=64 Y=-32
2026-08-21 01:47:58 [INFO] Grh=6000 Frame=6000 FileNum=6000 SX=0 SY=0 W=32 H=32 X=96 Y=-32
2026-08-21 01:47:58 [INFO] Grh=6001 Frame=6001 FileNum=6000 SX=32 SY=0 W=32 H=32 X=128 Y=-32
2026-08-21 01:47:58 [INFO] Grh=6002 Frame=6002 FileNum=6000 SX=64 SY=0 W=32 H=32 X=160 Y=-32
2026-08-21 01:47:58 [INFO] Grh=6003 Frame=6003 FileNum=6000 SX=96 SY=0 W=32 H=32 X=192 Y=-32
2026-08-21 01:47:58 [INFO] Grh=6000 Frame=6000 FileNum=6000 SX=0 SY=0 W=32 H=32 X=224 Y=-32
2026-08-21 01:47:58 [INFO] Grh=6001 Frame=6001 FileNum=6000 SX=32 SY=0 W=32 H=32 X=256 Y=-32
2026-08-21 01:47:58 [INFO] Grh=6002 Frame=6002 FileNum=6000 SX=64 SY=0 W=32 H=32 X=288 Y=-32
2026-08-21 01:47:58 [INFO] Grh=6003 Frame=6003 FileNum=6000 SX=96 SY=0 W=32 H=32 X=320 Y=-32
2026-08-21 01:47:58 [INFO] Grh=6000 Frame=6000 FileNum=6000 SX=0 SY=0 W=32 H=32 X=352 Y=-32
2026-08-21 01:47:58 [INFO] Grh=6001 Frame=6001 FileNum=6000 SX=32 SY=0 W=32 H=32 X=384 Y=-32
2026-08-21 01:47:58 [INFO] Grh=6002 Frame=6002 FileNum=6000 SX=64 SY=0 W=32 H=32 X=416 Y=-32
2026-08-21 01:47:58 [INFO] Grh=6003 Frame=6003 FileNum=6000 SX=96 SY=0 W=32 H=32 X=448 Y=-32
2026-08-21 01:47:58 [INFO] Grh=6000 Frame=6000 FileNum=6000 SX=0 SY=0 W=32 H=32 X=480 Y=-32
2026-08-21 01:47:58 [INFO] Grh=6001 Frame=6001 FileNum=6000 SX=32 SY=0 W=32 H=32 X=512 Y=-32
2026-08-21 01:47:58 [INFO] Grh=6002 Frame=6002 FileNum=6000 SX=64 SY=0 W=32 H=32 X=544 Y=-32
2026-08-21 01:47:58 [INFO] Grh=6008 Frame=6008 FileNum=6000 SX=0 SY=64 W=32 H=32 X=-32 Y=0
2026-08-21 01:47:58 [INFO] Grh=6009 Frame=6009 FileNum=6000 SX=32 SY=64 W=32 H=32 X=0 Y=0
2026-08-21 01:47:58 [INFO] Grh=6010 Frame=6010 FileNum=6000 SX=64 SY=64 W=32 H=32 X=32 Y=0
2026-08-21 01:47:58 [INFO] Grh=6011 Frame=6011 FileNum=6000 SX=96 SY=64 W=32 H=32 X=64 Y=0
2026-08-21 01:47:58 [INFO] Grh=6008 Frame=6008 FileNum=6000 SX=0 SY=64 W=32 H=32 X=96 Y=0
2026-08-21 01:47:58 [INFO] Grh=6009 Frame=6009 FileNum=6000 SX=32 SY=64 W=32 H=32 X=128 Y=0
2026-08-21 01:47:58 [INFO] Grh=6010 Frame=6010 FileNum=6000 SX=64 SY=64 W=32 H=32 X=160 Y=0
2026-08-21 01:47:58 [INFO] Grh=6011 Frame=6011 FileNum=6000 SX=96 SY=64 W=32 H=32 X=192 Y=0
2026-08-21 01:47:58 [INFO] Grh=6008 Frame=6008 FileNum=6000 SX=0 SY=64 W=32 H=32 X=224 Y=0
2026-08-21 01:47:58 [INFO] Grh=6009 Frame=6009 FileNum=6000 SX=32 SY=64 W=32 H=32 X=256 Y=0
2026-08-21 01:47:58 [INFO] Grh=6010 Frame=6010 FileNum=6000 SX=64 SY=64 W=32 H=32 X=288 Y=0
2026-08-21 01:47:58 [INFO] Grh=6011 Frame=6011 FileNum=6000 SX=96 SY=64 W=32 H=32 X=320 Y=0
2026-08-21 01:47:58 [INFO] Grh=6008 Frame=6008 FileNum=6000 SX=0 SY=64 W=32 H=32 X=352 Y=0
2026-08-21 01:47:58 [INFO] Grh=6009 Frame=6009 FileNum=6000 SX=32 SY=64 W=32 H=32 X=384 Y=0
2026-08-21 01:47:58 [INFO] Grh=6010 Frame=6010 FileNum=6000 SX=64 SY=64 W=32 H=32 X=416 Y=0
2026-08-21 01:47:58 [INFO] Grh=6011 Frame=6011 FileNum=6000 SX=96 SY=64 W=32 H=32 X=448 Y=0
2026-08-21 01:47:58 [INFO] Grh=6008 Frame=6008 FileNum=6000 SX=0 SY=64 W=32 H=32 X=480 Y=0
2026-08-21 01:47:58 [INFO] Grh=6009 Frame=6009 FileNum=6000 SX=32 SY=64 W=32 H=32 X=512 Y=0
2026-08-21 01:47:58 [INFO] Grh=6010 Frame=6010 FileNum=6000 SX=64 SY=64 W=32 H=32 X=544 Y=0
2026-08-21 01:47:58 [INFO] Grh=1505 Frame=324 FileNum=20 SX=0 SY=0 W=32 H=32 X=-32 Y=32
2026-08-21 01:47:58 [INFO] Grh=1506 Frame=325 FileNum=20 SX=32 SY=0 W=32 H=32 X=0 Y=32
2026-08-21 01:47:58 [INFO] Grh=1507 Frame=326 FileNum=20 SX=64 SY=0 W=32 H=32 X=32 Y=32
2026-08-21 01:47:58 [INFO] Grh=1508 Frame=327 FileNum=20 SX=96 SY=0 W=32 H=32 X=64 Y=32
2026-08-21 01:47:58 [INFO] Grh=1505 Frame=324 FileNum=20 SX=0 SY=0 W=32 H=32 X=96 Y=32
2026-08-21 01:47:58 [INFO] Grh=1506 Frame=325 FileNum=20 SX=32 SY=0 W=32 H=32 X=128 Y=32
2026-08-21 01:47:58 [INFO] Grh=1507 Frame=326 FileNum=20 SX=64 SY=0 W=32 H=32 X=160 Y=32
2026-08-21 01:47:58 [INFO] Grh=1508 Frame=327 FileNum=20 SX=96 SY=0 W=32 H=32 X=192 Y=32
2026-08-21 01:47:58 [INFO] Grh=1505 Frame=324 FileNum=20 SX=0 SY=0 W=32 H=32 X=224 Y=32
2026-08-21 01:47:58 [INFO] Grh=1506 Frame=325 FileNum=20 SX=32 SY=0 W=32 H=32 X=256 Y=32
2026-08-21 01:47:58 [INFO] Grh=1507 Frame=326 FileNum=20 SX=64 SY=0 W=32 H=32 X=288 Y=32
2026-08-21 01:47:58 [INFO] Grh=1508 Frame=327 FileNum=20 SX=96 SY=0 W=32 H=32 X=320 Y=32
2026-08-21 01:47:58 [INFO] Grh=1505 Frame=324 FileNum=20 SX=0 SY=0 W=32 H=32 X=352 Y=32
2026-08-21 01:47:58 [INFO] Grh=1506 Frame=325 FileNum=20 SX=32 SY=0 W=32 H=32 X=384 Y=32
2026-08-21 01:47:58 [INFO] Grh=1507 Frame=326 FileNum=20 SX=64 SY=0 W=32 H=32 X=416 Y=32
2026-08-21 01:47:58 [INFO] Grh=1508 Frame=327 FileNum=20 SX=96 SY=0 W=32 H=32 X=448 Y=32
2026-08-21 01:47:58 [INFO] Grh=1505 Frame=324 FileNum=20 SX=0 SY=0 W=32 H=32 X=480 Y=32
2026-08-21 01:47:58 [INFO] Grh=1506 Frame=325 FileNum=20 SX=32 SY=0 W=32 H=32 X=512 Y=32
2026-08-21 01:47:58 [INFO] Grh=1507 Frame=326 FileNum=20 SX=64 SY=0 W=32 H=32 X=544 Y=32
2026-08-21 01:47:58 [INFO] Grh=1513 Frame=332 FileNum=20 SX=0 SY=64 W=32 H=32 X=-32 Y=64
2026-08-21 01:47:58 [INFO] Grh=1514 Frame=333 FileNum=20 SX=32 SY=64 W=32 H=32 X=0 Y=64
2026-08-21 01:47:58 [INFO] Grh=1515 Frame=334 FileNum=20 SX=64 SY=64 W=32 H=32 X=32 Y=64
2026-08-21 01:47:58 [INFO] Grh=1516 Frame=335 FileNum=20 SX=96 SY=64 W=32 H=32 X=64 Y=64
2026-08-21 01:47:58 [INFO] Grh=1513 Frame=332 FileNum=20 SX=0 SY=64 W=32 H=32 X=96 Y=64
2026-08-21 01:47:58 [INFO] Grh=1514 Frame=333 FileNum=20 SX=32 SY=64 W=32 H=32 X=128 Y=64
2026-08-21 01:47:58 [INFO] Grh=1515 Frame=334 FileNum=20 SX=64 SY=64 W=32 H=32 X=160 Y=64
2026-08-21 01:47:58 [INFO] Grh=1516 Frame=335 FileNum=20 SX=96 SY=64 W=32 H=32 X=192 Y=64
2026-08-21 01:47:58 [INFO] Grh=1513 Frame=332 FileNum=20 SX=0 SY=64 W=32 H=32 X=224 Y=64
2026-08-21 01:47:58 [INFO] Grh=1514 Frame=333 FileNum=20 SX=32 SY=64 W=32 H=32 X=256 Y=64
2026-08-21 01:47:58 [INFO] Grh=1515 Frame=334 FileNum=20 SX=64 SY=64 W=32 H=32 X=288 Y=64
2026-08-21 01:47:58 [INFO] Grh=1516 Frame=335 FileNum=20 SX=96 SY=64 W=32 H=32 X=320 Y=64
2026-08-21 01:47:58 [INFO] Grh=1513 Frame=332 FileNum=20 SX=0 SY=64 W=32 H=32 X=352 Y=64
2026-08-21 01:47:58 [INFO] Grh=1514 Frame=333 FileNum=20 SX=32 SY=64 W=32 H=32 X=384 Y=64
2026-08-21 01:47:58 [INFO] Grh=1515 Frame=334 FileNum=20 SX=64 SY=64 W=32 H=32 X=416 Y=64
2026-08-21 01:47:58 [INFO] Grh=1516 Frame=335 FileNum=20 SX=96 SY=64 W=32 H=32 X=448 Y=64
2026-08-21 01:47:58 [INFO] Grh=1513 Frame=332 FileNum=20 SX=0 SY=64 W=32 H=32 X=480 Y=64
2026-08-21 01:47:58 [INFO] Grh=1514 Frame=333 FileNum=20 SX=32 SY=64 W=32 H=32 X=512 Y=64
2026-08-21 01:47:58 [INFO] Grh=1515 Frame=334 FileNum=20 SX=64 SY=64 W=32 H=32 X=544 Y=64
2026-08-21 01:47:58 [INFO] Grh=1505 Frame=324 FileNum=20 SX=0 SY=0 W=32 H=32 X=-32 Y=96
2026-08-21 01:47:58 [INFO] Grh=1506 Frame=325 FileNum=20 SX=32 SY=0 W=32 H=32 X=0 Y=96
2026-08-21 01:47:58 [INFO] Grh=1507 Frame=326 FileNum=20 SX=64 SY=0 W=32 H=32 X=32 Y=96
2026-08-21 01:47:58 [INFO] Grh=1508 Frame=327 FileNum=20 SX=96 SY=0 W=32 H=32 X=64 Y=96
2026-08-21 01:47:58 [INFO] Grh=1505 Frame=324 FileNum=20 SX=0 SY=0 W=32 H=32 X=96 Y=96
2026-08-21 01:47:58 [INFO] Grh=1506 Frame=325 FileNum=20 SX=32 SY=0 W=32 H=32 X=128 Y=96
2026-08-21 01:47:58 [INFO] Grh=1507 Frame=326 FileNum=20 SX=64 SY=0 W=32 H=32 X=160 Y=96
2026-08-21 01:47:58 [INFO] Grh=1508 Frame=327 FileNum=20 SX=96 SY=0 W=32 H=32 X=192 Y=96
2026-08-21 01:47:58 [INFO] Grh=1505 Frame=324 FileNum=20 SX=0 SY=0 W=32 H=32 X=224 Y=96
2026-08-21 01:47:58 [INFO] Grh=1506 Frame=325 FileNum=20 SX=32 SY=0 W=32 H=32 X=256 Y=96
2026-08-21 01:47:58 [INFO] Grh=1507 Frame=326 FileNum=20 SX=64 SY=0 W=32 H=32 X=288 Y=96
2026-08-21 01:47:58 [INFO] Grh=1508 Frame=327 FileNum=20 SX=96 SY=0 W=32 H=32 X=320 Y=96
2026-08-21 01:47:58 [INFO] Grh=1505 Frame=324 FileNum=20 SX=0 SY=0 W=32 H=32 X=352 Y=96
2026-08-21 01:47:58 [INFO] Grh=1506 Frame=325 FileNum=20 SX=32 SY=0 W=32 H=32 X=384 Y=96
2026-08-21 01:47:58 [INFO] Grh=1507 Frame=326 FileNum=20 SX=64 SY=0 W=32 H=32 X=416 Y=96
2026-08-21 01:47:58 [INFO] Grh=1508 Frame=327 FileNum=20 SX=96 SY=0 W=32 H=32 X=448 Y=96
2026-08-21 01:47:58 [INFO] Grh=1505 Frame=324 FileNum=20 SX=0 SY=0 W=32 H=32 X=480 Y=96
2026-08-21 01:47:58 [INFO] Grh=1506 Frame=325 FileNum=20 SX=32 SY=0 W=32 H=32 X=512 Y=96
2026-08-21 01:47:58 [INFO] Grh=1507 Frame=326 FileNum=20 SX=64 SY=0 W=32 H=32 X=544 Y=96
2026-08-21 01:47:58 [INFO] Grh=1513 Frame=332 FileNum=20 SX=0 SY=64 W=32 H=32 X=-32 Y=128
2026-08-21 01:47:58 [INFO] Grh=1514 Frame=333 FileNum=20 SX=32 SY=64 W=32 H=32 X=0 Y=128
2026-08-21 01:47:58 [INFO] Grh=1515 Frame=334 FileNum=20 SX=64 SY=64 W=32 H=32 X=32 Y=128
2026-08-21 01:47:58 [INFO] Grh=1516 Frame=335 FileNum=20 SX=96 SY=64 W=32 H=32 X=64 Y=128
2026-08-21 01:47:58 [INFO] Grh=1513 Frame=332 FileNum=20 SX=0 SY=64 W=32 H=32 X=96 Y=128
2026-08-21 01:47:58 [INFO] Grh=1514 Frame=333 FileNum=20 SX=32 SY=64 W=32 H=32 X=128 Y=128
2026-08-21 01:47:58 [INFO] Grh=1515 Frame=334 FileNum=20 SX=64 SY=64 W=32 H=32 X=160 Y=128
2026-08-21 01:47:58 [INFO] Grh=1516 Frame=335 FileNum=20 SX=96 SY=64 W=32 H=32 X=192 Y=128
2026-08-21 01:47:58 [INFO] Grh=1513 Frame=332 FileNum=20 SX=0 SY=64 W=32 H=32 X=224 Y=128
2026-08-21 01:47:58 [INFO] Grh=1514 Frame=333 FileNum=20 SX=32 SY=64 W=32 H=32 X=256 Y=128
2026-08-21 01:47:58 [INFO] Grh=1515 Frame=334 FileNum=20 SX=64 SY=64 W=32 H=32 X=288 Y=128
2026-08-21 01:47:58 [INFO] Grh=1516 Frame=335 FileNum=20 SX=96 SY=64 W=32 H=32 X=320 Y=128
2026-08-21 01:47:58 [INFO] Grh=1513 Frame=332 FileNum=20 SX=0 SY=64 W=32 H=32 X=352 Y=128
2026-08-21 01:47:58 [INFO] Grh=1514 Frame=333 FileNum=20 SX=32 SY=64 W=32 H=32 X=384 Y=128
2026-08-21 01:47:58 [INFO] Grh=1515 Frame=334 FileNum=20 SX=64 SY=64 W=32 H=32 X=416 Y=128
2026-08-21 01:47:58 [INFO] Grh=1516 Frame=335 FileNum=20 SX=96 SY=64 W=32 H=32 X=448 Y=128
2026-08-21 01:47:58 [INFO] Grh=1513 Frame=332 FileNum=20 SX=0 SY=64 W=32 H=32 X=480 Y=128
2026-08-21 01:47:58 [INFO] Grh=1514 Frame=333 FileNum=20 SX=32 SY=64 W=32 H=32 X=512 Y=128
2026-08-21 01:47:58 [INFO] Grh=1515 Frame=334 FileNum=20 SX=64 SY=64 W=32 H=32 X=544 Y=128
2026-08-21 01:47:58 [INFO] Grh=1505 Frame=324 FileNum=20 SX=0 SY=0 W=32 H=32 X=-32 Y=160
2026-08-21 01:47:58 [INFO] Grh=1506 Frame=325 FileNum=20 SX=32 SY=0 W=32 H=32 X=0 Y=160
2026-08-21 01:47:58 [INFO] Grh=1507 Frame=326 FileNum=20 SX=64 SY=0 W=32 H=32 X=32 Y=160
2026-08-21 01:47:58 [INFO] Grh=1508 Frame=327 FileNum=20 SX=96 SY=0 W=32 H=32 X=64 Y=160
2026-08-21 01:47:58 [INFO] Grh=1505 Frame=324 FileNum=20 SX=0 SY=0 W=32 H=32 X=96 Y=160
2026-08-21 01:47:58 [INFO] Grh=1506 Frame=325 FileNum=20 SX=32 SY=0 W=32 H=32 X=128 Y=160
2026-08-21 01:47:58 [INFO] Grh=1507 Frame=326 FileNum=20 SX=64 SY=0 W=32 H=32 X=160 Y=160
2026-08-21 01:47:58 [INFO] Grh=1508 Frame=327 FileNum=20 SX=96 SY=0 W=32 H=32 X=192 Y=160
2026-08-21 01:47:58 [INFO] Grh=1505 Frame=324 FileNum=20 SX=0 SY=0 W=32 H=32 X=224 Y=160
2026-08-21 01:47:58 [INFO] Grh=1506 Frame=325 FileNum=20 SX=32 SY=0 W=32 H=32 X=256 Y=160
2026-08-21 01:47:58 [INFO] Grh=1507 Frame=326 FileNum=20 SX=64 SY=0 W=32 H=32 X=288 Y=160
2026-08-21 01:47:58 [INFO] Grh=1508 Frame=327 FileNum=20 SX=96 SY=0 W=32 H=32 X=320 Y=160
2026-08-21 01:47:58 [INFO] Grh=1505 Frame=324 FileNum=20 SX=0 SY=0 W=32 H=32 X=352 Y=160
2026-08-21 01:47:58 [INFO] Grh=1506 Frame=325 FileNum=20 SX=32 SY=0 W=32 H=32 X=384 Y=160
2026-08-21 01:47:58 [INFO] Grh=1507 Frame=326 FileNum=20 SX=64 SY=0 W=32 H=32 X=416 Y=160
2026-08-21 01:47:58 [INFO] Grh=1508 Frame=327 FileNum=20 SX=96 SY=0 W=32 H=32 X=448 Y=160
2026-08-21 01:47:58 [INFO] Grh=1505 Frame=324 FileNum=20 SX=0 SY=0 W=32 H=32 X=480 Y=160
2026-08-21 01:47:58 [INFO] Grh=1506 Frame=325 FileNum=20 SX=32 SY=0 W=32 H=32 X=512 Y=160
2026-08-21 01:47:58 [INFO] Grh=1507 Frame=326 FileNum=20 SX=64 SY=0 W=32 H=32 X=544 Y=160
2026-08-21 01:47:58 [INFO] Grh=1513 Frame=332 FileNum=20 SX=0 SY=64 W=32 H=32 X=-32 Y=192
2026-08-21 01:47:58 [INFO] Grh=1514 Frame=333 FileNum=20 SX=32 SY=64 W=32 H=32 X=0 Y=192
2026-08-21 01:47:58 [INFO] Grh=1515 Frame=334 FileNum=20 SX=64 SY=64 W=32 H=32 X=32 Y=192
2026-08-21 01:47:58 [INFO] Grh=1516 Frame=335 FileNum=20 SX=96 SY=64 W=32 H=32 X=64 Y=192
2026-08-21 01:47:58 [INFO] Grh=1513 Frame=332 FileNum=20 SX=0 SY=64 W=32 H=32 X=96 Y=192
2026-08-21 01:47:58 [INFO] Grh=1514 Frame=333 FileNum=20 SX=32 SY=64 W=32 H=32 X=128 Y=192
2026-08-21 01:47:58 [INFO] Grh=1515 Frame=334 FileNum=20 SX=64 SY=64 W=32 H=32 X=160 Y=192
2026-08-21 01:47:58 [INFO] Grh=1516 Frame=335 FileNum=20 SX=96 SY=64 W=32 H=32 X=192 Y=192
2026-08-21 01:47:58 [INFO] Grh=1513 Frame=332 FileNum=20 SX=0 SY=64 W=32 H=32 X=224 Y=192
2026-08-21 01:47:58 [INFO] Grh=1514 Frame=333 FileNum=20 SX=32 SY=64 W=32 H=32 X=256 Y=192
2026-08-21 01:47:58 [INFO] Grh=1515 Frame=334 FileNum=20 SX=64 SY=64 W=32 H=32 X=288 Y=192
2026-08-21 01:47:58 [INFO] Grh=1516 Frame=335 FileNum=20 SX=96 SY=64 W=32 H=32 X=320 Y=192
2026-08-21 01:47:58 [INFO] Grh=1513 Frame=332 FileNum=20 SX=0 SY=64 W=32 H=32 X=352 Y=192
2026-08-21 01:47:58 [INFO] Grh=1514 Frame=333 FileNum=20 SX=32 SY=64 W=32 H=32 X=384 Y=192
2026-08-21 01:47:58 [INFO] Grh=1515 Frame=334 FileNum=20 SX=64 SY=64 W=32 H=32 X=416 Y=192
2026-08-21 01:47:58 [INFO] Grh=1516 Frame=335 FileNum=20 SX=96 SY=64 W=32 H=32 X=448 Y=192
2026-08-21 01:47:58 [INFO] Grh=1513 Frame=332 FileNum=20 SX=0 SY=64 W=32 H=32 X=480 Y=192
2026-08-21 01:47:58 [INFO] Grh=1514 Frame=333 FileNum=20 SX=32 SY=64 W=32 H=32 X=512 Y=192
2026-08-21 01:47:58 [INFO] Grh=1515 Frame=334 FileNum=20 SX=64 SY=64 W=32 H=32 X=544 Y=192
2026-08-21 01:47:59 [INFO] Grh=6000 Frame=6000 FileNum=6000 SX=0 SY=0 W=32 H=32 X=-32 Y=-32
2026-08-21 01:47:59 [INFO] Grh=6001 Frame=6001 FileNum=6000 SX=32 SY=0 W=32 H=32 X=0 Y=-32
2026-08-21 01:47:59 [INFO] Grh=6002 Frame=6002 FileNum=6000 SX=64 SY=0 W=32 H=32 X=32 Y=-32
2026-08-21 01:47:59 [INFO] Grh=6003 Frame=6003 FileNum=6000 SX=96 SY=0 W=32 H=32 X=64 Y=-32
2026-08-21 01:47:59 [INFO] Grh=6000 Frame=6000 FileNum=6000 SX=0 SY=0 W=32 H=32 X=96 Y=-32
2026-08-21 01:47:59 [INFO] Grh=6001 Frame=6001 FileNum=6000 SX=32 SY=0 W=32 H=32 X=128 Y=-32
2026-08-21 01:47:59 [INFO] Grh=6002 Frame=6002 FileNum=6000 SX=64 SY=0 W=32 H=32 X=160 Y=-32
2026-08-21 01:47:59 [INFO] Grh=6003 Frame=6003 FileNum=6000 SX=96 SY=0 W=32 H=32 X=192 Y=-32
2026-08-21 01:47:59 [INFO] Grh=6000 Frame=6000 FileNum=6000 SX=0 SY=0 W=32 H=32 X=224 Y=-32
2026-08-21 01:47:59 [INFO] Grh=6001 Frame=6001 FileNum=6000 SX=32 SY=0 W=32 H=32 X=256 Y=-32
2026-08-21 01:47:59 [INFO] Grh=6002 Frame=6002 FileNum=6000 SX=64 SY=0 W=32 H=32 X=288 Y=-32
2026-08-21 01:47:59 [INFO] Grh=6003 Frame=6003 FileNum=6000 SX=96 SY=0 W=32 H=32 X=320 Y=-32
2026-08-21 01:47:59 [INFO] Grh=6000 Frame=6000 FileNum=6000 SX=0 SY=0 W=32 H=32 X=352 Y=-32
2026-08-21 01:47:59 [INFO] Grh=6001 Frame=6001 FileNum=6000 SX=32 SY=0 W=32 H=32 X=384 Y=-32
2026-08-21 01:47:59 [INFO] Grh=6002 Frame=6002 FileNum=6000 SX=64 SY=0 W=32 H=32 X=416 Y=-32
2026-08-21 01:47:59 [INFO] Grh=6003 Frame=6003 FileNum=6000 SX=96 SY=0 W=32 H=32 X=448 Y=-32
2026-08-21 01:47:59 [INFO] Grh=6000 Frame=6000 FileNum=6000 SX=0 SY=0 W=32 H=32 X=480 Y=-32
2026-08-21 01:47:59 [INFO] Grh=6001 Frame=6001 FileNum=6000 SX=32 SY=0 W=32 H=32 X=512 Y=-32
2026-08-21 01:47:59 [INFO] Grh=6002 Frame=6002 FileNum=6000 SX=64 SY=0 W=32 H=32 X=544 Y=-32
2026-08-21 01:47:59 [INFO] Grh=6008 Frame=6008 FileNum=6000 SX=0 SY=64 W=32 H=32 X=-32 Y=0
2026-08-21 01:47:59 [INFO] Grh=6009 Frame=6009 FileNum=6000 SX=32 SY=64 W=32 H=32 X=0 Y=0
2026-08-21 01:47:59 [INFO] Grh=6010 Frame=6010 FileNum=6000 SX=64 SY=64 W=32 H=32 X=32 Y=0
2026-08-21 01:47:59 [INFO] Grh=6011 Frame=6011 FileNum=6000 SX=96 SY=64 W=32 H=32 X=64 Y=0
2026-08-21 01:47:59 [INFO] Grh=6008 Frame=6008 FileNum=6000 SX=0 SY=64 W=32 H=32 X=96 Y=0
2026-08-21 01:47:59 [INFO] Grh=6009 Frame=6009 FileNum=6000 SX=32 SY=64 W=32 H=32 X=128 Y=0
2026-08-21 01:47:59 [INFO] Grh=6010 Frame=6010 FileNum=6000 SX=64 SY=64 W=32 H=32 X=160 Y=0
2026-08-21 01:47:59 [INFO] Grh=6011 Frame=6011 FileNum=6000 SX=96 SY=64 W=32 H=32 X=192 Y=0
2026-08-21 01:47:59 [INFO] Grh=6008 Frame=6008 FileNum=6000 SX=0 SY=64 W=32 H=32 X=224 Y=0
2026-08-21 01:47:59 [INFO] Grh=6009 Frame=6009 FileNum=6000 SX=32 SY=64 W=32 H=32 X=256 Y=0
2026-08-21 01:47:59 [INFO] Grh=6010 Frame=6010 FileNum=6000 SX=64 SY=64 W=32 H=32 X=288 Y=0
2026-08-21 01:47:59 [INFO] Grh=6011 Frame=6011 FileNum=6000 SX=96 SY=64 W=32 H=32 X=320 Y=0
2026-08-21 01:47:59 [INFO] Grh=6008 Frame=6008 FileNum=6000 SX=0 SY=64 W=32 H=32 X=352 Y=0
2026-08-21 01:47:59 [INFO] Grh=6009 Frame=6009 FileNum=6000 SX=32 SY=64 W=32 H=32 X=384 Y=0
2026-08-21 01:47:59 [INFO] Grh=6010 Frame=6010 FileNum=6000 SX=64 SY=64 W=32 H=32 X=416 Y=0
2026-08-21 01:47:59 [INFO] Grh=6011 Frame=6011 FileNum=6000 SX=96 SY=64 W=32 H=32 X=448 Y=0
2026-08-21 01:47:59 [INFO] Grh=6008 Frame=6008 FileNum=6000 SX=0 SY=64 W=32 H=32 X=480 Y=0
2026-08-21 01:47:59 [INFO] Grh=6009 Frame=6009 FileNum=6000 SX=32 SY=64 W=32 H=32 X=512 Y=0
2026-08-21 01:47:59 [INFO] Grh=6010 Frame=6010 FileNum=6000 SX=64 SY=64 W=32 H=32 X=544 Y=0
2026-08-21 01:47:59 [INFO] Grh=1505 Frame=324 FileNum=20 SX=0 SY=0 W=32 H=32 X=-32 Y=32
2026-08-21 01:47:59 [INFO] Grh=1506 Frame=325 FileNum=20 SX=32 SY=0 W=32 H=32 X=0 Y=32
2026-08-21 01:47:59 [INFO] Grh=1507 Frame=326 FileNum=20 SX=64 SY=0 W=32 H=32 X=32 Y=32
2026-08-21 01:47:59 [INFO] Grh=1508 Frame=327 FileNum=20 SX=96 SY=0 W=32 H=32 X=64 Y=32
2026-08-21 01:47:59 [INFO] Grh=1505 Frame=324 FileNum=20 SX=0 SY=0 W=32 H=32 X=96 Y=32
2026-08-21 01:47:59 [INFO] Grh=1506 Frame=325 FileNum=20 SX=32 SY=0 W=32 H=32 X=128 Y=32
2026-08-21 01:47:59 [INFO] Grh=1507 Frame=326 FileNum=20 SX=64 SY=0 W=32 H=32 X=160 Y=32
2026-08-21 01:47:59 [INFO] Grh=1508 Frame=327 FileNum=20 SX=96 SY=0 W=32 H=32 X=192 Y=32
2026-08-21 01:47:59 [INFO] Grh=1505 Frame=324 FileNum=20 SX=0 SY=0 W=32 H=32 X=224 Y=32
2026-08-21 01:47:59 [INFO] Grh=1506 Frame=325 FileNum=20 SX=32 SY=0 W=32 H=32 X=256 Y=32
2026-08-21 01:47:59 [INFO] Grh=1507 Frame=326 FileNum=20 SX=64 SY=0 W=32 H=32 X=288 Y=32
2026-08-21 01:47:59 [INFO] Grh=1508 Frame=327 FileNum=20 SX=96 SY=0 W=32 H=32 X=320 Y=32
2026-08-21 01:47:59 [INFO] Grh=1505 Frame=324 FileNum=20 SX=0 SY=0 W=32 H=32 X=352 Y=32
2026-08-21 01:47:59 [INFO] Grh=1506 Frame=325 FileNum=20 SX=32 SY=0 W=32 H=32 X=384 Y=32
2026-08-21 01:47:59 [INFO] Grh=1507 Frame=326 FileNum=20 SX=64 SY=0 W=32 H=32 X=416 Y=32
2026-08-21 01:47:59 [INFO] Grh=1508 Frame=327 FileNum=20 SX=96 SY=0 W=32 H=32 X=448 Y=32
2026-08-21 01:47:59 [INFO] Grh=1505 Frame=324 FileNum=20 SX=0 SY=0 W=32 H=32 X=480 Y=32
2026-08-21 01:47:59 [INFO] Grh=1506 Frame=325 FileNum=20 SX=32 SY=0 W=32 H=32 X=512 Y=32
2026-08-21 01:47:59 [INFO] Grh=1507 Frame=326 FileNum=20 SX=64 SY=0 W=32 H=32 X=544 Y=32
2026-08-21 01:47:59 [INFO] Grh=1513 Frame=332 FileNum=20 SX=0 SY=64 W=32 H=32 X=-32 Y=64
2026-08-21 01:47:59 [INFO] Grh=1514 Frame=333 FileNum=20 SX=32 SY=64 W=32 H=32 X=0 Y=64
2026-08-21 01:47:59 [INFO] Grh=1515 Frame=334 FileNum=20 SX=64 SY=64 W=32 H=32 X=32 Y=64
2026-08-21 01:47:59 [INFO] Grh=1516 Frame=335 FileNum=20 SX=96 SY=64 W=32 H=32 X=64 Y=64
2026-08-21 01:47:59 [INFO] Grh=1513 Frame=332 FileNum=20 SX=0 SY=64 W=32 H=32 X=96 Y=64
2026-08-21 01:47:59 [INFO] Grh=1514 Frame=333 FileNum=20 SX=32 SY=64 W=32 H=32 X=128 Y=64
2026-08-21 01:47:59 [INFO] Grh=1515 Frame=334 FileNum=20 SX=64 SY=64 W=32 H=32 X=160 Y=64
2026-08-21 01:47:59 [INFO] Grh=1516 Frame=335 FileNum=20 SX=96 SY=64 W=32 H=32 X=192 Y=64
2026-08-21 01:47:59 [INFO] Grh=1513 Frame=332 FileNum=20 SX=0 SY=64 W=32 H=32 X=224 Y=64
2026-08-21 01:47:59 [INFO] Grh=1514 Frame=333 FileNum=20 SX=32 SY=64 W=32 H=32 X=256 Y=64
2026-08-21 01:47:59 [INFO] Grh=1515 Frame=334 FileNum=20 SX=64 SY=64 W=32 H=32 X=288 Y=64
2026-08-21 01:47:59 [INFO] Grh=1516 Frame=335 FileNum=20 SX=96 SY=64 W=32 H=32 X=320 Y=64
2026-08-21 01:47:59 [INFO] Grh=1513 Frame=332 FileNum=20 SX=0 SY=64 W=32 H=32 X=352 Y=64
2026-08-21 01:47:59 [INFO] Grh=1514 Frame=333 FileNum=20 SX=32 SY=64 W=32 H=32 X=384 Y=64
2026-08-21 01:47:59 [INFO] Grh=1515 Frame=334 FileNum=20 SX=64 SY=64 W=32 H=32 X=416 Y=64
2026-08-21 01:47:59 [INFO] Grh=1516 Frame=335 FileNum=20 SX=96 SY=64 W=32 H=32 X=448 Y=64
2026-08-21 01:47:59 [INFO] Grh=1513 Frame=332 FileNum=20 SX=0 SY=64 W=32 H=32 X=480 Y=64
2026-08-21 01:47:59 [INFO] Grh=1514 Frame=333 FileNum=20 SX=32 SY=64 W=32 H=32 X=512 Y=64
2026-08-21 01:47:59 [INFO] Grh=1515 Frame=334 FileNum=20 SX=64 SY=64 W=32 H=32 X=544 Y=64
2026-08-21 01:47:59 [INFO] Grh=1505 Frame=324 FileNum=20 SX=0 SY=0 W=32 H=32 X=-32 Y=96
2026-08-21 01:47:59 [INFO] Grh=1506 Frame=325 FileNum=20 SX=32 SY=0 W=32 H=32 X=0 Y=96
2026-08-21 01:47:59 [INFO] Grh=1507 Frame=326 FileNum=20 SX=64 SY=0 W=32 H=32 X=32 Y=96
2026-08-21 01:47:59 [INFO] Grh=1508 Frame=327 FileNum=20 SX=96 SY=0 W=32 H=32 X=64 Y=96
2026-08-21 01:47:59 [INFO] Grh=1505 Frame=324 FileNum=20 SX=0 SY=0 W=32 H=32 X=96 Y=96
2026-08-21 01:47:59 [INFO] Grh=1506 Frame=325 FileNum=20 SX=32 SY=0 W=32 H=32 X=128 Y=96
2026-08-21 01:47:59 [INFO] Grh=1507 Frame=326 FileNum=20 SX=64 SY=0 W=32 H=32 X=160 Y=96
2026-08-21 01:47:59 [INFO] Grh=1508 Frame=327 FileNum=20 SX=96 SY=0 W=32 H=32 X=192 Y=96
2026-08-21 01:47:59 [INFO] Grh=1505 Frame=324 FileNum=20 SX=0 SY=0 W=32 H=32 X=224 Y=96
2026-08-21 01:47:59 [INFO] Grh=1506 Frame=325 FileNum=20 SX=32 SY=0 W=32 H=32 X=256 Y=96
2026-08-21 01:47:59 [INFO] Grh=1507 Frame=326 FileNum=20 SX=64 SY=0 W=32 H=32 X=288 Y=96
2026-08-21 01:47:59 [INFO] Grh=1508 Frame=327 FileNum=20 SX=96 SY=0 W=32 H=32 X=320 Y=96
2026-08-21 01:47:59 [INFO] Grh=1505 Frame=324 FileNum=20 SX=0 SY=0 W=32 H=32 X=352 Y=96
2026-08-21 01:47:59 [INFO] Grh=1506 Frame=325 FileNum=20 SX=32 SY=0 W=32 H=32 X=384 Y=96
2026-08-21 01:47:59 [INFO] Grh=1507 Frame=326 FileNum=20 SX=64 SY=0 W=32 H=32 X=416 Y=96
2026-08-21 01:47:59 [INFO] Grh=1508 Frame=327 FileNum=20 SX=96 SY=0 W=32 H=32 X=448 Y=96
2026-08-21 01:47:59 [INFO] Grh=1505 Frame=324 FileNum=20 SX=0 SY=0 W=32 H=32 X=480 Y=96
2026-08-21 01:47:59 [INFO] Grh=1506 Frame=325 FileNum=20 SX=32 SY=0 W=32 H=32 X=512 Y=96
2026-08-21 01:47:59 [INFO] Grh=1507 Frame=326 FileNum=20 SX=64 SY=0 W=32 H=32 X=544 Y=96
2026-08-21 01:47:59 [INFO] Grh=1513 Frame=332 FileNum=20 SX=0 SY=64 W=32 H=32 X=-32 Y=128
2026-08-21 01:47:59 [INFO] Grh=1514 Frame=333 FileNum=20 SX=32 SY=64 W=32 H=32 X=0 Y=128
2026-08-21 01:47:59 [INFO] Grh=1515 Frame=334 FileNum=20 SX=64 SY=64 W=32 H=32 X=32 Y=128
2026-08-21 01:47:59 [INFO] Grh=1516 Frame=335 FileNum=20 SX=96 SY=64 W=32 H=32 X=64 Y=128
2026-08-21 01:47:59 [INFO] Grh=1513 Frame=332 FileNum=20 SX=0 SY=64 W=32 H=32 X=96 Y=128
2026-08-21 01:47:59 [INFO] Grh=1514 Frame=333 FileNum=20 SX=32 SY=64 W=32 H=32 X=128 Y=128
2026-08-21 01:47:59 [INFO] Grh=1515 Frame=334 FileNum=20 SX=64 SY=64 W=32 H=32 X=160 Y=128
2026-08-21 01:47:59 [INFO] Grh=1516 Frame=335 FileNum=20 SX=96 SY=64 W=32 H=32 X=192 Y=128
2026-08-21 01:47:59 [INFO] Grh=1513 Frame=332 FileNum=20 SX=0 SY=64 W=32 H=32 X=224 Y=128
2026-08-21 01:47:59 [INFO] Grh=1514 Frame=333 FileNum=20 SX=32 SY=64 W=32 H=32 X=256 Y=128
2026-08-21 01:47:59 [INFO] Grh=1515 Frame=334 FileNum=20 SX=64 SY=64 W=32 H=32 X=288 Y=128
2026-08-21 01:47:59 [INFO] Grh=1516 Frame=335 FileNum=20 SX=96 SY=64 W=32 H=32 X=320 Y=128
2026-08-21 01:47:59 [INFO] Grh=1513 Frame=332 FileNum=20 SX=0 SY=64 W=32 H=32 X=352 Y=128
2026-08-21 01:47:59 [INFO] Grh=1514 Frame=333 FileNum=20 SX=32 SY=64 W=32 H=32 X=384 Y=128
2026-08-21 01:47:59 [INFO] Grh=1515 Frame=334 FileNum=20 SX=64 SY=64 W=32 H=32 X=416 Y=128
2026-08-21 01:47:59 [INFO] Grh=1516 Frame=335 FileNum=20 SX=96 SY=64 W=32 H=32 X=448 Y=128
2026-08-21 01:47:59 [INFO] Grh=1513 Frame=332 FileNum=20 SX=0 SY=64 W=32 H=32 X=480 Y=128
2026-08-21 01:47:59 [INFO] Grh=1514 Frame=333 FileNum=20 SX=32 SY=64 W=32 H=32 X=512 Y=128
2026-08-21 01:47:59 [INFO] Grh=1515 Frame=334 FileNum=20 SX=64 SY=64 W=32 H=32 X=544 Y=128
2026-08-21 01:47:59 [INFO] Grh=1505 Frame=324 FileNum=20 SX=0 SY=0 W=32 H=32 X=-32 Y=160
2026-08-21 01:47:59 [INFO] Grh=1506 Frame=325 FileNum=20 SX=32 SY=0 W=32 H=32 X=0 Y=160
2026-08-21 01:47:59 [INFO] Grh=1507 Frame=326 FileNum=20 SX=64 SY=0 W=32 H=32 X=32 Y=160
2026-08-21 01:47:59 [INFO] Grh=1508 Frame=327 FileNum=20 SX=96 SY=0 W=32 H=32 X=64 Y=160
2026-08-21 01:47:59 [INFO] Grh=1505 Frame=324 FileNum=20 SX=0 SY=0 W=32 H=32 X=96 Y=160
2026-08-21 01:47:59 [INFO] Grh=1506 Frame=325 FileNum=20 SX=32 SY=0 W=32 H=32 X=128 Y=160
2026-08-21 01:47:59 [INFO] Grh=1507 Frame=326 FileNum=20 SX=64 SY=0 W=32 H=32 X=160 Y=160
2026-08-21 01:47:59 [INFO] Grh=1508 Frame=327 FileNum=20 SX=96 SY=0 W=32 H=32 X=192 Y=160
2026-08-21 01:47:59 [INFO] Grh=1505 Frame=324 FileNum=20 SX=0 SY=0 W=32 H=32 X=224 Y=160
2026-08-21 01:47:59 [INFO] Grh=1506 Frame=325 FileNum=20 SX=32 SY=0 W=32 H=32 X=256 Y=160
2026-08-21 01:47:59 [INFO] Grh=1507 Frame=326 FileNum=20 SX=64 SY=0 W=32 H=32 X=288 Y=160
2026-08-21 01:47:59 [INFO] Grh=1508 Frame=327 FileNum=20 SX=96 SY=0 W=32 H=32 X=320 Y=160
2026-08-21 01:47:59 [INFO] Grh=1505 Frame=324 FileNum=20 SX=0 SY=0 W=32 H=32 X=352 Y=160
2026-08-21 01:47:59 [INFO] Grh=1506 Frame=325 FileNum=20 SX=32 SY=0 W=32 H=32 X=384 Y=160
2026-08-21 01:47:59 [INFO] Grh=1507 Frame=326 FileNum=20 SX=64 SY=0 W=32 H=32 X=416 Y=160
2026-08-21 01:47:59 [INFO] Grh=1508 Frame=327 FileNum=20 SX=96 SY=0 W=32 H=32 X=448 Y=160
2026-08-21 01:47:59 [INFO] Grh=1505 Frame=324 FileNum=20 SX=0 SY=0 W=32 H=32 X=480 Y=160
2026-08-21 01:47:59 [INFO] Grh=1506 Frame=325 FileNum=20 SX=32 SY=0 W=32 H=32 X=512 Y=160
2026-08-21 01:47:59 [INFO] Grh=1507 Frame=326 FileNum=20 SX=64 SY=0 W=32 H=32 X=544 Y=160
2026-08-21 01:47:59 [INFO] Grh=1513 Frame=332 FileNum=20 SX=0 SY=64 W=32 H=32 X=-32 Y=192
2026-08-21 01:47:59 [INFO] Grh=1514 Frame=333 FileNum=20 SX=32 SY=64 W=32 H=32 X=0 Y=192
2026-08-21 01:47:59 [INFO] Grh=1515 Frame=334 FileNum=20 SX=64 SY=64 W=32 H=32 X=32 Y=192
2026-08-21 01:47:59 [INFO] Grh=1516 Frame=335 FileNum=20 SX=96 SY=64 W=32 H=32 X=64 Y=192
2026-08-21 01:47:59 [INFO] Grh=1513 Frame=332 FileNum=20 SX=0 SY=64 W=32 H=32 X=96 Y=192
2026-08-21 01:47:59 [INFO] Grh=1514 Frame=333 FileNum=20 SX=32 SY=64 W=32 H=32 X=128 Y=192
2026-08-21 01:47:59 [INFO] Grh=1515 Frame=334 FileNum=20 SX=64 SY=64 W=32 H=32 X=160 Y=192
2026-08-21 01:47:59 [INFO] Grh=1516 Frame=335 FileNum=20 SX=96 SY=64 W=32 H=32 X=192 Y=192
2026-08-21 01:47:59 [INFO] Grh=1513 Frame=332 FileNum=20 SX=0 SY=64 W=32 H=32 X=224 Y=192
2026-08-21 01:47:59 [INFO] Grh=1514 Frame=333 FileNum=20 SX=32 SY=64 W=32 H=32 X=256 Y=192
2026-08-21 01:47:59 [INFO] Grh=1515 Frame=334 FileNum=20 SX=64 SY=64 W=32 H=32 X=288 Y=192
2026-08-21 01:47:59 [INFO] Grh=1516 Frame=335 FileNum=20 SX=96 SY=64 W=32 H=32 X=320 Y=192
2026-08-21 01:47:59 [INFO] Grh=1513 Frame=332 FileNum=20 SX=0 SY=64 W=32 H=32 X=352 Y=192
2026-08-21 01:47:59 [INFO] Grh=1514 Frame=333 FileNum=20 SX=32 SY=64 W=32 H=32 X=384 Y=192
2026-08-21 01:47:59 [INFO] Grh=1515 Frame=334 FileNum=20 SX=64 SY=64 W=32 H=32 X=416 Y=192
2026-08-21 01:47:59 [INFO] Grh=1516 Frame=335 FileNum=20 SX=96 SY=64 W=32 H=32 X=448 Y=192
2026-08-21 01:47:59 [INFO] Grh=1513 Frame=332 FileNum=20 SX=0 SY=64 W=32 H=32 X=480 Y=192
2026-08-21 01:47:59 [INFO] Grh=1514 Frame=333 FileNum=20 SX=32 SY=64 W=32 H=32 X=512 Y=192
2026-08-21 01:47:59 [INFO] Grh=1515 Frame=334 FileNum=20 SX=64 SY=64 W=32 H=32 X=544 Y=192
2026-08-21 01:47:59 [INFO] Grh=6000 Frame=6000 FileNum=6000 SX=0 SY=0 W=32 H=32 X=-32 Y=-32
2026-08-21 01:47:59 [INFO] Grh=6001 Frame=6001 FileNum=6000 SX=32 SY=0 W=32 H=32 X=0 Y=-32
2026-08-21 01:47:59 [INFO] Grh=6002 Frame=6002 FileNum=6000 SX=64 SY=0 W=32 H=32 X=32 Y=-32
2026-08-21 01:47:59 [INFO] Grh=6003 Frame=6003 FileNum=6000 SX=96 SY=0 W=32 H=32 X=64 Y=-32
2026-08-21 01:47:59 [INFO] Grh=6000 Frame=6000 FileNum=6000 SX=0 SY=0 W=32 H=32 X=96 Y=-32
2026-08-21 01:47:59 [INFO] Grh=6001 Frame=6001 FileNum=6000 SX=32 SY=0 W=32 H=32 X=128 Y=-32
2026-08-21 01:47:59 [INFO] Grh=6002 Frame=6002 FileNum=6000 SX=64 SY=0 W=32 H=32 X=160 Y=-32
2026-08-21 01:47:59 [INFO] Grh=6003 Frame=6003 FileNum=6000 SX=96 SY=0 W=32 H=32 X=192 Y=-32
2026-08-21 01:47:59 [INFO] Grh=6000 Frame=6000 FileNum=6000 SX=0 SY=0 W=32 H=32 X=224 Y=-32
2026-08-21 01:47:59 [INFO] Grh=6001 Frame=6001 FileNum=6000 SX=32 SY=0 W=32 H=32 X=256 Y=-32
2026-08-21 01:47:59 [INFO] Grh=6002 Frame=6002 FileNum=6000 SX=64 SY=0 W=32 H=32 X=288 Y=-32
2026-08-21 01:47:59 [INFO] Grh=6003 Frame=6003 FileNum=6000 SX=96 SY=0 W=32 H=32 X=320 Y=-32
2026-08-21 01:47:59 [INFO] Grh=6000 Frame=6000 FileNum=6000 SX=0 SY=0 W=32 H=32 X=352 Y=-32
2026-08-21 01:47:59 [INFO] Grh=6001 Frame=6001 FileNum=6000 SX=32 SY=0 W=32 H=32 X=384 Y=-32
2026-08-21 01:47:59 [INFO] Grh=6002 Frame=6002 FileNum=6000 SX=64 SY=0 W=32 H=32 X=416 Y=-32
2026-08-21 01:47:59 [INFO] Grh=6003 Frame=6003 FileNum=6000 SX=96 SY=0 W=32 H=32 X=448 Y=-32
2026-08-21 01:47:59 [INFO] Grh=6000 Frame=6000 FileNum=6000 SX=0 SY=0 W=32 H=32 X=480 Y=-32
2026-08-21 01:47:59 [INFO] Grh=6001 Frame=6001 FileNum=6000 SX=32 SY=0 W=32 H=32 X=512 Y=-32
2026-08-21 01:47:59 [INFO] Grh=6002 Frame=6002 FileNum=6000 SX=64 SY=0 W=32 H=32 X=544 Y=-32
2026-08-21 01:47:59 [INFO] Grh=6008 Frame=6008 FileNum=6000 SX=0 SY=64 W=32 H=32 X=-32 Y=0
2026-08-21 01:47:59 [INFO] Grh=6009 Frame=6009 FileNum=6000 SX=32 SY=64 W=32 H=32 X=0 Y=0
2026-08-21 01:47:59 [INFO] Grh=6010 Frame=6010 FileNum=6000 SX=64 SY=64 W=32 H=32 X=32 Y=0
2026-08-21 01:47:59 [INFO] Grh=6011 Frame=6011 FileNum=6000 SX=96 SY=64 W=32 H=32 X=64 Y=0
2026-08-21 01:47:59 [INFO] Grh=6008 Frame=6008 FileNum=6000 SX=0 SY=64 W=32 H=32 X=96 Y=0
2026-08-21 01:47:59 [INFO] Grh=6009 Frame=6009 FileNum=6000 SX=32 SY=64 W=32 H=32 X=128 Y=0
2026-08-21 01:47:59 [INFO] Grh=6010 Frame=6010 FileNum=6000 SX=64 SY=64 W=32 H=32 X=160 Y=0
2026-08-21 01:47:59 [INFO] Grh=6011 Frame=6011 FileNum=6000 SX=96 SY=64 W=32 H=32 X=192 Y=0
2026-08-21 01:47:59 [INFO] Grh=6008 Frame=6008 FileNum=6000 SX=0 SY=64 W=32 H=32 X=224 Y=0
2026-08-21 01:47:59 [INFO] Grh=6009 Frame=6009 FileNum=6000 SX=32 SY=64 W=32 H=32 X=256 Y=0
2026-08-21 01:47:59 [INFO] Grh=6010 Frame=6010 FileNum=6000 SX=64 SY=64 W=32 H=32 X=288 Y=0
2026-08-21 01:47:59 [INFO] Grh=6011 Frame=6011 FileNum=6000 SX=96 SY=64 W=32 H=32 X=320 Y=0
2026-08-21 01:47:59 [INFO] Grh=6008 Frame=6008 FileNum=6000 SX=0 SY=64 W=32 H=32 X=352 Y=0
2026-08-21 01:47:59 [INFO] Grh=6009 Frame=6009 FileNum=6000 SX=32 SY=64 W=32 H=32 X=384 Y=0
2026-08-21 01:47:59 [INFO] Grh=6010 Frame=6010 FileNum=6000 SX=64 SY=64 W=32 H=32 X=416 Y=0
2026-08-21 01:47:59 [INFO] Grh=6011 Frame=6011 FileNum=6000 SX=96 SY=64 W=32 H=32 X=448 Y=0
2026-08-21 01:47:59 [INFO] Grh=6008 Frame=6008 FileNum=6000 SX=0 SY=64 W=32 H=32 X=480 Y=0
2026-08-21 01:47:59 [INFO] Grh=6009 Frame=6009 FileNum=6000 SX=32 SY=64 W=32 H=32 X=512 Y=0
2026-08-21 01:47:59 [INFO] Grh=6010 Frame=6010 FileNum=6000 SX=64 SY=64 W=32 H=32 X=544 Y=0
2026-08-21 01:47:59 [INFO] Grh=1505 Frame=324 FileNum=20 SX=0 SY=0 W=32 H=32 X=-32 Y=32
2026-08-21 01:47:59 [INFO] Grh=1506 Frame=325 FileNum=20 SX=32 SY=0 W=32 H=32 X=0 Y=32
2026-08-21 01:47:59 [INFO] Grh=1507 Frame=326 FileNum=20 SX=64 SY=0 W=32 H=32 X=32 Y=32
2026-08-21 01:47:59 [INFO] Grh=1508 Frame=327 FileNum=20 SX=96 SY=0 W=32 H=32 X=64 Y=32
2026-08-21 01:47:59 [INFO] Grh=1505 Frame=324 FileNum=20 SX=0 SY=0 W=32 H=32 X=96 Y=32
2026-08-21 01:47:59 [INFO] Grh=1506 Frame=325 FileNum=20 SX=32 SY=0 W=32 H=32 X=128 Y=32
2026-08-21 01:48:00 [INFO] Grh=1507 Frame=326 FileNum=20 SX=64 SY=0 W=32 H=32 X=160 Y=32
2026-08-21 01:48:00 [INFO] Grh=1508 Frame=327 FileNum=20 SX=96 SY=0 W=32 H=32 X=192 Y=32
2026-08-21 01:48:00 [INFO] Grh=1505 Frame=324 FileNum=20 SX=0 SY=0 W=32 H=32 X=224 Y=32
2026-08-21 01:48:00 [INFO] Grh=1506 Frame=325 FileNum=20 SX=32 SY=0 W=32 H=32 X=256 Y=32
2026-08-21 01:48:00 [INFO] Grh=1507 Frame=326 FileNum=20 SX=64 SY=0 W=32 H=32 X=288 Y=32
2026-08-21 01:48:00 [INFO] Grh=1508 Frame=327 FileNum=20 SX=96 SY=0 W=32 H=32 X=320 Y=32
2026-08-21 01:48:00 [INFO] Grh=1505 Frame=324 FileNum=20 SX=0 SY=0 W=32 H=32 X=352 Y=32
2026-08-21 01:48:00 [INFO] Grh=1506 Frame=325 FileNum=20 SX=32 SY=0 W=32 H=32 X=384 Y=32
2026-08-21 01:48:00 [INFO] Grh=1507 Frame=326 FileNum=20 SX=64 SY=0 W=32 H=32 X=416 Y=32
2026-08-21 01:48:00 [INFO] Grh=1508 Frame=327 FileNum=20 SX=96 SY=0 W=32 H=32 X=448 Y=32
2026-08-21 01:48:00 [INFO] Grh=1505 Frame=324 FileNum=20 SX=0 SY=0 W=32 H=32 X=480 Y=32
2026-08-21 01:48:00 [INFO] Grh=1506 Frame=325 FileNum=20 SX=32 SY=0 W=32 H=32 X=512 Y=32
2026-08-21 01:48:00 [INFO] Grh=1507 Frame=326 FileNum=20 SX=64 SY=0 W=32 H=32 X=544 Y=32
2026-08-21 01:48:00 [INFO] Grh=1513 Frame=332 FileNum=20 SX=0 SY=64 W=32 H=32 X=-32 Y=64
2026-08-21 01:48:00 [INFO] Grh=1514 Frame=333 FileNum=20 SX=32 SY=64 W=32 H=32 X=0 Y=64
2026-08-21 01:48:00 [INFO] Grh=1515 Frame=334 FileNum=20 SX=64 SY=64 W=32 H=32 X=32 Y=64
2026-08-21 01:48:00 [INFO] Grh=1516 Frame=335 FileNum=20 SX=96 SY=64 W=32 H=32 X=64 Y=64
2026-08-21 01:48:00 [INFO] Grh=1513 Frame=332 FileNum=20 SX=0 SY=64 W=32 H=32 X=96 Y=64
2026-08-21 01:48:00 [INFO] Grh=1514 Frame=333 FileNum=20 SX=32 SY=64 W=32 H=32 X=128 Y=64
2026-08-21 01:48:00 [INFO] Grh=1515 Frame=334 FileNum=20 SX=64 SY=64 W=32 H=32 X=160 Y=64
2026-08-21 01:48:00 [INFO] Grh=1516 Frame=335 FileNum=20 SX=96 SY=64 W=32 H=32 X=192 Y=64
2026-08-21 01:48:00 [INFO] Grh=1513 Frame=332 FileNum=20 SX=0 SY=64 W=32 H=32 X=224 Y=64
2026-08-21 01:48:00 [INFO] Grh=1514 Frame=333 FileNum=20 SX=32 SY=64 W=32 H=32 X=256 Y=64
2026-08-21 01:48:00 [INFO] Grh=1515 Frame=334 FileNum=20 SX=64 SY=64 W=32 H=32 X=288 Y=64
2026-08-21 01:48:00 [INFO] Grh=1516 Frame=335 FileNum=20 SX=96 SY=64 W=32 H=32 X=320 Y=64
2026-08-21 01:48:00 [INFO] Grh=1513 Frame=332 FileNum=20 SX=0 SY=64 W=32 H=32 X=352 Y=64
2026-08-21 01:48:00 [INFO] Grh=1514 Frame=333 FileNum=20 SX=32 SY=64 W=32 H=32 X=384 Y=64
2026-08-21 01:48:00 [INFO] Grh=1515 Frame=334 FileNum=20 SX=64 SY=64 W=32 H=32 X=416 Y=64
2026-08-21 01:48:00 [INFO] Grh=1516 Frame=335 FileNum=20 SX=96 SY=64 W=32 H=32 X=448 Y=64
2026-08-21 01:48:00 [INFO] Grh=1513 Frame=332 FileNum=20 SX=0 SY=64 W=32 H=32 X=480 Y=64
2026-08-21 01:48:00 [INFO] Grh=1514 Frame=333 FileNum=20 SX=32 SY=64 W=32 H=32 X=512 Y=64
2026-08-21 01:48:00 [INFO] Grh=1515 Frame=334 FileNum=20 SX=64 SY=64 W=32 H=32 X=544 Y=64
2026-08-21 01:48:00 [INFO] Grh=1505 Frame=324 FileNum=20 SX=0 SY=0 W=32 H=32 X=-32 Y=96
2026-08-21 01:48:00 [INFO] Grh=1506 Frame=325 FileNum=20 SX=32 SY=0 W=32 H=32 X=0 Y=96
2026-08-21 01:48:00 [INFO] Grh=1507 Frame=326 FileNum=20 SX=64 SY=0 W=32 H=32 X=32 Y=96
2026-08-21 01:48:00 [INFO] Grh=1508 Frame=327 FileNum=20 SX=96 SY=0 W=32 H=32 X=64 Y=96
2026-08-21 01:48:00 [INFO] Grh=1505 Frame=324 FileNum=20 SX=0 SY=0 W=32 H=32 X=96 Y=96
2026-08-21 01:48:00 [INFO] Grh=1506 Frame=325 FileNum=20 SX=32 SY=0 W=32 H=32 X=128 Y=96
2026-08-21 01:48:00 [INFO] Grh=1507 Frame=326 FileNum=20 SX=64 SY=0 W=32 H=32 X=160 Y=96
2026-08-21 01:48:00 [INFO] Grh=1508 Frame=327 FileNum=20 SX=96 SY=0 W=32 H=32 X=192 Y=96
2026-08-21 01:48:00 [INFO] Grh=1505 Frame=324 FileNum=20 SX=0 SY=0 W=32 H=32 X=224 Y=96
2026-08-21 01:48:00 [INFO] Grh=1506 Frame=325 FileNum=20 SX=32 SY=0 W=32 H=32 X=256 Y=96
2026-08-21 01:48:00 [INFO] Grh=1507 Frame=326 FileNum=20 SX=64 SY=0 W=32 H=32 X=288 Y=96
2026-08-21 01:48:00 [INFO] Grh=1508 Frame=327 FileNum=20 SX=96 SY=0 W=32 H=32 X=320 Y=96
2026-08-21 01:48:00 [INFO] Grh=1505 Frame=324 FileNum=20 SX=0 SY=0 W=32 H=32 X=352 Y=96
2026-08-21 01:48:00 [INFO] Grh=1506 Frame=325 FileNum=20 SX=32 SY=0 W=32 H=32 X=384 Y=96
2026-08-21 01:48:00 [INFO] Grh=1507 Frame=326 FileNum=20 SX=64 SY=0 W=32 H=32 X=416 Y=96
2026-08-21 01:48:00 [INFO] Grh=1508 Frame=327 FileNum=20 SX=96 SY=0 W=32 H=32 X=448 Y=96
2026-08-21 01:48:00 [INFO] Grh=1505 Frame=324 FileNum=20 SX=0 SY=0 W=32 H=32 X=480 Y=96
2026-08-21 01:48:00 [INFO] Grh=1506 Frame=325 FileNum=20 SX=32 SY=0 W=32 H=32 X=512 Y=96
2026-08-21 01:48:00 [INFO] Grh=1507 Frame=326 FileNum=20 SX=64 SY=0 W=32 H=32 X=544 Y=96
2026-08-21 01:48:00 [INFO] Grh=1513 Frame=332 FileNum=20 SX=0 SY=64 W=32 H=32 X=-32 Y=128
2026-08-21 01:48:00 [INFO] Grh=1514 Frame=333 FileNum=20 SX=32 SY=64 W=32 H=32 X=0 Y=128
2026-08-21 01:48:00 [INFO] Grh=1515 Frame=334 FileNum=20 SX=64 SY=64 W=32 H=32 X=32 Y=128
2026-08-21 01:48:00 [INFO] Grh=1516 Frame=335 FileNum=20 SX=96 SY=64 W=32 H=32 X=64 Y=128
2026-08-21 01:48:00 [INFO] Grh=1513 Frame=332 FileNum=20 SX=0 SY=64 W=32 H=32 X=96 Y=128
2026-08-21 01:48:00 [INFO] Grh=1514 Frame=333 FileNum=20 SX=32 SY=64 W=32 H=32 X=128 Y=128
2026-08-21 01:48:00 [INFO] Grh=1515 Frame=334 FileNum=20 SX=64 SY=64 W=32 H=32 X=160 Y=128
2026-08-21 01:48:00 [INFO] Grh=1516 Frame=335 FileNum=20 SX=96 SY=64 W=32 H=32 X=192 Y=128
2026-08-21 01:48:00 [INFO] Grh=1513 Frame=332 FileNum=20 SX=0 SY=64 W=32 H=32 X=224 Y=128
2026-08-21 01:48:00 [INFO] Grh=1514 Frame=333 FileNum=20 SX=32 SY=64 W=32 H=32 X=256 Y=128
2026-08-21 01:48:00 [INFO] Grh=1515 Frame=334 FileNum=20 SX=64 SY=64 W=32 H=32 X=288 Y=128
2026-08-21 01:48:00 [INFO] Grh=1516 Frame=335 FileNum=20 SX=96 SY=64 W=32 H=32 X=320 Y=128
2026-08-21 01:48:00 [INFO] Grh=1513 Frame=332 FileNum=20 SX=0 SY=64 W=32 H=32 X=352 Y=128
2026-08-21 01:48:00 [INFO] Grh=1514 Frame=333 FileNum=20 SX=32 SY=64 W=32 H=32 X=384 Y=128
2026-08-21 01:48:00 [INFO] Grh=1515 Frame=334 FileNum=20 SX=64 SY=64 W=32 H=32 X=416 Y=128
2026-08-21 01:48:00 [INFO] Grh=1516 Frame=335 FileNum=20 SX=96 SY=64 W=32 H=32 X=448 Y=128
2026-08-21 01:48:00 [INFO] Grh=1513 Frame=332 FileNum=20 SX=0 SY=64 W=32 H=32 X=480 Y=128
2026-08-21 01:48:00 [INFO] Grh=1514 Frame=333 FileNum=20 SX=32 SY=64 W=32 H=32 X=512 Y=128
2026-08-21 01:48:00 [INFO] Grh=1515 Frame=334 FileNum=20 SX=64 SY=64 W=32 H=32 X=544 Y=128
2026-08-21 01:48:00 [INFO] Grh=1505 Frame=324 FileNum=20 SX=0 SY=0 W=32 H=32 X=-32 Y=160
2026-08-21 01:48:00 [INFO] Grh=1506 Frame=325 FileNum=20 SX=32 SY=0 W=32 H=32 X=0 Y=160
2026-08-21 01:48:00 [INFO] Grh=1507 Frame=326 FileNum=20 SX=64 SY=0 W=32 H=32 X=32 Y=160
2026-08-21 01:48:00 [INFO] Grh=1508 Frame=327 FileNum=20 SX=96 SY=0 W=32 H=32 X=64 Y=160
2026-08-21 01:48:00 [INFO] Grh=1505 Frame=324 FileNum=20 SX=0 SY=0 W=32 H=32 X=96 Y=160
2026-08-21 01:48:00 [INFO] Grh=1506 Frame=325 FileNum=20 SX=32 SY=0 W=32 H=32 X=128 Y=160
2026-08-21 01:48:00 [INFO] Grh=1507 Frame=326 FileNum=20 SX=64 SY=0 W=32 H=32 X=160 Y=160
2026-08-21 01:48:00 [INFO] Grh=1508 Frame=327 FileNum=20 SX=96 SY=0 W=32 H=32 X=192 Y=160
2026-08-21 01:48:00 [INFO] Grh=1505 Frame=324 FileNum=20 SX=0 SY=0 W=32 H=32 X=224 Y=160
2026-08-21 01:48:00 [INFO] Grh=1506 Frame=325 FileNum=20 SX=32 SY=0 W=32 H=32 X=256 Y=160
2026-08-21 01:48:00 [INFO] Grh=1507 Frame=326 FileNum=20 SX=64 SY=0 W=32 H=32 X=288 Y=160
2026-08-21 01:48:00 [INFO] Grh=1508 Frame=327 FileNum=20 SX=96 SY=0 W=32 H=32 X=320 Y=160
2026-08-21 01:48:00 [INFO] Grh=1505 Frame=324 FileNum=20 SX=0 SY=0 W=32 H=32 X=352 Y=160
2026-08-21 01:48:00 [INFO] Grh=1506 Frame=325 FileNum=20 SX=32 SY=0 W=32 H=32 X=384 Y=160
2026-08-21 01:48:00 [INFO] Grh=1507 Frame=326 FileNum=20 SX=64 SY=0 W=32 H=32 X=416 Y=160
2026-08-21 01:48:00 [INFO] Grh=1508 Frame=327 FileNum=20 SX=96 SY=0 W=32 H=32 X=448 Y=160
2026-08-21 01:48:00 [INFO] Grh=1505 Frame=324 FileNum=20 SX=0 SY=0 W=32 H=32 X=480 Y=160
2026-08-21 01:48:00 [INFO] Grh=1506 Frame=325 FileNum=20 SX=32 SY=0 W=32 H=32 X=512 Y=160
2026-08-21 01:48:00 [INFO] Grh=1507 Frame=326 FileNum=20 SX=64 SY=0 W=32 H=32 X=544 Y=160
2026-08-21 01:48:00 [INFO] Grh=1513 Frame=332 FileNum=20 SX=0 SY=64 W=32 H=32 X=-32 Y=192
2026-08-21 01:48:00 [INFO] Grh=1514 Frame=333 FileNum=20 SX=32 SY=64 W=32 H=32 X=0 Y=192
2026-08-21 01:48:00 [INFO] Grh=1515 Frame=334 FileNum=20 SX=64 SY=64 W=32 H=32 X=32 Y=192
2026-08-21 01:48:00 [INFO] Grh=1516 Frame=335 FileNum=20 SX=96 SY=64 W=32 H=32 X=64 Y=192
2026-08-21 01:48:00 [INFO] Grh=1513 Frame=332 FileNum=20 SX=0 SY=64 W=32 H=32 X=96 Y=192
2026-08-21 01:48:00 [INFO] Grh=1514 Frame=333 FileNum=20 SX=32 SY=64 W=32 H=32 X=128 Y=192
2026-08-21 01:48:00 [INFO] Grh=1515 Frame=334 FileNum=20 SX=64 SY=64 W=32 H=32 X=160 Y=192
2026-08-21 01:48:00 [INFO] Grh=1516 Frame=335 FileNum=20 SX=96 SY=64 W=32 H=32 X=192 Y=192
2026-08-21 01:48:00 [INFO] Grh=1513 Frame=332 FileNum=20 SX=0 SY=64 W=32 H=32 X=224 Y=192
2026-08-21 01:48:00 [INFO] Grh=1514 Frame=333 FileNum=20 SX=32 SY=64 W=32 H=32 X=256 Y=192
2026-08-21 01:48:00 [INFO] Grh=1515 Frame=334 FileNum=20 SX=64 SY=64 W=32 H=32 X=288 Y=192
2026-08-21 01:48:00 [INFO] Grh=1516 Frame=335 FileNum=20 SX=96 SY=64 W=32 H=32 X=320 Y=192
2026-08-21 01:48:00 [INFO] Grh=1513 Frame=332 FileNum=20 SX=0 SY=64 W=32 H=32 X=352 Y=192
2026-08-21 01:48:00 [INFO] Grh=1514 Frame=333 FileNum=20 SX=32 SY=64 W=32 H=32 X=384 Y=192
2026-08-21 01:48:00 [INFO] Grh=1515 Frame=334 FileNum=20 SX=64 SY=64 W=32 H=32 X=416 Y=192
2026-08-21 01:48:00 [INFO] Grh=1516 Frame=335 FileNum=20 SX=96 SY=64 W=32 H=32 X=448 Y=192
2026-08-21 01:48:00 [INFO] Grh=1513 Frame=332 FileNum=20 SX=0 SY=64 W=32 H=32 X=480 Y=192
2026-08-21 01:48:00 [INFO] Grh=1514 Frame=333 FileNum=20 SX=32 SY=64 W=32 H=32 X=512 Y=192
2026-08-21 01:48:00 [INFO] Grh=1515 Frame=334 FileNum=20 SX=64 SY=64 W=32 H=32 X=544 Y=192
2026-08-21 01:48:00 [INFO] Grh=6000 Frame=6000 FileNum=6000 SX=0 SY=0 W=32 H=32 X=-32 Y=-32
2026-08-21 01:48:00 [INFO] Grh=6001 Frame=6001 FileNum=6000 SX=32 SY=0 W=32 H=32 X=0 Y=-32
2026-08-21 01:48:00 [INFO] Grh=6002 Frame=6002 FileNum=6000 SX=64 SY=0 W=32 H=32 X=32 Y=-32
2026-08-21 01:48:00 [INFO] Grh=6003 Frame=6003 FileNum=6000 SX=96 SY=0 W=32 H=32 X=64 Y=-32
2026-08-21 01:48:00 [INFO] Grh=6000 Frame=6000 FileNum=6000 SX=0 SY=0 W=32 H=32 X=96 Y=-32
2026-08-21 01:48:00 [INFO] Grh=6001 Frame=6001 FileNum=6000 SX=32 SY=0 W=32 H=32 X=128 Y=-32
2026-08-21 01:48:00 [INFO] Grh=6002 Frame=6002 FileNum=6000 SX=64 SY=0 W=32 H=32 X=160 Y=-32
2026-08-21 01:48:00 [INFO] Grh=6003 Frame=6003 FileNum=6000 SX=96 SY=0 W=32 H=32 X=192 Y=-32
2026-08-21 01:48:00 [INFO] Grh=6000 Frame=6000 FileNum=6000 SX=0 SY=0 W=32 H=32 X=224 Y=-32
2026-08-21 01:48:00 [INFO] Grh=6001 Frame=6001 FileNum=6000 SX=32 SY=0 W=32 H=32 X=256 Y=-32
2026-08-21 01:48:00 [INFO] Grh=6002 Frame=6002 FileNum=6000 SX=64 SY=0 W=32 H=32 X=288 Y=-32
2026-08-21 01:48:00 [INFO] Grh=6003 Frame=6003 FileNum=6000 SX=96 SY=0 W=32 H=32 X=320 Y=-32
2026-08-21 01:48:00 [INFO] Grh=6000 Frame=6000 FileNum=6000 SX=0 SY=0 W=32 H=32 X=352 Y=-32
2026-08-21 01:48:00 [INFO] Grh=6001 Frame=6001 FileNum=6000 SX=32 SY=0 W=32 H=32 X=384 Y=-32
2026-08-21 01:48:00 [INFO] Grh=6002 Frame=6002 FileNum=6000 SX=64 SY=0 W=32 H=32 X=416 Y=-32
2026-08-21 01:48:00 [INFO] Grh=6003 Frame=6003 FileNum=6000 SX=96 SY=0 W=32 H=32 X=448 Y=-32
2026-08-21 01:48:00 [INFO] Grh=6000 Frame=6000 FileNum=6000 SX=0 SY=0 W=32 H=32 X=480 Y=-32
2026-08-21 01:48:00 [INFO] Grh=6001 Frame=6001 FileNum=6000 SX=32 SY=0 W=32 H=32 X=512 Y=-32
2026-08-21 01:48:00 [INFO] Grh=6002 Frame=6002 FileNum=6000 SX=64 SY=0 W=32 H=32 X=544 Y=-32
2026-08-21 01:48:00 [INFO] Grh=6008 Frame=6008 FileNum=6000 SX=0 SY=64 W=32 H=32 X=-32 Y=0
2026-08-21 01:48:00 [INFO] Grh=6009 Frame=6009 FileNum=6000 SX=32 SY=64 W=32 H=32 X=0 Y=0
2026-08-21 01:48:00 [INFO] Grh=6010 Frame=6010 FileNum=6000 SX=64 SY=64 W=32 H=32 X=32 Y=0
2026-08-21 01:48:00 [INFO] Grh=6011 Frame=6011 FileNum=6000 SX=96 SY=64 W=32 H=32 X=64 Y=0
2026-08-21 01:48:00 [INFO] Grh=6008 Frame=6008 FileNum=6000 SX=0 SY=64 W=32 H=32 X=96 Y=0
2026-08-21 01:48:00 [INFO] Grh=6009 Frame=6009 FileNum=6000 SX=32 SY=64 W=32 H=32 X=128 Y=0
2026-08-21 01:48:00 [INFO] Grh=6010 Frame=6010 FileNum=6000 SX=64 SY=64 W=32 H=32 X=160 Y=0
2026-08-21 01:48:00 [INFO] Grh=6011 Frame=6011 FileNum=6000 SX=96 SY=64 W=32 H=32 X=192 Y=0
2026-08-21 01:48:00 [INFO] Grh=6008 Frame=6008 FileNum=6000 SX=0 SY=64 W=32 H=32 X=224 Y=0
2026-08-21 01:48:00 [INFO] Grh=6009 Frame=6009 FileNum=6000 SX=32 SY=64 W=32 H=32 X=256 Y=0
2026-08-21 01:48:00 [INFO] Grh=6010 Frame=6010 FileNum=6000 SX=64 SY=64 W=32 H=32 X=288 Y=0
2026-08-21 01:48:00 [INFO] Grh=6011 Frame=6011 FileNum=6000 SX=96 SY=64 W=32 H=32 X=320 Y=0
2026-08-21 01:48:00 [INFO] Grh=6008 Frame=6008 FileNum=6000 SX=0 SY=64 W=32 H=32 X=352 Y=0
2026-08-21 01:48:00 [INFO] Grh=6009 Frame=6009 FileNum=6000 SX=32 SY=64 W=32 H=32 X=384 Y=0
2026-08-21 01:48:00 [INFO] Grh=6010 Frame=6010 FileNum=6000 SX=64 SY=64 W=32 H=32 X=416 Y=0
2026-08-21 01:48:00 [INFO] Grh=6011 Frame=6011 FileNum=6000 SX=96 SY=64 W=32 H=32 X=448 Y=0
2026-08-21 01:48:00 [INFO] Grh=6008 Frame=6008 FileNum=6000 SX=0 SY=64 W=32 H=32 X=480 Y=0
2026-08-21 01:48:00 [INFO] Grh=6009 Frame=6009 FileNum=6000 SX=32 SY=64 W=32 H=32 X=512 Y=0
2026-08-21 01:48:00 [INFO] Grh=6010 Frame=6010 FileNum=6000 SX=64 SY=64 W=32 H=32 X=544 Y=0
2026-08-21 01:48:00 [INFO] Grh=1505 Frame=372 FileNum=20 SX=0 SY=128 W=32 H=32 X=-32 Y=32
2026-08-21 01:48:00 [INFO] Grh=1506 Frame=373 FileNum=20 SX=32 SY=128 W=32 H=32 X=0 Y=32
2026-08-21 01:48:00 [INFO] Grh=1507 Frame=374 FileNum=20 SX=64 SY=128 W=32 H=32 X=32 Y=32
2026-08-21 01:48:00 [INFO] Grh=1508 Frame=375 FileNum=20 SX=96 SY=128 W=32 H=32 X=64 Y=32
2026-08-21 01:48:00 [INFO] Grh=1505 Frame=372 FileNum=20 SX=0 SY=128 W=32 H=32 X=96 Y=32
2026-08-21 01:48:00 [INFO] Grh=1506 Frame=373 FileNum=20 SX=32 SY=128 W=32 H=32 X=128 Y=32
2026-08-21 01:48:00 [INFO] Grh=1507 Frame=374 FileNum=20 SX=64 SY=128 W=32 H=32 X=160 Y=32
2026-08-21 01:48:00 [INFO] Grh=1508 Frame=375 FileNum=20 SX=96 SY=128 W=32 H=32 X=192 Y=32
2026-08-21 01:48:00 [INFO] Grh=1505 Frame=372 FileNum=20 SX=0 SY=128 W=32 H=32 X=224 Y=32
2026-08-21 01:48:00 [INFO] Grh=1506 Frame=373 FileNum=20 SX=32 SY=128 W=32 H=32 X=256 Y=32
2026-08-21 01:48:00 [INFO] Grh=1507 Frame=374 FileNum=20 SX=64 SY=128 W=32 H=32 X=288 Y=32
2026-08-21 01:48:00 [INFO] Grh=1508 Frame=375 FileNum=20 SX=96 SY=128 W=32 H=32 X=320 Y=32
2026-08-21 01:48:00 [INFO] Grh=1505 Frame=372 FileNum=20 SX=0 SY=128 W=32 H=32 X=352 Y=32
2026-08-21 01:48:00 [INFO] Grh=1506 Frame=373 FileNum=20 SX=32 SY=128 W=32 H=32 X=384 Y=32
2026-08-21 01:48:00 [INFO] Grh=1507 Frame=374 FileNum=20 SX=64 SY=128 W=32 H=32 X=416 Y=32
2026-08-21 01:48:00 [INFO] Grh=1508 Frame=375 FileNum=20 SX=96 SY=128 W=32 H=32 X=448 Y=32
2026-08-21 01:48:00 [INFO] Grh=1505 Frame=372 FileNum=20 SX=0 SY=128 W=32 H=32 X=480 Y=32
2026-08-21 01:48:00 [INFO] Grh=1506 Frame=373 FileNum=20 SX=32 SY=128 W=32 H=32 X=512 Y=32
2026-08-21 01:48:00 [INFO] Grh=1507 Frame=374 FileNum=20 SX=64 SY=128 W=32 H=32 X=544 Y=32
2026-08-21 01:48:00 [INFO] Grh=1513 Frame=380 FileNum=20 SX=0 SY=192 W=32 H=32 X=-32 Y=64
2026-08-21 01:48:00 [INFO] Grh=1514 Frame=381 FileNum=20 SX=32 SY=192 W=32 H=32 X=0 Y=64
2026-08-21 01:48:00 [INFO] Grh=1515 Frame=382 FileNum=20 SX=64 SY=192 W=32 H=32 X=32 Y=64
2026-08-21 01:48:00 [INFO] Grh=1516 Frame=383 FileNum=20 SX=96 SY=192 W=32 H=32 X=64 Y=64
2026-08-21 01:48:00 [INFO] Grh=1513 Frame=380 FileNum=20 SX=0 SY=192 W=32 H=32 X=96 Y=64
2026-08-21 01:48:00 [INFO] Grh=1514 Frame=381 FileNum=20 SX=32 SY=192 W=32 H=32 X=128 Y=64
2026-08-21 01:48:00 [INFO] Grh=1515 Frame=382 FileNum=20 SX=64 SY=192 W=32 H=32 X=160 Y=64
2026-08-21 01:48:00 [INFO] Grh=1516 Frame=383 FileNum=20 SX=96 SY=192 W=32 H=32 X=192 Y=64
2026-08-21 01:48:00 [INFO] Grh=1513 Frame=380 FileNum=20 SX=0 SY=192 W=32 H=32 X=224 Y=64
2026-08-21 01:48:00 [INFO] Grh=1514 Frame=381 FileNum=20 SX=32 SY=192 W=32 H=32 X=256 Y=64
2026-08-21 01:48:00 [INFO] Grh=1515 Frame=382 FileNum=20 SX=64 SY=192 W=32 H=32 X=288 Y=64
2026-08-21 01:48:00 [INFO] Grh=1516 Frame=383 FileNum=20 SX=96 SY=192 W=32 H=32 X=320 Y=64
2026-08-21 01:48:00 [INFO] Grh=1513 Frame=380 FileNum=20 SX=0 SY=192 W=32 H=32 X=352 Y=64
2026-08-21 01:48:00 [INFO] Grh=1514 Frame=381 FileNum=20 SX=32 SY=192 W=32 H=32 X=384 Y=64
2026-08-21 01:48:00 [INFO] Grh=1515 Frame=382 FileNum=20 SX=64 SY=192 W=32 H=32 X=416 Y=64
2026-08-21 01:48:00 [INFO] Grh=1516 Frame=383 FileNum=20 SX=96 SY=192 W=32 H=32 X=448 Y=64
2026-08-21 01:48:00 [INFO] Grh=1513 Frame=380 FileNum=20 SX=0 SY=192 W=32 H=32 X=480 Y=64
2026-08-21 01:48:00 [INFO] Grh=1514 Frame=381 FileNum=20 SX=32 SY=192 W=32 H=32 X=512 Y=64
2026-08-21 01:48:00 [INFO] Grh=1515 Frame=382 FileNum=20 SX=64 SY=192 W=32 H=32 X=544 Y=64
2026-08-21 01:48:00 [INFO] Grh=1505 Frame=372 FileNum=20 SX=0 SY=128 W=32 H=32 X=-32 Y=96
2026-08-21 01:48:00 [INFO] Grh=1506 Frame=373 FileNum=20 SX=32 SY=128 W=32 H=32 X=0 Y=96
2026-08-21 01:48:00 [INFO] Grh=1507 Frame=374 FileNum=20 SX=64 SY=128 W=32 H=32 X=32 Y=96
2026-08-21 01:48:00 [INFO] Grh=1508 Frame=375 FileNum=20 SX=96 SY=128 W=32 H=32 X=64 Y=96
2026-08-21 01:48:00 [INFO] Grh=1505 Frame=372 FileNum=20 SX=0 SY=128 W=32 H=32 X=96 Y=96
2026-08-21 01:48:00 [INFO] Grh=1506 Frame=373 FileNum=20 SX=32 SY=128 W=32 H=32 X=128 Y=96
2026-08-21 01:48:00 [INFO] Grh=1507 Frame=374 FileNum=20 SX=64 SY=128 W=32 H=32 X=160 Y=96
2026-08-21 01:48:00 [INFO] Grh=1508 Frame=375 FileNum=20 SX=96 SY=128 W=32 H=32 X=192 Y=96
2026-08-21 01:48:00 [INFO] Grh=1505 Frame=372 FileNum=20 SX=0 SY=128 W=32 H=32 X=224 Y=96
2026-08-21 01:48:00 [INFO] Grh=1506 Frame=373 FileNum=20 SX=32 SY=128 W=32 H=32 X=256 Y=96
2026-08-21 01:48:00 [INFO] Grh=1507 Frame=374 FileNum=20 SX=64 SY=128 W=32 H=32 X=288 Y=96
2026-08-21 01:48:00 [INFO] Grh=1508 Frame=375 FileNum=20 SX=96 SY=128 W=32 H=32 X=320 Y=96
2026-08-21 01:48:00 [INFO] Grh=1505 Frame=372 FileNum=20 SX=0 SY=128 W=32 H=32 X=352 Y=96
2026-08-21 01:48:00 [INFO] Grh=1506 Frame=373 FileNum=20 SX=32 SY=128 W=32 H=32 X=384 Y=96
2026-08-21 01:48:00 [INFO] Grh=1507 Frame=374 FileNum=20 SX=64 SY=128 W=32 H=32 X=416 Y=96
2026-08-21 01:48:00 [INFO] Grh=1508 Frame=375 FileNum=20 SX=96 SY=128 W=32 H=32 X=448 Y=96
2026-08-21 01:48:00 [INFO] Grh=1505 Frame=372 FileNum=20 SX=0 SY=128 W=32 H=32 X=480 Y=96
2026-08-21 01:48:00 [INFO] Grh=1506 Frame=373 FileNum=20 SX=32 SY=128 W=32 H=32 X=512 Y=96
2026-08-21 01:48:00 [INFO] Grh=1507 Frame=374 FileNum=20 SX=64 SY=128 W=32 H=32 X=544 Y=96
2026-08-21 01:48:00 [INFO] Grh=1513 Frame=380 FileNum=20 SX=0 SY=192 W=32 H=32 X=-32 Y=128
2026-08-21 01:48:00 [INFO] Grh=1514 Frame=381 FileNum=20 SX=32 SY=192 W=32 H=32 X=0 Y=128
2026-08-21 01:48:00 [INFO] Grh=1515 Frame=382 FileNum=20 SX=64 SY=192 W=32 H=32 X=32 Y=128
2026-08-21 01:48:00 [INFO] Grh=1516 Frame=383 FileNum=20 SX=96 SY=192 W=32 H=32 X=64 Y=128
2026-08-21 01:48:00 [INFO] Grh=1513 Frame=380 FileNum=20 SX=0 SY=192 W=32 H=32 X=96 Y=128
2026-08-21 01:48:00 [INFO] Grh=1514 Frame=381 FileNum=20 SX=32 SY=192 W=32 H=32 X=128 Y=128
2026-08-21 01:48:00 [INFO] Grh=1515 Frame=382 FileNum=20 SX=64 SY=192 W=32 H=32 X=160 Y=128
2026-08-21 01:48:00 [INFO] Grh=1516 Frame=383 FileNum=20 SX=96 SY=192 W=32 H=32 X=192 Y=128
2026-08-21 01:48:00 [INFO] Grh=1513 Frame=380 FileNum=20 SX=0 SY=192 W=32 H=32 X=224 Y=128
2026-08-21 01:48:00 [INFO] Grh=1514 Frame=381 FileNum=20 SX=32 SY=192 W=32 H=32 X=256 Y=128
2026-08-21 01:48:00 [INFO] Grh=1515 Frame=382 FileNum=20 SX=64 SY=192 W=32 H=32 X=288 Y=128
2026-08-21 01:48:00 [INFO] Grh=1516 Frame=383 FileNum=20 SX=96 SY=192 W=32 H=32 X=320 Y=128
2026-08-21 01:48:00 [INFO] Grh=1513 Frame=380 FileNum=20 SX=0 SY=192 W=32 H=32 X=352 Y=128
2026-08-21 01:48:00 [INFO] Grh=1514 Frame=381 FileNum=20 SX=32 SY=192 W=32 H=32 X=384 Y=128
2026-08-21 01:48:00 [INFO] Grh=1515 Frame=382 FileNum=20 SX=64 SY=192 W=32 H=32 X=416 Y=128
2026-08-21 01:48:01 [INFO] Grh=1516 Frame=383 FileNum=20 SX=96 SY=192 W=32 H=32 X=448 Y=128
2026-08-21 01:48:01 [INFO] Grh=1513 Frame=380 FileNum=20 SX=0 SY=192 W=32 H=32 X=480 Y=128
2026-08-21 01:48:01 [INFO] Grh=1514 Frame=381 FileNum=20 SX=32 SY=192 W=32 H=32 X=512 Y=128
2026-08-21 01:48:01 [INFO] Grh=1515 Frame=382 FileNum=20 SX=64 SY=192 W=32 H=32 X=544 Y=128
2026-08-21 01:48:01 [INFO] Grh=1505 Frame=372 FileNum=20 SX=0 SY=128 W=32 H=32 X=-32 Y=160
2026-08-21 01:48:01 [INFO] Grh=1506 Frame=373 FileNum=20 SX=32 SY=128 W=32 H=32 X=0 Y=160
2026-08-21 01:48:01 [INFO] Grh=1507 Frame=374 FileNum=20 SX=64 SY=128 W=32 H=32 X=32 Y=160
2026-08-21 01:48:01 [INFO] Grh=1508 Frame=375 FileNum=20 SX=96 SY=128 W=32 H=32 X=64 Y=160
2026-08-21 01:48:01 [INFO] Grh=1505 Frame=372 FileNum=20 SX=0 SY=128 W=32 H=32 X=96 Y=160
2026-08-21 01:48:01 [INFO] Grh=1506 Frame=373 FileNum=20 SX=32 SY=128 W=32 H=32 X=128 Y=160
2026-08-21 01:48:01 [INFO] Grh=1507 Frame=374 FileNum=20 SX=64 SY=128 W=32 H=32 X=160 Y=160
2026-08-21 01:48:01 [INFO] Grh=1508 Frame=375 FileNum=20 SX=96 SY=128 W=32 H=32 X=192 Y=160
2026-08-21 01:48:01 [INFO] Grh=1505 Frame=372 FileNum=20 SX=0 SY=128 W=32 H=32 X=224 Y=160
2026-08-21 01:48:01 [INFO] Grh=1506 Frame=373 FileNum=20 SX=32 SY=128 W=32 H=32 X=256 Y=160
2026-08-21 01:48:01 [INFO] Grh=1507 Frame=374 FileNum=20 SX=64 SY=128 W=32 H=32 X=288 Y=160
2026-08-21 01:48:01 [INFO] Grh=1508 Frame=375 FileNum=20 SX=96 SY=128 W=32 H=32 X=320 Y=160
2026-08-21 01:48:01 [INFO] Grh=1505 Frame=372 FileNum=20 SX=0 SY=128 W=32 H=32 X=352 Y=160
2026-08-21 01:48:01 [INFO] Grh=1506 Frame=373 FileNum=20 SX=32 SY=128 W=32 H=32 X=384 Y=160
2026-08-21 01:48:01 [INFO] Grh=1507 Frame=374 FileNum=20 SX=64 SY=128 W=32 H=32 X=416 Y=160
2026-08-21 01:48:01 [INFO] Grh=1508 Frame=375 FileNum=20 SX=96 SY=128 W=32 H=32 X=448 Y=160
2026-08-21 01:48:01 [INFO] Grh=1505 Frame=372 FileNum=20 SX=0 SY=128 W=32 H=32 X=480 Y=160
2026-08-21 01:48:01 [INFO] Grh=1506 Frame=373 FileNum=20 SX=32 SY=128 W=32 H=32 X=512 Y=160
2026-08-21 01:48:01 [INFO] Grh=1507 Frame=374 FileNum=20 SX=64 SY=128 W=32 H=32 X=544 Y=160
2026-08-21 01:48:01 [INFO] Grh=1513 Frame=380 FileNum=20 SX=0 SY=192 W=32 H=32 X=-32 Y=192
2026-08-21 01:48:01 [INFO] Grh=1514 Frame=381 FileNum=20 SX=32 SY=192 W=32 H=32 X=0 Y=192
2026-08-21 01:48:01 [INFO] Grh=1515 Frame=382 FileNum=20 SX=64 SY=192 W=32 H=32 X=32 Y=192
2026-08-21 01:48:01 [INFO] Grh=1516 Frame=383 FileNum=20 SX=96 SY=192 W=32 H=32 X=64 Y=192
2026-08-21 01:48:01 [INFO] Grh=1513 Frame=380 FileNum=20 SX=0 SY=192 W=32 H=32 X=96 Y=192
2026-08-21 01:48:01 [INFO] Grh=1514 Frame=381 FileNum=20 SX=32 SY=192 W=32 H=32 X=128 Y=192
2026-08-21 01:48:01 [INFO] Grh=1515 Frame=382 FileNum=20 SX=64 SY=192 W=32 H=32 X=160 Y=192
2026-08-21 01:48:01 [INFO] Grh=1516 Frame=383 FileNum=20 SX=96 SY=192 W=32 H=32 X=192 Y=192
2026-08-21 01:48:01 [INFO] Grh=1513 Frame=380 FileNum=20 SX=0 SY=192 W=32 H=32 X=224 Y=192
2026-08-21 01:48:01 [INFO] Grh=1514 Frame=381 FileNum=20 SX=32 SY=192 W=32 H=32 X=256 Y=192
2026-08-21 01:48:01 [INFO] Grh=1515 Frame=382 FileNum=20 SX=64 SY=192 W=32 H=32 X=288 Y=192
2026-08-21 01:48:01 [INFO] Grh=1516 Frame=383 FileNum=20 SX=96 SY=192 W=32 H=32 X=320 Y=192
2026-08-21 01:48:01 [INFO] Grh=1513 Frame=380 FileNum=20 SX=0 SY=192 W=32 H=32 X=352 Y=192
2026-08-21 01:48:01 [INFO] Grh=1514 Frame=381 FileNum=20 SX=32 SY=192 W=32 H=32 X=384 Y=192
2026-08-21 01:48:01 [INFO] Grh=1515 Frame=382 FileNum=20 SX=64 SY=192 W=32 H=32 X=416 Y=192
2026-08-21 01:48:01 [INFO] Grh=1516 Frame=383 FileNum=20 SX=96 SY=192 W=32 H=32 X=448 Y=192
2026-08-21 01:48:01 [INFO] Grh=1513 Frame=380 FileNum=20 SX=0 SY=192 W=32 H=32 X=480 Y=192
2026-08-21 01:48:01 [INFO] Grh=1514 Frame=381 FileNum=20 SX=32 SY=192 W=32 H=32 X=512 Y=192
2026-08-21 01:48:01 [INFO] Grh=1515 Frame=382 FileNum=20 SX=64 SY=192 W=32 H=32 X=544 Y=192
2026-08-21 01:48:01 [INFO] Grh=6000 Frame=6000 FileNum=6000 SX=0 SY=0 W=32 H=32 X=-32 Y=-32
2026-08-21 01:48:01 [INFO] Grh=6001 Frame=6001 FileNum=6000 SX=32 SY=0 W=32 H=32 X=0 Y=-32
2026-08-21 01:48:01 [INFO] Grh=6002 Frame=6002 FileNum=6000 SX=64 SY=0 W=32 H=32 X=32 Y=-32
2026-08-21 01:48:01 [INFO] Grh=6003 Frame=6003 FileNum=6000 SX=96 SY=0 W=32 H=32 X=64 Y=-32
2026-08-21 01:48:01 [INFO] Grh=6000 Frame=6000 FileNum=6000 SX=0 SY=0 W=32 H=32 X=96 Y=-32
2026-08-21 01:48:01 [INFO] Grh=6001 Frame=6001 FileNum=6000 SX=32 SY=0 W=32 H=32 X=128 Y=-32
2026-08-21 01:48:01 [INFO] Grh=6002 Frame=6002 FileNum=6000 SX=64 SY=0 W=32 H=32 X=160 Y=-32
2026-08-21 01:48:01 [INFO] Grh=6003 Frame=6003 FileNum=6000 SX=96 SY=0 W=32 H=32 X=192 Y=-32
2026-08-21 01:48:01 [INFO] Grh=6000 Frame=6000 FileNum=6000 SX=0 SY=0 W=32 H=32 X=224 Y=-32
2026-08-21 01:48:01 [INFO] Grh=6001 Frame=6001 FileNum=6000 SX=32 SY=0 W=32 H=32 X=256 Y=-32
2026-08-21 01:48:01 [INFO] Grh=6002 Frame=6002 FileNum=6000 SX=64 SY=0 W=32 H=32 X=288 Y=-32
2026-08-21 01:48:01 [INFO] Grh=6003 Frame=6003 FileNum=6000 SX=96 SY=0 W=32 H=32 X=320 Y=-32
2026-08-21 01:48:01 [INFO] Grh=6000 Frame=6000 FileNum=6000 SX=0 SY=0 W=32 H=32 X=352 Y=-32
2026-08-21 01:48:01 [INFO] Grh=6001 Frame=6001 FileNum=6000 SX=32 SY=0 W=32 H=32 X=384 Y=-32
2026-08-21 01:48:01 [INFO] Grh=6002 Frame=6002 FileNum=6000 SX=64 SY=0 W=32 H=32 X=416 Y=-32
2026-08-21 01:48:01 [INFO] Grh=6003 Frame=6003 FileNum=6000 SX=96 SY=0 W=32 H=32 X=448 Y=-32
2026-08-21 01:48:01 [INFO] Grh=6000 Frame=6000 FileNum=6000 SX=0 SY=0 W=32 H=32 X=480 Y=-32
2026-08-21 01:48:01 [INFO] Grh=6001 Frame=6001 FileNum=6000 SX=32 SY=0 W=32 H=32 X=512 Y=-32
2026-08-21 01:48:01 [INFO] Grh=6002 Frame=6002 FileNum=6000 SX=64 SY=0 W=32 H=32 X=544 Y=-32
2026-08-21 01:48:01 [INFO] Grh=6008 Frame=6008 FileNum=6000 SX=0 SY=64 W=32 H=32 X=-32 Y=0
2026-08-21 01:48:01 [INFO] Grh=6009 Frame=6009 FileNum=6000 SX=32 SY=64 W=32 H=32 X=0 Y=0
2026-08-21 01:48:01 [INFO] Grh=6010 Frame=6010 FileNum=6000 SX=64 SY=64 W=32 H=32 X=32 Y=0
2026-08-21 01:48:01 [INFO] Grh=6011 Frame=6011 FileNum=6000 SX=96 SY=64 W=32 H=32 X=64 Y=0
2026-08-21 01:48:01 [INFO] Grh=6008 Frame=6008 FileNum=6000 SX=0 SY=64 W=32 H=32 X=96 Y=0
2026-08-21 01:48:01 [INFO] Grh=6009 Frame=6009 FileNum=6000 SX=32 SY=64 W=32 H=32 X=128 Y=0
2026-08-21 01:48:01 [INFO] Grh=6010 Frame=6010 FileNum=6000 SX=64 SY=64 W=32 H=32 X=160 Y=0
2026-08-21 01:48:01 [INFO] Grh=6011 Frame=6011 FileNum=6000 SX=96 SY=64 W=32 H=32 X=192 Y=0
2026-08-21 01:48:01 [INFO] Grh=6008 Frame=6008 FileNum=6000 SX=0 SY=64 W=32 H=32 X=224 Y=0
2026-08-21 01:48:01 [INFO] Grh=6009 Frame=6009 FileNum=6000 SX=32 SY=64 W=32 H=32 X=256 Y=0
2026-08-21 01:48:01 [INFO] Grh=6010 Frame=6010 FileNum=6000 SX=64 SY=64 W=32 H=32 X=288 Y=0
2026-08-21 01:48:01 [INFO] Grh=6011 Frame=6011 FileNum=6000 SX=96 SY=64 W=32 H=32 X=320 Y=0
2026-08-21 01:48:01 [INFO] Grh=6008 Frame=6008 FileNum=6000 SX=0 SY=64 W=32 H=32 X=352 Y=0
2026-08-21 01:48:01 [INFO] Grh=6009 Frame=6009 FileNum=6000 SX=32 SY=64 W=32 H=32 X=384 Y=0
2026-08-21 01:48:01 [INFO] Grh=6010 Frame=6010 FileNum=6000 SX=64 SY=64 W=32 H=32 X=416 Y=0
2026-08-21 01:48:01 [INFO] Grh=6011 Frame=6011 FileNum=6000 SX=96 SY=64 W=32 H=32 X=448 Y=0
2026-08-21 01:48:01 [INFO] Grh=6008 Frame=6008 FileNum=6000 SX=0 SY=64 W=32 H=32 X=480 Y=0
2026-08-21 01:48:01 [INFO] Grh=6009 Frame=6009 FileNum=6000 SX=32 SY=64 W=32 H=32 X=512 Y=0
2026-08-21 01:48:01 [INFO] Grh=6010 Frame=6010 FileNum=6000 SX=64 SY=64 W=32 H=32 X=544 Y=0
2026-08-21 01:48:01 [INFO] Grh=1505 Frame=324 FileNum=20 SX=0 SY=0 W=32 H=32 X=-32 Y=32
2026-08-21 01:48:01 [INFO] Grh=1506 Frame=325 FileNum=20 SX=32 SY=0 W=32 H=32 X=0 Y=32
2026-08-21 01:48:01 [INFO] Grh=1507 Frame=326 FileNum=20 SX=64 SY=0 W=32 H=32 X=32 Y=32
2026-08-21 01:48:01 [INFO] Grh=1508 Frame=327 FileNum=20 SX=96 SY=0 W=32 H=32 X=64 Y=32
2026-08-21 01:48:01 [INFO] Grh=1505 Frame=324 FileNum=20 SX=0 SY=0 W=32 H=32 X=96 Y=32
2026-08-21 01:48:01 [INFO] Grh=1506 Frame=325 FileNum=20 SX=32 SY=0 W=32 H=32 X=128 Y=32
2026-08-21 01:48:01 [INFO] Grh=1507 Frame=326 FileNum=20 SX=64 SY=0 W=32 H=32 X=160 Y=32
2026-08-21 01:48:01 [INFO] Grh=1508 Frame=327 FileNum=20 SX=96 SY=0 W=32 H=32 X=192 Y=32
2026-08-21 01:48:01 [INFO] Grh=1505 Frame=324 FileNum=20 SX=0 SY=0 W=32 H=32 X=224 Y=32
2026-08-21 01:48:01 [INFO] Grh=1506 Frame=325 FileNum=20 SX=32 SY=0 W=32 H=32 X=256 Y=32
2026-08-21 01:48:01 [INFO] Grh=1507 Frame=326 FileNum=20 SX=64 SY=0 W=32 H=32 X=288 Y=32
2026-08-21 01:48:01 [INFO] Grh=1508 Frame=327 FileNum=20 SX=96 SY=0 W=32 H=32 X=320 Y=32
2026-08-21 01:48:01 [INFO] Grh=1505 Frame=324 FileNum=20 SX=0 SY=0 W=32 H=32 X=352 Y=32
2026-08-21 01:48:01 [INFO] Grh=1506 Frame=325 FileNum=20 SX=32 SY=0 W=32 H=32 X=384 Y=32
2026-08-21 01:48:01 [INFO] Grh=1507 Frame=326 FileNum=20 SX=64 SY=0 W=32 H=32 X=416 Y=32
2026-08-21 01:48:01 [INFO] Grh=1508 Frame=327 FileNum=20 SX=96 SY=0 W=32 H=32 X=448 Y=32
2026-08-21 01:48:01 [INFO] Grh=1505 Frame=324 FileNum=20 SX=0 SY=0 W=32 H=32 X=480 Y=32
2026-08-21 01:48:01 [INFO] Grh=1506 Frame=325 FileNum=20 SX=32 SY=0 W=32 H=32 X=512 Y=32
2026-08-21 01:48:01 [INFO] Grh=1507 Frame=326 FileNum=20 SX=64 SY=0 W=32 H=32 X=544 Y=32
2026-08-21 01:48:01 [INFO] Grh=1513 Frame=332 FileNum=20 SX=0 SY=64 W=32 H=32 X=-32 Y=64
2026-08-21 01:48:01 [INFO] Grh=1514 Frame=333 FileNum=20 SX=32 SY=64 W=32 H=32 X=0 Y=64
2026-08-21 01:48:01 [INFO] Grh=1515 Frame=334 FileNum=20 SX=64 SY=64 W=32 H=32 X=32 Y=64
2026-08-21 01:48:01 [INFO] Grh=1516 Frame=335 FileNum=20 SX=96 SY=64 W=32 H=32 X=64 Y=64
2026-08-21 01:48:01 [INFO] Grh=1513 Frame=332 FileNum=20 SX=0 SY=64 W=32 H=32 X=96 Y=64
2026-08-21 01:48:01 [INFO] Grh=1514 Frame=333 FileNum=20 SX=32 SY=64 W=32 H=32 X=128 Y=64
2026-08-21 01:48:01 [INFO] Grh=1515 Frame=334 FileNum=20 SX=64 SY=64 W=32 H=32 X=160 Y=64
2026-08-21 01:48:01 [INFO] Grh=1516 Frame=335 FileNum=20 SX=96 SY=64 W=32 H=32 X=192 Y=64
2026-08-21 01:48:01 [INFO] Grh=1513 Frame=332 FileNum=20 SX=0 SY=64 W=32 H=32 X=224 Y=64
2026-08-21 01:48:01 [INFO] Grh=1514 Frame=333 FileNum=20 SX=32 SY=64 W=32 H=32 X=256 Y=64
2026-08-21 01:48:01 [INFO] Grh=1515 Frame=334 FileNum=20 SX=64 SY=64 W=32 H=32 X=288 Y=64
2026-08-21 01:48:01 [INFO] Grh=1516 Frame=335 FileNum=20 SX=96 SY=64 W=32 H=32 X=320 Y=64
2026-08-21 01:48:01 [INFO] Grh=1513 Frame=332 FileNum=20 SX=0 SY=64 W=32 H=32 X=352 Y=64
2026-08-21 01:48:01 [INFO] Grh=1514 Frame=333 FileNum=20 SX=32 SY=64 W=32 H=32 X=384 Y=64
2026-08-21 01:48:01 [INFO] Grh=1515 Frame=334 FileNum=20 SX=64 SY=64 W=32 H=32 X=416 Y=64
2026-08-21 01:48:01 [INFO] Grh=1516 Frame=335 FileNum=20 SX=96 SY=64 W=32 H=32 X=448 Y=64
2026-08-21 01:48:01 [INFO] Grh=1513 Frame=332 FileNum=20 SX=0 SY=64 W=32 H=32 X=480 Y=64
2026-08-21 01:48:01 [INFO] Grh=1514 Frame=333 FileNum=20 SX=32 SY=64 W=32 H=32 X=512 Y=64
2026-08-21 01:48:01 [INFO] Grh=1515 Frame=334 FileNum=20 SX=64 SY=64 W=32 H=32 X=544 Y=64
2026-08-21 01:48:01 [INFO] Grh=1505 Frame=324 FileNum=20 SX=0 SY=0 W=32 H=32 X=-32 Y=96
2026-08-21 01:48:01 [INFO] Grh=1506 Frame=325 FileNum=20 SX=32 SY=0 W=32 H=32 X=0 Y=96
2026-08-21 01:48:01 [INFO] Grh=1507 Frame=326 FileNum=20 SX=64 SY=0 W=32 H=32 X=32 Y=96
2026-08-21 01:48:01 [INFO] Grh=1508 Frame=327 FileNum=20 SX=96 SY=0 W=32 H=32 X=64 Y=96
2026-08-21 01:48:01 [INFO] Grh=1505 Frame=324 FileNum=20 SX=0 SY=0 W=32 H=32 X=96 Y=96
2026-08-21 01:48:01 [INFO] Grh=1506 Frame=325 FileNum=20 SX=32 SY=0 W=32 H=32 X=128 Y=96
2026-08-21 01:48:01 [INFO] Grh=1507 Frame=326 FileNum=20 SX=64 SY=0 W=32 H=32 X=160 Y=96
2026-08-21 01:48:01 [INFO] Grh=1508 Frame=327 FileNum=20 SX=96 SY=0 W=32 H=32 X=192 Y=96
2026-08-21 01:48:01 [INFO] Grh=1505 Frame=324 FileNum=20 SX=0 SY=0 W=32 H=32 X=224 Y=96
2026-08-21 01:48:01 [INFO] Grh=1506 Frame=325 FileNum=20 SX=32 SY=0 W=32 H=32 X=256 Y=96
2026-08-21 01:48:01 [INFO] Grh=1507 Frame=326 FileNum=20 SX=64 SY=0 W=32 H=32 X=288 Y=96
2026-08-21 01:48:01 [INFO] Grh=1508 Frame=327 FileNum=20 SX=96 SY=0 W=32 H=32 X=320 Y=96
2026-08-21 01:48:01 [INFO] Grh=1505 Frame=324 FileNum=20 SX=0 SY=0 W=32 H=32 X=352 Y=96
2026-08-21 01:48:01 [INFO] Grh=1506 Frame=325 FileNum=20 SX=32 SY=0 W=32 H=32 X=384 Y=96
2026-08-21 01:48:01 [INFO] Grh=1507 Frame=326 FileNum=20 SX=64 SY=0 W=32 H=32 X=416 Y=96
2026-08-21 01:48:01 [INFO] Grh=1508 Frame=327 FileNum=20 SX=96 SY=0 W=32 H=32 X=448 Y=96
2026-08-21 01:48:01 [INFO] Grh=1505 Frame=324 FileNum=20 SX=0 SY=0 W=32 H=32 X=480 Y=96
2026-08-21 01:48:01 [INFO] Grh=1506 Frame=325 FileNum=20 SX=32 SY=0 W=32 H=32 X=512 Y=96
2026-08-21 01:48:01 [INFO] Grh=1507 Frame=326 FileNum=20 SX=64 SY=0 W=32 H=32 X=544 Y=96
2026-08-21 01:48:01 [INFO] Grh=1513 Frame=332 FileNum=20 SX=0 SY=64 W=32 H=32 X=-32 Y=128
2026-08-21 01:48:01 [INFO] Grh=1514 Frame=333 FileNum=20 SX=32 SY=64 W=32 H=32 X=0 Y=128
2026-08-21 01:48:01 [INFO] Grh=1515 Frame=334 FileNum=20 SX=64 SY=64 W=32 H=32 X=32 Y=128
2026-08-21 01:48:01 [INFO] Grh=1516 Frame=335 FileNum=20 SX=96 SY=64 W=32 H=32 X=64 Y=128
2026-08-21 01:48:01 [INFO] Grh=1513 Frame=332 FileNum=20 SX=0 SY=64 W=32 H=32 X=96 Y=128
2026-08-21 01:48:01 [INFO] Grh=1514 Frame=333 FileNum=20 SX=32 SY=64 W=32 H=32 X=128 Y=128
2026-08-21 01:48:01 [INFO] Grh=1515 Frame=334 FileNum=20 SX=64 SY=64 W=32 H=32 X=160 Y=128
2026-08-21 01:48:01 [INFO] Grh=1516 Frame=335 FileNum=20 SX=96 SY=64 W=32 H=32 X=192 Y=128
2026-08-21 01:48:01 [INFO] Grh=1513 Frame=332 FileNum=20 SX=0 SY=64 W=32 H=32 X=224 Y=128
2026-08-21 01:48:01 [INFO] Grh=1514 Frame=333 FileNum=20 SX=32 SY=64 W=32 H=32 X=256 Y=128
2026-08-21 01:48:01 [INFO] Grh=1515 Frame=334 FileNum=20 SX=64 SY=64 W=32 H=32 X=288 Y=128
2026-08-21 01:48:01 [INFO] Grh=1516 Frame=335 FileNum=20 SX=96 SY=64 W=32 H=32 X=320 Y=128
2026-08-21 01:48:01 [INFO] Grh=1513 Frame=332 FileNum=20 SX=0 SY=64 W=32 H=32 X=352 Y=128
2026-08-21 01:48:01 [INFO] Grh=1514 Frame=333 FileNum=20 SX=32 SY=64 W=32 H=32 X=384 Y=128
2026-08-21 01:48:01 [INFO] Grh=1515 Frame=334 FileNum=20 SX=64 SY=64 W=32 H=32 X=416 Y=128
2026-08-21 01:48:01 [INFO] Grh=1516 Frame=335 FileNum=20 SX=96 SY=64 W=32 H=32 X=448 Y=128
2026-08-21 01:48:01 [INFO] Grh=1513 Frame=332 FileNum=20 SX=0 SY=64 W=32 H=32 X=480 Y=128
2026-08-21 01:48:01 [INFO] Grh=1514 Frame=333 FileNum=20 SX=32 SY=64 W=32 H=32 X=512 Y=128
2026-08-21 01:48:01 [INFO] Grh=1515 Frame=334 FileNum=20 SX=64 SY=64 W=32 H=32 X=544 Y=128
2026-08-21 01:48:01 [INFO] Grh=1505 Frame=324 FileNum=20 SX=0 SY=0 W=32 H=32 X=-32 Y=160
2026-08-21 01:48:01 [INFO] Grh=1506 Frame=325 FileNum=20 SX=32 SY=0 W=32 H=32 X=0 Y=160
2026-08-21 01:48:01 [INFO] Grh=1507 Frame=326 FileNum=20 SX=64 SY=0 W=32 H=32 X=32 Y=160
2026-08-21 01:48:01 [INFO] Grh=1508 Frame=327 FileNum=20 SX=96 SY=0 W=32 H=32 X=64 Y=160
2026-08-21 01:48:01 [INFO] Grh=1505 Frame=324 FileNum=20 SX=0 SY=0 W=32 H=32 X=96 Y=160
2026-08-21 01:48:01 [INFO] Grh=1506 Frame=325 FileNum=20 SX=32 SY=0 W=32 H=32 X=128 Y=160
2026-08-21 01:48:01 [INFO] Grh=1507 Frame=326 FileNum=20 SX=64 SY=0 W=32 H=32 X=160 Y=160
2026-08-21 01:48:01 [INFO] Grh=1508 Frame=327 FileNum=20 SX=96 SY=0 W=32 H=32 X=192 Y=160
2026-08-21 01:48:01 [INFO] Grh=1505 Frame=324 FileNum=20 SX=0 SY=0 W=32 H=32 X=224 Y=160
2026-08-21 01:48:01 [INFO] Grh=1506 Frame=325 FileNum=20 SX=32 SY=0 W=32 H=32 X=256 Y=160
2026-08-21 01:48:01 [INFO] Grh=1507 Frame=326 FileNum=20 SX=64 SY=0 W=32 H=32 X=288 Y=160
2026-08-21 01:48:01 [INFO] Grh=1508 Frame=327 FileNum=20 SX=96 SY=0 W=32 H=32 X=320 Y=160
2026-08-21 01:48:01 [INFO] Grh=1505 Frame=324 FileNum=20 SX=0 SY=0 W=32 H=32 X=352 Y=160
2026-08-21 01:48:01 [INFO] Grh=1506 Frame=325 FileNum=20 SX=32 SY=0 W=32 H=32 X=384 Y=160
2026-08-21 01:48:01 [INFO] Grh=1507 Frame=326 FileNum=20 SX=64 SY=0 W=32 H=32 X=416 Y=160
2026-08-21 01:48:01 [INFO] Grh=1508 Frame=327 FileNum=20 SX=96 SY=0 W=32 H=32 X=448 Y=160
2026-08-21 01:48:01 [INFO] Grh=1505 Frame=324 FileNum=20 SX=0 SY=0 W=32 H=32 X=480 Y=160
2026-08-21 01:48:01 [INFO] Grh=1506 Frame=325 FileNum=20 SX=32 SY=0 W=32 H=32 X=512 Y=160
2026-08-21 01:48:01 [INFO] Grh=1507 Frame=326 FileNum=20 SX=64 SY=0 W=32 H=32 X=544 Y=160
2026-08-21 01:48:01 [INFO] Grh=1513 Frame=332 FileNum=20 SX=0 SY=64 W=32 H=32 X=-32 Y=192
2026-08-21 01:48:01 [INFO] Grh=1514 Frame=333 FileNum=20 SX=32 SY=64 W=32 H=32 X=0 Y=192
2026-08-21 01:48:01 [INFO] Grh=1515 Frame=334 FileNum=20 SX=64 SY=64 W=32 H=32 X=32 Y=192
2026-08-21 01:48:01 [INFO] Grh=1516 Frame=335 FileNum=20 SX=96 SY=64 W=32 H=32 X=64 Y=192
2026-08-21 01:48:01 [INFO] Grh=1513 Frame=332 FileNum=20 SX=0 SY=64 W=32 H=32 X=96 Y=192
2026-08-21 01:48:01 [INFO] Grh=1514 Frame=333 FileNum=20 SX=32 SY=64 W=32 H=32 X=128 Y=192
2026-08-21 01:48:01 [INFO] Grh=1515 Frame=334 FileNum=20 SX=64 SY=64 W=32 H=32 X=160 Y=192
2026-08-21 01:48:01 [INFO] Grh=1516 Frame=335 FileNum=20 SX=96 SY=64 W=32 H=32 X=192 Y=192
2026-08-21 01:48:01 [INFO] Grh=1513 Frame=332 FileNum=20 SX=0 SY=64 W=32 H=32 X=224 Y=192
2026-08-21 01:48:01 [INFO] Grh=1514 Frame=333 FileNum=20 SX=32 SY=64 W=32 H=32 X=256 Y=192
2026-08-21 01:48:01 [INFO] Grh=1515 Frame=334 FileNum=20 SX=64 SY=64 W=32 H=32 X=288 Y=192
2026-08-21 01:48:01 [INFO] Grh=1516 Frame=335 FileNum=20 SX=96 SY=64 W=32 H=32 X=320 Y=192
2026-08-21 01:48:01 [INFO] Grh=1513 Frame=332 FileNum=20 SX=0 SY=64 W=32 H=32 X=352 Y=192
2026-08-21 01:48:01 [INFO] Grh=1514 Frame=333 FileNum=20 SX=32 SY=64 W=32 H=32 X=384 Y=192
2026-08-21 01:48:01 [INFO] Grh=1515 Frame=334 FileNum=20 SX=64 SY=64 W=32 H=32 X=416 Y=192
2026-08-21 01:48:01 [INFO] Grh=1516 Frame=335 FileNum=20 SX=96 SY=64 W=32 H=32 X=448 Y=192
2026-08-21 01:48:01 [INFO] Grh=1513 Frame=332 FileNum=20 SX=0 SY=64 W=32 H=32 X=480 Y=192
2026-08-21 01:48:01 [INFO] Grh=1514 Frame=333 FileNum=20 SX=32 SY=64 W=32 H=32 X=512 Y=192
2026-08-21 01:48:01 [INFO] Grh=1515 Frame=334 FileNum=20 SX=64 SY=64 W=32 H=32 X=544 Y=192
2026-08-21 01:48:02 [INFO] Grh=6000 Frame=6000 FileNum=6000 SX=0 SY=0 W=32 H=32 X=-32 Y=-32
2026-08-21 01:48:02 [INFO] Grh=6001 Frame=6001 FileNum=6000 SX=32 SY=0 W=32 H=32 X=0 Y=-32
2026-08-21 01:48:02 [INFO] Grh=6002 Frame=6002 FileNum=6000 SX=64 SY=0 W=32 H=32 X=32 Y=-32
2026-08-21 01:48:02 [INFO] Grh=6003 Frame=6003 FileNum=6000 SX=96 SY=0 W=32 H=32 X=64 Y=-32
2026-08-21 01:48:02 [INFO] Grh=6000 Frame=6000 FileNum=6000 SX=0 SY=0 W=32 H=32 X=96 Y=-32
2026-08-21 01:48:02 [INFO] Grh=6001 Frame=6001 FileNum=6000 SX=32 SY=0 W=32 H=32 X=128 Y=-32
2026-08-21 01:48:02 [INFO] Grh=6002 Frame=6002 FileNum=6000 SX=64 SY=0 W=32 H=32 X=160 Y=-32
2026-08-21 01:48:02 [INFO] Grh=6003 Frame=6003 FileNum=6000 SX=96 SY=0 W=32 H=32 X=192 Y=-32
2026-08-21 01:48:02 [INFO] Grh=6000 Frame=6000 FileNum=6000 SX=0 SY=0 W=32 H=32 X=224 Y=-32
2026-08-21 01:48:02 [INFO] Grh=6001 Frame=6001 FileNum=6000 SX=32 SY=0 W=32 H=32 X=256 Y=-32
2026-08-21 01:48:02 [INFO] Grh=6002 Frame=6002 FileNum=6000 SX=64 SY=0 W=32 H=32 X=288 Y=-32
2026-08-21 01:48:02 [INFO] Grh=6003 Frame=6003 FileNum=6000 SX=96 SY=0 W=32 H=32 X=320 Y=-32
2026-08-21 01:48:02 [INFO] Grh=6000 Frame=6000 FileNum=6000 SX=0 SY=0 W=32 H=32 X=352 Y=-32
2026-08-21 01:48:02 [INFO] Grh=6001 Frame=6001 FileNum=6000 SX=32 SY=0 W=32 H=32 X=384 Y=-32
2026-08-21 01:48:02 [INFO] Grh=6002 Frame=6002 FileNum=6000 SX=64 SY=0 W=32 H=32 X=416 Y=-32
2026-08-21 01:48:02 [INFO] Grh=6003 Frame=6003 FileNum=6000 SX=96 SY=0 W=32 H=32 X=448 Y=-32
2026-08-21 01:48:02 [INFO] Grh=6000 Frame=6000 FileNum=6000 SX=0 SY=0 W=32 H=32 X=480 Y=-32
2026-08-21 01:48:02 [INFO] Grh=6001 Frame=6001 FileNum=6000 SX=32 SY=0 W=32 H=32 X=512 Y=-32
2026-08-21 01:48:02 [INFO] Grh=6002 Frame=6002 FileNum=6000 SX=64 SY=0 W=32 H=32 X=544 Y=-32
2026-08-21 01:48:02 [INFO] Grh=6008 Frame=6008 FileNum=6000 SX=0 SY=64 W=32 H=32 X=-32 Y=0
2026-08-21 01:48:02 [INFO] Grh=6009 Frame=6009 FileNum=6000 SX=32 SY=64 W=32 H=32 X=0 Y=0
2026-08-21 01:48:02 [INFO] Grh=6010 Frame=6010 FileNum=6000 SX=64 SY=64 W=32 H=32 X=32 Y=0
2026-08-21 01:48:02 [INFO] Grh=6011 Frame=6011 FileNum=6000 SX=96 SY=64 W=32 H=32 X=64 Y=0
2026-08-21 01:48:02 [INFO] Grh=6008 Frame=6008 FileNum=6000 SX=0 SY=64 W=32 H=32 X=96 Y=0
2026-08-21 01:48:02 [INFO] Grh=6009 Frame=6009 FileNum=6000 SX=32 SY=64 W=32 H=32 X=128 Y=0
2026-08-21 01:48:02 [INFO] Grh=6010 Frame=6010 FileNum=6000 SX=64 SY=64 W=32 H=32 X=160 Y=0
2026-08-21 01:48:02 [INFO] Grh=6011 Frame=6011 FileNum=6000 SX=96 SY=64 W=32 H=32 X=192 Y=0
2026-08-21 01:48:02 [INFO] Grh=6008 Frame=6008 FileNum=6000 SX=0 SY=64 W=32 H=32 X=224 Y=0
2026-08-21 01:48:02 [INFO] Grh=6009 Frame=6009 FileNum=6000 SX=32 SY=64 W=32 H=32 X=256 Y=0
2026-08-21 01:48:02 [INFO] Grh=6010 Frame=6010 FileNum=6000 SX=64 SY=64 W=32 H=32 X=288 Y=0
2026-08-21 01:48:02 [INFO] Grh=6011 Frame=6011 FileNum=6000 SX=96 SY=64 W=32 H=32 X=320 Y=0
2026-08-21 01:48:02 [INFO] Grh=6008 Frame=6008 FileNum=6000 SX=0 SY=64 W=32 H=32 X=352 Y=0
2026-08-21 01:48:02 [INFO] Grh=6009 Frame=6009 FileNum=6000 SX=32 SY=64 W=32 H=32 X=384 Y=0
2026-08-21 01:48:02 [INFO] Grh=6010 Frame=6010 FileNum=6000 SX=64 SY=64 W=32 H=32 X=416 Y=0
2026-08-21 01:48:02 [INFO] Grh=6011 Frame=6011 FileNum=6000 SX=96 SY=64 W=32 H=32 X=448 Y=0
2026-08-21 01:48:02 [INFO] Grh=6008 Frame=6008 FileNum=6000 SX=0 SY=64 W=32 H=32 X=480 Y=0
2026-08-21 01:48:02 [INFO] Grh=6009 Frame=6009 FileNum=6000 SX=32 SY=64 W=32 H=32 X=512 Y=0
2026-08-21 01:48:02 [INFO] Grh=6010 Frame=6010 FileNum=6000 SX=64 SY=64 W=32 H=32 X=544 Y=0
2026-08-21 01:48:02 [INFO] Grh=1505 Frame=356 FileNum=20 SX=256 SY=0 W=32 H=32 X=-32 Y=32
2026-08-21 01:48:02 [INFO] Grh=1506 Frame=357 FileNum=20 SX=288 SY=0 W=32 H=32 X=0 Y=32
2026-08-21 01:48:02 [INFO] Grh=1507 Frame=358 FileNum=20 SX=320 SY=0 W=32 H=32 X=32 Y=32
2026-08-21 01:48:02 [INFO] Grh=1508 Frame=359 FileNum=20 SX=352 SY=0 W=32 H=32 X=64 Y=32
2026-08-21 01:48:02 [INFO] Grh=1505 Frame=356 FileNum=20 SX=256 SY=0 W=32 H=32 X=96 Y=32
2026-08-21 01:48:02 [INFO] Grh=1506 Frame=357 FileNum=20 SX=288 SY=0 W=32 H=32 X=128 Y=32
2026-08-21 01:48:02 [INFO] Grh=1507 Frame=358 FileNum=20 SX=320 SY=0 W=32 H=32 X=160 Y=32
2026-08-21 01:48:02 [INFO] Grh=1508 Frame=359 FileNum=20 SX=352 SY=0 W=32 H=32 X=192 Y=32
2026-08-21 01:48:02 [INFO] Grh=1505 Frame=356 FileNum=20 SX=256 SY=0 W=32 H=32 X=224 Y=32
2026-08-21 01:48:02 [INFO] Grh=1506 Frame=357 FileNum=20 SX=288 SY=0 W=32 H=32 X=256 Y=32
2026-08-21 01:48:02 [INFO] Grh=1507 Frame=358 FileNum=20 SX=320 SY=0 W=32 H=32 X=288 Y=32
2026-08-21 01:48:02 [INFO] Grh=1508 Frame=359 FileNum=20 SX=352 SY=0 W=32 H=32 X=320 Y=32
2026-08-21 01:48:02 [INFO] Grh=1505 Frame=356 FileNum=20 SX=256 SY=0 W=32 H=32 X=352 Y=32
2026-08-21 01:48:02 [INFO] Grh=1506 Frame=357 FileNum=20 SX=288 SY=0 W=32 H=32 X=384 Y=32
2026-08-21 01:48:02 [INFO] Grh=1507 Frame=358 FileNum=20 SX=320 SY=0 W=32 H=32 X=416 Y=32
2026-08-21 01:48:02 [INFO] Grh=1508 Frame=359 FileNum=20 SX=352 SY=0 W=32 H=32 X=448 Y=32
2026-08-21 01:48:02 [INFO] Grh=1505 Frame=356 FileNum=20 SX=256 SY=0 W=32 H=32 X=480 Y=32
2026-08-21 01:48:02 [INFO] Grh=1506 Frame=357 FileNum=20 SX=288 SY=0 W=32 H=32 X=512 Y=32
2026-08-21 01:48:02 [INFO] Grh=1507 Frame=358 FileNum=20 SX=320 SY=0 W=32 H=32 X=544 Y=32
2026-08-21 01:48:02 [INFO] Grh=1513 Frame=364 FileNum=20 SX=256 SY=64 W=32 H=32 X=-32 Y=64
2026-08-21 01:48:02 [INFO] Grh=1514 Frame=365 FileNum=20 SX=288 SY=64 W=32 H=32 X=0 Y=64
2026-08-21 01:48:02 [INFO] Grh=1515 Frame=366 FileNum=20 SX=320 SY=64 W=32 H=32 X=32 Y=64
2026-08-21 01:48:02 [INFO] Grh=1516 Frame=367 FileNum=20 SX=352 SY=64 W=32 H=32 X=64 Y=64
2026-08-21 01:48:02 [INFO] Grh=1513 Frame=364 FileNum=20 SX=256 SY=64 W=32 H=32 X=96 Y=64
2026-08-21 01:48:02 [INFO] Grh=1514 Frame=365 FileNum=20 SX=288 SY=64 W=32 H=32 X=128 Y=64
2026-08-21 01:48:02 [INFO] Grh=1515 Frame=366 FileNum=20 SX=320 SY=64 W=32 H=32 X=160 Y=64
2026-08-21 01:48:02 [INFO] Grh=1516 Frame=367 FileNum=20 SX=352 SY=64 W=32 H=32 X=192 Y=64
2026-08-21 01:48:02 [INFO] Grh=1513 Frame=364 FileNum=20 SX=256 SY=64 W=32 H=32 X=224 Y=64
2026-08-21 01:48:02 [INFO] Grh=1514 Frame=365 FileNum=20 SX=288 SY=64 W=32 H=32 X=256 Y=64
2026-08-21 01:48:02 [INFO] Grh=1515 Frame=366 FileNum=20 SX=320 SY=64 W=32 H=32 X=288 Y=64
2026-08-21 01:48:02 [INFO] Grh=1516 Frame=367 FileNum=20 SX=352 SY=64 W=32 H=32 X=320 Y=64
2026-08-21 01:48:02 [INFO] Grh=1513 Frame=364 FileNum=20 SX=256 SY=64 W=32 H=32 X=352 Y=64
2026-08-21 01:48:02 [INFO] Grh=1514 Frame=365 FileNum=20 SX=288 SY=64 W=32 H=32 X=384 Y=64
2026-08-21 01:48:02 [INFO] Grh=1515 Frame=366 FileNum=20 SX=320 SY=64 W=32 H=32 X=416 Y=64
2026-08-21 01:48:02 [INFO] Grh=1516 Frame=367 FileNum=20 SX=352 SY=64 W=32 H=32 X=448 Y=64
2026-08-21 01:48:02 [INFO] Grh=1513 Frame=364 FileNum=20 SX=256 SY=64 W=32 H=32 X=480 Y=64
2026-08-21 01:48:02 [INFO] Grh=1514 Frame=365 FileNum=20 SX=288 SY=64 W=32 H=32 X=512 Y=64
2026-08-21 01:48:02 [INFO] Grh=1515 Frame=366 FileNum=20 SX=320 SY=64 W=32 H=32 X=544 Y=64
2026-08-21 01:48:02 [INFO] Grh=1505 Frame=356 FileNum=20 SX=256 SY=0 W=32 H=32 X=-32 Y=96
2026-08-21 01:48:02 [INFO] Grh=1506 Frame=357 FileNum=20 SX=288 SY=0 W=32 H=32 X=0 Y=96
2026-08-21 01:48:02 [INFO] Grh=1507 Frame=358 FileNum=20 SX=320 SY=0 W=32 H=32 X=32 Y=96
2026-08-21 01:48:02 [INFO] Grh=1508 Frame=359 FileNum=20 SX=352 SY=0 W=32 H=32 X=64 Y=96
2026-08-21 01:48:02 [INFO] Grh=1505 Frame=356 FileNum=20 SX=256 SY=0 W=32 H=32 X=96 Y=96
2026-08-21 01:48:02 [INFO] Grh=1506 Frame=357 FileNum=20 SX=288 SY=0 W=32 H=32 X=128 Y=96
2026-08-21 01:48:02 [INFO] Grh=1507 Frame=358 FileNum=20 SX=320 SY=0 W=32 H=32 X=160 Y=96
2026-08-21 01:48:02 [INFO] Grh=1508 Frame=359 FileNum=20 SX=352 SY=0 W=32 H=32 X=192 Y=96
2026-08-21 01:48:02 [INFO] Grh=1505 Frame=356 FileNum=20 SX=256 SY=0 W=32 H=32 X=224 Y=96
2026-08-21 01:48:02 [INFO] Grh=1506 Frame=357 FileNum=20 SX=288 SY=0 W=32 H=32 X=256 Y=96
2026-08-21 01:48:02 [INFO] Grh=1507 Frame=358 FileNum=20 SX=320 SY=0 W=32 H=32 X=288 Y=96
2026-08-21 01:48:02 [INFO] Grh=1508 Frame=359 FileNum=20 SX=352 SY=0 W=32 H=32 X=320 Y=96
2026-08-21 01:48:02 [INFO] Grh=1505 Frame=356 FileNum=20 SX=256 SY=0 W=32 H=32 X=352 Y=96
2026-08-21 01:48:02 [INFO] Grh=1506 Frame=357 FileNum=20 SX=288 SY=0 W=32 H=32 X=384 Y=96
2026-08-21 01:48:02 [INFO] Grh=1507 Frame=358 FileNum=20 SX=320 SY=0 W=32 H=32 X=416 Y=96
2026-08-21 01:48:02 [INFO] Grh=1508 Frame=359 FileNum=20 SX=352 SY=0 W=32 H=32 X=448 Y=96
2026-08-21 01:48:02 [INFO] Grh=1505 Frame=356 FileNum=20 SX=256 SY=0 W=32 H=32 X=480 Y=96
2026-08-21 01:48:02 [INFO] Grh=1506 Frame=357 FileNum=20 SX=288 SY=0 W=32 H=32 X=512 Y=96
2026-08-21 01:48:02 [INFO] Grh=1507 Frame=358 FileNum=20 SX=320 SY=0 W=32 H=32 X=544 Y=96
2026-08-21 01:48:02 [INFO] Grh=1513 Frame=364 FileNum=20 SX=256 SY=64 W=32 H=32 X=-32 Y=128
2026-08-21 01:48:02 [INFO] Grh=1514 Frame=365 FileNum=20 SX=288 SY=64 W=32 H=32 X=0 Y=128
2026-08-21 01:48:02 [INFO] Grh=1515 Frame=366 FileNum=20 SX=320 SY=64 W=32 H=32 X=32 Y=128
2026-08-21 01:48:02 [INFO] Grh=1516 Frame=367 FileNum=20 SX=352 SY=64 W=32 H=32 X=64 Y=128
2026-08-21 01:48:02 [INFO] Grh=1513 Frame=364 FileNum=20 SX=256 SY=64 W=32 H=32 X=96 Y=128
2026-08-21 01:48:02 [INFO] Grh=1514 Frame=365 FileNum=20 SX=288 SY=64 W=32 H=32 X=128 Y=128
2026-08-21 01:48:02 [INFO] Grh=1515 Frame=366 FileNum=20 SX=320 SY=64 W=32 H=32 X=160 Y=128
2026-08-21 01:48:02 [INFO] Grh=1516 Frame=367 FileNum=20 SX=352 SY=64 W=32 H=32 X=192 Y=128
2026-08-21 01:48:02 [INFO] Grh=1513 Frame=364 FileNum=20 SX=256 SY=64 W=32 H=32 X=224 Y=128
2026-08-21 01:48:02 [INFO] Grh=1514 Frame=365 FileNum=20 SX=288 SY=64 W=32 H=32 X=256 Y=128
2026-08-21 01:48:02 [INFO] Grh=1515 Frame=366 FileNum=20 SX=320 SY=64 W=32 H=32 X=288 Y=128
2026-08-21 01:48:02 [INFO] Grh=1516 Frame=367 FileNum=20 SX=352 SY=64 W=32 H=32 X=320 Y=128
2026-08-21 01:48:02 [INFO] Grh=1513 Frame=364 FileNum=20 SX=256 SY=64 W=32 H=32 X=352 Y=128
2026-08-21 01:48:02 [INFO] Grh=1514 Frame=365 FileNum=20 SX=288 SY=64 W=32 H=32 X=384 Y=128
2026-08-21 01:48:02 [INFO] Grh=1515 Frame=366 FileNum=20 SX=320 SY=64 W=32 H=32 X=416 Y=128
2026-08-21 01:48:02 [INFO] Grh=1516 Frame=367 FileNum=20 SX=352 SY=64 W=32 H=32 X=448 Y=128
2026-08-21 01:48:02 [INFO] Grh=1513 Frame=364 FileNum=20 SX=256 SY=64 W=32 H=32 X=480 Y=128
2026-08-21 01:48:02 [INFO] Grh=1514 Frame=365 FileNum=20 SX=288 SY=64 W=32 H=32 X=512 Y=128
2026-08-21 01:48:02 [INFO] Grh=1515 Frame=366 FileNum=20 SX=320 SY=64 W=32 H=32 X=544 Y=128
2026-08-21 01:48:02 [INFO] Grh=1505 Frame=356 FileNum=20 SX=256 SY=0 W=32 H=32 X=-32 Y=160
2026-08-21 01:48:02 [INFO] Grh=1506 Frame=357 FileNum=20 SX=288 SY=0 W=32 H=32 X=0 Y=160
2026-08-21 01:48:02 [INFO] Grh=1507 Frame=358 FileNum=20 SX=320 SY=0 W=32 H=32 X=32 Y=160
2026-08-21 01:48:02 [INFO] Grh=1508 Frame=359 FileNum=20 SX=352 SY=0 W=32 H=32 X=64 Y=160
2026-08-21 01:48:02 [INFO] Grh=1505 Frame=356 FileNum=20 SX=256 SY=0 W=32 H=32 X=96 Y=160
2026-08-21 01:48:02 [INFO] Grh=1506 Frame=357 FileNum=20 SX=288 SY=0 W=32 H=32 X=128 Y=160
2026-08-21 01:48:02 [INFO] Grh=1507 Frame=358 FileNum=20 SX=320 SY=0 W=32 H=32 X=160 Y=160
2026-08-21 01:48:02 [INFO] Grh=1508 Frame=359 FileNum=20 SX=352 SY=0 W=32 H=32 X=192 Y=160
2026-08-21 01:48:02 [INFO] Grh=1505 Frame=356 FileNum=20 SX=256 SY=0 W=32 H=32 X=224 Y=160
2026-08-21 01:48:02 [INFO] Grh=1506 Frame=357 FileNum=20 SX=288 SY=0 W=32 H=32 X=256 Y=160
2026-08-21 01:48:02 [INFO] Grh=1507 Frame=358 FileNum=20 SX=320 SY=0 W=32 H=32 X=288 Y=160
2026-08-21 01:48:02 [INFO] Grh=1508 Frame=359 FileNum=20 SX=352 SY=0 W=32 H=32 X=320 Y=160
2026-08-21 01:48:02 [INFO] Grh=1505 Frame=356 FileNum=20 SX=256 SY=0 W=32 H=32 X=352 Y=160
2026-08-21 01:48:02 [INFO] Grh=1506 Frame=357 FileNum=20 SX=288 SY=0 W=32 H=32 X=384 Y=160
2026-08-21 01:48:02 [INFO] Grh=1507 Frame=358 FileNum=20 SX=320 SY=0 W=32 H=32 X=416 Y=160
2026-08-21 01:48:02 [INFO] Grh=1508 Frame=359 FileNum=20 SX=352 SY=0 W=32 H=32 X=448 Y=160
2026-08-21 01:48:02 [INFO] Grh=1505 Frame=356 FileNum=20 SX=256 SY=0 W=32 H=32 X=480 Y=160
2026-08-21 01:48:02 [INFO] Grh=1506 Frame=357 FileNum=20 SX=288 SY=0 W=32 H=32 X=512 Y=160
2026-08-21 01:48:02 [INFO] Grh=1507 Frame=358 FileNum=20 SX=320 SY=0 W=32 H=32 X=544 Y=160
2026-08-21 01:48:02 [INFO] Grh=1513 Frame=364 FileNum=20 SX=256 SY=64 W=32 H=32 X=-32 Y=192
2026-08-21 01:48:02 [INFO] Grh=1514 Frame=365 FileNum=20 SX=288 SY=64 W=32 H=32 X=0 Y=192
2026-08-21 01:48:02 [INFO] Grh=1515 Frame=366 FileNum=20 SX=320 SY=64 W=32 H=32 X=32 Y=192
2026-08-21 01:48:02 [INFO] Grh=1516 Frame=367 FileNum=20 SX=352 SY=64 W=32 H=32 X=64 Y=192
2026-08-21 01:48:02 [INFO] Grh=1513 Frame=364 FileNum=20 SX=256 SY=64 W=32 H=32 X=96 Y=192
2026-08-21 01:48:02 [INFO] Grh=1514 Frame=365 FileNum=20 SX=288 SY=64 W=32 H=32 X=128 Y=192
2026-08-21 01:48:02 [INFO] Grh=1515 Frame=366 FileNum=20 SX=320 SY=64 W=32 H=32 X=160 Y=192
2026-08-21 01:48:02 [INFO] Grh=1516 Frame=367 FileNum=20 SX=352 SY=64 W=32 H=32 X=192 Y=192
2026-08-21 01:48:02 [INFO] Grh=1513 Frame=364 FileNum=20 SX=256 SY=64 W=32 H=32 X=224 Y=192
2026-08-21 01:48:02 [INFO] Grh=1514 Frame=365 FileNum=20 SX=288 SY=64 W=32 H=32 X=256 Y=192
2026-08-21 01:48:02 [INFO] Grh=1515 Frame=366 FileNum=20 SX=320 SY=64 W=32 H=32 X=288 Y=192
2026-08-21 01:48:02 [INFO] Grh=1516 Frame=367 FileNum=20 SX=352 SY=64 W=32 H=32 X=320 Y=192
2026-08-21 01:48:02 [INFO] Grh=1513 Frame=364 FileNum=20 SX=256 SY=64 W=32 H=32 X=352 Y=192
2026-08-21 01:48:02 [INFO] Grh=1514 Frame=365 FileNum=20 SX=288 SY=64 W=32 H=32 X=384 Y=192
2026-08-21 01:48:02 [INFO] Grh=1515 Frame=366 FileNum=20 SX=320 SY=64 W=32 H=32 X=416 Y=192
2026-08-21 01:48:02 [INFO] Grh=1516 Frame=367 FileNum=20 SX=352 SY=64 W=32 H=32 X=448 Y=192
2026-08-21 01:48:02 [INFO] Grh=1513 Frame=364 FileNum=20 SX=256 SY=64 W=32 H=32 X=480 Y=192
2026-08-21 01:48:02 [INFO] Grh=1514 Frame=365 FileNum=20 SX=288 SY=64 W=32 H=32 X=512 Y=192
2026-08-21 01:48:02 [INFO] Grh=1515 Frame=366 FileNum=20 SX=320 SY=64 W=32 H=32 X=544 Y=192
2026-08-21 01:48:02 [INFO] Grh=6000 Frame=6000 FileNum=6000 SX=0 SY=0 W=32 H=32 X=-32 Y=-32
2026-08-21 01:48:02 [INFO] Grh=6001 Frame=6001 FileNum=6000 SX=32 SY=0 W=32 H=32 X=0 Y=-32
2026-08-21 01:48:02 [INFO] Grh=6002 Frame=6002 FileNum=6000 SX=64 SY=0 W=32 H=32 X=32 Y=-32
2026-08-21 01:48:02 [INFO] Grh=6003 Frame=6003 FileNum=6000 SX=96 SY=0 W=32 H=32 X=64 Y=-32
2026-08-21 01:48:02 [INFO] Grh=6000 Frame=6000 FileNum=6000 SX=0 SY=0 W=32 H=32 X=96 Y=-32
2026-08-21 01:48:02 [INFO] Grh=6001 Frame=6001 FileNum=6000 SX=32 SY=0 W=32 H=32 X=128 Y=-32
2026-08-21 01:48:02 [INFO] Grh=6002 Frame=6002 FileNum=6000 SX=64 SY=0 W=32 H=32 X=160 Y=-32
2026-08-21 01:48:03 [INFO] Grh=6003 Frame=6003 FileNum=6000 SX=96 SY=0 W=32 H=32 X=192 Y=-32
2026-08-21 01:48:03 [INFO] Grh=6000 Frame=6000 FileNum=6000 SX=0 SY=0 W=32 H=32 X=224 Y=-32
2026-08-21 01:48:03 [INFO] Grh=6001 Frame=6001 FileNum=6000 SX=32 SY=0 W=32 H=32 X=256 Y=-32
2026-08-21 01:48:03 [INFO] Grh=6002 Frame=6002 FileNum=6000 SX=64 SY=0 W=32 H=32 X=288 Y=-32
2026-08-21 01:48:03 [INFO] Grh=6003 Frame=6003 FileNum=6000 SX=96 SY=0 W=32 H=32 X=320 Y=-32
2026-08-21 01:48:03 [INFO] Grh=6000 Frame=6000 FileNum=6000 SX=0 SY=0 W=32 H=32 X=352 Y=-32
2026-08-21 01:48:03 [INFO] Grh=6001 Frame=6001 FileNum=6000 SX=32 SY=0 W=32 H=32 X=384 Y=-32
2026-08-21 01:48:03 [INFO] Grh=6002 Frame=6002 FileNum=6000 SX=64 SY=0 W=32 H=32 X=416 Y=-32
2026-08-21 01:48:03 [INFO] Grh=6003 Frame=6003 FileNum=6000 SX=96 SY=0 W=32 H=32 X=448 Y=-32
2026-08-21 01:48:03 [INFO] Grh=6000 Frame=6000 FileNum=6000 SX=0 SY=0 W=32 H=32 X=480 Y=-32
2026-08-21 01:48:03 [INFO] Grh=6001 Frame=6001 FileNum=6000 SX=32 SY=0 W=32 H=32 X=512 Y=-32
2026-08-21 01:48:03 [INFO] Grh=6002 Frame=6002 FileNum=6000 SX=64 SY=0 W=32 H=32 X=544 Y=-32
2026-08-21 01:48:03 [INFO] Grh=6008 Frame=6008 FileNum=6000 SX=0 SY=64 W=32 H=32 X=-32 Y=0
2026-08-21 01:48:03 [INFO] Grh=6009 Frame=6009 FileNum=6000 SX=32 SY=64 W=32 H=32 X=0 Y=0
2026-08-21 01:48:03 [INFO] Grh=6010 Frame=6010 FileNum=6000 SX=64 SY=64 W=32 H=32 X=32 Y=0
2026-08-21 01:48:03 [INFO] Grh=6011 Frame=6011 FileNum=6000 SX=96 SY=64 W=32 H=32 X=64 Y=0
2026-08-21 01:48:03 [INFO] Grh=6008 Frame=6008 FileNum=6000 SX=0 SY=64 W=32 H=32 X=96 Y=0
2026-08-21 01:48:03 [INFO] Grh=6009 Frame=6009 FileNum=6000 SX=32 SY=64 W=32 H=32 X=128 Y=0
2026-08-21 01:48:03 [INFO] Grh=6010 Frame=6010 FileNum=6000 SX=64 SY=64 W=32 H=32 X=160 Y=0
2026-08-21 01:48:03 [INFO] Grh=6011 Frame=6011 FileNum=6000 SX=96 SY=64 W=32 H=32 X=192 Y=0
2026-08-21 01:48:03 [INFO] Grh=6008 Frame=6008 FileNum=6000 SX=0 SY=64 W=32 H=32 X=224 Y=0
2026-08-21 01:48:03 [INFO] Grh=6009 Frame=6009 FileNum=6000 SX=32 SY=64 W=32 H=32 X=256 Y=0
2026-08-21 01:48:03 [INFO] Grh=6010 Frame=6010 FileNum=6000 SX=64 SY=64 W=32 H=32 X=288 Y=0
2026-08-21 01:48:03 [INFO] Grh=6011 Frame=6011 FileNum=6000 SX=96 SY=64 W=32 H=32 X=320 Y=0
2026-08-21 01:48:03 [INFO] Grh=6008 Frame=6008 FileNum=6000 SX=0 SY=64 W=32 H=32 X=352 Y=0
2026-08-21 01:48:03 [INFO] Grh=6009 Frame=6009 FileNum=6000 SX=32 SY=64 W=32 H=32 X=384 Y=0
2026-08-21 01:48:03 [INFO] Grh=6010 Frame=6010 FileNum=6000 SX=64 SY=64 W=32 H=32 X=416 Y=0
2026-08-21 01:48:03 [INFO] Grh=6011 Frame=6011 FileNum=6000 SX=96 SY=64 W=32 H=32 X=448 Y=0
2026-08-21 01:48:03 [INFO] Grh=6008 Frame=6008 FileNum=6000 SX=0 SY=64 W=32 H=32 X=480 Y=0
2026-08-21 01:48:03 [INFO] Grh=6009 Frame=6009 FileNum=6000 SX=32 SY=64 W=32 H=32 X=512 Y=0
2026-08-21 01:48:03 [INFO] Grh=6010 Frame=6010 FileNum=6000 SX=64 SY=64 W=32 H=32 X=544 Y=0
2026-08-21 01:48:03 [INFO] Grh=1505 Frame=356 FileNum=20 SX=256 SY=0 W=32 H=32 X=-32 Y=32
2026-08-21 01:48:03 [INFO] Grh=1506 Frame=357 FileNum=20 SX=288 SY=0 W=32 H=32 X=0 Y=32
2026-08-21 01:48:03 [INFO] Grh=1507 Frame=358 FileNum=20 SX=320 SY=0 W=32 H=32 X=32 Y=32
2026-08-21 01:48:03 [INFO] Grh=1508 Frame=359 FileNum=20 SX=352 SY=0 W=32 H=32 X=64 Y=32
2026-08-21 01:48:03 [INFO] Grh=1505 Frame=356 FileNum=20 SX=256 SY=0 W=32 H=32 X=96 Y=32
2026-08-21 01:48:03 [INFO] Grh=1506 Frame=357 FileNum=20 SX=288 SY=0 W=32 H=32 X=128 Y=32
2026-08-21 01:48:03 [INFO] Grh=1507 Frame=358 FileNum=20 SX=320 SY=0 W=32 H=32 X=160 Y=32
2026-08-21 01:48:03 [INFO] Grh=1508 Frame=359 FileNum=20 SX=352 SY=0 W=32 H=32 X=192 Y=32
2026-08-21 01:48:03 [INFO] Grh=1505 Frame=356 FileNum=20 SX=256 SY=0 W=32 H=32 X=224 Y=32
2026-08-21 01:48:03 [INFO] Grh=1506 Frame=357 FileNum=20 SX=288 SY=0 W=32 H=32 X=256 Y=32
2026-08-21 01:48:03 [INFO] Grh=1507 Frame=358 FileNum=20 SX=320 SY=0 W=32 H=32 X=288 Y=32
2026-08-21 01:48:03 [INFO] Grh=1508 Frame=359 FileNum=20 SX=352 SY=0 W=32 H=32 X=320 Y=32
2026-08-21 01:48:03 [INFO] Grh=1505 Frame=356 FileNum=20 SX=256 SY=0 W=32 H=32 X=352 Y=32
2026-08-21 01:48:03 [INFO] Grh=1506 Frame=357 FileNum=20 SX=288 SY=0 W=32 H=32 X=384 Y=32
2026-08-21 01:48:03 [INFO] Grh=1507 Frame=358 FileNum=20 SX=320 SY=0 W=32 H=32 X=416 Y=32
2026-08-21 01:48:03 [INFO] Grh=1508 Frame=359 FileNum=20 SX=352 SY=0 W=32 H=32 X=448 Y=32
2026-08-21 01:48:03 [INFO] Grh=1505 Frame=356 FileNum=20 SX=256 SY=0 W=32 H=32 X=480 Y=32
2026-08-21 01:48:03 [INFO] Grh=1506 Frame=357 FileNum=20 SX=288 SY=0 W=32 H=32 X=512 Y=32
2026-08-21 01:48:03 [INFO] Grh=1507 Frame=358 FileNum=20 SX=320 SY=0 W=32 H=32 X=544 Y=32
2026-08-21 01:48:03 [INFO] Grh=1513 Frame=364 FileNum=20 SX=256 SY=64 W=32 H=32 X=-32 Y=64
2026-08-21 01:48:03 [INFO] Grh=1514 Frame=365 FileNum=20 SX=288 SY=64 W=32 H=32 X=0 Y=64
2026-08-21 01:48:03 [INFO] Grh=1515 Frame=366 FileNum=20 SX=320 SY=64 W=32 H=32 X=32 Y=64
2026-08-21 01:48:03 [INFO] Grh=1516 Frame=367 FileNum=20 SX=352 SY=64 W=32 H=32 X=64 Y=64
2026-08-21 01:48:03 [INFO] Grh=1513 Frame=364 FileNum=20 SX=256 SY=64 W=32 H=32 X=96 Y=64
2026-08-21 01:48:03 [INFO] Grh=1514 Frame=365 FileNum=20 SX=288 SY=64 W=32 H=32 X=128 Y=64
2026-08-21 01:48:03 [INFO] Grh=1515 Frame=366 FileNum=20 SX=320 SY=64 W=32 H=32 X=160 Y=64
2026-08-21 01:48:03 [INFO] Grh=1516 Frame=367 FileNum=20 SX=352 SY=64 W=32 H=32 X=192 Y=64
2026-08-21 01:48:03 [INFO] Grh=1513 Frame=364 FileNum=20 SX=256 SY=64 W=32 H=32 X=224 Y=64
2026-08-21 01:48:03 [INFO] Grh=1514 Frame=365 FileNum=20 SX=288 SY=64 W=32 H=32 X=256 Y=64
2026-08-21 01:48:03 [INFO] Grh=1515 Frame=366 FileNum=20 SX=320 SY=64 W=32 H=32 X=288 Y=64
2026-08-21 01:48:03 [INFO] Grh=1516 Frame=367 FileNum=20 SX=352 SY=64 W=32 H=32 X=320 Y=64
2026-08-21 01:48:03 [INFO] Grh=1513 Frame=364 FileNum=20 SX=256 SY=64 W=32 H=32 X=352 Y=64
2026-08-21 01:48:03 [INFO] Grh=1514 Frame=365 FileNum=20 SX=288 SY=64 W=32 H=32 X=384 Y=64
2026-08-21 01:48:03 [INFO] Grh=1515 Frame=366 FileNum=20 SX=320 SY=64 W=32 H=32 X=416 Y=64
2026-08-21 01:48:03 [INFO] Grh=1516 Frame=367 FileNum=20 SX=352 SY=64 W=32 H=32 X=448 Y=64
2026-08-21 01:48:03 [INFO] Grh=1513 Frame=364 FileNum=20 SX=256 SY=64 W=32 H=32 X=480 Y=64
2026-08-21 01:48:03 [INFO] Grh=1514 Frame=365 FileNum=20 SX=288 SY=64 W=32 H=32 X=512 Y=64
2026-08-21 01:48:03 [INFO] Grh=1515 Frame=366 FileNum=20 SX=320 SY=64 W=32 H=32 X=544 Y=64
2026-08-21 01:48:03 [INFO] Grh=1505 Frame=356 FileNum=20 SX=256 SY=0 W=32 H=32 X=-32 Y=96
2026-08-21 01:48:03 [INFO] Grh=1506 Frame=357 FileNum=20 SX=288 SY=0 W=32 H=32 X=0 Y=96
2026-08-21 01:48:03 [INFO] Grh=1507 Frame=358 FileNum=20 SX=320 SY=0 W=32 H=32 X=32 Y=96
2026-08-21 01:48:03 [INFO] Grh=1508 Frame=359 FileNum=20 SX=352 SY=0 W=32 H=32 X=64 Y=96
2026-08-21 01:48:03 [INFO] Grh=1505 Frame=356 FileNum=20 SX=256 SY=0 W=32 H=32 X=96 Y=96
2026-08-21 01:48:03 [INFO] Grh=1506 Frame=357 FileNum=20 SX=288 SY=0 W=32 H=32 X=128 Y=96
2026-08-21 01:48:03 [INFO] Grh=1507 Frame=358 FileNum=20 SX=320 SY=0 W=32 H=32 X=160 Y=96
2026-08-21 01:48:03 [INFO] Grh=1508 Frame=359 FileNum=20 SX=352 SY=0 W=32 H=32 X=192 Y=96
2026-08-21 01:48:03 [INFO] Grh=1505 Frame=356 FileNum=20 SX=256 SY=0 W=32 H=32 X=224 Y=96
2026-08-21 01:48:03 [INFO] Grh=1506 Frame=357 FileNum=20 SX=288 SY=0 W=32 H=32 X=256 Y=96
2026-08-21 01:48:03 [INFO] Grh=1507 Frame=358 FileNum=20 SX=320 SY=0 W=32 H=32 X=288 Y=96
2026-08-21 01:48:03 [INFO] Grh=1508 Frame=359 FileNum=20 SX=352 SY=0 W=32 H=32 X=320 Y=96
2026-08-21 01:48:03 [INFO] Grh=1505 Frame=356 FileNum=20 SX=256 SY=0 W=32 H=32 X=352 Y=96
2026-08-21 01:48:03 [INFO] Grh=1506 Frame=357 FileNum=20 SX=288 SY=0 W=32 H=32 X=384 Y=96
2026-08-21 01:48:03 [INFO] Grh=1507 Frame=358 FileNum=20 SX=320 SY=0 W=32 H=32 X=416 Y=96
2026-08-21 01:48:03 [INFO] Grh=1508 Frame=359 FileNum=20 SX=352 SY=0 W=32 H=32 X=448 Y=96
2026-08-21 01:48:03 [INFO] Grh=1505 Frame=356 FileNum=20 SX=256 SY=0 W=32 H=32 X=480 Y=96
2026-08-21 01:48:03 [INFO] Grh=1506 Frame=357 FileNum=20 SX=288 SY=0 W=32 H=32 X=512 Y=96
2026-08-21 01:48:03 [INFO] Grh=1507 Frame=358 FileNum=20 SX=320 SY=0 W=32 H=32 X=544 Y=96
2026-08-21 01:48:03 [INFO] Grh=1513 Frame=364 FileNum=20 SX=256 SY=64 W=32 H=32 X=-32 Y=128
2026-08-21 01:48:03 [INFO] Grh=1514 Frame=365 FileNum=20 SX=288 SY=64 W=32 H=32 X=0 Y=128
2026-08-21 01:48:03 [INFO] Grh=1515 Frame=366 FileNum=20 SX=320 SY=64 W=32 H=32 X=32 Y=128
2026-08-21 01:48:03 [INFO] Grh=1516 Frame=367 FileNum=20 SX=352 SY=64 W=32 H=32 X=64 Y=128
2026-08-21 01:48:03 [INFO] Grh=1513 Frame=364 FileNum=20 SX=256 SY=64 W=32 H=32 X=96 Y=128
2026-08-21 01:48:03 [INFO] Grh=1514 Frame=365 FileNum=20 SX=288 SY=64 W=32 H=32 X=128 Y=128
2026-08-21 01:48:03 [INFO] Grh=1515 Frame=366 FileNum=20 SX=320 SY=64 W=32 H=32 X=160 Y=128
2026-08-21 01:48:03 [INFO] Grh=1516 Frame=367 FileNum=20 SX=352 SY=64 W=32 H=32 X=192 Y=128
2026-08-21 01:48:03 [INFO] Grh=1513 Frame=364 FileNum=20 SX=256 SY=64 W=32 H=32 X=224 Y=128
2026-08-21 01:48:03 [INFO] Grh=1514 Frame=365 FileNum=20 SX=288 SY=64 W=32 H=32 X=256 Y=128
2026-08-21 01:48:03 [INFO] Grh=1515 Frame=366 FileNum=20 SX=320 SY=64 W=32 H=32 X=288 Y=128
2026-08-21 01:48:03 [INFO] Grh=1516 Frame=367 FileNum=20 SX=352 SY=64 W=32 H=32 X=320 Y=128
2026-08-21 01:48:03 [INFO] Grh=1513 Frame=364 FileNum=20 SX=256 SY=64 W=32 H=32 X=352 Y=128
2026-08-21 01:48:03 [INFO] Grh=1514 Frame=365 FileNum=20 SX=288 SY=64 W=32 H=32 X=384 Y=128
2026-08-21 01:48:03 [INFO] Grh=1515 Frame=366 FileNum=20 SX=320 SY=64 W=32 H=32 X=416 Y=128
2026-08-21 01:48:03 [INFO] Grh=1516 Frame=367 FileNum=20 SX=352 SY=64 W=32 H=32 X=448 Y=128
2026-08-21 01:48:03 [INFO] Grh=1513 Frame=364 FileNum=20 SX=256 SY=64 W=32 H=32 X=480 Y=128
2026-08-21 01:48:03 [INFO] Grh=1514 Frame=365 FileNum=20 SX=288 SY=64 W=32 H=32 X=512 Y=128
2026-08-21 01:48:03 [INFO] Grh=1515 Frame=366 FileNum=20 SX=320 SY=64 W=32 H=32 X=544 Y=128
2026-08-21 01:48:03 [INFO] Grh=1505 Frame=356 FileNum=20 SX=256 SY=0 W=32 H=32 X=-32 Y=160
2026-08-21 01:48:03 [INFO] Grh=1506 Frame=357 FileNum=20 SX=288 SY=0 W=32 H=32 X=0 Y=160
2026-08-21 01:48:03 [INFO] Grh=1507 Frame=358 FileNum=20 SX=320 SY=0 W=32 H=32 X=32 Y=160
2026-08-21 01:48:03 [INFO] Grh=1508 Frame=359 FileNum=20 SX=352 SY=0 W=32 H=32 X=64 Y=160
2026-08-21 01:48:03 [INFO] Grh=1505 Frame=356 FileNum=20 SX=256 SY=0 W=32 H=32 X=96 Y=160
2026-08-21 01:48:03 [INFO] Grh=1506 Frame=357 FileNum=20 SX=288 SY=0 W=32 H=32 X=128 Y=160
2026-08-21 01:48:03 [INFO] Grh=1507 Frame=358 FileNum=20 SX=320 SY=0 W=32 H=32 X=160 Y=160
2026-08-21 01:48:03 [INFO] Grh=1508 Frame=359 FileNum=20 SX=352 SY=0 W=32 H=32 X=192 Y=160
2026-08-21 01:48:03 [INFO] Grh=1505 Frame=356 FileNum=20 SX=256 SY=0 W=32 H=32 X=224 Y=160
2026-08-21 01:48:03 [INFO] Grh=1506 Frame=357 FileNum=20 SX=288 SY=0 W=32 H=32 X=256 Y=160
2026-08-21 01:48:03 [INFO] Grh=1507 Frame=358 FileNum=20 SX=320 SY=0 W=32 H=32 X=288 Y=160
2026-08-21 01:48:03 [INFO] Grh=1508 Frame=359 FileNum=20 SX=352 SY=0 W=32 H=32 X=320 Y=160
2026-08-21 01:48:03 [INFO] Grh=1505 Frame=356 FileNum=20 SX=256 SY=0 W=32 H=32 X=352 Y=160
2026-08-21 01:48:03 [INFO] Grh=1506 Frame=357 FileNum=20 SX=288 SY=0 W=32 H=32 X=384 Y=160
2026-08-21 01:48:03 [INFO] Grh=1507 Frame=358 FileNum=20 SX=320 SY=0 W=32 H=32 X=416 Y=160
2026-08-21 01:48:03 [INFO] Grh=1508 Frame=359 FileNum=20 SX=352 SY=0 W=32 H=32 X=448 Y=160
2026-08-21 01:48:03 [INFO] Grh=1505 Frame=356 FileNum=20 SX=256 SY=0 W=32 H=32 X=480 Y=160
2026-08-21 01:48:03 [INFO] Grh=1506 Frame=357 FileNum=20 SX=288 SY=0 W=32 H=32 X=512 Y=160
2026-08-21 01:48:03 [INFO] Grh=1507 Frame=358 FileNum=20 SX=320 SY=0 W=32 H=32 X=544 Y=160
2026-08-21 01:48:03 [INFO] Grh=1513 Frame=364 FileNum=20 SX=256 SY=64 W=32 H=32 X=-32 Y=192
2026-08-21 01:48:03 [INFO] Grh=1514 Frame=365 FileNum=20 SX=288 SY=64 W=32 H=32 X=0 Y=192
2026-08-21 01:48:03 [INFO] Grh=1515 Frame=366 FileNum=20 SX=320 SY=64 W=32 H=32 X=32 Y=192
2026-08-21 01:48:03 [INFO] Grh=1516 Frame=367 FileNum=20 SX=352 SY=64 W=32 H=32 X=64 Y=192
2026-08-21 01:48:03 [INFO] Grh=1513 Frame=364 FileNum=20 SX=256 SY=64 W=32 H=32 X=96 Y=192
2026-08-21 01:48:03 [INFO] Grh=1514 Frame=365 FileNum=20 SX=288 SY=64 W=32 H=32 X=128 Y=192
2026-08-21 01:48:03 [INFO] Grh=1515 Frame=366 FileNum=20 SX=320 SY=64 W=32 H=32 X=160 Y=192
2026-08-21 01:48:03 [INFO] Grh=1516 Frame=367 FileNum=20 SX=352 SY=64 W=32 H=32 X=192 Y=192
2026-08-21 01:48:03 [INFO] Grh=1513 Frame=364 FileNum=20 SX=256 SY=64 W=32 H=32 X=224 Y=192
2026-08-21 01:48:03 [INFO] Grh=1514 Frame=365 FileNum=20 SX=288 SY=64 W=32 H=32 X=256 Y=192
2026-08-21 01:48:03 [INFO] Grh=1515 Frame=366 FileNum=20 SX=320 SY=64 W=32 H=32 X=288 Y=192
2026-08-21 01:48:03 [INFO] Grh=1516 Frame=367 FileNum=20 SX=352 SY=64 W=32 H=32 X=320 Y=192
2026-08-21 01:48:03 [INFO] Grh=1513 Frame=364 FileNum=20 SX=256 SY=64 W=32 H=32 X=352 Y=192
2026-08-21 01:48:03 [INFO] Grh=1514 Frame=365 FileNum=20 SX=288 SY=64 W=32 H=32 X=384 Y=192
2026-08-21 01:48:03 [INFO] Grh=1515 Frame=366 FileNum=20 SX=320 SY=64 W=32 H=32 X=416 Y=192
2026-08-21 01:48:03 [INFO] Grh=1516 Frame=367 FileNum=20 SX=352 SY=64 W=32 H=32 X=448 Y=192
2026-08-21 01:48:03 [INFO] Grh=1513 Frame=364 FileNum=20 SX=256 SY=64 W=32 H=32 X=480 Y=192
2026-08-21 01:48:03 [INFO] Grh=1514 Frame=365 FileNum=20 SX=288 SY=64 W=32 H=32 X=512 Y=192
2026-08-21 01:48:03 [INFO] Grh=1515 Frame=366 FileNum=20 SX=320 SY=64 W=32 H=32 X=544 Y=192
2026-08-21 01:48:03 [INFO] Grh=6000 Frame=6000 FileNum=6000 SX=0 SY=0 W=32 H=32 X=-32 Y=-32
2026-08-21 01:48:03 [INFO] Grh=6001 Frame=6001 FileNum=6000 SX=32 SY=0 W=32 H=32 X=0 Y=-32
2026-08-21 01:48:03 [INFO] Grh=6002 Frame=6002 FileNum=6000 SX=64 SY=0 W=32 H=32 X=32 Y=-32
2026-08-21 01:48:03 [INFO] Grh=6003 Frame=6003 FileNum=6000 SX=96 SY=0 W=32 H=32 X=64 Y=-32
2026-08-21 01:48:03 [INFO] Grh=6000 Frame=6000 FileNum=6000 SX=0 SY=0 W=32 H=32 X=96 Y=-32
2026-08-21 01:48:03 [INFO] Grh=6001 Frame=6001 FileNum=6000 SX=32 SY=0 W=32 H=32 X=128 Y=-32
2026-08-21 01:48:03 [INFO] Grh=6002 Frame=6002 FileNum=6000 SX=64 SY=0 W=32 H=32 X=160 Y=-32
2026-08-21 01:48:03 [INFO] Grh=6003 Frame=6003 FileNum=6000 SX=96 SY=0 W=32 H=32 X=192 Y=-32
2026-08-21 01:48:03 [INFO] Grh=6000 Frame=6000 FileNum=6000 SX=0 SY=0 W=32 H=32 X=224 Y=-32
2026-08-21 01:48:03 [INFO] Grh=6001 Frame=6001 FileNum=6000 SX=32 SY=0 W=32 H=32 X=256 Y=-32
2026-08-21 01:48:03 [INFO] Grh=6002 Frame=6002 FileNum=6000 SX=64 SY=0 W=32 H=32 X=288 Y=-32
2026-08-21 01:48:03 [INFO] Grh=6003 Frame=6003 FileNum=6000 SX=96 SY=0 W=32 H=32 X=320 Y=-32
2026-08-21 01:48:03 [INFO] Grh=6000 Frame=6000 FileNum=6000 SX=0 SY=0 W=32 H=32 X=352 Y=-32
2026-08-21 01:48:03 [INFO] Grh=6001 Frame=6001 FileNum=6000 SX=32 SY=0 W=32 H=32 X=384 Y=-32
2026-08-21 01:48:03 [INFO] Grh=6002 Frame=6002 FileNum=6000 SX=64 SY=0 W=32 H=32 X=416 Y=-32
2026-08-21 01:48:03 [INFO] Grh=6003 Frame=6003 FileNum=6000 SX=96 SY=0 W=32 H=32 X=448 Y=-32
2026-08-21 01:48:03 [INFO] Grh=6000 Frame=6000 FileNum=6000 SX=0 SY=0 W=32 H=32 X=480 Y=-32
2026-08-21 01:48:03 [INFO] Grh=6001 Frame=6001 FileNum=6000 SX=32 SY=0 W=32 H=32 X=512 Y=-32
2026-08-21 01:48:03 [INFO] Grh=6002 Frame=6002 FileNum=6000 SX=64 SY=0 W=32 H=32 X=544 Y=-32
2026-08-21 01:48:03 [INFO] Grh=6008 Frame=6008 FileNum=6000 SX=0 SY=64 W=32 H=32 X=-32 Y=0
2026-08-21 01:48:03 [INFO] Grh=6009 Frame=6009 FileNum=6000 SX=32 SY=64 W=32 H=32 X=0 Y=0
2026-08-21 01:48:03 [INFO] Grh=6010 Frame=6010 FileNum=6000 SX=64 SY=64 W=32 H=32 X=32 Y=0
2026-08-21 01:48:04 [INFO] Grh=6011 Frame=6011 FileNum=6000 SX=96 SY=64 W=32 H=32 X=64 Y=0
2026-08-21 01:48:04 [INFO] Grh=6008 Frame=6008 FileNum=6000 SX=0 SY=64 W=32 H=32 X=96 Y=0
2026-08-21 01:48:04 [INFO] Grh=6009 Frame=6009 FileNum=6000 SX=32 SY=64 W=32 H=32 X=128 Y=0
2026-08-21 01:48:04 [INFO] Grh=6010 Frame=6010 FileNum=6000 SX=64 SY=64 W=32 H=32 X=160 Y=0
2026-08-21 01:48:04 [INFO] Grh=6011 Frame=6011 FileNum=6000 SX=96 SY=64 W=32 H=32 X=192 Y=0
2026-08-21 01:48:04 [INFO] Grh=6008 Frame=6008 FileNum=6000 SX=0 SY=64 W=32 H=32 X=224 Y=0
2026-08-21 01:48:04 [INFO] Grh=6009 Frame=6009 FileNum=6000 SX=32 SY=64 W=32 H=32 X=256 Y=0
2026-08-21 01:48:04 [INFO] Grh=6010 Frame=6010 FileNum=6000 SX=64 SY=64 W=32 H=32 X=288 Y=0
2026-08-21 01:48:04 [INFO] Grh=6011 Frame=6011 FileNum=6000 SX=96 SY=64 W=32 H=32 X=320 Y=0
2026-08-21 01:48:04 [INFO] Grh=6008 Frame=6008 FileNum=6000 SX=0 SY=64 W=32 H=32 X=352 Y=0
2026-08-21 01:48:04 [INFO] Grh=6009 Frame=6009 FileNum=6000 SX=32 SY=64 W=32 H=32 X=384 Y=0
2026-08-21 01:48:04 [INFO] Grh=6010 Frame=6010 FileNum=6000 SX=64 SY=64 W=32 H=32 X=416 Y=0
2026-08-21 01:48:04 [INFO] Grh=6011 Frame=6011 FileNum=6000 SX=96 SY=64 W=32 H=32 X=448 Y=0
2026-08-21 01:48:04 [INFO] Grh=6008 Frame=6008 FileNum=6000 SX=0 SY=64 W=32 H=32 X=480 Y=0
2026-08-21 01:48:04 [INFO] Grh=6009 Frame=6009 FileNum=6000 SX=32 SY=64 W=32 H=32 X=512 Y=0
2026-08-21 01:48:04 [INFO] Grh=6010 Frame=6010 FileNum=6000 SX=64 SY=64 W=32 H=32 X=544 Y=0
2026-08-21 01:48:04 [INFO] Grh=1505 Frame=340 FileNum=20 SX=128 SY=0 W=32 H=32 X=-32 Y=32
2026-08-21 01:48:04 [INFO] Grh=1506 Frame=341 FileNum=20 SX=160 SY=0 W=32 H=32 X=0 Y=32
2026-08-21 01:48:04 [INFO] Grh=1507 Frame=342 FileNum=20 SX=192 SY=0 W=32 H=32 X=32 Y=32
2026-08-21 01:48:04 [INFO] Grh=1508 Frame=343 FileNum=20 SX=224 SY=0 W=32 H=32 X=64 Y=32
2026-08-21 01:48:04 [INFO] Grh=1505 Frame=340 FileNum=20 SX=128 SY=0 W=32 H=32 X=96 Y=32
2026-08-21 01:48:04 [INFO] Grh=1506 Frame=341 FileNum=20 SX=160 SY=0 W=32 H=32 X=128 Y=32
2026-08-21 01:48:04 [INFO] Grh=1507 Frame=342 FileNum=20 SX=192 SY=0 W=32 H=32 X=160 Y=32
2026-08-21 01:48:04 [INFO] Grh=1508 Frame=343 FileNum=20 SX=224 SY=0 W=32 H=32 X=192 Y=32
2026-08-21 01:48:04 [INFO] Grh=1505 Frame=340 FileNum=20 SX=128 SY=0 W=32 H=32 X=224 Y=32
2026-08-21 01:48:04 [INFO] Grh=1506 Frame=341 FileNum=20 SX=160 SY=0 W=32 H=32 X=256 Y=32
2026-08-21 01:48:04 [INFO] Grh=1507 Frame=342 FileNum=20 SX=192 SY=0 W=32 H=32 X=288 Y=32
2026-08-21 01:48:04 [INFO] Grh=1508 Frame=343 FileNum=20 SX=224 SY=0 W=32 H=32 X=320 Y=32
2026-08-21 01:48:04 [INFO] Grh=1505 Frame=340 FileNum=20 SX=128 SY=0 W=32 H=32 X=352 Y=32
2026-08-21 01:48:04 [INFO] Grh=1506 Frame=341 FileNum=20 SX=160 SY=0 W=32 H=32 X=384 Y=32
2026-08-21 01:48:04 [INFO] Grh=1507 Frame=342 FileNum=20 SX=192 SY=0 W=32 H=32 X=416 Y=32
2026-08-21 01:48:04 [INFO] Grh=1508 Frame=343 FileNum=20 SX=224 SY=0 W=32 H=32 X=448 Y=32
2026-08-21 01:48:04 [INFO] Grh=1505 Frame=340 FileNum=20 SX=128 SY=0 W=32 H=32 X=480 Y=32
2026-08-21 01:48:04 [INFO] Grh=1506 Frame=341 FileNum=20 SX=160 SY=0 W=32 H=32 X=512 Y=32
2026-08-21 01:48:04 [INFO] Grh=1507 Frame=342 FileNum=20 SX=192 SY=0 W=32 H=32 X=544 Y=32
2026-08-21 01:48:04 [INFO] Grh=1513 Frame=348 FileNum=20 SX=128 SY=64 W=32 H=32 X=-32 Y=64
2026-08-21 01:48:04 [INFO] Grh=1514 Frame=349 FileNum=20 SX=160 SY=64 W=32 H=32 X=0 Y=64
2026-08-21 01:48:04 [INFO] Grh=1515 Frame=350 FileNum=20 SX=192 SY=64 W=32 H=32 X=32 Y=64
2026-08-21 01:48:04 [INFO] Grh=1516 Frame=351 FileNum=20 SX=224 SY=64 W=32 H=32 X=64 Y=64
2026-08-21 01:48:04 [INFO] Grh=1513 Frame=348 FileNum=20 SX=128 SY=64 W=32 H=32 X=96 Y=64
2026-08-21 01:48:04 [INFO] Grh=1514 Frame=349 FileNum=20 SX=160 SY=64 W=32 H=32 X=128 Y=64
2026-08-21 01:48:04 [INFO] Grh=1515 Frame=350 FileNum=20 SX=192 SY=64 W=32 H=32 X=160 Y=64
2026-08-21 01:48:04 [INFO] Grh=1516 Frame=351 FileNum=20 SX=224 SY=64 W=32 H=32 X=192 Y=64
2026-08-21 01:48:04 [INFO] Grh=1513 Frame=348 FileNum=20 SX=128 SY=64 W=32 H=32 X=224 Y=64
2026-08-21 01:48:04 [INFO] Grh=1514 Frame=349 FileNum=20 SX=160 SY=64 W=32 H=32 X=256 Y=64
2026-08-21 01:48:04 [INFO] Grh=1515 Frame=350 FileNum=20 SX=192 SY=64 W=32 H=32 X=288 Y=64
2026-08-21 01:48:04 [INFO] Grh=1516 Frame=351 FileNum=20 SX=224 SY=64 W=32 H=32 X=320 Y=64
2026-08-21 01:48:04 [INFO] Grh=1513 Frame=348 FileNum=20 SX=128 SY=64 W=32 H=32 X=352 Y=64
2026-08-21 01:48:04 [INFO] Grh=1514 Frame=349 FileNum=20 SX=160 SY=64 W=32 H=32 X=384 Y=64
2026-08-21 01:48:04 [INFO] Grh=1515 Frame=350 FileNum=20 SX=192 SY=64 W=32 H=32 X=416 Y=64
2026-08-21 01:48:04 [INFO] Grh=1516 Frame=351 FileNum=20 SX=224 SY=64 W=32 H=32 X=448 Y=64
2026-08-21 01:48:04 [INFO] Grh=1513 Frame=348 FileNum=20 SX=128 SY=64 W=32 H=32 X=480 Y=64
2026-08-21 01:48:04 [INFO] Grh=1514 Frame=349 FileNum=20 SX=160 SY=64 W=32 H=32 X=512 Y=64
2026-08-21 01:48:04 [INFO] Grh=1515 Frame=350 FileNum=20 SX=192 SY=64 W=32 H=32 X=544 Y=64
2026-08-21 01:48:04 [INFO] Grh=1505 Frame=340 FileNum=20 SX=128 SY=0 W=32 H=32 X=-32 Y=96
2026-08-21 01:48:04 [INFO] Grh=1506 Frame=341 FileNum=20 SX=160 SY=0 W=32 H=32 X=0 Y=96
2026-08-21 01:48:04 [INFO] Grh=1507 Frame=342 FileNum=20 SX=192 SY=0 W=32 H=32 X=32 Y=96
2026-08-21 01:48:04 [INFO] Grh=1508 Frame=343 FileNum=20 SX=224 SY=0 W=32 H=32 X=64 Y=96
2026-08-21 01:48:04 [INFO] Grh=1505 Frame=340 FileNum=20 SX=128 SY=0 W=32 H=32 X=96 Y=96
2026-08-21 01:48:04 [INFO] Grh=1506 Frame=341 FileNum=20 SX=160 SY=0 W=32 H=32 X=128 Y=96
2026-08-21 01:48:04 [INFO] Grh=1507 Frame=342 FileNum=20 SX=192 SY=0 W=32 H=32 X=160 Y=96
2026-08-21 01:48:04 [INFO] Grh=1508 Frame=343 FileNum=20 SX=224 SY=0 W=32 H=32 X=192 Y=96
2026-08-21 01:48:04 [INFO] Grh=1505 Frame=340 FileNum=20 SX=128 SY=0 W=32 H=32 X=224 Y=96
2026-08-21 01:48:04 [INFO] Grh=1506 Frame=341 FileNum=20 SX=160 SY=0 W=32 H=32 X=256 Y=96
2026-08-21 01:48:04 [INFO] Grh=1507 Frame=342 FileNum=20 SX=192 SY=0 W=32 H=32 X=288 Y=96
2026-08-21 01:48:04 [INFO] Grh=1508 Frame=343 FileNum=20 SX=224 SY=0 W=32 H=32 X=320 Y=96
2026-08-21 01:48:04 [INFO] Grh=1505 Frame=340 FileNum=20 SX=128 SY=0 W=32 H=32 X=352 Y=96
2026-08-21 01:48:04 [INFO] Grh=1506 Frame=341 FileNum=20 SX=160 SY=0 W=32 H=32 X=384 Y=96
2026-08-21 01:48:04 [INFO] Grh=1507 Frame=342 FileNum=20 SX=192 SY=0 W=32 H=32 X=416 Y=96
2026-08-21 01:48:04 [INFO] Grh=1508 Frame=343 FileNum=20 SX=224 SY=0 W=32 H=32 X=448 Y=96
2026-08-21 01:48:04 [INFO] Grh=1505 Frame=340 FileNum=20 SX=128 SY=0 W=32 H=32 X=480 Y=96
2026-08-21 01:48:04 [INFO] Grh=1506 Frame=341 FileNum=20 SX=160 SY=0 W=32 H=32 X=512 Y=96
2026-08-21 01:48:04 [INFO] Grh=1507 Frame=342 FileNum=20 SX=192 SY=0 W=32 H=32 X=544 Y=96
2026-08-21 01:48:04 [INFO] Grh=1513 Frame=348 FileNum=20 SX=128 SY=64 W=32 H=32 X=-32 Y=128
2026-08-21 01:48:04 [INFO] Grh=1514 Frame=349 FileNum=20 SX=160 SY=64 W=32 H=32 X=0 Y=128
2026-08-21 01:48:04 [INFO] Grh=1515 Frame=350 FileNum=20 SX=192 SY=64 W=32 H=32 X=32 Y=128
2026-08-21 01:48:04 [INFO] Grh=1516 Frame=351 FileNum=20 SX=224 SY=64 W=32 H=32 X=64 Y=128
2026-08-21 01:48:04 [INFO] Grh=1513 Frame=348 FileNum=20 SX=128 SY=64 W=32 H=32 X=96 Y=128
2026-08-21 01:48:04 [INFO] Grh=1514 Frame=349 FileNum=20 SX=160 SY=64 W=32 H=32 X=128 Y=128
2026-08-21 01:48:04 [INFO] Grh=1515 Frame=350 FileNum=20 SX=192 SY=64 W=32 H=32 X=160 Y=128
2026-08-21 01:48:04 [INFO] Grh=1516 Frame=351 FileNum=20 SX=224 SY=64 W=32 H=32 X=192 Y=128
2026-08-21 01:48:04 [INFO] Grh=1513 Frame=348 FileNum=20 SX=128 SY=64 W=32 H=32 X=224 Y=128
2026-08-21 01:48:04 [INFO] Grh=1514 Frame=349 FileNum=20 SX=160 SY=64 W=32 H=32 X=256 Y=128
2026-08-21 01:48:04 [INFO] Grh=1515 Frame=350 FileNum=20 SX=192 SY=64 W=32 H=32 X=288 Y=128
2026-08-21 01:48:04 [INFO] Grh=1516 Frame=351 FileNum=20 SX=224 SY=64 W=32 H=32 X=320 Y=128
2026-08-21 01:48:04 [INFO] Grh=1513 Frame=348 FileNum=20 SX=128 SY=64 W=32 H=32 X=352 Y=128
2026-08-21 01:48:04 [INFO] Grh=1514 Frame=349 FileNum=20 SX=160 SY=64 W=32 H=32 X=384 Y=128
2026-08-21 01:48:04 [INFO] Grh=1515 Frame=350 FileNum=20 SX=192 SY=64 W=32 H=32 X=416 Y=128
2026-08-21 01:48:04 [INFO] Grh=1516 Frame=351 FileNum=20 SX=224 SY=64 W=32 H=32 X=448 Y=128
2026-08-21 01:48:04 [INFO] Grh=1513 Frame=348 FileNum=20 SX=128 SY=64 W=32 H=32 X=480 Y=128
2026-08-21 01:48:04 [INFO] Grh=1514 Frame=349 FileNum=20 SX=160 SY=64 W=32 H=32 X=512 Y=128
2026-08-21 01:48:04 [INFO] Grh=1515 Frame=350 FileNum=20 SX=192 SY=64 W=32 H=32 X=544 Y=128
2026-08-21 01:48:04 [INFO] Grh=1505 Frame=340 FileNum=20 SX=128 SY=0 W=32 H=32 X=-32 Y=160
2026-08-21 01:48:04 [INFO] Grh=1506 Frame=341 FileNum=20 SX=160 SY=0 W=32 H=32 X=0 Y=160
2026-08-21 01:48:04 [INFO] Grh=1507 Frame=342 FileNum=20 SX=192 SY=0 W=32 H=32 X=32 Y=160
2026-08-21 01:48:04 [INFO] Grh=1508 Frame=343 FileNum=20 SX=224 SY=0 W=32 H=32 X=64 Y=160
2026-08-21 01:48:04 [INFO] Grh=1505 Frame=340 FileNum=20 SX=128 SY=0 W=32 H=32 X=96 Y=160
2026-08-21 01:48:04 [INFO] Grh=1506 Frame=341 FileNum=20 SX=160 SY=0 W=32 H=32 X=128 Y=160
2026-08-21 01:48:04 [INFO] Grh=1507 Frame=342 FileNum=20 SX=192 SY=0 W=32 H=32 X=160 Y=160
2026-08-21 01:48:04 [INFO] Grh=1508 Frame=343 FileNum=20 SX=224 SY=0 W=32 H=32 X=192 Y=160
2026-08-21 01:48:04 [INFO] Grh=1505 Frame=340 FileNum=20 SX=128 SY=0 W=32 H=32 X=224 Y=160
2026-08-21 01:48:04 [INFO] Grh=1506 Frame=341 FileNum=20 SX=160 SY=0 W=32 H=32 X=256 Y=160
2026-08-21 01:48:04 [INFO] Grh=1507 Frame=342 FileNum=20 SX=192 SY=0 W=32 H=32 X=288 Y=160
2026-08-21 01:48:04 [INFO] Grh=1508 Frame=343 FileNum=20 SX=224 SY=0 W=32 H=32 X=320 Y=160
2026-08-21 01:48:04 [INFO] Grh=1505 Frame=340 FileNum=20 SX=128 SY=0 W=32 H=32 X=352 Y=160
2026-08-21 01:48:04 [INFO] Grh=1506 Frame=341 FileNum=20 SX=160 SY=0 W=32 H=32 X=384 Y=160
2026-08-21 01:48:04 [INFO] Grh=1507 Frame=342 FileNum=20 SX=192 SY=0 W=32 H=32 X=416 Y=160
2026-08-21 01:48:04 [INFO] Grh=1508 Frame=343 FileNum=20 SX=224 SY=0 W=32 H=32 X=448 Y=160
2026-08-21 01:48:04 [INFO] Grh=1505 Frame=340 FileNum=20 SX=128 SY=0 W=32 H=32 X=480 Y=160
2026-08-21 01:48:04 [INFO] Grh=1506 Frame=341 FileNum=20 SX=160 SY=0 W=32 H=32 X=512 Y=160
2026-08-21 01:48:04 [INFO] Grh=1507 Frame=342 FileNum=20 SX=192 SY=0 W=32 H=32 X=544 Y=160
2026-08-21 01:48:04 [INFO] Grh=1513 Frame=348 FileNum=20 SX=128 SY=64 W=32 H=32 X=-32 Y=192
2026-08-21 01:48:04 [INFO] Grh=1514 Frame=349 FileNum=20 SX=160 SY=64 W=32 H=32 X=0 Y=192
2026-08-21 01:48:04 [INFO] Grh=1515 Frame=350 FileNum=20 SX=192 SY=64 W=32 H=32 X=32 Y=192
2026-08-21 01:48:04 [INFO] Grh=1516 Frame=351 FileNum=20 SX=224 SY=64 W=32 H=32 X=64 Y=192
2026-08-21 01:48:04 [INFO] Grh=1513 Frame=348 FileNum=20 SX=128 SY=64 W=32 H=32 X=96 Y=192
2026-08-21 01:48:04 [INFO] Grh=1514 Frame=349 FileNum=20 SX=160 SY=64 W=32 H=32 X=128 Y=192
2026-08-21 01:48:04 [INFO] Grh=1515 Frame=350 FileNum=20 SX=192 SY=64 W=32 H=32 X=160 Y=192
2026-08-21 01:48:04 [INFO] Grh=1516 Frame=351 FileNum=20 SX=224 SY=64 W=32 H=32 X=192 Y=192
2026-08-21 01:48:04 [INFO] Grh=1513 Frame=348 FileNum=20 SX=128 SY=64 W=32 H=32 X=224 Y=192
2026-08-21 01:48:04 [INFO] Grh=1514 Frame=349 FileNum=20 SX=160 SY=64 W=32 H=32 X=256 Y=192
2026-08-21 01:48:04 [INFO] Grh=1515 Frame=350 FileNum=20 SX=192 SY=64 W=32 H=32 X=288 Y=192
2026-08-21 01:48:04 [INFO] Grh=1516 Frame=351 FileNum=20 SX=224 SY=64 W=32 H=32 X=320 Y=192
2026-08-21 01:48:04 [INFO] Grh=1513 Frame=348 FileNum=20 SX=128 SY=64 W=32 H=32 X=352 Y=192
2026-08-21 01:48:04 [INFO] Grh=1514 Frame=349 FileNum=20 SX=160 SY=64 W=32 H=32 X=384 Y=192
2026-08-21 01:48:04 [INFO] Grh=1515 Frame=350 FileNum=20 SX=192 SY=64 W=32 H=32 X=416 Y=192
2026-08-21 01:48:04 [INFO] Grh=1516 Frame=351 FileNum=20 SX=224 SY=64 W=32 H=32 X=448 Y=192
2026-08-21 01:48:04 [INFO] Grh=1513 Frame=348 FileNum=20 SX=128 SY=64 W=32 H=32 X=480 Y=192
2026-08-21 01:48:04 [INFO] Grh=1514 Frame=349 FileNum=20 SX=160 SY=64 W=32 H=32 X=512 Y=192
2026-08-21 01:48:04 [INFO] Grh=1515 Frame=350 FileNum=20 SX=192 SY=64 W=32 H=32 X=544 Y=192
2026-08-21 01:48:05 [INFO] Grh=6000 Frame=6000 FileNum=6000 SX=0 SY=0 W=32 H=32 X=-32 Y=-32
2026-08-21 01:48:05 [INFO] Grh=6001 Frame=6001 FileNum=6000 SX=32 SY=0 W=32 H=32 X=0 Y=-32
2026-08-21 01:48:05 [INFO] Grh=6002 Frame=6002 FileNum=6000 SX=64 SY=0 W=32 H=32 X=32 Y=-32
2026-08-21 01:48:05 [INFO] Grh=6003 Frame=6003 FileNum=6000 SX=96 SY=0 W=32 H=32 X=64 Y=-32
2026-08-21 01:48:05 [INFO] Grh=6000 Frame=6000 FileNum=6000 SX=0 SY=0 W=32 H=32 X=96 Y=-32
2026-08-21 01:48:05 [INFO] Grh=6001 Frame=6001 FileNum=6000 SX=32 SY=0 W=32 H=32 X=128 Y=-32
2026-08-21 01:48:05 [INFO] Grh=6002 Frame=6002 FileNum=6000 SX=64 SY=0 W=32 H=32 X=160 Y=-32
2026-08-21 01:48:05 [INFO] Grh=6003 Frame=6003 FileNum=6000 SX=96 SY=0 W=32 H=32 X=192 Y=-32
2026-08-21 01:48:05 [INFO] Grh=6000 Frame=6000 FileNum=6000 SX=0 SY=0 W=32 H=32 X=224 Y=-32
2026-08-21 01:48:05 [INFO] Grh=6001 Frame=6001 FileNum=6000 SX=32 SY=0 W=32 H=32 X=256 Y=-32
2026-08-21 01:48:05 [INFO] Grh=6002 Frame=6002 FileNum=6000 SX=64 SY=0 W=32 H=32 X=288 Y=-32
2026-08-21 01:48:05 [INFO] Grh=6003 Frame=6003 FileNum=6000 SX=96 SY=0 W=32 H=32 X=320 Y=-32
2026-08-21 01:48:05 [INFO] Grh=6000 Frame=6000 FileNum=6000 SX=0 SY=0 W=32 H=32 X=352 Y=-32
2026-08-21 01:48:05 [INFO] Grh=6001 Frame=6001 FileNum=6000 SX=32 SY=0 W=32 H=32 X=384 Y=-32
2026-08-21 01:48:05 [INFO] Grh=6002 Frame=6002 FileNum=6000 SX=64 SY=0 W=32 H=32 X=416 Y=-32
2026-08-21 01:48:05 [INFO] Grh=6003 Frame=6003 FileNum=6000 SX=96 SY=0 W=32 H=32 X=448 Y=-32
2026-08-21 01:48:05 [INFO] Grh=6000 Frame=6000 FileNum=6000 SX=0 SY=0 W=32 H=32 X=480 Y=-32
2026-08-21 01:48:05 [INFO] Grh=6001 Frame=6001 FileNum=6000 SX=32 SY=0 W=32 H=32 X=512 Y=-32
2026-08-21 01:48:05 [INFO] Grh=6002 Frame=6002 FileNum=6000 SX=64 SY=0 W=32 H=32 X=544 Y=-32
2026-08-21 01:48:05 [INFO] Grh=6008 Frame=6008 FileNum=6000 SX=0 SY=64 W=32 H=32 X=-32 Y=0
2026-08-21 01:48:05 [INFO] Grh=6009 Frame=6009 FileNum=6000 SX=32 SY=64 W=32 H=32 X=0 Y=0
2026-08-21 01:48:05 [INFO] Grh=6010 Frame=6010 FileNum=6000 SX=64 SY=64 W=32 H=32 X=32 Y=0
2026-08-21 01:48:05 [INFO] Grh=6011 Frame=6011 FileNum=6000 SX=96 SY=64 W=32 H=32 X=64 Y=0
2026-08-21 01:48:05 [INFO] Grh=6008 Frame=6008 FileNum=6000 SX=0 SY=64 W=32 H=32 X=96 Y=0
2026-08-21 01:48:05 [INFO] Grh=6009 Frame=6009 FileNum=6000 SX=32 SY=64 W=32 H=32 X=128 Y=0
2026-08-21 01:48:05 [INFO] Grh=6010 Frame=6010 FileNum=6000 SX=64 SY=64 W=32 H=32 X=160 Y=0
2026-08-21 01:48:05 [INFO] Grh=6011 Frame=6011 FileNum=6000 SX=96 SY=64 W=32 H=32 X=192 Y=0
2026-08-21 01:48:05 [INFO] Grh=6008 Frame=6008 FileNum=6000 SX=0 SY=64 W=32 H=32 X=224 Y=0
2026-08-21 01:48:05 [INFO] Grh=6009 Frame=6009 FileNum=6000 SX=32 SY=64 W=32 H=32 X=256 Y=0
2026-08-21 01:48:05 [INFO] Grh=6010 Frame=6010 FileNum=6000 SX=64 SY=64 W=32 H=32 X=288 Y=0
2026-08-21 01:48:05 [INFO] Grh=6011 Frame=6011 FileNum=6000 SX=96 SY=64 W=32 H=32 X=320 Y=0
2026-08-21 01:48:05 [INFO] Grh=6008 Frame=6008 FileNum=6000 SX=0 SY=64 W=32 H=32 X=352 Y=0
2026-08-21 01:48:05 [INFO] Grh=6009 Frame=6009 FileNum=6000 SX=32 SY=64 W=32 H=32 X=384 Y=0
2026-08-21 01:48:05 [INFO] Grh=6010 Frame=6010 FileNum=6000 SX=64 SY=64 W=32 H=32 X=416 Y=0
2026-08-21 01:48:05 [INFO] Grh=6011 Frame=6011 FileNum=6000 SX=96 SY=64 W=32 H=32 X=448 Y=0
2026-08-21 01:48:05 [INFO] Grh=6008 Frame=6008 FileNum=6000 SX=0 SY=64 W=32 H=32 X=480 Y=0
2026-08-21 01:48:05 [INFO] Grh=6009 Frame=6009 FileNum=6000 SX=32 SY=64 W=32 H=32 X=512 Y=0
2026-08-21 01:48:05 [INFO] Grh=6010 Frame=6010 FileNum=6000 SX=64 SY=64 W=32 H=32 X=544 Y=0
2026-08-21 01:48:05 [INFO] Grh=1505 Frame=340 FileNum=20 SX=128 SY=0 W=32 H=32 X=-32 Y=32
2026-08-21 01:48:05 [INFO] Grh=1506 Frame=341 FileNum=20 SX=160 SY=0 W=32 H=32 X=0 Y=32
2026-08-21 01:48:05 [INFO] Grh=1507 Frame=342 FileNum=20 SX=192 SY=0 W=32 H=32 X=32 Y=32
2026-08-21 01:48:05 [INFO] Grh=1508 Frame=343 FileNum=20 SX=224 SY=0 W=32 H=32 X=64 Y=32
2026-08-21 01:48:05 [INFO] Grh=1505 Frame=340 FileNum=20 SX=128 SY=0 W=32 H=32 X=96 Y=32
2026-08-21 01:48:05 [INFO] Grh=1506 Frame=341 FileNum=20 SX=160 SY=0 W=32 H=32 X=128 Y=32
2026-08-21 01:48:05 [INFO] Grh=1507 Frame=342 FileNum=20 SX=192 SY=0 W=32 H=32 X=160 Y=32
2026-08-21 01:48:05 [INFO] Grh=1508 Frame=343 FileNum=20 SX=224 SY=0 W=32 H=32 X=192 Y=32
2026-08-21 01:48:05 [INFO] Grh=1505 Frame=340 FileNum=20 SX=128 SY=0 W=32 H=32 X=224 Y=32
2026-08-21 01:48:05 [INFO] Grh=1506 Frame=341 FileNum=20 SX=160 SY=0 W=32 H=32 X=256 Y=32
2026-08-21 01:48:05 [INFO] Grh=1507 Frame=342 FileNum=20 SX=192 SY=0 W=32 H=32 X=288 Y=32
2026-08-21 01:48:05 [INFO] Grh=1508 Frame=343 FileNum=20 SX=224 SY=0 W=32 H=32 X=320 Y=32
2026-08-21 01:48:05 [INFO] Grh=1505 Frame=340 FileNum=20 SX=128 SY=0 W=32 H=32 X=352 Y=32
2026-08-21 01:48:05 [INFO] Grh=1506 Frame=341 FileNum=20 SX=160 SY=0 W=32 H=32 X=384 Y=32
2026-08-21 01:48:05 [INFO] Grh=1507 Frame=342 FileNum=20 SX=192 SY=0 W=32 H=32 X=416 Y=32
2026-08-21 01:48:05 [INFO] Grh=1508 Frame=343 FileNum=20 SX=224 SY=0 W=32 H=32 X=448 Y=32
2026-08-21 01:48:05 [INFO] Grh=1505 Frame=340 FileNum=20 SX=128 SY=0 W=32 H=32 X=480 Y=32
2026-08-21 01:48:05 [INFO] Grh=1506 Frame=341 FileNum=20 SX=160 SY=0 W=32 H=32 X=512 Y=32
2026-08-21 01:48:05 [INFO] Grh=1507 Frame=342 FileNum=20 SX=192 SY=0 W=32 H=32 X=544 Y=32
2026-08-21 01:48:05 [INFO] Grh=1513 Frame=348 FileNum=20 SX=128 SY=64 W=32 H=32 X=-32 Y=64
2026-08-21 01:48:05 [INFO] Grh=1514 Frame=349 FileNum=20 SX=160 SY=64 W=32 H=32 X=0 Y=64
2026-08-21 01:48:05 [INFO] Grh=1515 Frame=350 FileNum=20 SX=192 SY=64 W=32 H=32 X=32 Y=64
2026-08-21 01:48:05 [INFO] Grh=1516 Frame=351 FileNum=20 SX=224 SY=64 W=32 H=32 X=64 Y=64
2026-08-21 01:48:05 [INFO] Grh=1513 Frame=348 FileNum=20 SX=128 SY=64 W=32 H=32 X=96 Y=64
2026-08-21 01:48:05 [INFO] Grh=1514 Frame=349 FileNum=20 SX=160 SY=64 W=32 H=32 X=128 Y=64
2026-08-21 01:48:05 [INFO] Grh=1515 Frame=350 FileNum=20 SX=192 SY=64 W=32 H=32 X=160 Y=64
2026-08-21 01:48:05 [INFO] Grh=1516 Frame=351 FileNum=20 SX=224 SY=64 W=32 H=32 X=192 Y=64
2026-08-21 01:48:05 [INFO] Grh=1513 Frame=348 FileNum=20 SX=128 SY=64 W=32 H=32 X=224 Y=64
2026-08-21 01:48:05 [INFO] Grh=1514 Frame=349 FileNum=20 SX=160 SY=64 W=32 H=32 X=256 Y=64
2026-08-21 01:48:05 [INFO] Grh=1515 Frame=350 FileNum=20 SX=192 SY=64 W=32 H=32 X=288 Y=64
2026-08-21 01:48:05 [INFO] Grh=1516 Frame=351 FileNum=20 SX=224 SY=64 W=32 H=32 X=320 Y=64
2026-08-21 01:48:05 [INFO] Grh=1513 Frame=348 FileNum=20 SX=128 SY=64 W=32 H=32 X=352 Y=64
2026-08-21 01:48:05 [INFO] Grh=1514 Frame=349 FileNum=20 SX=160 SY=64 W=32 H=32 X=384 Y=64
2026-08-21 01:48:05 [INFO] Grh=1515 Frame=350 FileNum=20 SX=192 SY=64 W=32 H=32 X=416 Y=64
2026-08-21 01:48:05 [INFO] Grh=1516 Frame=351 FileNum=20 SX=224 SY=64 W=32 H=32 X=448 Y=64
2026-08-21 01:48:05 [INFO] Grh=1513 Frame=348 FileNum=20 SX=128 SY=64 W=32 H=32 X=480 Y=64
2026-08-21 01:48:05 [INFO] Grh=1514 Frame=349 FileNum=20 SX=160 SY=64 W=32 H=32 X=512 Y=64
2026-08-21 01:48:05 [INFO] Grh=1515 Frame=350 FileNum=20 SX=192 SY=64 W=32 H=32 X=544 Y=64
2026-08-21 01:48:05 [INFO] Grh=1505 Frame=340 FileNum=20 SX=128 SY=0 W=32 H=32 X=-32 Y=96
2026-08-21 01:48:05 [INFO] Grh=1506 Frame=341 FileNum=20 SX=160 SY=0 W=32 H=32 X=0 Y=96
2026-08-21 01:48:05 [INFO] Grh=1507 Frame=342 FileNum=20 SX=192 SY=0 W=32 H=32 X=32 Y=96
2026-08-21 01:48:05 [INFO] Grh=1508 Frame=343 FileNum=20 SX=224 SY=0 W=32 H=32 X=64 Y=96
2026-08-21 01:48:05 [INFO] Grh=1505 Frame=340 FileNum=20 SX=128 SY=0 W=32 H=32 X=96 Y=96
2026-08-21 01:48:05 [INFO] Grh=1506 Frame=341 FileNum=20 SX=160 SY=0 W=32 H=32 X=128 Y=96
2026-08-21 01:48:05 [INFO] Grh=1507 Frame=342 FileNum=20 SX=192 SY=0 W=32 H=32 X=160 Y=96
2026-08-21 01:48:05 [INFO] Grh=1508 Frame=343 FileNum=20 SX=224 SY=0 W=32 H=32 X=192 Y=96
2026-08-21 01:48:05 [INFO] Grh=1505 Frame=340 FileNum=20 SX=128 SY=0 W=32 H=32 X=224 Y=96
2026-08-21 01:48:05 [INFO] Grh=1506 Frame=341 FileNum=20 SX=160 SY=0 W=32 H=32 X=256 Y=96
2026-08-21 01:48:05 [INFO] Grh=1507 Frame=342 FileNum=20 SX=192 SY=0 W=32 H=32 X=288 Y=96
2026-08-21 01:48:05 [INFO] Grh=1508 Frame=343 FileNum=20 SX=224 SY=0 W=32 H=32 X=320 Y=96
2026-08-21 01:48:05 [INFO] Grh=1505 Frame=340 FileNum=20 SX=128 SY=0 W=32 H=32 X=352 Y=96
2026-08-21 01:48:05 [INFO] Grh=1506 Frame=341 FileNum=20 SX=160 SY=0 W=32 H=32 X=384 Y=96
2026-08-21 01:48:05 [INFO] Grh=1507 Frame=342 FileNum=20 SX=192 SY=0 W=32 H=32 X=416 Y=96
2026-08-21 01:48:05 [INFO] Grh=1508 Frame=343 FileNum=20 SX=224 SY=0 W=32 H=32 X=448 Y=96
2026-08-21 01:48:05 [INFO] Grh=1505 Frame=340 FileNum=20 SX=128 SY=0 W=32 H=32 X=480 Y=96
2026-08-21 01:48:05 [INFO] Grh=1506 Frame=341 FileNum=20 SX=160 SY=0 W=32 H=32 X=512 Y=96
2026-08-21 01:48:05 [INFO] Grh=1507 Frame=342 FileNum=20 SX=192 SY=0 W=32 H=32 X=544 Y=96
2026-08-21 01:48:05 [INFO] Grh=1513 Frame=348 FileNum=20 SX=128 SY=64 W=32 H=32 X=-32 Y=128
2026-08-21 01:48:05 [INFO] Grh=1514 Frame=349 FileNum=20 SX=160 SY=64 W=32 H=32 X=0 Y=128
2026-08-21 01:48:05 [INFO] Grh=1515 Frame=350 FileNum=20 SX=192 SY=64 W=32 H=32 X=32 Y=128
2026-08-21 01:48:05 [INFO] Grh=1516 Frame=351 FileNum=20 SX=224 SY=64 W=32 H=32 X=64 Y=128
2026-08-21 01:48:05 [INFO] Grh=1513 Frame=348 FileNum=20 SX=128 SY=64 W=32 H=32 X=96 Y=128
2026-08-21 01:48:05 [INFO] Grh=1514 Frame=349 FileNum=20 SX=160 SY=64 W=32 H=32 X=128 Y=128
2026-08-21 01:48:05 [INFO] Grh=1515 Frame=350 FileNum=20 SX=192 SY=64 W=32 H=32 X=160 Y=128
2026-08-21 01:48:05 [INFO] Grh=1516 Frame=351 FileNum=20 SX=224 SY=64 W=32 H=32 X=192 Y=128
2026-08-21 01:48:05 [INFO] Grh=1513 Frame=348 FileNum=20 SX=128 SY=64 W=32 H=32 X=224 Y=128
2026-08-21 01:48:05 [INFO] Grh=1514 Frame=349 FileNum=20 SX=160 SY=64 W=32 H=32 X=256 Y=128
2026-08-21 01:48:05 [INFO] Grh=1515 Frame=350 FileNum=20 SX=192 SY=64 W=32 H=32 X=288 Y=128
2026-08-21 01:48:05 [INFO] Grh=1516 Frame=351 FileNum=20 SX=224 SY=64 W=32 H=32 X=320 Y=128
2026-08-21 01:48:05 [INFO] Grh=1513 Frame=348 FileNum=20 SX=128 SY=64 W=32 H=32 X=352 Y=128
2026-08-21 01:48:05 [INFO] Grh=1514 Frame=349 FileNum=20 SX=160 SY=64 W=32 H=32 X=384 Y=128
2026-08-21 01:48:05 [INFO] Grh=1515 Frame=350 FileNum=20 SX=192 SY=64 W=32 H=32 X=416 Y=128
2026-08-21 01:48:05 [INFO] Grh=1516 Frame=351 FileNum=20 SX=224 SY=64 W=32 H=32 X=448 Y=128
2026-08-21 01:48:05 [INFO] Grh=1513 Frame=348 FileNum=20 SX=128 SY=64 W=32 H=32 X=480 Y=128
2026-08-21 01:48:05 [INFO] Grh=1514 Frame=349 FileNum=20 SX=160 SY=64 W=32 H=32 X=512 Y=128
2026-08-21 01:48:05 [INFO] Grh=1515 Frame=350 FileNum=20 SX=192 SY=64 W=32 H=32 X=544 Y=128
2026-08-21 01:48:05 [INFO] Grh=1505 Frame=340 FileNum=20 SX=128 SY=0 W=32 H=32 X=-32 Y=160
2026-08-21 01:48:05 [INFO] Grh=1506 Frame=341 FileNum=20 SX=160 SY=0 W=32 H=32 X=0 Y=160
2026-08-21 01:48:05 [INFO] Grh=1507 Frame=342 FileNum=20 SX=192 SY=0 W=32 H=32 X=32 Y=160
2026-08-21 01:48:05 [INFO] Grh=1508 Frame=343 FileNum=20 SX=224 SY=0 W=32 H=32 X=64 Y=160
2026-08-21 01:48:05 [INFO] Grh=1505 Frame=340 FileNum=20 SX=128 SY=0 W=32 H=32 X=96 Y=160
2026-08-21 01:48:05 [INFO] Grh=1506 Frame=341 FileNum=20 SX=160 SY=0 W=32 H=32 X=128 Y=160
2026-08-21 01:48:05 [INFO] Grh=1507 Frame=342 FileNum=20 SX=192 SY=0 W=32 H=32 X=160 Y=160
2026-08-21 01:48:05 [INFO] Grh=1508 Frame=343 FileNum=20 SX=224 SY=0 W=32 H=32 X=192 Y=160
2026-08-21 01:48:05 [INFO] Grh=1505 Frame=340 FileNum=20 SX=128 SY=0 W=32 H=32 X=224 Y=160
2026-08-21 01:48:05 [INFO] Grh=1506 Frame=341 FileNum=20 SX=160 SY=0 W=32 H=32 X=256 Y=160
2026-08-21 01:48:05 [INFO] Grh=1507 Frame=342 FileNum=20 SX=192 SY=0 W=32 H=32 X=288 Y=160
2026-08-21 01:48:05 [INFO] Grh=1508 Frame=343 FileNum=20 SX=224 SY=0 W=32 H=32 X=320 Y=160
2026-08-21 01:48:05 [INFO] Grh=1505 Frame=340 FileNum=20 SX=128 SY=0 W=32 H=32 X=352 Y=160
2026-08-21 01:48:05 [INFO] Grh=1506 Frame=341 FileNum=20 SX=160 SY=0 W=32 H=32 X=384 Y=160
2026-08-21 01:48:05 [INFO] Grh=1507 Frame=342 FileNum=20 SX=192 SY=0 W=32 H=32 X=416 Y=160
2026-08-21 01:48:05 [INFO] Grh=1508 Frame=343 FileNum=20 SX=224 SY=0 W=32 H=32 X=448 Y=160
2026-08-21 01:48:05 [INFO] Grh=1505 Frame=340 FileNum=20 SX=128 SY=0 W=32 H=32 X=480 Y=160
2026-08-21 01:48:05 [INFO] Grh=1506 Frame=341 FileNum=20 SX=160 SY=0 W=32 H=32 X=512 Y=160
2026-08-21 01:48:05 [INFO] Grh=1507 Frame=342 FileNum=20 SX=192 SY=0 W=32 H=32 X=544 Y=160
2026-08-21 01:48:05 [INFO] Grh=1513 Frame=348 FileNum=20 SX=128 SY=64 W=32 H=32 X=-32 Y=192
2026-08-21 01:48:05 [INFO] Grh=1514 Frame=349 FileNum=20 SX=160 SY=64 W=32 H=32 X=0 Y=192
2026-08-21 01:48:05 [INFO] Grh=1515 Frame=350 FileNum=20 SX=192 SY=64 W=32 H=32 X=32 Y=192
2026-08-21 01:48:05 [INFO] Grh=1516 Frame=351 FileNum=20 SX=224 SY=64 W=32 H=32 X=64 Y=192
2026-08-21 01:48:05 [INFO] Grh=1513 Frame=348 FileNum=20 SX=128 SY=64 W=32 H=32 X=96 Y=192
2026-08-21 01:48:05 [INFO] Grh=1514 Frame=349 FileNum=20 SX=160 SY=64 W=32 H=32 X=128 Y=192
2026-08-21 01:48:05 [INFO] Grh=1515 Frame=350 FileNum=20 SX=192 SY=64 W=32 H=32 X=160 Y=192
2026-08-21 01:48:05 [INFO] Grh=1516 Frame=351 FileNum=20 SX=224 SY=64 W=32 H=32 X=192 Y=192
2026-08-21 01:48:05 [INFO] Grh=1513 Frame=348 FileNum=20 SX=128 SY=64 W=32 H=32 X=224 Y=192
2026-08-21 01:48:05 [INFO] Grh=1514 Frame=349 FileNum=20 SX=160 SY=64 W=32 H=32 X=256 Y=192
2026-08-21 01:48:05 [INFO] Grh=1515 Frame=350 FileNum=20 SX=192 SY=64 W=32 H=32 X=288 Y=192
2026-08-21 01:48:05 [INFO] Grh=1516 Frame=351 FileNum=20 SX=224 SY=64 W=32 H=32 X=320 Y=192
2026-08-21 01:48:05 [INFO] Grh=1513 Frame=348 FileNum=20 SX=128 SY=64 W=32 H=32 X=352 Y=192
2026-08-21 01:48:05 [INFO] Grh=1514 Frame=349 FileNum=20 SX=160 SY=64 W=32 H=32 X=384 Y=192
2026-08-21 01:48:05 [INFO] Grh=1515 Frame=350 FileNum=20 SX=192 SY=64 W=32 H=32 X=416 Y=192
2026-08-21 01:48:05 [INFO] Grh=1516 Frame=351 FileNum=20 SX=224 SY=64 W=32 H=32 X=448 Y=192
2026-08-21 01:48:05 [INFO] Grh=1513 Frame=348 FileNum=20 SX=128 SY=64 W=32 H=32 X=480 Y=192
2026-08-21 01:48:05 [INFO] Grh=1514 Frame=349 FileNum=20 SX=160 SY=64 W=32 H=32 X=512 Y=192
2026-08-21 01:48:05 [INFO] Grh=1515 Frame=350 FileNum=20 SX=192 SY=64 W=32 H=32 X=544 Y=192
2026-08-21 01:48:05 [INFO] Grh=6000 Frame=6000 FileNum=6000 SX=0 SY=0 W=32 H=32 X=-32 Y=-32
2026-08-21 01:48:05 [INFO] Grh=6001 Frame=6001 FileNum=6000 SX=32 SY=0 W=32 H=32 X=0 Y=-32
2026-08-21 01:48:05 [INFO] Grh=6002 Frame=6002 FileNum=6000 SX=64 SY=0 W=32 H=32 X=32 Y=-32
2026-08-21 01:48:05 [INFO] Grh=6003 Frame=6003 FileNum=6000 SX=96 SY=0 W=32 H=32 X=64 Y=-32
2026-08-21 01:48:05 [INFO] Grh=6000 Frame=6000 FileNum=6000 SX=0 SY=0 W=32 H=32 X=96 Y=-32
2026-08-21 01:48:05 [INFO] Grh=6001 Frame=6001 FileNum=6000 SX=32 SY=0 W=32 H=32 X=128 Y=-32
2026-08-21 01:48:05 [INFO] Grh=6002 Frame=6002 FileNum=6000 SX=64 SY=0 W=32 H=32 X=160 Y=-32
2026-08-21 01:48:05 [INFO] Grh=6003 Frame=6003 FileNum=6000 SX=96 SY=0 W=32 H=32 X=192 Y=-32
2026-08-21 01:48:05 [INFO] Grh=6000 Frame=6000 FileNum=6000 SX=0 SY=0 W=32 H=32 X=224 Y=-32
2026-08-21 01:48:05 [INFO] Grh=6001 Frame=6001 FileNum=6000 SX=32 SY=0 W=32 H=32 X=256 Y=-32
2026-08-21 01:48:05 [INFO] Grh=6002 Frame=6002 FileNum=6000 SX=64 SY=0 W=32 H=32 X=288 Y=-32
2026-08-21 01:48:05 [INFO] Grh=6003 Frame=6003 FileNum=6000 SX=96 SY=0 W=32 H=32 X=320 Y=-32
2026-08-21 01:48:05 [INFO] Grh=6000 Frame=6000 FileNum=6000 SX=0 SY=0 W=32 H=32 X=352 Y=-32
2026-08-21 01:48:05 [INFO] Grh=6001 Frame=6001 FileNum=6000 SX=32 SY=0 W=32 H=32 X=384 Y=-32
2026-08-21 01:48:05 [INFO] Grh=6002 Frame=6002 FileNum=6000 SX=64 SY=0 W=32 H=32 X=416 Y=-32
2026-08-21 01:48:05 [INFO] Grh=6003 Frame=6003 FileNum=6000 SX=96 SY=0 W=32 H=32 X=448 Y=-32
2026-08-21 01:48:05 [INFO] Grh=6000 Frame=6000 FileNum=6000 SX=0 SY=0 W=32 H=32 X=480 Y=-32
2026-08-21 01:48:05 [INFO] Grh=6001 Frame=6001 FileNum=6000 SX=32 SY=0 W=32 H=32 X=512 Y=-32
2026-08-21 01:48:05 [INFO] Grh=6002 Frame=6002 FileNum=6000 SX=64 SY=0 W=32 H=32 X=544 Y=-32
2026-08-21 01:48:05 [INFO] Grh=6008 Frame=6008 FileNum=6000 SX=0 SY=64 W=32 H=32 X=-32 Y=0
2026-08-21 01:48:05 [INFO] Grh=6009 Frame=6009 FileNum=6000 SX=32 SY=64 W=32 H=32 X=0 Y=0
2026-08-21 01:48:05 [INFO] Grh=6010 Frame=6010 FileNum=6000 SX=64 SY=64 W=32 H=32 X=32 Y=0
2026-08-21 01:48:05 [INFO] Grh=6011 Frame=6011 FileNum=6000 SX=96 SY=64 W=32 H=32 X=64 Y=0
2026-08-21 01:48:05 [INFO] Grh=6008 Frame=6008 FileNum=6000 SX=0 SY=64 W=32 H=32 X=96 Y=0
2026-08-21 01:48:05 [INFO] Grh=6009 Frame=6009 FileNum=6000 SX=32 SY=64 W=32 H=32 X=128 Y=0
2026-08-21 01:48:05 [INFO] Grh=6010 Frame=6010 FileNum=6000 SX=64 SY=64 W=32 H=32 X=160 Y=0
2026-08-21 01:48:05 [INFO] Grh=6011 Frame=6011 FileNum=6000 SX=96 SY=64 W=32 H=32 X=192 Y=0
2026-08-21 01:48:05 [INFO] Grh=6008 Frame=6008 FileNum=6000 SX=0 SY=64 W=32 H=32 X=224 Y=0
2026-08-21 01:48:05 [INFO] Grh=6009 Frame=6009 FileNum=6000 SX=32 SY=64 W=32 H=32 X=256 Y=0
2026-08-21 01:48:05 [INFO] Grh=6010 Frame=6010 FileNum=6000 SX=64 SY=64 W=32 H=32 X=288 Y=0
2026-08-21 01:48:05 [INFO] Grh=6011 Frame=6011 FileNum=6000 SX=96 SY=64 W=32 H=32 X=320 Y=0
2026-08-21 01:48:05 [INFO] Grh=6008 Frame=6008 FileNum=6000 SX=0 SY=64 W=32 H=32 X=352 Y=0
2026-08-21 01:48:05 [INFO] Grh=6009 Frame=6009 FileNum=6000 SX=32 SY=64 W=32 H=32 X=384 Y=0
2026-08-21 01:48:05 [INFO] Grh=6010 Frame=6010 FileNum=6000 SX=64 SY=64 W=32 H=32 X=416 Y=0
2026-08-21 01:48:05 [INFO] Grh=6011 Frame=6011 FileNum=6000 SX=96 SY=64 W=32 H=32 X=448 Y=0
2026-08-21 01:48:05 [INFO] Grh=6008 Frame=6008 FileNum=6000 SX=0 SY=64 W=32 H=32 X=480 Y=0
2026-08-21 01:48:05 [INFO] Grh=6009 Frame=6009 FileNum=6000 SX=32 SY=64 W=32 H=32 X=512 Y=0
2026-08-21 01:48:05 [INFO] Grh=6010 Frame=6010 FileNum=6000 SX=64 SY=64 W=32 H=32 X=544 Y=0
2026-08-21 01:48:05 [INFO] Grh=1505 Frame=356 FileNum=20 SX=256 SY=0 W=32 H=32 X=-32 Y=32
2026-08-21 01:48:05 [INFO] Grh=1506 Frame=357 FileNum=20 SX=288 SY=0 W=32 H=32 X=0 Y=32
2026-08-21 01:48:05 [INFO] Grh=1507 Frame=358 FileNum=20 SX=320 SY=0 W=32 H=32 X=32 Y=32
2026-08-21 01:48:05 [INFO] Grh=1508 Frame=359 FileNum=20 SX=352 SY=0 W=32 H=32 X=64 Y=32
2026-08-21 01:48:05 [INFO] Grh=1505 Frame=356 FileNum=20 SX=256 SY=0 W=32 H=32 X=96 Y=32
2026-08-21 01:48:05 [INFO] Grh=1506 Frame=357 FileNum=20 SX=288 SY=0 W=32 H=32 X=128 Y=32
2026-08-21 01:48:05 [INFO] Grh=1507 Frame=358 FileNum=20 SX=320 SY=0 W=32 H=32 X=160 Y=32
2026-08-21 01:48:05 [INFO] Grh=1508 Frame=359 FileNum=20 SX=352 SY=0 W=32 H=32 X=192 Y=32
2026-08-21 01:48:05 [INFO] Grh=1505 Frame=356 FileNum=20 SX=256 SY=0 W=32 H=32 X=224 Y=32
2026-08-21 01:48:05 [INFO] Grh=1506 Frame=357 FileNum=20 SX=288 SY=0 W=32 H=32 X=256 Y=32
2026-08-21 01:48:05 [INFO] Grh=1507 Frame=358 FileNum=20 SX=320 SY=0 W=32 H=32 X=288 Y=32
2026-08-21 01:48:05 [INFO] Grh=1508 Frame=359 FileNum=20 SX=352 SY=0 W=32 H=32 X=320 Y=32
2026-08-21 01:48:05 [INFO] Grh=1505 Frame=356 FileNum=20 SX=256 SY=0 W=32 H=32 X=352 Y=32
2026-08-21 01:48:05 [INFO] Grh=1506 Frame=357 FileNum=20 SX=288 SY=0 W=32 H=32 X=384 Y=32
2026-08-21 01:48:05 [INFO] Grh=1507 Frame=358 FileNum=20 SX=320 SY=0 W=32 H=32 X=416 Y=32
2026-08-21 01:48:05 [INFO] Grh=1508 Frame=359 FileNum=20 SX=352 SY=0 W=32 H=32 X=448 Y=32
2026-08-21 01:48:05 [INFO] Grh=1505 Frame=356 FileNum=20 SX=256 SY=0 W=32 H=32 X=480 Y=32
2026-08-21 01:48:05 [INFO] Grh=1506 Frame=357 FileNum=20 SX=288 SY=0 W=32 H=32 X=512 Y=32
2026-08-21 01:48:05 [INFO] Grh=1507 Frame=358 FileNum=20 SX=320 SY=0 W=32 H=32 X=544 Y=32
2026-08-21 01:48:05 [INFO] Grh=1513 Frame=364 FileNum=20 SX=256 SY=64 W=32 H=32 X=-32 Y=64
2026-08-21 01:48:05 [INFO] Grh=1514 Frame=365 FileNum=20 SX=288 SY=64 W=32 H=32 X=0 Y=64
2026-08-21 01:48:05 [INFO] Grh=1515 Frame=366 FileNum=20 SX=320 SY=64 W=32 H=32 X=32 Y=64
2026-08-21 01:48:05 [INFO] Grh=1516 Frame=367 FileNum=20 SX=352 SY=64 W=32 H=32 X=64 Y=64
2026-08-21 01:48:05 [INFO] Grh=1513 Frame=364 FileNum=20 SX=256 SY=64 W=32 H=32 X=96 Y=64
2026-08-21 01:48:05 [INFO] Grh=1514 Frame=365 FileNum=20 SX=288 SY=64 W=32 H=32 X=128 Y=64
2026-08-21 01:48:05 [INFO] Grh=1515 Frame=366 FileNum=20 SX=320 SY=64 W=32 H=32 X=160 Y=64
2026-08-21 01:48:05 [INFO] Grh=1516 Frame=367 FileNum=20 SX=352 SY=64 W=32 H=32 X=192 Y=64
2026-08-21 01:48:05 [INFO] Grh=1513 Frame=364 FileNum=20 SX=256 SY=64 W=32 H=32 X=224 Y=64
2026-08-21 01:48:05 [INFO] Grh=1514 Frame=365 FileNum=20 SX=288 SY=64 W=32 H=32 X=256 Y=64
2026-08-21 01:48:05 [INFO] Grh=1515 Frame=366 FileNum=20 SX=320 SY=64 W=32 H=32 X=288 Y=64
2026-08-21 01:48:05 [INFO] Grh=1516 Frame=367 FileNum=20 SX=352 SY=64 W=32 H=32 X=320 Y=64
2026-08-21 01:48:05 [INFO] Grh=1513 Frame=364 FileNum=20 SX=256 SY=64 W=32 H=32 X=352 Y=64
2026-08-21 01:48:05 [INFO] Grh=1514 Frame=365 FileNum=20 SX=288 SY=64 W=32 H=32 X=384 Y=64
2026-08-21 01:48:05 [INFO] Grh=1515 Frame=366 FileNum=20 SX=320 SY=64 W=32 H=32 X=416 Y=64
2026-08-21 01:48:05 [INFO] Grh=1516 Frame=367 FileNum=20 SX=352 SY=64 W=32 H=32 X=448 Y=64
2026-08-21 01:48:05 [INFO] Grh=1513 Frame=364 FileNum=20 SX=256 SY=64 W=32 H=32 X=480 Y=64
2026-08-21 01:48:05 [INFO] Grh=1514 Frame=365 FileNum=20 SX=288 SY=64 W=32 H=32 X=512 Y=64
2026-08-21 01:48:05 [INFO] Grh=1515 Frame=366 FileNum=20 SX=320 SY=64 W=32 H=32 X=544 Y=64
2026-08-21 01:48:05 [INFO] Grh=1505 Frame=356 FileNum=20 SX=256 SY=0 W=32 H=32 X=-32 Y=96
2026-08-21 01:48:05 [INFO] Grh=1506 Frame=357 FileNum=20 SX=288 SY=0 W=32 H=32 X=0 Y=96
2026-08-21 01:48:05 [INFO] Grh=1507 Frame=358 FileNum=20 SX=320 SY=0 W=32 H=32 X=32 Y=96
2026-08-21 01:48:05 [INFO] Grh=1508 Frame=359 FileNum=20 SX=352 SY=0 W=32 H=32 X=64 Y=96
2026-08-21 01:48:05 [INFO] Grh=1505 Frame=356 FileNum=20 SX=256 SY=0 W=32 H=32 X=96 Y=96
2026-08-21 01:48:05 [INFO] Grh=1506 Frame=357 FileNum=20 SX=288 SY=0 W=32 H=32 X=128 Y=96
2026-08-21 01:48:05 [INFO] Grh=1507 Frame=358 FileNum=20 SX=320 SY=0 W=32 H=32 X=160 Y=96
2026-08-21 01:48:05 [INFO] Grh=1508 Frame=359 FileNum=20 SX=352 SY=0 W=32 H=32 X=192 Y=96
2026-08-21 01:48:05 [INFO] Grh=1505 Frame=356 FileNum=20 SX=256 SY=0 W=32 H=32 X=224 Y=96
2026-08-21 01:48:05 [INFO] Grh=1506 Frame=357 FileNum=20 SX=288 SY=0 W=32 H=32 X=256 Y=96
2026-08-21 01:48:05 [INFO] Grh=1507 Frame=358 FileNum=20 SX=320 SY=0 W=32 H=32 X=288 Y=96
2026-08-21 01:48:05 [INFO] Grh=1508 Frame=359 FileNum=20 SX=352 SY=0 W=32 H=32 X=320 Y=96
2026-08-21 01:48:05 [INFO] Grh=1505 Frame=356 FileNum=20 SX=256 SY=0 W=32 H=32 X=352 Y=96
2026-08-21 01:48:05 [INFO] Grh=1506 Frame=357 FileNum=20 SX=288 SY=0 W=32 H=32 X=384 Y=96
2026-08-21 01:48:05 [INFO] Grh=1507 Frame=358 FileNum=20 SX=320 SY=0 W=32 H=32 X=416 Y=96
2026-08-21 01:48:05 [INFO] Grh=1508 Frame=359 FileNum=20 SX=352 SY=0 W=32 H=32 X=448 Y=96
2026-08-21 01:48:05 [INFO] Grh=1505 Frame=356 FileNum=20 SX=256 SY=0 W=32 H=32 X=480 Y=96
2026-08-21 01:48:06 [INFO] Grh=1506 Frame=357 FileNum=20 SX=288 SY=0 W=32 H=32 X=512 Y=96
2026-08-21 01:48:06 [INFO] Grh=1507 Frame=358 FileNum=20 SX=320 SY=0 W=32 H=32 X=544 Y=96
2026-08-21 01:48:06 [INFO] Grh=1513 Frame=364 FileNum=20 SX=256 SY=64 W=32 H=32 X=-32 Y=128
2026-08-21 01:48:06 [INFO] Grh=1514 Frame=365 FileNum=20 SX=288 SY=64 W=32 H=32 X=0 Y=128
2026-08-21 01:48:06 [INFO] Grh=1515 Frame=366 FileNum=20 SX=320 SY=64 W=32 H=32 X=32 Y=128
2026-08-21 01:48:06 [INFO] Grh=1516 Frame=367 FileNum=20 SX=352 SY=64 W=32 H=32 X=64 Y=128
2026-08-21 01:48:06 [INFO] Grh=1513 Frame=364 FileNum=20 SX=256 SY=64 W=32 H=32 X=96 Y=128
2026-08-21 01:48:06 [INFO] Grh=1514 Frame=365 FileNum=20 SX=288 SY=64 W=32 H=32 X=128 Y=128
2026-08-21 01:48:06 [INFO] Grh=1515 Frame=366 FileNum=20 SX=320 SY=64 W=32 H=32 X=160 Y=128
2026-08-21 01:48:06 [INFO] Grh=1516 Frame=367 FileNum=20 SX=352 SY=64 W=32 H=32 X=192 Y=128
2026-08-21 01:48:06 [INFO] Grh=1513 Frame=364 FileNum=20 SX=256 SY=64 W=32 H=32 X=224 Y=128
2026-08-21 01:48:06 [INFO] Grh=1514 Frame=365 FileNum=20 SX=288 SY=64 W=32 H=32 X=256 Y=128
2026-08-21 01:48:06 [INFO] Grh=1515 Frame=366 FileNum=20 SX=320 SY=64 W=32 H=32 X=288 Y=128
2026-08-21 01:48:06 [INFO] Grh=1516 Frame=367 FileNum=20 SX=352 SY=64 W=32 H=32 X=320 Y=128
2026-08-21 01:48:06 [INFO] Grh=1513 Frame=364 FileNum=20 SX=256 SY=64 W=32 H=32 X=352 Y=128
2026-08-21 01:48:06 [INFO] Grh=1514 Frame=365 FileNum=20 SX=288 SY=64 W=32 H=32 X=384 Y=128
2026-08-21 01:48:06 [INFO] Grh=1515 Frame=366 FileNum=20 SX=320 SY=64 W=32 H=32 X=416 Y=128
2026-08-21 01:48:06 [INFO] Grh=1516 Frame=367 FileNum=20 SX=352 SY=64 W=32 H=32 X=448 Y=128
2026-08-21 01:48:06 [INFO] Grh=1513 Frame=364 FileNum=20 SX=256 SY=64 W=32 H=32 X=480 Y=128
2026-08-21 01:48:06 [INFO] Grh=1514 Frame=365 FileNum=20 SX=288 SY=64 W=32 H=32 X=512 Y=128
2026-08-21 01:48:06 [INFO] Grh=1515 Frame=366 FileNum=20 SX=320 SY=64 W=32 H=32 X=544 Y=128
2026-08-21 01:48:06 [INFO] Grh=1505 Frame=356 FileNum=20 SX=256 SY=0 W=32 H=32 X=-32 Y=160
2026-08-21 01:48:06 [INFO] Grh=1506 Frame=357 FileNum=20 SX=288 SY=0 W=32 H=32 X=0 Y=160
2026-08-21 01:48:06 [INFO] Grh=1507 Frame=358 FileNum=20 SX=320 SY=0 W=32 H=32 X=32 Y=160
2026-08-21 01:48:06 [INFO] Grh=1508 Frame=359 FileNum=20 SX=352 SY=0 W=32 H=32 X=64 Y=160
2026-08-21 01:48:06 [INFO] Grh=1505 Frame=356 FileNum=20 SX=256 SY=0 W=32 H=32 X=96 Y=160
2026-08-21 01:48:06 [INFO] Grh=1506 Frame=357 FileNum=20 SX=288 SY=0 W=32 H=32 X=128 Y=160
2026-08-21 01:48:06 [INFO] Grh=1507 Frame=358 FileNum=20 SX=320 SY=0 W=32 H=32 X=160 Y=160
2026-08-21 01:48:06 [INFO] Grh=1508 Frame=359 FileNum=20 SX=352 SY=0 W=32 H=32 X=192 Y=160
2026-08-21 01:48:06 [INFO] Grh=1505 Frame=356 FileNum=20 SX=256 SY=0 W=32 H=32 X=224 Y=160
2026-08-21 01:48:06 [INFO] Grh=1506 Frame=357 FileNum=20 SX=288 SY=0 W=32 H=32 X=256 Y=160
2026-08-21 01:48:06 [INFO] Grh=1507 Frame=358 FileNum=20 SX=320 SY=0 W=32 H=32 X=288 Y=160
2026-08-21 01:48:06 [INFO] Grh=1508 Frame=359 FileNum=20 SX=352 SY=0 W=32 H=32 X=320 Y=160
2026-08-21 01:48:06 [INFO] Grh=1505 Frame=356 FileNum=20 SX=256 SY=0 W=32 H=32 X=352 Y=160
2026-08-21 01:48:06 [INFO] Grh=1506 Frame=357 FileNum=20 SX=288 SY=0 W=32 H=32 X=384 Y=160
2026-08-21 01:48:06 [INFO] Grh=1507 Frame=358 FileNum=20 SX=320 SY=0 W=32 H=32 X=416 Y=160
2026-08-21 01:48:06 [INFO] Grh=1508 Frame=359 FileNum=20 SX=352 SY=0 W=32 H=32 X=448 Y=160
2026-08-21 01:48:06 [INFO] Grh=1505 Frame=356 FileNum=20 SX=256 SY=0 W=32 H=32 X=480 Y=160
2026-08-21 01:48:06 [INFO] Grh=1506 Frame=357 FileNum=20 SX=288 SY=0 W=32 H=32 X=512 Y=160
2026-08-21 01:48:06 [INFO] Grh=1507 Frame=358 FileNum=20 SX=320 SY=0 W=32 H=32 X=544 Y=160
2026-08-21 01:48:06 [INFO] Grh=1513 Frame=364 FileNum=20 SX=256 SY=64 W=32 H=32 X=-32 Y=192
2026-08-21 01:48:06 [INFO] Grh=1514 Frame=365 FileNum=20 SX=288 SY=64 W=32 H=32 X=0 Y=192
2026-08-21 01:48:06 [INFO] Grh=1515 Frame=366 FileNum=20 SX=320 SY=64 W=32 H=32 X=32 Y=192
2026-08-21 01:48:06 [INFO] Grh=1516 Frame=367 FileNum=20 SX=352 SY=64 W=32 H=32 X=64 Y=192
2026-08-21 01:48:06 [INFO] Grh=1513 Frame=364 FileNum=20 SX=256 SY=64 W=32 H=32 X=96 Y=192
2026-08-21 01:48:06 [INFO] Grh=1514 Frame=365 FileNum=20 SX=288 SY=64 W=32 H=32 X=128 Y=192
2026-08-21 01:48:06 [INFO] Grh=1515 Frame=366 FileNum=20 SX=320 SY=64 W=32 H=32 X=160 Y=192
2026-08-21 01:48:06 [INFO] Grh=1516 Frame=367 FileNum=20 SX=352 SY=64 W=32 H=32 X=192 Y=192
2026-08-21 01:48:06 [INFO] Grh=1513 Frame=364 FileNum=20 SX=256 SY=64 W=32 H=32 X=224 Y=192
2026-08-21 01:48:06 [INFO] Grh=1514 Frame=365 FileNum=20 SX=288 SY=64 W=32 H=32 X=256 Y=192
2026-08-21 01:48:06 [INFO] Grh=1515 Frame=366 FileNum=20 SX=320 SY=64 W=32 H=32 X=288 Y=192
2026-08-21 01:48:06 [INFO] Grh=1516 Frame=367 FileNum=20 SX=352 SY=64 W=32 H=32 X=320 Y=192
2026-08-21 01:48:06 [INFO] Grh=1513 Frame=364 FileNum=20 SX=256 SY=64 W=32 H=32 X=352 Y=192
2026-08-21 01:48:06 [INFO] Grh=1514 Frame=365 FileNum=20 SX=288 SY=64 W=32 H=32 X=384 Y=192
2026-08-21 01:48:06 [INFO] Grh=1515 Frame=366 FileNum=20 SX=320 SY=64 W=32 H=32 X=416 Y=192
2026-08-21 01:48:06 [INFO] Grh=1516 Frame=367 FileNum=20 SX=352 SY=64 W=32 H=32 X=448 Y=192
2026-08-21 01:48:06 [INFO] Grh=1513 Frame=364 FileNum=20 SX=256 SY=64 W=32 H=32 X=480 Y=192
2026-08-21 01:48:06 [INFO] Grh=1514 Frame=365 FileNum=20 SX=288 SY=64 W=32 H=32 X=512 Y=192
2026-08-21 01:48:06 [INFO] Grh=1515 Frame=366 FileNum=20 SX=320 SY=64 W=32 H=32 X=544 Y=192
2026-08-21 01:48:06 [INFO] Grh=6000 Frame=6000 FileNum=6000 SX=0 SY=0 W=32 H=32 X=-32 Y=-32
2026-08-21 01:48:06 [INFO] Grh=6001 Frame=6001 FileNum=6000 SX=32 SY=0 W=32 H=32 X=0 Y=-32
2026-08-21 01:48:06 [INFO] Grh=6002 Frame=6002 FileNum=6000 SX=64 SY=0 W=32 H=32 X=32 Y=-32
2026-08-21 01:48:06 [INFO] Grh=6003 Frame=6003 FileNum=6000 SX=96 SY=0 W=32 H=32 X=64 Y=-32
2026-08-21 01:48:06 [INFO] Grh=6000 Frame=6000 FileNum=6000 SX=0 SY=0 W=32 H=32 X=96 Y=-32
2026-08-21 01:48:06 [INFO] Grh=6001 Frame=6001 FileNum=6000 SX=32 SY=0 W=32 H=32 X=128 Y=-32
2026-08-21 01:48:06 [INFO] Grh=6002 Frame=6002 FileNum=6000 SX=64 SY=0 W=32 H=32 X=160 Y=-32
2026-08-21 01:48:06 [INFO] Grh=6003 Frame=6003 FileNum=6000 SX=96 SY=0 W=32 H=32 X=192 Y=-32
2026-08-21 01:48:06 [INFO] Grh=6000 Frame=6000 FileNum=6000 SX=0 SY=0 W=32 H=32 X=224 Y=-32
2026-08-21 01:48:06 [INFO] Grh=6001 Frame=6001 FileNum=6000 SX=32 SY=0 W=32 H=32 X=256 Y=-32
2026-08-21 01:48:06 [INFO] Grh=6002 Frame=6002 FileNum=6000 SX=64 SY=0 W=32 H=32 X=288 Y=-32
2026-08-21 01:48:06 [INFO] Grh=6003 Frame=6003 FileNum=6000 SX=96 SY=0 W=32 H=32 X=320 Y=-32
2026-08-21 01:48:06 [INFO] Grh=6000 Frame=6000 FileNum=6000 SX=0 SY=0 W=32 H=32 X=352 Y=-32
2026-08-21 01:48:06 [INFO] Grh=6001 Frame=6001 FileNum=6000 SX=32 SY=0 W=32 H=32 X=384 Y=-32
2026-08-21 01:48:06 [INFO] Grh=6002 Frame=6002 FileNum=6000 SX=64 SY=0 W=32 H=32 X=416 Y=-32
2026-08-21 01:48:06 [INFO] Grh=6003 Frame=6003 FileNum=6000 SX=96 SY=0 W=32 H=32 X=448 Y=-32
2026-08-21 01:48:06 [INFO] Grh=6000 Frame=6000 FileNum=6000 SX=0 SY=0 W=32 H=32 X=480 Y=-32
2026-08-21 01:48:06 [INFO] Grh=6001 Frame=6001 FileNum=6000 SX=32 SY=0 W=32 H=32 X=512 Y=-32
2026-08-21 01:48:06 [INFO] Grh=6002 Frame=6002 FileNum=6000 SX=64 SY=0 W=32 H=32 X=544 Y=-32
2026-08-21 01:48:06 [INFO] Grh=6008 Frame=6008 FileNum=6000 SX=0 SY=64 W=32 H=32 X=-32 Y=0
2026-08-21 01:48:06 [INFO] Grh=6009 Frame=6009 FileNum=6000 SX=32 SY=64 W=32 H=32 X=0 Y=0
2026-08-21 01:48:06 [INFO] Grh=6010 Frame=6010 FileNum=6000 SX=64 SY=64 W=32 H=32 X=32 Y=0
2026-08-21 01:48:06 [INFO] Grh=6011 Frame=6011 FileNum=6000 SX=96 SY=64 W=32 H=32 X=64 Y=0
2026-08-21 01:48:06 [INFO] Grh=6008 Frame=6008 FileNum=6000 SX=0 SY=64 W=32 H=32 X=96 Y=0
2026-08-21 01:48:06 [INFO] Grh=6009 Frame=6009 FileNum=6000 SX=32 SY=64 W=32 H=32 X=128 Y=0
2026-08-21 01:48:06 [INFO] Grh=6010 Frame=6010 FileNum=6000 SX=64 SY=64 W=32 H=32 X=160 Y=0
2026-08-21 01:48:06 [INFO] Grh=6011 Frame=6011 FileNum=6000 SX=96 SY=64 W=32 H=32 X=192 Y=0
2026-08-21 01:48:06 [INFO] Grh=6008 Frame=6008 FileNum=6000 SX=0 SY=64 W=32 H=32 X=224 Y=0
2026-08-21 01:48:06 [INFO] Grh=6009 Frame=6009 FileNum=6000 SX=32 SY=64 W=32 H=32 X=256 Y=0
2026-08-21 01:48:06 [INFO] Grh=6010 Frame=6010 FileNum=6000 SX=64 SY=64 W=32 H=32 X=288 Y=0
2026-08-21 01:48:06 [INFO] Grh=6011 Frame=6011 FileNum=6000 SX=96 SY=64 W=32 H=32 X=320 Y=0
2026-08-21 01:48:06 [INFO] Grh=6008 Frame=6008 FileNum=6000 SX=0 SY=64 W=32 H=32 X=352 Y=0
2026-08-21 01:48:06 [INFO] Grh=6009 Frame=6009 FileNum=6000 SX=32 SY=64 W=32 H=32 X=384 Y=0
2026-08-21 01:48:06 [INFO] Grh=6010 Frame=6010 FileNum=6000 SX=64 SY=64 W=32 H=32 X=416 Y=0
2026-08-21 01:48:06 [INFO] Grh=6011 Frame=6011 FileNum=6000 SX=96 SY=64 W=32 H=32 X=448 Y=0
2026-08-21 01:48:06 [INFO] Grh=6008 Frame=6008 FileNum=6000 SX=0 SY=64 W=32 H=32 X=480 Y=0
2026-08-21 01:48:06 [INFO] Grh=6009 Frame=6009 FileNum=6000 SX=32 SY=64 W=32 H=32 X=512 Y=0
2026-08-21 01:48:06 [INFO] Grh=6010 Frame=6010 FileNum=6000 SX=64 SY=64 W=32 H=32 X=544 Y=0
2026-08-21 01:48:06 [INFO] Grh=1505 Frame=372 FileNum=20 SX=0 SY=128 W=32 H=32 X=-32 Y=32
2026-08-21 01:48:06 [INFO] Grh=1506 Frame=373 FileNum=20 SX=32 SY=128 W=32 H=32 X=0 Y=32
2026-08-21 01:48:06 [INFO] Grh=1507 Frame=374 FileNum=20 SX=64 SY=128 W=32 H=32 X=32 Y=32
2026-08-21 01:48:06 [INFO] Grh=1508 Frame=375 FileNum=20 SX=96 SY=128 W=32 H=32 X=64 Y=32
2026-08-21 01:48:06 [INFO] Grh=1505 Frame=372 FileNum=20 SX=0 SY=128 W=32 H=32 X=96 Y=32
2026-08-21 01:48:06 [INFO] Grh=1506 Frame=373 FileNum=20 SX=32 SY=128 W=32 H=32 X=128 Y=32
2026-08-21 01:48:06 [INFO] Grh=1507 Frame=374 FileNum=20 SX=64 SY=128 W=32 H=32 X=160 Y=32
2026-08-21 01:48:06 [INFO] Grh=1508 Frame=375 FileNum=20 SX=96 SY=128 W=32 H=32 X=192 Y=32
2026-08-21 01:48:06 [INFO] Grh=1505 Frame=372 FileNum=20 SX=0 SY=128 W=32 H=32 X=224 Y=32
2026-08-21 01:48:06 [INFO] Grh=1506 Frame=373 FileNum=20 SX=32 SY=128 W=32 H=32 X=256 Y=32
2026-08-21 01:48:06 [INFO] Grh=1507 Frame=374 FileNum=20 SX=64 SY=128 W=32 H=32 X=288 Y=32
2026-08-21 01:48:06 [INFO] Grh=1508 Frame=375 FileNum=20 SX=96 SY=128 W=32 H=32 X=320 Y=32
2026-08-21 01:48:06 [INFO] Grh=1505 Frame=372 FileNum=20 SX=0 SY=128 W=32 H=32 X=352 Y=32
2026-08-21 01:48:06 [INFO] Grh=1506 Frame=373 FileNum=20 SX=32 SY=128 W=32 H=32 X=384 Y=32
2026-08-21 01:48:06 [INFO] Grh=1507 Frame=374 FileNum=20 SX=64 SY=128 W=32 H=32 X=416 Y=32
2026-08-21 01:48:06 [INFO] Grh=1508 Frame=375 FileNum=20 SX=96 SY=128 W=32 H=32 X=448 Y=32
2026-08-21 01:48:06 [INFO] Grh=1505 Frame=372 FileNum=20 SX=0 SY=128 W=32 H=32 X=480 Y=32
2026-08-21 01:48:06 [INFO] Grh=1506 Frame=373 FileNum=20 SX=32 SY=128 W=32 H=32 X=512 Y=32
2026-08-21 01:48:06 [INFO] Grh=1507 Frame=374 FileNum=20 SX=64 SY=128 W=32 H=32 X=544 Y=32
2026-08-21 01:48:06 [INFO] Grh=1513 Frame=380 FileNum=20 SX=0 SY=192 W=32 H=32 X=-32 Y=64
2026-08-21 01:48:06 [INFO] Grh=1514 Frame=381 FileNum=20 SX=32 SY=192 W=32 H=32 X=0 Y=64
2026-08-21 01:48:06 [INFO] Grh=1515 Frame=382 FileNum=20 SX=64 SY=192 W=32 H=32 X=32 Y=64
2026-08-21 01:48:06 [INFO] Grh=1516 Frame=383 FileNum=20 SX=96 SY=192 W=32 H=32 X=64 Y=64
2026-08-21 01:48:06 [INFO] Grh=1513 Frame=380 FileNum=20 SX=0 SY=192 W=32 H=32 X=96 Y=64
2026-08-21 01:48:06 [INFO] Grh=1514 Frame=381 FileNum=20 SX=32 SY=192 W=32 H=32 X=128 Y=64
2026-08-21 01:48:06 [INFO] Grh=1515 Frame=382 FileNum=20 SX=64 SY=192 W=32 H=32 X=160 Y=64
2026-08-21 01:48:06 [INFO] Grh=1516 Frame=383 FileNum=20 SX=96 SY=192 W=32 H=32 X=192 Y=64
2026-08-21 01:48:06 [INFO] Grh=1513 Frame=380 FileNum=20 SX=0 SY=192 W=32 H=32 X=224 Y=64
2026-08-21 01:48:06 [INFO] Grh=1514 Frame=381 FileNum=20 SX=32 SY=192 W=32 H=32 X=256 Y=64
2026-08-21 01:48:06 [INFO] Grh=1515 Frame=382 FileNum=20 SX=64 SY=192 W=32 H=32 X=288 Y=64
2026-08-21 01:48:06 [INFO] Grh=1516 Frame=383 FileNum=20 SX=96 SY=192 W=32 H=32 X=320 Y=64
2026-08-21 01:48:06 [INFO] Grh=1513 Frame=380 FileNum=20 SX=0 SY=192 W=32 H=32 X=352 Y=64
2026-08-21 01:48:06 [INFO] Grh=1514 Frame=381 FileNum=20 SX=32 SY=192 W=32 H=32 X=384 Y=64
2026-08-21 01:48:06 [INFO] Grh=1515 Frame=382 FileNum=20 SX=64 SY=192 W=32 H=32 X=416 Y=64
2026-08-21 01:48:06 [INFO] Grh=1516 Frame=383 FileNum=20 SX=96 SY=192 W=32 H=32 X=448 Y=64
2026-08-21 01:48:06 [INFO] Grh=1513 Frame=380 FileNum=20 SX=0 SY=192 W=32 H=32 X=480 Y=64
2026-08-21 01:48:06 [INFO] Grh=1514 Frame=381 FileNum=20 SX=32 SY=192 W=32 H=32 X=512 Y=64
2026-08-21 01:48:06 [INFO] Grh=1515 Frame=382 FileNum=20 SX=64 SY=192 W=32 H=32 X=544 Y=64
2026-08-21 01:48:06 [INFO] Grh=1505 Frame=372 FileNum=20 SX=0 SY=128 W=32 H=32 X=-32 Y=96
2026-08-21 01:48:06 [INFO] Grh=1506 Frame=373 FileNum=20 SX=32 SY=128 W=32 H=32 X=0 Y=96
2026-08-21 01:48:06 [INFO] Grh=1507 Frame=374 FileNum=20 SX=64 SY=128 W=32 H=32 X=32 Y=96
2026-08-21 01:48:06 [INFO] Grh=1508 Frame=375 FileNum=20 SX=96 SY=128 W=32 H=32 X=64 Y=96
2026-08-21 01:48:06 [INFO] Grh=1505 Frame=372 FileNum=20 SX=0 SY=128 W=32 H=32 X=96 Y=96
2026-08-21 01:48:06 [INFO] Grh=1506 Frame=373 FileNum=20 SX=32 SY=128 W=32 H=32 X=128 Y=96
2026-08-21 01:48:06 [INFO] Grh=1507 Frame=374 FileNum=20 SX=64 SY=128 W=32 H=32 X=160 Y=96
2026-08-21 01:48:06 [INFO] Grh=1508 Frame=375 FileNum=20 SX=96 SY=128 W=32 H=32 X=192 Y=96
2026-08-21 01:48:06 [INFO] Grh=1505 Frame=372 FileNum=20 SX=0 SY=128 W=32 H=32 X=224 Y=96
2026-08-21 01:48:06 [INFO] Grh=1506 Frame=373 FileNum=20 SX=32 SY=128 W=32 H=32 X=256 Y=96
2026-08-21 01:48:06 [INFO] Grh=1507 Frame=374 FileNum=20 SX=64 SY=128 W=32 H=32 X=288 Y=96
2026-08-21 01:48:06 [INFO] Grh=1508 Frame=375 FileNum=20 SX=96 SY=128 W=32 H=32 X=320 Y=96
2026-08-21 01:48:06 [INFO] Grh=1505 Frame=372 FileNum=20 SX=0 SY=128 W=32 H=32 X=352 Y=96
2026-08-21 01:48:06 [INFO] Grh=1506 Frame=373 FileNum=20 SX=32 SY=128 W=32 H=32 X=384 Y=96
2026-08-21 01:48:06 [INFO] Grh=1507 Frame=374 FileNum=20 SX=64 SY=128 W=32 H=32 X=416 Y=96
2026-08-21 01:48:06 [INFO] Grh=1508 Frame=375 FileNum=20 SX=96 SY=128 W=32 H=32 X=448 Y=96
2026-08-21 01:48:06 [INFO] Grh=1505 Frame=372 FileNum=20 SX=0 SY=128 W=32 H=32 X=480 Y=96
2026-08-21 01:48:06 [INFO] Grh=1506 Frame=373 FileNum=20 SX=32 SY=128 W=32 H=32 X=512 Y=96
2026-08-21 01:48:06 [INFO] Grh=1507 Frame=374 FileNum=20 SX=64 SY=128 W=32 H=32 X=544 Y=96
2026-08-21 01:48:06 [INFO] Grh=1513 Frame=380 FileNum=20 SX=0 SY=192 W=32 H=32 X=-32 Y=128
2026-08-21 01:48:06 [INFO] Grh=1514 Frame=381 FileNum=20 SX=32 SY=192 W=32 H=32 X=0 Y=128
2026-08-21 01:48:06 [INFO] Grh=1515 Frame=382 FileNum=20 SX=64 SY=192 W=32 H=32 X=32 Y=128
2026-08-21 01:48:06 [INFO] Grh=1516 Frame=383 FileNum=20 SX=96 SY=192 W=32 H=32 X=64 Y=128
2026-08-21 01:48:06 [INFO] Grh=1513 Frame=380 FileNum=20 SX=0 SY=192 W=32 H=32 X=96 Y=128
2026-08-21 01:48:06 [INFO] Grh=1514 Frame=381 FileNum=20 SX=32 SY=192 W=32 H=32 X=128 Y=128
2026-08-21 01:48:06 [INFO] Grh=1515 Frame=382 FileNum=20 SX=64 SY=192 W=32 H=32 X=160 Y=128
2026-08-21 01:48:06 [INFO] Grh=1516 Frame=383 FileNum=20 SX=96 SY=192 W=32 H=32 X=192 Y=128
2026-08-21 01:48:06 [INFO] Grh=1513 Frame=380 FileNum=20 SX=0 SY=192 W=32 H=32 X=224 Y=128
2026-08-21 01:48:06 [INFO] Grh=1514 Frame=381 FileNum=20 SX=32 SY=192 W=32 H=32 X=256 Y=128
2026-08-21 01:48:06 [INFO] Grh=1515 Frame=382 FileNum=20 SX=64 SY=192 W=32 H=32 X=288 Y=128
2026-08-21 01:48:06 [INFO] Grh=1516 Frame=383 FileNum=20 SX=96 SY=192 W=32 H=32 X=320 Y=128
2026-08-21 01:48:06 [INFO] Grh=1513 Frame=380 FileNum=20 SX=0 SY=192 W=32 H=32 X=352 Y=128
2026-08-21 01:48:06 [INFO] Grh=1514 Frame=381 FileNum=20 SX=32 SY=192 W=32 H=32 X=384 Y=128
2026-08-21 01:48:06 [INFO] Grh=1515 Frame=382 FileNum=20 SX=64 SY=192 W=32 H=32 X=416 Y=128
2026-08-21 01:48:06 [INFO] Grh=1516 Frame=383 FileNum=20 SX=96 SY=192 W=32 H=32 X=448 Y=128
2026-08-21 01:48:06 [INFO] Grh=1513 Frame=380 FileNum=20 SX=0 SY=192 W=32 H=32 X=480 Y=128
2026-08-21 01:48:06 [INFO] Grh=1514 Frame=381 FileNum=20 SX=32 SY=192 W=32 H=32 X=512 Y=128
2026-08-21 01:48:06 [INFO] Grh=1515 Frame=382 FileNum=20 SX=64 SY=192 W=32 H=32 X=544 Y=128
2026-08-21 01:48:06 [INFO] Grh=1505 Frame=372 FileNum=20 SX=0 SY=128 W=32 H=32 X=-32 Y=160
2026-08-21 01:48:06 [INFO] Grh=1506 Frame=373 FileNum=20 SX=32 SY=128 W=32 H=32 X=0 Y=160
2026-08-21 01:48:06 [INFO] Grh=1507 Frame=374 FileNum=20 SX=64 SY=128 W=32 H=32 X=32 Y=160
2026-08-21 01:48:06 [INFO] Grh=1508 Frame=375 FileNum=20 SX=96 SY=128 W=32 H=32 X=64 Y=160
2026-08-21 01:48:06 [INFO] Grh=1505 Frame=372 FileNum=20 SX=0 SY=128 W=32 H=32 X=96 Y=160
2026-08-21 01:48:06 [INFO] Grh=1506 Frame=373 FileNum=20 SX=32 SY=128 W=32 H=32 X=128 Y=160
2026-08-21 01:48:06 [INFO] Grh=1507 Frame=374 FileNum=20 SX=64 SY=128 W=32 H=32 X=160 Y=160
2026-08-21 01:48:06 [INFO] Grh=1508 Frame=375 FileNum=20 SX=96 SY=128 W=32 H=32 X=192 Y=160
2026-08-21 01:48:06 [INFO] Grh=1505 Frame=372 FileNum=20 SX=0 SY=128 W=32 H=32 X=224 Y=160
2026-08-21 01:48:06 [INFO] Grh=1506 Frame=373 FileNum=20 SX=32 SY=128 W=32 H=32 X=256 Y=160
2026-08-21 01:48:06 [INFO] Grh=1507 Frame=374 FileNum=20 SX=64 SY=128 W=32 H=32 X=288 Y=160
2026-08-21 01:48:06 [INFO] Grh=1508 Frame=375 FileNum=20 SX=96 SY=128 W=32 H=32 X=320 Y=160
2026-08-21 01:48:06 [INFO] Grh=1505 Frame=372 FileNum=20 SX=0 SY=128 W=32 H=32 X=352 Y=160
2026-08-21 01:48:06 [INFO] Grh=1506 Frame=373 FileNum=20 SX=32 SY=128 W=32 H=32 X=384 Y=160
2026-08-21 01:48:06 [INFO] Grh=1507 Frame=374 FileNum=20 SX=64 SY=128 W=32 H=32 X=416 Y=160
2026-08-21 01:48:06 [INFO] Grh=1508 Frame=375 FileNum=20 SX=96 SY=128 W=32 H=32 X=448 Y=160
2026-08-21 01:48:06 [INFO] Grh=1505 Frame=372 FileNum=20 SX=0 SY=128 W=32 H=32 X=480 Y=160
2026-08-21 01:48:06 [INFO] Grh=1506 Frame=373 FileNum=20 SX=32 SY=128 W=32 H=32 X=512 Y=160
2026-08-21 01:48:06 [INFO] Grh=1507 Frame=374 FileNum=20 SX=64 SY=128 W=32 H=32 X=544 Y=160
2026-08-21 01:48:06 [INFO] Grh=1513 Frame=380 FileNum=20 SX=0 SY=192 W=32 H=32 X=-32 Y=192
2026-08-21 01:48:06 [INFO] Grh=1514 Frame=381 FileNum=20 SX=32 SY=192 W=32 H=32 X=0 Y=192
2026-08-21 01:48:06 [INFO] Grh=1515 Frame=382 FileNum=20 SX=64 SY=192 W=32 H=32 X=32 Y=192
2026-08-21 01:48:06 [INFO] Grh=1516 Frame=383 FileNum=20 SX=96 SY=192 W=32 H=32 X=64 Y=192
2026-08-21 01:48:06 [INFO] Grh=1513 Frame=380 FileNum=20 SX=0 SY=192 W=32 H=32 X=96 Y=192
2026-08-21 01:48:06 [INFO] Grh=1514 Frame=381 FileNum=20 SX=32 SY=192 W=32 H=32 X=128 Y=192
2026-08-21 01:48:06 [INFO] Grh=1515 Frame=382 FileNum=20 SX=64 SY=192 W=32 H=32 X=160 Y=192
2026-08-21 01:48:06 [INFO] Grh=1516 Frame=383 FileNum=20 SX=96 SY=192 W=32 H=32 X=192 Y=192
2026-08-21 01:48:06 [INFO] Grh=1513 Frame=380 FileNum=20 SX=0 SY=192 W=32 H=32 X=224 Y=192
2026-08-21 01:48:06 [INFO] Grh=1514 Frame=381 FileNum=20 SX=32 SY=192 W=32 H=32 X=256 Y=192
2026-08-21 01:48:06 [INFO] Grh=1515 Frame=382 FileNum=20 SX=64 SY=192 W=32 H=32 X=288 Y=192
2026-08-21 01:48:06 [INFO] Grh=1516 Frame=383 FileNum=20 SX=96 SY=192 W=32 H=32 X=320 Y=192
2026-08-21 01:48:06 [INFO] Grh=1513 Frame=380 FileNum=20 SX=0 SY=192 W=32 H=32 X=352 Y=192
2026-08-21 01:48:06 [INFO] Grh=1514 Frame=381 FileNum=20 SX=32 SY=192 W=32 H=32 X=384 Y=192
2026-08-21 01:48:06 [INFO] Grh=1515 Frame=382 FileNum=20 SX=64 SY=192 W=32 H=32 X=416 Y=192
2026-08-21 01:48:06 [INFO] Grh=1516 Frame=383 FileNum=20 SX=96 SY=192 W=32 H=32 X=448 Y=192
2026-08-21 01:48:06 [INFO] Grh=1513 Frame=380 FileNum=20 SX=0 SY=192 W=32 H=32 X=480 Y=192
2026-08-21 01:48:06 [INFO] Grh=1514 Frame=381 FileNum=20 SX=32 SY=192 W=32 H=32 X=512 Y=192
2026-08-21 01:48:06 [INFO] Grh=1515 Frame=382 FileNum=20 SX=64 SY=192 W=32 H=32 X=544 Y=192
2026-08-21 01:48:06 [INFO] Grh=6000 Frame=6000 FileNum=6000 SX=0 SY=0 W=32 H=32 X=-32 Y=-32
2026-08-21 01:48:06 [INFO] Grh=6001 Frame=6001 FileNum=6000 SX=32 SY=0 W=32 H=32 X=0 Y=-32
2026-08-21 01:48:06 [INFO] Grh=6002 Frame=6002 FileNum=6000 SX=64 SY=0 W=32 H=32 X=32 Y=-32
2026-08-21 01:48:06 [INFO] Grh=6003 Frame=6003 FileNum=6000 SX=96 SY=0 W=32 H=32 X=64 Y=-32
2026-08-21 01:48:06 [INFO] Grh=6000 Frame=6000 FileNum=6000 SX=0 SY=0 W=32 H=32 X=96 Y=-32
2026-08-21 01:48:06 [INFO] Grh=6001 Frame=6001 FileNum=6000 SX=32 SY=0 W=32 H=32 X=128 Y=-32
2026-08-21 01:48:06 [INFO] Grh=6002 Frame=6002 FileNum=6000 SX=64 SY=0 W=32 H=32 X=160 Y=-32
2026-08-21 01:48:06 [INFO] Grh=6003 Frame=6003 FileNum=6000 SX=96 SY=0 W=32 H=32 X=192 Y=-32
2026-08-21 01:48:06 [INFO] Grh=6000 Frame=6000 FileNum=6000 SX=0 SY=0 W=32 H=32 X=224 Y=-32
2026-08-21 01:48:06 [INFO] Grh=6001 Frame=6001 FileNum=6000 SX=32 SY=0 W=32 H=32 X=256 Y=-32
2026-08-21 01:48:06 [INFO] Grh=6002 Frame=6002 FileNum=6000 SX=64 SY=0 W=32 H=32 X=288 Y=-32
2026-08-21 01:48:06 [INFO] Grh=6003 Frame=6003 FileNum=6000 SX=96 SY=0 W=32 H=32 X=320 Y=-32
2026-08-21 01:48:06 [INFO] Grh=6000 Frame=6000 FileNum=6000 SX=0 SY=0 W=32 H=32 X=352 Y=-32
2026-08-21 01:48:06 [INFO] Grh=6001 Frame=6001 FileNum=6000 SX=32 SY=0 W=32 H=32 X=384 Y=-32
2026-08-21 01:48:06 [INFO] Grh=6002 Frame=6002 FileNum=6000 SX=64 SY=0 W=32 H=32 X=416 Y=-32
2026-08-21 01:48:06 [INFO] Grh=6003 Frame=6003 FileNum=6000 SX=96 SY=0 W=32 H=32 X=448 Y=-32
2026-08-21 01:48:06 [INFO] Grh=6000 Frame=6000 FileNum=6000 SX=0 SY=0 W=32 H=32 X=480 Y=-32
2026-08-21 01:48:06 [INFO] Grh=6001 Frame=6001 FileNum=6000 SX=32 SY=0 W=32 H=32 X=512 Y=-32
2026-08-21 01:48:06 [INFO] Grh=6002 Frame=6002 FileNum=6000 SX=64 SY=0 W=32 H=32 X=544 Y=-32
2026-08-21 01:48:06 [INFO] Grh=6008 Frame=6008 FileNum=6000 SX=0 SY=64 W=32 H=32 X=-32 Y=0
2026-08-21 01:48:06 [INFO] Grh=6009 Frame=6009 FileNum=6000 SX=32 SY=64 W=32 H=32 X=0 Y=0
2026-08-21 01:48:06 [INFO] Grh=6010 Frame=6010 FileNum=6000 SX=64 SY=64 W=32 H=32 X=32 Y=0
2026-08-21 01:48:06 [INFO] Grh=6011 Frame=6011 FileNum=6000 SX=96 SY=64 W=32 H=32 X=64 Y=0
2026-08-21 01:48:06 [INFO] Grh=6008 Frame=6008 FileNum=6000 SX=0 SY=64 W=32 H=32 X=96 Y=0
2026-08-21 01:48:06 [INFO] Grh=6009 Frame=6009 FileNum=6000 SX=32 SY=64 W=32 H=32 X=128 Y=0
2026-08-21 01:48:06 [INFO] Grh=6010 Frame=6010 FileNum=6000 SX=64 SY=64 W=32 H=32 X=160 Y=0
2026-08-21 01:48:06 [INFO] Grh=6011 Frame=6011 FileNum=6000 SX=96 SY=64 W=32 H=32 X=192 Y=0
2026-08-21 01:48:06 [INFO] Grh=6008 Frame=6008 FileNum=6000 SX=0 SY=64 W=32 H=32 X=224 Y=0
2026-08-21 01:48:06 [INFO] Grh=6009 Frame=6009 FileNum=6000 SX=32 SY=64 W=32 H=32 X=256 Y=0
2026-08-21 01:48:06 [INFO] Grh=6010 Frame=6010 FileNum=6000 SX=64 SY=64 W=32 H=32 X=288 Y=0
2026-08-21 01:48:06 [INFO] Grh=6011 Frame=6011 FileNum=6000 SX=96 SY=64 W=32 H=32 X=320 Y=0
2026-08-21 01:48:06 [INFO] Grh=6008 Frame=6008 FileNum=6000 SX=0 SY=64 W=32 H=32 X=352 Y=0
2026-08-21 01:48:06 [INFO] Grh=6009 Frame=6009 FileNum=6000 SX=32 SY=64 W=32 H=32 X=384 Y=0
2026-08-21 01:48:06 [INFO] Grh=6010 Frame=6010 FileNum=6000 SX=64 SY=64 W=32 H=32 X=416 Y=0
2026-08-21 01:48:06 [INFO] Grh=6011 Frame=6011 FileNum=6000 SX=96 SY=64 W=32 H=32 X=448 Y=0
2026-08-21 01:48:06 [INFO] Grh=6008 Frame=6008 FileNum=6000 SX=0 SY=64 W=32 H=32 X=480 Y=0
2026-08-21 01:48:06 [INFO] Grh=6009 Frame=6009 FileNum=6000 SX=32 SY=64 W=32 H=32 X=512 Y=0
2026-08-21 01:48:06 [INFO] Grh=6010 Frame=6010 FileNum=6000 SX=64 SY=64 W=32 H=32 X=544 Y=0
2026-08-21 01:48:06 [INFO] Grh=1505 Frame=356 FileNum=20 SX=256 SY=0 W=32 H=32 X=-32 Y=32
2026-08-21 01:48:06 [INFO] Grh=1506 Frame=357 FileNum=20 SX=288 SY=0 W=32 H=32 X=0 Y=32
2026-08-21 01:48:06 [INFO] Grh=1507 Frame=358 FileNum=20 SX=320 SY=0 W=32 H=32 X=32 Y=32
2026-08-21 01:48:06 [INFO] Grh=1508 Frame=359 FileNum=20 SX=352 SY=0 W=32 H=32 X=64 Y=32
2026-08-21 01:48:07 [INFO] Grh=1505 Frame=356 FileNum=20 SX=256 SY=0 W=32 H=32 X=96 Y=32
2026-08-21 01:48:07 [INFO] Grh=1506 Frame=357 FileNum=20 SX=288 SY=0 W=32 H=32 X=128 Y=32
2026-08-21 01:48:07 [INFO] Grh=1507 Frame=358 FileNum=20 SX=320 SY=0 W=32 H=32 X=160 Y=32
2026-08-21 01:48:07 [INFO] Grh=1508 Frame=359 FileNum=20 SX=352 SY=0 W=32 H=32 X=192 Y=32
2026-08-21 01:48:07 [INFO] Grh=1505 Frame=356 FileNum=20 SX=256 SY=0 W=32 H=32 X=224 Y=32
2026-08-21 01:48:07 [INFO] Grh=1506 Frame=357 FileNum=20 SX=288 SY=0 W=32 H=32 X=256 Y=32
2026-08-21 01:48:07 [INFO] Grh=1507 Frame=358 FileNum=20 SX=320 SY=0 W=32 H=32 X=288 Y=32
2026-08-21 01:48:07 [INFO] Grh=1508 Frame=359 FileNum=20 SX=352 SY=0 W=32 H=32 X=320 Y=32
2026-08-21 01:48:07 [INFO] Grh=1505 Frame=356 FileNum=20 SX=256 SY=0 W=32 H=32 X=352 Y=32
2026-08-21 01:48:07 [INFO] Grh=1506 Frame=357 FileNum=20 SX=288 SY=0 W=32 H=32 X=384 Y=32
2026-08-21 01:48:07 [INFO] Grh=1507 Frame=358 FileNum=20 SX=320 SY=0 W=32 H=32 X=416 Y=32
2026-08-21 01:48:07 [INFO] Grh=1508 Frame=359 FileNum=20 SX=352 SY=0 W=32 H=32 X=448 Y=32
2026-08-21 01:48:07 [INFO] Grh=1505 Frame=356 FileNum=20 SX=256 SY=0 W=32 H=32 X=480 Y=32
2026-08-21 01:48:07 [INFO] Grh=1506 Frame=357 FileNum=20 SX=288 SY=0 W=32 H=32 X=512 Y=32
2026-08-21 01:48:07 [INFO] Grh=1507 Frame=358 FileNum=20 SX=320 SY=0 W=32 H=32 X=544 Y=32
2026-08-21 01:48:07 [INFO] Grh=1513 Frame=364 FileNum=20 SX=256 SY=64 W=32 H=32 X=-32 Y=64
2026-08-21 01:48:07 [INFO] Grh=1514 Frame=365 FileNum=20 SX=288 SY=64 W=32 H=32 X=0 Y=64
2026-08-21 01:48:07 [INFO] Grh=1515 Frame=366 FileNum=20 SX=320 SY=64 W=32 H=32 X=32 Y=64
2026-08-21 01:48:07 [INFO] Grh=1516 Frame=367 FileNum=20 SX=352 SY=64 W=32 H=32 X=64 Y=64
2026-08-21 01:48:07 [INFO] Grh=1513 Frame=364 FileNum=20 SX=256 SY=64 W=32 H=32 X=96 Y=64
2026-08-21 01:48:07 [INFO] Grh=1514 Frame=365 FileNum=20 SX=288 SY=64 W=32 H=32 X=128 Y=64
2026-08-21 01:48:07 [INFO] Grh=1515 Frame=366 FileNum=20 SX=320 SY=64 W=32 H=32 X=160 Y=64
2026-08-21 01:48:07 [INFO] Grh=1516 Frame=367 FileNum=20 SX=352 SY=64 W=32 H=32 X=192 Y=64
2026-08-21 01:48:07 [INFO] Grh=1513 Frame=364 FileNum=20 SX=256 SY=64 W=32 H=32 X=224 Y=64
2026-08-21 01:48:07 [INFO] Grh=1514 Frame=365 FileNum=20 SX=288 SY=64 W=32 H=32 X=256 Y=64
2026-08-21 01:48:07 [INFO] Grh=1515 Frame=366 FileNum=20 SX=320 SY=64 W=32 H=32 X=288 Y=64
2026-08-21 01:48:07 [INFO] Grh=1516 Frame=367 FileNum=20 SX=352 SY=64 W=32 H=32 X=320 Y=64
2026-08-21 01:48:07 [INFO] Grh=1513 Frame=364 FileNum=20 SX=256 SY=64 W=32 H=32 X=352 Y=64
2026-08-21 01:48:07 [INFO] Grh=1514 Frame=365 FileNum=20 SX=288 SY=64 W=32 H=32 X=384 Y=64
2026-08-21 01:48:07 [INFO] Grh=1515 Frame=366 FileNum=20 SX=320 SY=64 W=32 H=32 X=416 Y=64
2026-08-21 01:48:07 [INFO] Grh=1516 Frame=367 FileNum=20 SX=352 SY=64 W=32 H=32 X=448 Y=64
2026-08-21 01:48:07 [INFO] Grh=1513 Frame=364 FileNum=20 SX=256 SY=64 W=32 H=32 X=480 Y=64
2026-08-21 01:48:07 [INFO] Grh=1514 Frame=365 FileNum=20 SX=288 SY=64 W=32 H=32 X=512 Y=64
2026-08-21 01:48:07 [INFO] Grh=1515 Frame=366 FileNum=20 SX=320 SY=64 W=32 H=32 X=544 Y=64
2026-08-21 01:48:07 [INFO] Grh=1505 Frame=356 FileNum=20 SX=256 SY=0 W=32 H=32 X=-32 Y=96
2026-08-21 01:48:07 [INFO] Grh=1506 Frame=357 FileNum=20 SX=288 SY=0 W=32 H=32 X=0 Y=96
2026-08-21 01:48:07 [INFO] Grh=1507 Frame=358 FileNum=20 SX=320 SY=0 W=32 H=32 X=32 Y=96
2026-08-21 01:48:07 [INFO] Grh=1508 Frame=359 FileNum=20 SX=352 SY=0 W=32 H=32 X=64 Y=96
2026-08-21 01:48:07 [INFO] Grh=1505 Frame=356 FileNum=20 SX=256 SY=0 W=32 H=32 X=96 Y=96
2026-08-21 01:48:07 [INFO] Grh=1506 Frame=357 FileNum=20 SX=288 SY=0 W=32 H=32 X=128 Y=96
2026-08-21 01:48:07 [INFO] Grh=1507 Frame=358 FileNum=20 SX=320 SY=0 W=32 H=32 X=160 Y=96
2026-08-21 01:48:07 [INFO] Grh=1508 Frame=359 FileNum=20 SX=352 SY=0 W=32 H=32 X=192 Y=96
2026-08-21 01:48:07 [INFO] Grh=1505 Frame=356 FileNum=20 SX=256 SY=0 W=32 H=32 X=224 Y=96
2026-08-21 01:48:07 [INFO] Grh=1506 Frame=357 FileNum=20 SX=288 SY=0 W=32 H=32 X=256 Y=96
2026-08-21 01:48:07 [INFO] Grh=1507 Frame=358 FileNum=20 SX=320 SY=0 W=32 H=32 X=288 Y=96
2026-08-21 01:48:07 [INFO] Grh=1508 Frame=359 FileNum=20 SX=352 SY=0 W=32 H=32 X=320 Y=96
2026-08-21 01:48:07 [INFO] Grh=1505 Frame=356 FileNum=20 SX=256 SY=0 W=32 H=32 X=352 Y=96
2026-08-21 01:48:07 [INFO] Grh=1506 Frame=357 FileNum=20 SX=288 SY=0 W=32 H=32 X=384 Y=96
2026-08-21 01:48:07 [INFO] Grh=1507 Frame=358 FileNum=20 SX=320 SY=0 W=32 H=32 X=416 Y=96
2026-08-21 01:48:07 [INFO] Grh=1508 Frame=359 FileNum=20 SX=352 SY=0 W=32 H=32 X=448 Y=96
2026-08-21 01:48:07 [INFO] Grh=1505 Frame=356 FileNum=20 SX=256 SY=0 W=32 H=32 X=480 Y=96
2026-08-21 01:48:07 [INFO] Grh=1506 Frame=357 FileNum=20 SX=288 SY=0 W=32 H=32 X=512 Y=96
2026-08-21 01:48:07 [INFO] Grh=1507 Frame=358 FileNum=20 SX=320 SY=0 W=32 H=32 X=544 Y=96
2026-08-21 01:48:07 [INFO] Grh=1513 Frame=364 FileNum=20 SX=256 SY=64 W=32 H=32 X=-32 Y=128
2026-08-21 01:48:07 [INFO] Grh=1514 Frame=365 FileNum=20 SX=288 SY=64 W=32 H=32 X=0 Y=128
2026-08-21 01:48:07 [INFO] Grh=1515 Frame=366 FileNum=20 SX=320 SY=64 W=32 H=32 X=32 Y=128
2026-08-21 01:48:07 [INFO] Grh=1516 Frame=367 FileNum=20 SX=352 SY=64 W=32 H=32 X=64 Y=128
2026-08-21 01:48:07 [INFO] Grh=1513 Frame=364 FileNum=20 SX=256 SY=64 W=32 H=32 X=96 Y=128
2026-08-21 01:48:07 [INFO] Grh=1514 Frame=365 FileNum=20 SX=288 SY=64 W=32 H=32 X=128 Y=128
2026-08-21 01:48:07 [INFO] Grh=1515 Frame=366 FileNum=20 SX=320 SY=64 W=32 H=32 X=160 Y=128
2026-08-21 01:48:07 [INFO] Grh=1516 Frame=367 FileNum=20 SX=352 SY=64 W=32 H=32 X=192 Y=128
2026-08-21 01:48:07 [INFO] Grh=1513 Frame=364 FileNum=20 SX=256 SY=64 W=32 H=32 X=224 Y=128
2026-08-21 01:48:07 [INFO] Grh=1514 Frame=365 FileNum=20 SX=288 SY=64 W=32 H=32 X=256 Y=128
2026-08-21 01:48:07 [INFO] Grh=1515 Frame=366 FileNum=20 SX=320 SY=64 W=32 H=32 X=288 Y=128
2026-08-21 01:48:07 [INFO] Grh=1516 Frame=367 FileNum=20 SX=352 SY=64 W=32 H=32 X=320 Y=128
2026-08-21 01:48:07 [INFO] Grh=1513 Frame=364 FileNum=20 SX=256 SY=64 W=32 H=32 X=352 Y=128
2026-08-21 01:48:07 [INFO] Grh=1514 Frame=365 FileNum=20 SX=288 SY=64 W=32 H=32 X=384 Y=128
2026-08-21 01:48:07 [INFO] Grh=1515 Frame=366 FileNum=20 SX=320 SY=64 W=32 H=32 X=416 Y=128
2026-08-21 01:48:07 [INFO] Grh=1516 Frame=367 FileNum=20 SX=352 SY=64 W=32 H=32 X=448 Y=128
2026-08-21 01:48:07 [INFO] Grh=1513 Frame=364 FileNum=20 SX=256 SY=64 W=32 H=32 X=480 Y=128
2026-08-21 01:48:07 [INFO] Grh=1514 Frame=365 FileNum=20 SX=288 SY=64 W=32 H=32 X=512 Y=128
2026-08-21 01:48:07 [INFO] Grh=1515 Frame=366 FileNum=20 SX=320 SY=64 W=32 H=32 X=544 Y=128
2026-08-21 01:48:07 [INFO] Grh=1505 Frame=356 FileNum=20 SX=256 SY=0 W=32 H=32 X=-32 Y=160
2026-08-21 01:48:07 [INFO] Grh=1506 Frame=357 FileNum=20 SX=288 SY=0 W=32 H=32 X=0 Y=160
2026-08-21 01:48:07 [INFO] Grh=1507 Frame=358 FileNum=20 SX=320 SY=0 W=32 H=32 X=32 Y=160
2026-08-21 01:48:07 [INFO] Grh=1508 Frame=359 FileNum=20 SX=352 SY=0 W=32 H=32 X=64 Y=160
2026-08-21 01:48:07 [INFO] Grh=1505 Frame=356 FileNum=20 SX=256 SY=0 W=32 H=32 X=96 Y=160
2026-08-21 01:48:07 [INFO] Grh=1506 Frame=357 FileNum=20 SX=288 SY=0 W=32 H=32 X=128 Y=160
2026-08-21 01:48:07 [INFO] Grh=1507 Frame=358 FileNum=20 SX=320 SY=0 W=32 H=32 X=160 Y=160
2026-08-21 01:48:07 [INFO] Grh=1508 Frame=359 FileNum=20 SX=352 SY=0 W=32 H=32 X=192 Y=160
2026-08-21 01:48:07 [INFO] Grh=1505 Frame=356 FileNum=20 SX=256 SY=0 W=32 H=32 X=224 Y=160
2026-08-21 01:48:07 [INFO] Grh=1506 Frame=357 FileNum=20 SX=288 SY=0 W=32 H=32 X=256 Y=160
2026-08-21 01:48:07 [INFO] Grh=1507 Frame=358 FileNum=20 SX=320 SY=0 W=32 H=32 X=288 Y=160
2026-08-21 01:48:07 [INFO] Grh=1508 Frame=359 FileNum=20 SX=352 SY=0 W=32 H=32 X=320 Y=160
2026-08-21 01:48:07 [INFO] Grh=1505 Frame=356 FileNum=20 SX=256 SY=0 W=32 H=32 X=352 Y=160
2026-08-21 01:48:07 [INFO] Grh=1506 Frame=357 FileNum=20 SX=288 SY=0 W=32 H=32 X=384 Y=160
2026-08-21 01:48:07 [INFO] Grh=1507 Frame=358 FileNum=20 SX=320 SY=0 W=32 H=32 X=416 Y=160
2026-08-21 01:48:07 [INFO] Grh=1508 Frame=359 FileNum=20 SX=352 SY=0 W=32 H=32 X=448 Y=160
2026-08-21 01:48:07 [INFO] Grh=1505 Frame=356 FileNum=20 SX=256 SY=0 W=32 H=32 X=480 Y=160
2026-08-21 01:48:07 [INFO] Grh=1506 Frame=357 FileNum=20 SX=288 SY=0 W=32 H=32 X=512 Y=160
2026-08-21 01:48:07 [INFO] Grh=1507 Frame=358 FileNum=20 SX=320 SY=0 W=32 H=32 X=544 Y=160
2026-08-21 01:48:07 [INFO] Grh=1513 Frame=364 FileNum=20 SX=256 SY=64 W=32 H=32 X=-32 Y=192
2026-08-21 01:48:07 [INFO] Grh=1514 Frame=365 FileNum=20 SX=288 SY=64 W=32 H=32 X=0 Y=192
2026-08-21 01:48:07 [INFO] Grh=1515 Frame=366 FileNum=20 SX=320 SY=64 W=32 H=32 X=32 Y=192
2026-08-21 01:48:07 [INFO] Grh=1516 Frame=367 FileNum=20 SX=352 SY=64 W=32 H=32 X=64 Y=192
2026-08-21 01:48:07 [INFO] Grh=1513 Frame=364 FileNum=20 SX=256 SY=64 W=32 H=32 X=96 Y=192
2026-08-21 01:48:07 [INFO] Grh=1514 Frame=365 FileNum=20 SX=288 SY=64 W=32 H=32 X=128 Y=192
2026-08-21 01:48:07 [INFO] Grh=1515 Frame=366 FileNum=20 SX=320 SY=64 W=32 H=32 X=160 Y=192
2026-08-21 01:48:07 [INFO] Grh=1516 Frame=367 FileNum=20 SX=352 SY=64 W=32 H=32 X=192 Y=192
2026-08-21 01:48:07 [INFO] Grh=1513 Frame=364 FileNum=20 SX=256 SY=64 W=32 H=32 X=224 Y=192
2026-08-21 01:48:07 [INFO] Grh=1514 Frame=365 FileNum=20 SX=288 SY=64 W=32 H=32 X=256 Y=192
2026-08-21 01:48:07 [INFO] Grh=1515 Frame=366 FileNum=20 SX=320 SY=64 W=32 H=32 X=288 Y=192
2026-08-21 01:48:07 [INFO] Grh=1516 Frame=367 FileNum=20 SX=352 SY=64 W=32 H=32 X=320 Y=192
2026-08-21 01:48:07 [INFO] Grh=1513 Frame=364 FileNum=20 SX=256 SY=64 W=32 H=32 X=352 Y=192
2026-08-21 01:48:07 [INFO] Grh=1514 Frame=365 FileNum=20 SX=288 SY=64 W=32 H=32 X=384 Y=192
2026-08-21 01:48:07 [INFO] Grh=1515 Frame=366 FileNum=20 SX=320 SY=64 W=32 H=32 X=416 Y=192
2026-08-21 01:48:07 [INFO] Grh=1516 Frame=367 FileNum=20 SX=352 SY=64 W=32 H=32 X=448 Y=192
2026-08-21 01:48:07 [INFO] Grh=1513 Frame=364 FileNum=20 SX=256 SY=64 W=32 H=32 X=480 Y=192
2026-08-21 01:48:07 [INFO] Grh=1514 Frame=365 FileNum=20 SX=288 SY=64 W=32 H=32 X=512 Y=192
2026-08-21 01:48:07 [INFO] Grh=1515 Frame=366 FileNum=20 SX=320 SY=64 W=32 H=32 X=544 Y=192
2026-08-21 01:48:07 [INFO] Grh=6000 Frame=6000 FileNum=6000 SX=0 SY=0 W=32 H=32 X=-32 Y=-32
2026-08-21 01:48:07 [INFO] Grh=6001 Frame=6001 FileNum=6000 SX=32 SY=0 W=32 H=32 X=0 Y=-32
2026-08-21 01:48:07 [INFO] Grh=6002 Frame=6002 FileNum=6000 SX=64 SY=0 W=32 H=32 X=32 Y=-32
2026-08-21 01:48:07 [INFO] Grh=6003 Frame=6003 FileNum=6000 SX=96 SY=0 W=32 H=32 X=64 Y=-32
2026-08-21 01:48:07 [INFO] Grh=6000 Frame=6000 FileNum=6000 SX=0 SY=0 W=32 H=32 X=96 Y=-32
2026-08-21 01:48:07 [INFO] Grh=6001 Frame=6001 FileNum=6000 SX=32 SY=0 W=32 H=32 X=128 Y=-32
2026-08-21 01:48:07 [INFO] Grh=6002 Frame=6002 FileNum=6000 SX=64 SY=0 W=32 H=32 X=160 Y=-32
2026-08-21 01:48:07 [INFO] Grh=6003 Frame=6003 FileNum=6000 SX=96 SY=0 W=32 H=32 X=192 Y=-32
2026-08-21 01:48:07 [INFO] Grh=6000 Frame=6000 FileNum=6000 SX=0 SY=0 W=32 H=32 X=224 Y=-32
2026-08-21 01:48:07 [INFO] Grh=6001 Frame=6001 FileNum=6000 SX=32 SY=0 W=32 H=32 X=256 Y=-32
2026-08-21 01:48:07 [INFO] Grh=6002 Frame=6002 FileNum=6000 SX=64 SY=0 W=32 H=32 X=288 Y=-32
2026-08-21 01:48:07 [INFO] Grh=6003 Frame=6003 FileNum=6000 SX=96 SY=0 W=32 H=32 X=320 Y=-32
2026-08-21 01:48:07 [INFO] Grh=6000 Frame=6000 FileNum=6000 SX=0 SY=0 W=32 H=32 X=352 Y=-32
2026-08-21 01:48:07 [INFO] Grh=6001 Frame=6001 FileNum=6000 SX=32 SY=0 W=32 H=32 X=384 Y=-32
2026-08-21 01:48:07 [INFO] Grh=6002 Frame=6002 FileNum=6000 SX=64 SY=0 W=32 H=32 X=416 Y=-32
2026-08-21 01:48:07 [INFO] Grh=6003 Frame=6003 FileNum=6000 SX=96 SY=0 W=32 H=32 X=448 Y=-32
2026-08-21 01:48:07 [INFO] Grh=6000 Frame=6000 FileNum=6000 SX=0 SY=0 W=32 H=32 X=480 Y=-32
2026-08-21 01:48:07 [INFO] Grh=6001 Frame=6001 FileNum=6000 SX=32 SY=0 W=32 H=32 X=512 Y=-32
2026-08-21 01:48:07 [INFO] Grh=6002 Frame=6002 FileNum=6000 SX=64 SY=0 W=32 H=32 X=544 Y=-32
2026-08-21 01:48:07 [INFO] Grh=6008 Frame=6008 FileNum=6000 SX=0 SY=64 W=32 H=32 X=-32 Y=0
2026-08-21 01:48:07 [INFO] Grh=6009 Frame=6009 FileNum=6000 SX=32 SY=64 W=32 H=32 X=0 Y=0
2026-08-21 01:48:07 [INFO] Grh=6010 Frame=6010 FileNum=6000 SX=64 SY=64 W=32 H=32 X=32 Y=0
2026-08-21 01:48:07 [INFO] Grh=6011 Frame=6011 FileNum=6000 SX=96 SY=64 W=32 H=32 X=64 Y=0
2026-08-21 01:48:07 [INFO] Grh=6008 Frame=6008 FileNum=6000 SX=0 SY=64 W=32 H=32 X=96 Y=0
2026-08-21 01:48:07 [INFO] Grh=6009 Frame=6009 FileNum=6000 SX=32 SY=64 W=32 H=32 X=128 Y=0
2026-08-21 01:48:07 [INFO] Grh=6010 Frame=6010 FileNum=6000 SX=64 SY=64 W=32 H=32 X=160 Y=0
2026-08-21 01:48:07 [INFO] Grh=6011 Frame=6011 FileNum=6000 SX=96 SY=64 W=32 H=32 X=192 Y=0
2026-08-21 01:48:07 [INFO] Grh=6008 Frame=6008 FileNum=6000 SX=0 SY=64 W=32 H=32 X=224 Y=0
2026-08-21 01:48:07 [INFO] Grh=6009 Frame=6009 FileNum=6000 SX=32 SY=64 W=32 H=32 X=256 Y=0
2026-08-21 01:48:07 [INFO] Grh=6010 Frame=6010 FileNum=6000 SX=64 SY=64 W=32 H=32 X=288 Y=0
2026-08-21 01:48:07 [INFO] Grh=6011 Frame=6011 FileNum=6000 SX=96 SY=64 W=32 H=32 X=320 Y=0
2026-08-21 01:48:07 [INFO] Grh=6008 Frame=6008 FileNum=6000 SX=0 SY=64 W=32 H=32 X=352 Y=0
2026-08-21 01:48:07 [INFO] Grh=6009 Frame=6009 FileNum=6000 SX=32 SY=64 W=32 H=32 X=384 Y=0
2026-08-21 01:48:07 [INFO] Grh=6010 Frame=6010 FileNum=6000 SX=64 SY=64 W=32 H=32 X=416 Y=0
2026-08-21 01:48:07 [INFO] Grh=6011 Frame=6011 FileNum=6000 SX=96 SY=64 W=32 H=32 X=448 Y=0
2026-08-21 01:48:07 [INFO] Grh=6008 Frame=6008 FileNum=6000 SX=0 SY=64 W=32 H=32 X=480 Y=0
2026-08-21 01:48:07 [INFO] Grh=6009 Frame=6009 FileNum=6000 SX=32 SY=64 W=32 H=32 X=512 Y=0
2026-08-21 01:48:07 [INFO] Grh=6010 Frame=6010 FileNum=6000 SX=64 SY=64 W=32 H=32 X=544 Y=0
2026-08-21 01:48:07 [INFO] Grh=1505 Frame=340 FileNum=20 SX=128 SY=0 W=32 H=32 X=-32 Y=32
2026-08-21 01:48:07 [INFO] Grh=1506 Frame=341 FileNum=20 SX=160 SY=0 W=32 H=32 X=0 Y=32
2026-08-21 01:48:07 [INFO] Grh=1507 Frame=342 FileNum=20 SX=192 SY=0 W=32 H=32 X=32 Y=32
2026-08-21 01:48:07 [INFO] Grh=1508 Frame=343 FileNum=20 SX=224 SY=0 W=32 H=32 X=64 Y=32
2026-08-21 01:48:07 [INFO] Grh=1505 Frame=340 FileNum=20 SX=128 SY=0 W=32 H=32 X=96 Y=32
2026-08-21 01:48:07 [INFO] Grh=1506 Frame=341 FileNum=20 SX=160 SY=0 W=32 H=32 X=128 Y=32
2026-08-21 01:48:07 [INFO] Grh=1507 Frame=342 FileNum=20 SX=192 SY=0 W=32 H=32 X=160 Y=32
2026-08-21 01:48:07 [INFO] Grh=1508 Frame=343 FileNum=20 SX=224 SY=0 W=32 H=32 X=192 Y=32
2026-08-21 01:48:07 [INFO] Grh=1505 Frame=340 FileNum=20 SX=128 SY=0 W=32 H=32 X=224 Y=32
2026-08-21 01:48:07 [INFO] Grh=1506 Frame=341 FileNum=20 SX=160 SY=0 W=32 H=32 X=256 Y=32
2026-08-21 01:48:07 [INFO] Grh=1507 Frame=342 FileNum=20 SX=192 SY=0 W=32 H=32 X=288 Y=32
2026-08-21 01:48:07 [INFO] Grh=1508 Frame=343 FileNum=20 SX=224 SY=0 W=32 H=32 X=320 Y=32
2026-08-21 01:48:07 [INFO] Grh=1505 Frame=340 FileNum=20 SX=128 SY=0 W=32 H=32 X=352 Y=32
2026-08-21 01:48:07 [INFO] Grh=1506 Frame=341 FileNum=20 SX=160 SY=0 W=32 H=32 X=384 Y=32
2026-08-21 01:48:07 [INFO] Grh=1507 Frame=342 FileNum=20 SX=192 SY=0 W=32 H=32 X=416 Y=32
2026-08-21 01:48:07 [INFO] Grh=1508 Frame=343 FileNum=20 SX=224 SY=0 W=32 H=32 X=448 Y=32
2026-08-21 01:48:07 [INFO] Grh=1505 Frame=340 FileNum=20 SX=128 SY=0 W=32 H=32 X=480 Y=32
2026-08-21 01:48:07 [INFO] Grh=1506 Frame=341 FileNum=20 SX=160 SY=0 W=32 H=32 X=512 Y=32
2026-08-21 01:48:07 [INFO] Grh=1507 Frame=342 FileNum=20 SX=192 SY=0 W=32 H=32 X=544 Y=32
2026-08-21 01:48:07 [INFO] Grh=1513 Frame=348 FileNum=20 SX=128 SY=64 W=32 H=32 X=-32 Y=64
2026-08-21 01:48:07 [INFO] Grh=1514 Frame=349 FileNum=20 SX=160 SY=64 W=32 H=32 X=0 Y=64
2026-08-21 01:48:07 [INFO] Grh=1515 Frame=350 FileNum=20 SX=192 SY=64 W=32 H=32 X=32 Y=64
2026-08-21 01:48:07 [INFO] Grh=1516 Frame=351 FileNum=20 SX=224 SY=64 W=32 H=32 X=64 Y=64
2026-08-21 01:48:07 [INFO] Grh=1513 Frame=348 FileNum=20 SX=128 SY=64 W=32 H=32 X=96 Y=64
2026-08-21 01:48:07 [INFO] Grh=1514 Frame=349 FileNum=20 SX=160 SY=64 W=32 H=32 X=128 Y=64
2026-08-21 01:48:07 [INFO] Grh=1515 Frame=350 FileNum=20 SX=192 SY=64 W=32 H=32 X=160 Y=64
2026-08-21 01:48:07 [INFO] Grh=1516 Frame=351 FileNum=20 SX=224 SY=64 W=32 H=32 X=192 Y=64
2026-08-21 01:48:07 [INFO] Grh=1513 Frame=348 FileNum=20 SX=128 SY=64 W=32 H=32 X=224 Y=64
2026-08-21 01:48:07 [INFO] Grh=1514 Frame=349 FileNum=20 SX=160 SY=64 W=32 H=32 X=256 Y=64
2026-08-21 01:48:07 [INFO] Grh=1515 Frame=350 FileNum=20 SX=192 SY=64 W=32 H=32 X=288 Y=64
2026-08-21 01:48:07 [INFO] Grh=1516 Frame=351 FileNum=20 SX=224 SY=64 W=32 H=32 X=320 Y=64
2026-08-21 01:48:07 [INFO] Grh=1513 Frame=348 FileNum=20 SX=128 SY=64 W=32 H=32 X=352 Y=64
2026-08-21 01:48:07 [INFO] Grh=1514 Frame=349 FileNum=20 SX=160 SY=64 W=32 H=32 X=384 Y=64
2026-08-21 01:48:07 [INFO] Grh=1515 Frame=350 FileNum=20 SX=192 SY=64 W=32 H=32 X=416 Y=64
2026-08-21 01:48:07 [INFO] Grh=1516 Frame=351 FileNum=20 SX=224 SY=64 W=32 H=32 X=448 Y=64
2026-08-21 01:48:07 [INFO] Grh=1513 Frame=348 FileNum=20 SX=128 SY=64 W=32 H=32 X=480 Y=64
2026-08-21 01:48:07 [INFO] Grh=1514 Frame=349 FileNum=20 SX=160 SY=64 W=32 H=32 X=512 Y=64
2026-08-21 01:48:07 [INFO] Grh=1515 Frame=350 FileNum=20 SX=192 SY=64 W=32 H=32 X=544 Y=64
2026-08-21 01:48:07 [INFO] Grh=1505 Frame=340 FileNum=20 SX=128 SY=0 W=32 H=32 X=-32 Y=96
2026-08-21 01:48:07 [INFO] Grh=1506 Frame=341 FileNum=20 SX=160 SY=0 W=32 H=32 X=0 Y=96
2026-08-21 01:48:07 [INFO] Grh=1507 Frame=342 FileNum=20 SX=192 SY=0 W=32 H=32 X=32 Y=96
2026-08-21 01:48:07 [INFO] Grh=1508 Frame=343 FileNum=20 SX=224 SY=0 W=32 H=32 X=64 Y=96
2026-08-21 01:48:07 [INFO] Grh=1505 Frame=340 FileNum=20 SX=128 SY=0 W=32 H=32 X=96 Y=96
2026-08-21 01:48:07 [INFO] Grh=1506 Frame=341 FileNum=20 SX=160 SY=0 W=32 H=32 X=128 Y=96
2026-08-21 01:48:07 [INFO] Grh=1507 Frame=342 FileNum=20 SX=192 SY=0 W=32 H=32 X=160 Y=96
2026-08-21 01:48:07 [INFO] Grh=1508 Frame=343 FileNum=20 SX=224 SY=0 W=32 H=32 X=192 Y=96
2026-08-21 01:48:07 [INFO] Grh=1505 Frame=340 FileNum=20 SX=128 SY=0 W=32 H=32 X=224 Y=96
2026-08-21 01:48:07 [INFO] Grh=1506 Frame=341 FileNum=20 SX=160 SY=0 W=32 H=32 X=256 Y=96
2026-08-21 01:48:07 [INFO] Grh=1507 Frame=342 FileNum=20 SX=192 SY=0 W=32 H=32 X=288 Y=96
2026-08-21 01:48:07 [INFO] Grh=1508 Frame=343 FileNum=20 SX=224 SY=0 W=32 H=32 X=320 Y=96
2026-08-21 01:48:07 [INFO] Grh=1505 Frame=340 FileNum=20 SX=128 SY=0 W=32 H=32 X=352 Y=96
2026-08-21 01:48:07 [INFO] Grh=1506 Frame=341 FileNum=20 SX=160 SY=0 W=32 H=32 X=384 Y=96
2026-08-21 01:48:07 [INFO] Grh=1507 Frame=342 FileNum=20 SX=192 SY=0 W=32 H=32 X=416 Y=96
2026-08-21 01:48:07 [INFO] Grh=1508 Frame=343 FileNum=20 SX=224 SY=0 W=32 H=32 X=448 Y=96
2026-08-21 01:48:07 [INFO] Grh=1505 Frame=340 FileNum=20 SX=128 SY=0 W=32 H=32 X=480 Y=96
2026-08-21 01:48:07 [INFO] Grh=1506 Frame=341 FileNum=20 SX=160 SY=0 W=32 H=32 X=512 Y=96
2026-08-21 01:48:07 [INFO] Grh=1507 Frame=342 FileNum=20 SX=192 SY=0 W=32 H=32 X=544 Y=96
2026-08-21 01:48:07 [INFO] Grh=1513 Frame=348 FileNum=20 SX=128 SY=64 W=32 H=32 X=-32 Y=128
2026-08-21 01:48:07 [INFO] Grh=1514 Frame=349 FileNum=20 SX=160 SY=64 W=32 H=32 X=0 Y=128
2026-08-21 01:48:07 [INFO] Grh=1515 Frame=350 FileNum=20 SX=192 SY=64 W=32 H=32 X=32 Y=128
2026-08-21 01:48:07 [INFO] Grh=1516 Frame=351 FileNum=20 SX=224 SY=64 W=32 H=32 X=64 Y=128
2026-08-21 01:48:07 [INFO] Grh=1513 Frame=348 FileNum=20 SX=128 SY=64 W=32 H=32 X=96 Y=128
2026-08-21 01:48:07 [INFO] Grh=1514 Frame=349 FileNum=20 SX=160 SY=64 W=32 H=32 X=128 Y=128
2026-08-21 01:48:07 [INFO] Grh=1515 Frame=350 FileNum=20 SX=192 SY=64 W=32 H=32 X=160 Y=128
2026-08-21 01:48:07 [INFO] Grh=1516 Frame=351 FileNum=20 SX=224 SY=64 W=32 H=32 X=192 Y=128
2026-08-21 01:48:07 [INFO] Grh=1513 Frame=348 FileNum=20 SX=128 SY=64 W=32 H=32 X=224 Y=128
2026-08-21 01:48:07 [INFO] Grh=1514 Frame=349 FileNum=20 SX=160 SY=64 W=32 H=32 X=256 Y=128
2026-08-21 01:48:07 [INFO] Grh=1515 Frame=350 FileNum=20 SX=192 SY=64 W=32 H=32 X=288 Y=128
2026-08-21 01:48:07 [INFO] Grh=1516 Frame=351 FileNum=20 SX=224 SY=64 W=32 H=32 X=320 Y=128
2026-08-21 01:48:07 [INFO] Grh=1513 Frame=348 FileNum=20 SX=128 SY=64 W=32 H=32 X=352 Y=128
2026-08-21 01:48:07 [INFO] Grh=1514 Frame=349 FileNum=20 SX=160 SY=64 W=32 H=32 X=384 Y=128
2026-08-21 01:48:07 [INFO] Grh=1515 Frame=350 FileNum=20 SX=192 SY=64 W=32 H=32 X=416 Y=128
2026-08-21 01:48:07 [INFO] Grh=1516 Frame=351 FileNum=20 SX=224 SY=64 W=32 H=32 X=448 Y=128
2026-08-21 01:48:07 [INFO] Grh=1513 Frame=348 FileNum=20 SX=128 SY=64 W=32 H=32 X=480 Y=128
2026-08-21 01:48:07 [INFO] Grh=1514 Frame=349 FileNum=20 SX=160 SY=64 W=32 H=32 X=512 Y=128
2026-08-21 01:48:07 [INFO] Grh=1515 Frame=350 FileNum=20 SX=192 SY=64 W=32 H=32 X=544 Y=128
2026-08-21 01:48:07 [INFO] Grh=1505 Frame=340 FileNum=20 SX=128 SY=0 W=32 H=32 X=-32 Y=160
2026-08-21 01:48:07 [INFO] Grh=1506 Frame=341 FileNum=20 SX=160 SY=0 W=32 H=32 X=0 Y=160
2026-08-21 01:48:07 [INFO] Grh=1507 Frame=342 FileNum=20 SX=192 SY=0 W=32 H=32 X=32 Y=160
2026-08-21 01:48:07 [INFO] Grh=1508 Frame=343 FileNum=20 SX=224 SY=0 W=32 H=32 X=64 Y=160
2026-08-21 01:48:07 [INFO] Grh=1505 Frame=340 FileNum=20 SX=128 SY=0 W=32 H=32 X=96 Y=160
2026-08-21 01:48:07 [INFO] Grh=1506 Frame=341 FileNum=20 SX=160 SY=0 W=32 H=32 X=128 Y=160
2026-08-21 01:48:07 [INFO] Grh=1507 Frame=342 FileNum=20 SX=192 SY=0 W=32 H=32 X=160 Y=160
2026-08-21 01:48:07 [INFO] Grh=1508 Frame=343 FileNum=20 SX=224 SY=0 W=32 H=32 X=192 Y=160
2026-08-21 01:48:07 [INFO] Grh=1505 Frame=340 FileNum=20 SX=128 SY=0 W=32 H=32 X=224 Y=160
2026-08-21 01:48:07 [INFO] Grh=1506 Frame=341 FileNum=20 SX=160 SY=0 W=32 H=32 X=256 Y=160
2026-08-21 01:48:07 [INFO] Grh=1507 Frame=342 FileNum=20 SX=192 SY=0 W=32 H=32 X=288 Y=160
2026-08-21 01:48:07 [INFO] Grh=1508 Frame=343 FileNum=20 SX=224 SY=0 W=32 H=32 X=320 Y=160
2026-08-21 01:48:07 [INFO] Grh=1505 Frame=340 FileNum=20 SX=128 SY=0 W=32 H=32 X=352 Y=160
2026-08-21 01:48:07 [INFO] Grh=1506 Frame=341 FileNum=20 SX=160 SY=0 W=32 H=32 X=384 Y=160
2026-08-21 01:48:07 [INFO] Grh=1507 Frame=342 FileNum=20 SX=192 SY=0 W=32 H=32 X=416 Y=160
2026-08-21 01:48:07 [INFO] Grh=1508 Frame=343 FileNum=20 SX=224 SY=0 W=32 H=32 X=448 Y=160
2026-08-21 01:48:07 [INFO] Grh=1505 Frame=340 FileNum=20 SX=128 SY=0 W=32 H=32 X=480 Y=160
2026-08-21 01:48:07 [INFO] Grh=1506 Frame=341 FileNum=20 SX=160 SY=0 W=32 H=32 X=512 Y=160
2026-08-21 01:48:07 [INFO] Grh=1507 Frame=342 FileNum=20 SX=192 SY=0 W=32 H=32 X=544 Y=160
2026-08-21 01:48:07 [INFO] Grh=1513 Frame=348 FileNum=20 SX=128 SY=64 W=32 H=32 X=-32 Y=192
2026-08-21 01:48:07 [INFO] Grh=1514 Frame=349 FileNum=20 SX=160 SY=64 W=32 H=32 X=0 Y=192
2026-08-21 01:48:07 [INFO] Grh=1515 Frame=350 FileNum=20 SX=192 SY=64 W=32 H=32 X=32 Y=192
2026-08-21 01:48:07 [INFO] Grh=1516 Frame=351 FileNum=20 SX=224 SY=64 W=32 H=32 X=64 Y=192
2026-08-21 01:48:07 [INFO] Grh=1513 Frame=348 FileNum=20 SX=128 SY=64 W=32 H=32 X=96 Y=192
2026-08-21 01:48:07 [INFO] Grh=1514 Frame=349 FileNum=20 SX=160 SY=64 W=32 H=32 X=128 Y=192
2026-08-21 01:48:07 [INFO] Grh=1515 Frame=350 FileNum=20 SX=192 SY=64 W=32 H=32 X=160 Y=192
2026-08-21 01:48:07 [INFO] Grh=1516 Frame=351 FileNum=20 SX=224 SY=64 W=32 H=32 X=192 Y=192
2026-08-21 01:48:07 [INFO] Grh=1513 Frame=348 FileNum=20 SX=128 SY=64 W=32 H=32 X=224 Y=192
2026-08-21 01:48:07 [INFO] Grh=1514 Frame=349 FileNum=20 SX=160 SY=64 W=32 H=32 X=256 Y=192
2026-08-21 01:48:07 [INFO] Grh=1515 Frame=350 FileNum=20 SX=192 SY=64 W=32 H=32 X=288 Y=192
2026-08-21 01:48:07 [INFO] Grh=1516 Frame=351 FileNum=20 SX=224 SY=64 W=32 H=32 X=320 Y=192
2026-08-21 01:48:07 [INFO] Grh=1513 Frame=348 FileNum=20 SX=128 SY=64 W=32 H=32 X=352 Y=192
2026-08-21 01:48:07 [INFO] Grh=1514 Frame=349 FileNum=20 SX=160 SY=64 W=32 H=32 X=384 Y=192
2026-08-21 01:48:07 [INFO] Grh=1515 Frame=350 FileNum=20 SX=192 SY=64 W=32 H=32 X=416 Y=192
2026-08-21 01:48:07 [INFO] Grh=1516 Frame=351 FileNum=20 SX=224 SY=64 W=32 H=32 X=448 Y=192
2026-08-21 01:48:07 [INFO] Grh=1513 Frame=348 FileNum=20 SX=128 SY=64 W=32 H=32 X=480 Y=192
2026-08-21 01:48:07 [INFO] Grh=1514 Frame=349 FileNum=20 SX=160 SY=64 W=32 H=32 X=512 Y=192
2026-08-21 01:48:07 [INFO] Grh=1515 Frame=350 FileNum=20 SX=192 SY=64 W=32 H=32 X=544 Y=192
2026-08-21 01:48:07 [INFO] Grh=6000 Frame=6000 FileNum=6000 SX=0 SY=0 W=32 H=32 X=-32 Y=-32
2026-08-21 01:48:07 [INFO] Grh=6001 Frame=6001 FileNum=6000 SX=32 SY=0 W=32 H=32 X=0 Y=-32
2026-08-21 01:48:07 [INFO] Grh=6002 Frame=6002 FileNum=6000 SX=64 SY=0 W=32 H=32 X=32 Y=-32
2026-08-21 01:48:07 [INFO] Grh=6003 Frame=6003 FileNum=6000 SX=96 SY=0 W=32 H=32 X=64 Y=-32
2026-08-21 01:48:07 [INFO] Grh=6000 Frame=6000 FileNum=6000 SX=0 SY=0 W=32 H=32 X=96 Y=-32
2026-08-21 01:48:07 [INFO] Grh=6001 Frame=6001 FileNum=6000 SX=32 SY=0 W=32 H=32 X=128 Y=-32
2026-08-21 01:48:07 [INFO] Grh=6002 Frame=6002 FileNum=6000 SX=64 SY=0 W=32 H=32 X=160 Y=-32
2026-08-21 01:48:07 [INFO] Grh=6003 Frame=6003 FileNum=6000 SX=96 SY=0 W=32 H=32 X=192 Y=-32
2026-08-21 01:48:07 [INFO] Grh=6000 Frame=6000 FileNum=6000 SX=0 SY=0 W=32 H=32 X=224 Y=-32
2026-08-21 01:48:07 [INFO] Grh=6001 Frame=6001 FileNum=6000 SX=32 SY=0 W=32 H=32 X=256 Y=-32
2026-08-21 01:48:07 [INFO] Grh=6002 Frame=6002 FileNum=6000 SX=64 SY=0 W=32 H=32 X=288 Y=-32
2026-08-21 01:48:07 [INFO] Grh=6003 Frame=6003 FileNum=6000 SX=96 SY=0 W=32 H=32 X=320 Y=-32
2026-08-21 01:48:07 [INFO] Grh=6000 Frame=6000 FileNum=6000 SX=0 SY=0 W=32 H=32 X=352 Y=-32
2026-08-21 01:48:07 [INFO] Grh=6001 Frame=6001 FileNum=6000 SX=32 SY=0 W=32 H=32 X=384 Y=-32
2026-08-21 01:48:07 [INFO] Grh=6002 Frame=6002 FileNum=6000 SX=64 SY=0 W=32 H=32 X=416 Y=-32
2026-08-21 01:48:07 [INFO] Grh=6003 Frame=6003 FileNum=6000 SX=96 SY=0 W=32 H=32 X=448 Y=-32
2026-08-21 01:48:07 [INFO] Grh=6000 Frame=6000 FileNum=6000 SX=0 SY=0 W=32 H=32 X=480 Y=-32
2026-08-21 01:48:07 [INFO] Grh=6001 Frame=6001 FileNum=6000 SX=32 SY=0 W=32 H=32 X=512 Y=-32
2026-08-21 01:48:07 [INFO] Grh=6002 Frame=6002 FileNum=6000 SX=64 SY=0 W=32 H=32 X=544 Y=-32
2026-08-21 01:48:07 [INFO] Grh=6008 Frame=6008 FileNum=6000 SX=0 SY=64 W=32 H=32 X=-32 Y=0
2026-08-21 01:48:07 [INFO] Grh=6009 Frame=6009 FileNum=6000 SX=32 SY=64 W=32 H=32 X=0 Y=0
2026-08-21 01:48:07 [INFO] Grh=6010 Frame=6010 FileNum=6000 SX=64 SY=64 W=32 H=32 X=32 Y=0
2026-08-21 01:48:07 [INFO] Grh=6011 Frame=6011 FileNum=6000 SX=96 SY=64 W=32 H=32 X=64 Y=0
2026-08-21 01:48:08 [INFO] Grh=6008 Frame=6008 FileNum=6000 SX=0 SY=64 W=32 H=32 X=96 Y=0
2026-08-21 01:48:08 [INFO] Grh=6009 Frame=6009 FileNum=6000 SX=32 SY=64 W=32 H=32 X=128 Y=0
2026-08-21 01:48:08 [INFO] Grh=6010 Frame=6010 FileNum=6000 SX=64 SY=64 W=32 H=32 X=160 Y=0
2026-08-21 01:48:08 [INFO] Grh=6011 Frame=6011 FileNum=6000 SX=96 SY=64 W=32 H=32 X=192 Y=0
2026-08-21 01:48:08 [INFO] Grh=6008 Frame=6008 FileNum=6000 SX=0 SY=64 W=32 H=32 X=224 Y=0
2026-08-21 01:48:08 [INFO] Grh=6009 Frame=6009 FileNum=6000 SX=32 SY=64 W=32 H=32 X=256 Y=0
2026-08-21 01:48:08 [INFO] Grh=6010 Frame=6010 FileNum=6000 SX=64 SY=64 W=32 H=32 X=288 Y=0
2026-08-21 01:48:08 [INFO] Grh=6011 Frame=6011 FileNum=6000 SX=96 SY=64 W=32 H=32 X=320 Y=0
2026-08-21 01:48:08 [INFO] Grh=6008 Frame=6008 FileNum=6000 SX=0 SY=64 W=32 H=32 X=352 Y=0
2026-08-21 01:48:08 [INFO] Grh=6009 Frame=6009 FileNum=6000 SX=32 SY=64 W=32 H=32 X=384 Y=0
2026-08-21 01:48:08 [INFO] Grh=6010 Frame=6010 FileNum=6000 SX=64 SY=64 W=32 H=32 X=416 Y=0
2026-08-21 01:48:08 [INFO] Grh=6011 Frame=6011 FileNum=6000 SX=96 SY=64 W=32 H=32 X=448 Y=0
2026-08-21 01:48:08 [INFO] Grh=6008 Frame=6008 FileNum=6000 SX=0 SY=64 W=32 H=32 X=480 Y=0
2026-08-21 01:48:08 [INFO] Grh=6009 Frame=6009 FileNum=6000 SX=32 SY=64 W=32 H=32 X=512 Y=0
2026-08-21 01:48:08 [INFO] Grh=6010 Frame=6010 FileNum=6000 SX=64 SY=64 W=32 H=32 X=544 Y=0
2026-08-21 01:48:08 [INFO] Grh=1505 Frame=324 FileNum=20 SX=0 SY=0 W=32 H=32 X=-32 Y=32
2026-08-21 01:48:08 [INFO] Grh=1506 Frame=325 FileNum=20 SX=32 SY=0 W=32 H=32 X=0 Y=32
2026-08-21 01:48:08 [INFO] Grh=1507 Frame=326 FileNum=20 SX=64 SY=0 W=32 H=32 X=32 Y=32
2026-08-21 01:48:08 [INFO] Grh=1508 Frame=327 FileNum=20 SX=96 SY=0 W=32 H=32 X=64 Y=32
2026-08-21 01:48:08 [INFO] Grh=1505 Frame=324 FileNum=20 SX=0 SY=0 W=32 H=32 X=96 Y=32
2026-08-21 01:48:08 [INFO] Grh=1506 Frame=325 FileNum=20 SX=32 SY=0 W=32 H=32 X=128 Y=32
2026-08-21 01:48:08 [INFO] Grh=1507 Frame=326 FileNum=20 SX=64 SY=0 W=32 H=32 X=160 Y=32
2026-08-21 01:48:08 [INFO] Grh=1508 Frame=327 FileNum=20 SX=96 SY=0 W=32 H=32 X=192 Y=32
2026-08-21 01:48:08 [INFO] Grh=1505 Frame=324 FileNum=20 SX=0 SY=0 W=32 H=32 X=224 Y=32
2026-08-21 01:48:08 [INFO] Grh=1506 Frame=325 FileNum=20 SX=32 SY=0 W=32 H=32 X=256 Y=32
2026-08-21 01:48:08 [INFO] Grh=1507 Frame=326 FileNum=20 SX=64 SY=0 W=32 H=32 X=288 Y=32
2026-08-21 01:48:08 [INFO] Grh=1508 Frame=327 FileNum=20 SX=96 SY=0 W=32 H=32 X=320 Y=32
2026-08-21 01:48:08 [INFO] Grh=1505 Frame=324 FileNum=20 SX=0 SY=0 W=32 H=32 X=352 Y=32
2026-08-21 01:48:08 [INFO] Grh=1506 Frame=325 FileNum=20 SX=32 SY=0 W=32 H=32 X=384 Y=32
2026-08-21 01:48:08 [INFO] Grh=1507 Frame=326 FileNum=20 SX=64 SY=0 W=32 H=32 X=416 Y=32
2026-08-21 01:48:08 [INFO] Grh=1508 Frame=327 FileNum=20 SX=96 SY=0 W=32 H=32 X=448 Y=32
2026-08-21 01:48:08 [INFO] Grh=1505 Frame=324 FileNum=20 SX=0 SY=0 W=32 H=32 X=480 Y=32
2026-08-21 01:48:08 [INFO] Grh=1506 Frame=325 FileNum=20 SX=32 SY=0 W=32 H=32 X=512 Y=32
2026-08-21 01:48:08 [INFO] Grh=1507 Frame=326 FileNum=20 SX=64 SY=0 W=32 H=32 X=544 Y=32
2026-08-21 01:48:08 [INFO] Grh=1513 Frame=332 FileNum=20 SX=0 SY=64 W=32 H=32 X=-32 Y=64
2026-08-21 01:48:08 [INFO] Grh=1514 Frame=333 FileNum=20 SX=32 SY=64 W=32 H=32 X=0 Y=64
2026-08-21 01:48:08 [INFO] Grh=1515 Frame=334 FileNum=20 SX=64 SY=64 W=32 H=32 X=32 Y=64
2026-08-21 01:48:08 [INFO] Grh=1516 Frame=335 FileNum=20 SX=96 SY=64 W=32 H=32 X=64 Y=64
2026-08-21 01:48:08 [INFO] Grh=1513 Frame=332 FileNum=20 SX=0 SY=64 W=32 H=32 X=96 Y=64
2026-08-21 01:48:08 [INFO] Grh=1514 Frame=333 FileNum=20 SX=32 SY=64 W=32 H=32 X=128 Y=64
2026-08-21 01:48:08 [INFO] Grh=1515 Frame=334 FileNum=20 SX=64 SY=64 W=32 H=32 X=160 Y=64
2026-08-21 01:48:08 [INFO] Grh=1516 Frame=335 FileNum=20 SX=96 SY=64 W=32 H=32 X=192 Y=64
2026-08-21 01:48:08 [INFO] Grh=1513 Frame=332 FileNum=20 SX=0 SY=64 W=32 H=32 X=224 Y=64
2026-08-21 01:48:08 [INFO] Grh=1514 Frame=333 FileNum=20 SX=32 SY=64 W=32 H=32 X=256 Y=64
2026-08-21 01:48:08 [INFO] Grh=1515 Frame=334 FileNum=20 SX=64 SY=64 W=32 H=32 X=288 Y=64
2026-08-21 01:48:08 [INFO] Grh=1516 Frame=335 FileNum=20 SX=96 SY=64 W=32 H=32 X=320 Y=64
2026-08-21 01:48:08 [INFO] Grh=1513 Frame=332 FileNum=20 SX=0 SY=64 W=32 H=32 X=352 Y=64
2026-08-21 01:48:08 [INFO] Grh=1514 Frame=333 FileNum=20 SX=32 SY=64 W=32 H=32 X=384 Y=64
2026-08-21 01:48:08 [INFO] Grh=1515 Frame=334 FileNum=20 SX=64 SY=64 W=32 H=32 X=416 Y=64
2026-08-21 01:48:08 [INFO] Grh=1516 Frame=335 FileNum=20 SX=96 SY=64 W=32 H=32 X=448 Y=64
2026-08-21 01:48:08 [INFO] Grh=1513 Frame=332 FileNum=20 SX=0 SY=64 W=32 H=32 X=480 Y=64
2026-08-21 01:48:08 [INFO] Grh=1514 Frame=333 FileNum=20 SX=32 SY=64 W=32 H=32 X=512 Y=64
2026-08-21 01:48:08 [INFO] Grh=1515 Frame=334 FileNum=20 SX=64 SY=64 W=32 H=32 X=544 Y=64
2026-08-21 01:48:08 [INFO] Grh=1505 Frame=324 FileNum=20 SX=0 SY=0 W=32 H=32 X=-32 Y=96
2026-08-21 01:48:08 [INFO] Grh=1506 Frame=325 FileNum=20 SX=32 SY=0 W=32 H=32 X=0 Y=96
2026-08-21 01:48:08 [INFO] Grh=1507 Frame=326 FileNum=20 SX=64 SY=0 W=32 H=32 X=32 Y=96
2026-08-21 01:48:08 [INFO] Grh=1508 Frame=327 FileNum=20 SX=96 SY=0 W=32 H=32 X=64 Y=96
2026-08-21 01:48:08 [INFO] Grh=1505 Frame=324 FileNum=20 SX=0 SY=0 W=32 H=32 X=96 Y=96
2026-08-21 01:48:08 [INFO] Grh=1506 Frame=325 FileNum=20 SX=32 SY=0 W=32 H=32 X=128 Y=96
2026-08-21 01:48:08 [INFO] Grh=1507 Frame=326 FileNum=20 SX=64 SY=0 W=32 H=32 X=160 Y=96
2026-08-21 01:48:08 [INFO] Grh=1508 Frame=327 FileNum=20 SX=96 SY=0 W=32 H=32 X=192 Y=96
2026-08-21 01:48:08 [INFO] Grh=1505 Frame=324 FileNum=20 SX=0 SY=0 W=32 H=32 X=224 Y=96
2026-08-21 01:48:08 [INFO] Grh=1506 Frame=325 FileNum=20 SX=32 SY=0 W=32 H=32 X=256 Y=96
2026-08-21 01:48:08 [INFO] Grh=1507 Frame=326 FileNum=20 SX=64 SY=0 W=32 H=32 X=288 Y=96
2026-08-21 01:48:08 [INFO] Grh=1508 Frame=327 FileNum=20 SX=96 SY=0 W=32 H=32 X=320 Y=96
2026-08-21 01:48:08 [INFO] Grh=1505 Frame=324 FileNum=20 SX=0 SY=0 W=32 H=32 X=352 Y=96
2026-08-21 01:48:08 [INFO] Grh=1506 Frame=325 FileNum=20 SX=32 SY=0 W=32 H=32 X=384 Y=96
2026-08-21 01:48:08 [INFO] Grh=1507 Frame=326 FileNum=20 SX=64 SY=0 W=32 H=32 X=416 Y=96
2026-08-21 01:48:08 [INFO] Grh=1508 Frame=327 FileNum=20 SX=96 SY=0 W=32 H=32 X=448 Y=96
2026-08-21 01:48:08 [INFO] Grh=1505 Frame=324 FileNum=20 SX=0 SY=0 W=32 H=32 X=480 Y=96
2026-08-21 01:48:08 [INFO] Grh=1506 Frame=325 FileNum=20 SX=32 SY=0 W=32 H=32 X=512 Y=96
2026-08-21 01:48:08 [INFO] Grh=1507 Frame=326 FileNum=20 SX=64 SY=0 W=32 H=32 X=544 Y=96
2026-08-21 01:48:08 [INFO] Grh=1513 Frame=332 FileNum=20 SX=0 SY=64 W=32 H=32 X=-32 Y=128
2026-08-21 01:48:08 [INFO] Grh=1514 Frame=333 FileNum=20 SX=32 SY=64 W=32 H=32 X=0 Y=128
2026-08-21 01:48:08 [INFO] Grh=1515 Frame=334 FileNum=20 SX=64 SY=64 W=32 H=32 X=32 Y=128
2026-08-21 01:48:08 [INFO] Grh=1516 Frame=335 FileNum=20 SX=96 SY=64 W=32 H=32 X=64 Y=128
2026-08-21 01:48:08 [INFO] Grh=1513 Frame=332 FileNum=20 SX=0 SY=64 W=32 H=32 X=96 Y=128
2026-08-21 01:48:08 [INFO] Grh=1514 Frame=333 FileNum=20 SX=32 SY=64 W=32 H=32 X=128 Y=128
2026-08-21 01:48:08 [INFO] Grh=1515 Frame=334 FileNum=20 SX=64 SY=64 W=32 H=32 X=160 Y=128
2026-08-21 01:48:08 [INFO] Grh=1516 Frame=335 FileNum=20 SX=96 SY=64 W=32 H=32 X=192 Y=128
2026-08-21 01:48:08 [INFO] Grh=1513 Frame=332 FileNum=20 SX=0 SY=64 W=32 H=32 X=224 Y=128
2026-08-21 01:48:08 [INFO] Grh=1514 Frame=333 FileNum=20 SX=32 SY=64 W=32 H=32 X=256 Y=128
2026-08-21 01:48:08 [INFO] Grh=1515 Frame=334 FileNum=20 SX=64 SY=64 W=32 H=32 X=288 Y=128
2026-08-21 01:48:08 [INFO] Grh=1516 Frame=335 FileNum=20 SX=96 SY=64 W=32 H=32 X=320 Y=128
2026-08-21 01:48:08 [INFO] Grh=1513 Frame=332 FileNum=20 SX=0 SY=64 W=32 H=32 X=352 Y=128
2026-08-21 01:48:08 [INFO] Grh=1514 Frame=333 FileNum=20 SX=32 SY=64 W=32 H=32 X=384 Y=128
2026-08-21 01:48:08 [INFO] Grh=1515 Frame=334 FileNum=20 SX=64 SY=64 W=32 H=32 X=416 Y=128
2026-08-21 01:48:08 [INFO] Grh=1516 Frame=335 FileNum=20 SX=96 SY=64 W=32 H=32 X=448 Y=128
2026-08-21 01:48:08 [INFO] Grh=1513 Frame=332 FileNum=20 SX=0 SY=64 W=32 H=32 X=480 Y=128
2026-08-21 01:48:08 [INFO] Grh=1514 Frame=333 FileNum=20 SX=32 SY=64 W=32 H=32 X=512 Y=128
2026-08-21 01:48:08 [INFO] Grh=1515 Frame=334 FileNum=20 SX=64 SY=64 W=32 H=32 X=544 Y=128
2026-08-21 01:48:08 [INFO] Grh=1505 Frame=324 FileNum=20 SX=0 SY=0 W=32 H=32 X=-32 Y=160
2026-08-21 01:48:08 [INFO] Grh=1506 Frame=325 FileNum=20 SX=32 SY=0 W=32 H=32 X=0 Y=160
2026-08-21 01:48:08 [INFO] Grh=1507 Frame=326 FileNum=20 SX=64 SY=0 W=32 H=32 X=32 Y=160
2026-08-21 01:48:08 [INFO] Grh=1508 Frame=327 FileNum=20 SX=96 SY=0 W=32 H=32 X=64 Y=160
2026-08-21 01:48:08 [INFO] Grh=1505 Frame=324 FileNum=20 SX=0 SY=0 W=32 H=32 X=96 Y=160
2026-08-21 01:48:08 [INFO] Grh=1506 Frame=325 FileNum=20 SX=32 SY=0 W=32 H=32 X=128 Y=160
2026-08-21 01:48:08 [INFO] Grh=1507 Frame=326 FileNum=20 SX=64 SY=0 W=32 H=32 X=160 Y=160
2026-08-21 01:48:08 [INFO] Grh=1508 Frame=327 FileNum=20 SX=96 SY=0 W=32 H=32 X=192 Y=160
2026-08-21 01:48:08 [INFO] Grh=1505 Frame=324 FileNum=20 SX=0 SY=0 W=32 H=32 X=224 Y=160
2026-08-21 01:48:08 [INFO] Grh=1506 Frame=325 FileNum=20 SX=32 SY=0 W=32 H=32 X=256 Y=160
2026-08-21 01:48:08 [INFO] Grh=1507 Frame=326 FileNum=20 SX=64 SY=0 W=32 H=32 X=288 Y=160
2026-08-21 01:48:08 [INFO] Grh=1508 Frame=327 FileNum=20 SX=96 SY=0 W=32 H=32 X=320 Y=160
2026-08-21 01:48:08 [INFO] Grh=1505 Frame=324 FileNum=20 SX=0 SY=0 W=32 H=32 X=352 Y=160
2026-08-21 01:48:08 [INFO] Grh=1506 Frame=325 FileNum=20 SX=32 SY=0 W=32 H=32 X=384 Y=160
2026-08-21 01:48:08 [INFO] Grh=1507 Frame=326 FileNum=20 SX=64 SY=0 W=32 H=32 X=416 Y=160
2026-08-21 01:48:08 [INFO] Grh=1508 Frame=327 FileNum=20 SX=96 SY=0 W=32 H=32 X=448 Y=160
2026-08-21 01:48:08 [INFO] Grh=1505 Frame=324 FileNum=20 SX=0 SY=0 W=32 H=32 X=480 Y=160
2026-08-21 01:48:08 [INFO] Grh=1506 Frame=325 FileNum=20 SX=32 SY=0 W=32 H=32 X=512 Y=160
2026-08-21 01:48:08 [INFO] Grh=1507 Frame=326 FileNum=20 SX=64 SY=0 W=32 H=32 X=544 Y=160
2026-08-21 01:48:08 [INFO] Grh=1513 Frame=332 FileNum=20 SX=0 SY=64 W=32 H=32 X=-32 Y=192
2026-08-21 01:48:08 [INFO] Grh=1514 Frame=333 FileNum=20 SX=32 SY=64 W=32 H=32 X=0 Y=192
2026-08-21 01:48:08 [INFO] Grh=1515 Frame=334 FileNum=20 SX=64 SY=64 W=32 H=32 X=32 Y=192
2026-08-21 01:48:08 [INFO] Grh=1516 Frame=335 FileNum=20 SX=96 SY=64 W=32 H=32 X=64 Y=192
2026-08-21 01:48:08 [INFO] Grh=1513 Frame=332 FileNum=20 SX=0 SY=64 W=32 H=32 X=96 Y=192
2026-08-21 01:48:08 [INFO] Grh=1514 Frame=333 FileNum=20 SX=32 SY=64 W=32 H=32 X=128 Y=192
2026-08-21 01:48:08 [INFO] Grh=1515 Frame=334 FileNum=20 SX=64 SY=64 W=32 H=32 X=160 Y=192
2026-08-21 01:48:08 [INFO] Grh=1516 Frame=335 FileNum=20 SX=96 SY=64 W=32 H=32 X=192 Y=192
2026-08-21 01:48:08 [INFO] Grh=1513 Frame=332 FileNum=20 SX=0 SY=64 W=32 H=32 X=224 Y=192
2026-08-21 01:48:08 [INFO] Grh=1514 Frame=333 FileNum=20 SX=32 SY=64 W=32 H=32 X=256 Y=192
2026-08-21 01:48:08 [INFO] Grh=1515 Frame=334 FileNum=20 SX=64 SY=64 W=32 H=32 X=288 Y=192
2026-08-21 01:48:08 [INFO] Grh=1516 Frame=335 FileNum=20 SX=96 SY=64 W=32 H=32 X=320 Y=192
2026-08-21 01:48:08 [INFO] Grh=1513 Frame=332 FileNum=20 SX=0 SY=64 W=32 H=32 X=352 Y=192
2026-08-21 01:48:08 [INFO] Grh=1514 Frame=333 FileNum=20 SX=32 SY=64 W=32 H=32 X=384 Y=192
2026-08-21 01:48:08 [INFO] Grh=1515 Frame=334 FileNum=20 SX=64 SY=64 W=32 H=32 X=416 Y=192
2026-08-21 01:48:08 [INFO] Grh=1516 Frame=335 FileNum=20 SX=96 SY=64 W=32 H=32 X=448 Y=192
2026-08-21 01:48:08 [INFO] Grh=1513 Frame=332 FileNum=20 SX=0 SY=64 W=32 H=32 X=480 Y=192
2026-08-21 01:48:08 [INFO] Grh=1514 Frame=333 FileNum=20 SX=32 SY=64 W=32 H=32 X=512 Y=192
2026-08-21 01:48:08 [INFO] Grh=1515 Frame=334 FileNum=20 SX=64 SY=64 W=32 H=32 X=544 Y=192
2026-08-21 01:48:08 [INFO] Grh=6000 Frame=6000 FileNum=6000 SX=0 SY=0 W=32 H=32 X=-32 Y=-32
2026-08-21 01:48:08 [INFO] Grh=6001 Frame=6001 FileNum=6000 SX=32 SY=0 W=32 H=32 X=0 Y=-32
2026-08-21 01:48:08 [INFO] Grh=6002 Frame=6002 FileNum=6000 SX=64 SY=0 W=32 H=32 X=32 Y=-32
2026-08-21 01:48:08 [INFO] Grh=6003 Frame=6003 FileNum=6000 SX=96 SY=0 W=32 H=32 X=64 Y=-32
2026-08-21 01:48:08 [INFO] Grh=6000 Frame=6000 FileNum=6000 SX=0 SY=0 W=32 H=32 X=96 Y=-32
2026-08-21 01:48:08 [INFO] Grh=6001 Frame=6001 FileNum=6000 SX=32 SY=0 W=32 H=32 X=128 Y=-32
2026-08-21 01:48:08 [INFO] Grh=6002 Frame=6002 FileNum=6000 SX=64 SY=0 W=32 H=32 X=160 Y=-32
2026-08-21 01:48:08 [INFO] Grh=6003 Frame=6003 FileNum=6000 SX=96 SY=0 W=32 H=32 X=192 Y=-32
2026-08-21 01:48:08 [INFO] Grh=6000 Frame=6000 FileNum=6000 SX=0 SY=0 W=32 H=32 X=224 Y=-32
2026-08-21 01:48:08 [INFO] Grh=6001 Frame=6001 FileNum=6000 SX=32 SY=0 W=32 H=32 X=256 Y=-32
2026-08-21 01:48:08 [INFO] Grh=6002 Frame=6002 FileNum=6000 SX=64 SY=0 W=32 H=32 X=288 Y=-32
2026-08-21 01:48:08 [INFO] Grh=6003 Frame=6003 FileNum=6000 SX=96 SY=0 W=32 H=32 X=320 Y=-32
2026-08-21 01:48:08 [INFO] Grh=6000 Frame=6000 FileNum=6000 SX=0 SY=0 W=32 H=32 X=352 Y=-32
2026-08-21 01:48:08 [INFO] Grh=6001 Frame=6001 FileNum=6000 SX=32 SY=0 W=32 H=32 X=384 Y=-32
2026-08-21 01:48:08 [INFO] Grh=6002 Frame=6002 FileNum=6000 SX=64 SY=0 W=32 H=32 X=416 Y=-32
2026-08-21 01:48:08 [INFO] Grh=6003 Frame=6003 FileNum=6000 SX=96 SY=0 W=32 H=32 X=448 Y=-32
2026-08-21 01:48:08 [INFO] Grh=6000 Frame=6000 FileNum=6000 SX=0 SY=0 W=32 H=32 X=480 Y=-32
2026-08-21 01:48:08 [INFO] Grh=6001 Frame=6001 FileNum=6000 SX=32 SY=0 W=32 H=32 X=512 Y=-32
2026-08-21 01:48:08 [INFO] Grh=6002 Frame=6002 FileNum=6000 SX=64 SY=0 W=32 H=32 X=544 Y=-32
2026-08-21 01:48:08 [INFO] Grh=6008 Frame=6008 FileNum=6000 SX=0 SY=64 W=32 H=32 X=-32 Y=0
2026-08-21 01:48:08 [INFO] Grh=6009 Frame=6009 FileNum=6000 SX=32 SY=64 W=32 H=32 X=0 Y=0
2026-08-21 01:48:08 [INFO] Grh=6010 Frame=6010 FileNum=6000 SX=64 SY=64 W=32 H=32 X=32 Y=0
2026-08-21 01:48:08 [INFO] Grh=6011 Frame=6011 FileNum=6000 SX=96 SY=64 W=32 H=32 X=64 Y=0
2026-08-21 01:48:08 [INFO] Grh=6008 Frame=6008 FileNum=6000 SX=0 SY=64 W=32 H=32 X=96 Y=0
2026-08-21 01:48:08 [INFO] Grh=6009 Frame=6009 FileNum=6000 SX=32 SY=64 W=32 H=32 X=128 Y=0
2026-08-21 01:48:08 [INFO] Grh=6010 Frame=6010 FileNum=6000 SX=64 SY=64 W=32 H=32 X=160 Y=0
2026-08-21 01:48:08 [INFO] Grh=6011 Frame=6011 FileNum=6000 SX=96 SY=64 W=32 H=32 X=192 Y=0
2026-08-21 01:48:08 [INFO] Grh=6008 Frame=6008 FileNum=6000 SX=0 SY=64 W=32 H=32 X=224 Y=0
2026-08-21 01:48:08 [INFO] Grh=6009 Frame=6009 FileNum=6000 SX=32 SY=64 W=32 H=32 X=256 Y=0
2026-08-21 01:48:08 [INFO] Grh=6010 Frame=6010 FileNum=6000 SX=64 SY=64 W=32 H=32 X=288 Y=0
2026-08-21 01:48:08 [INFO] Grh=6011 Frame=6011 FileNum=6000 SX=96 SY=64 W=32 H=32 X=320 Y=0
2026-08-21 01:48:08 [INFO] Grh=6008 Frame=6008 FileNum=6000 SX=0 SY=64 W=32 H=32 X=352 Y=0
2026-08-21 01:48:08 [INFO] Grh=6009 Frame=6009 FileNum=6000 SX=32 SY=64 W=32 H=32 X=384 Y=0
2026-08-21 01:48:08 [INFO] Grh=6010 Frame=6010 FileNum=6000 SX=64 SY=64 W=32 H=32 X=416 Y=0
2026-08-21 01:48:08 [INFO] Grh=6011 Frame=6011 FileNum=6000 SX=96 SY=64 W=32 H=32 X=448 Y=0
2026-08-21 01:48:08 [INFO] Grh=6008 Frame=6008 FileNum=6000 SX=0 SY=64 W=32 H=32 X=480 Y=0
2026-08-21 01:48:08 [INFO] Grh=6009 Frame=6009 FileNum=6000 SX=32 SY=64 W=32 H=32 X=512 Y=0
2026-08-21 01:48:08 [INFO] Grh=6010 Frame=6010 FileNum=6000 SX=64 SY=64 W=32 H=32 X=544 Y=0
2026-08-21 01:48:08 [INFO] Grh=1505 Frame=356 FileNum=20 SX=256 SY=0 W=32 H=32 X=-32 Y=32
2026-08-21 01:48:08 [INFO] Grh=1506 Frame=357 FileNum=20 SX=288 SY=0 W=32 H=32 X=0 Y=32
2026-08-21 01:48:08 [INFO] Grh=1507 Frame=358 FileNum=20 SX=320 SY=0 W=32 H=32 X=32 Y=32
2026-08-21 01:48:08 [INFO] Grh=1508 Frame=359 FileNum=20 SX=352 SY=0 W=32 H=32 X=64 Y=32
2026-08-21 01:48:08 [INFO] Grh=1505 Frame=356 FileNum=20 SX=256 SY=0 W=32 H=32 X=96 Y=32
2026-08-21 01:48:08 [INFO] Grh=1506 Frame=357 FileNum=20 SX=288 SY=0 W=32 H=32 X=128 Y=32
2026-08-21 01:48:08 [INFO] Grh=1507 Frame=358 FileNum=20 SX=320 SY=0 W=32 H=32 X=160 Y=32
2026-08-21 01:48:08 [INFO] Grh=1508 Frame=359 FileNum=20 SX=352 SY=0 W=32 H=32 X=192 Y=32
2026-08-21 01:48:08 [INFO] Grh=1505 Frame=356 FileNum=20 SX=256 SY=0 W=32 H=32 X=224 Y=32
2026-08-21 01:48:08 [INFO] Grh=1506 Frame=357 FileNum=20 SX=288 SY=0 W=32 H=32 X=256 Y=32
2026-08-21 01:48:08 [INFO] Grh=1507 Frame=358 FileNum=20 SX=320 SY=0 W=32 H=32 X=288 Y=32
2026-08-21 01:48:08 [INFO] Grh=1508 Frame=359 FileNum=20 SX=352 SY=0 W=32 H=32 X=320 Y=32
2026-08-21 01:48:08 [INFO] Grh=1505 Frame=356 FileNum=20 SX=256 SY=0 W=32 H=32 X=352 Y=32
2026-08-21 01:48:08 [INFO] Grh=1506 Frame=357 FileNum=20 SX=288 SY=0 W=32 H=32 X=384 Y=32
2026-08-21 01:48:08 [INFO] Grh=1507 Frame=358 FileNum=20 SX=320 SY=0 W=32 H=32 X=416 Y=32
2026-08-21 01:48:08 [INFO] Grh=1508 Frame=359 FileNum=20 SX=352 SY=0 W=32 H=32 X=448 Y=32
2026-08-21 01:48:08 [INFO] Grh=1505 Frame=356 FileNum=20 SX=256 SY=0 W=32 H=32 X=480 Y=32
2026-08-21 01:48:08 [INFO] Grh=1506 Frame=357 FileNum=20 SX=288 SY=0 W=32 H=32 X=512 Y=32
2026-08-21 01:48:08 [INFO] Grh=1507 Frame=358 FileNum=20 SX=320 SY=0 W=32 H=32 X=544 Y=32
2026-08-21 01:48:08 [INFO] Grh=1513 Frame=364 FileNum=20 SX=256 SY=64 W=32 H=32 X=-32 Y=64
2026-08-21 01:48:08 [INFO] Grh=1514 Frame=365 FileNum=20 SX=288 SY=64 W=32 H=32 X=0 Y=64
2026-08-21 01:48:08 [INFO] Grh=1515 Frame=366 FileNum=20 SX=320 SY=64 W=32 H=32 X=32 Y=64
2026-08-21 01:48:08 [INFO] Grh=1516 Frame=367 FileNum=20 SX=352 SY=64 W=32 H=32 X=64 Y=64
2026-08-21 01:48:08 [INFO] Grh=1513 Frame=364 FileNum=20 SX=256 SY=64 W=32 H=32 X=96 Y=64
2026-08-21 01:48:08 [INFO] Grh=1514 Frame=365 FileNum=20 SX=288 SY=64 W=32 H=32 X=128 Y=64
2026-08-21 01:48:08 [INFO] Grh=1515 Frame=366 FileNum=20 SX=320 SY=64 W=32 H=32 X=160 Y=64
2026-08-21 01:48:08 [INFO] Grh=1516 Frame=367 FileNum=20 SX=352 SY=64 W=32 H=32 X=192 Y=64
2026-08-21 01:48:08 [INFO] Grh=1513 Frame=364 FileNum=20 SX=256 SY=64 W=32 H=32 X=224 Y=64
2026-08-21 01:48:08 [INFO] Grh=1514 Frame=365 FileNum=20 SX=288 SY=64 W=32 H=32 X=256 Y=64
2026-08-21 01:48:08 [INFO] Grh=1515 Frame=366 FileNum=20 SX=320 SY=64 W=32 H=32 X=288 Y=64
2026-08-21 01:48:08 [INFO] Grh=1516 Frame=367 FileNum=20 SX=352 SY=64 W=32 H=32 X=320 Y=64
2026-08-21 01:48:08 [INFO] Grh=1513 Frame=364 FileNum=20 SX=256 SY=64 W=32 H=32 X=352 Y=64
2026-08-21 01:48:08 [INFO] Grh=1514 Frame=365 FileNum=20 SX=288 SY=64 W=32 H=32 X=384 Y=64
2026-08-21 01:48:08 [INFO] Grh=1515 Frame=366 FileNum=20 SX=320 SY=64 W=32 H=32 X=416 Y=64
2026-08-21 01:48:08 [INFO] Grh=1516 Frame=367 FileNum=20 SX=352 SY=64 W=32 H=32 X=448 Y=64
2026-08-21 01:48:08 [INFO] Grh=1513 Frame=364 FileNum=20 SX=256 SY=64 W=32 H=32 X=480 Y=64
2026-08-21 01:48:08 [INFO] Grh=1514 Frame=365 FileNum=20 SX=288 SY=64 W=32 H=32 X=512 Y=64
2026-08-21 01:48:08 [INFO] Grh=1515 Frame=366 FileNum=20 SX=320 SY=64 W=32 H=32 X=544 Y=64
2026-08-21 01:48:08 [INFO] Grh=1505 Frame=356 FileNum=20 SX=256 SY=0 W=32 H=32 X=-32 Y=96
2026-08-21 01:48:08 [INFO] Grh=1506 Frame=357 FileNum=20 SX=288 SY=0 W=32 H=32 X=0 Y=96
2026-08-21 01:48:08 [INFO] Grh=1507 Frame=358 FileNum=20 SX=320 SY=0 W=32 H=32 X=32 Y=96
2026-08-21 01:48:08 [INFO] Grh=1508 Frame=359 FileNum=20 SX=352 SY=0 W=32 H=32 X=64 Y=96
2026-08-21 01:48:08 [INFO] Grh=1505 Frame=356 FileNum=20 SX=256 SY=0 W=32 H=32 X=96 Y=96
2026-08-21 01:48:08 [INFO] Grh=1506 Frame=357 FileNum=20 SX=288 SY=0 W=32 H=32 X=128 Y=96
2026-08-21 01:48:08 [INFO] Grh=1507 Frame=358 FileNum=20 SX=320 SY=0 W=32 H=32 X=160 Y=96
2026-08-21 01:48:08 [INFO] Grh=1508 Frame=359 FileNum=20 SX=352 SY=0 W=32 H=32 X=192 Y=96
2026-08-21 01:48:08 [INFO] Grh=1505 Frame=356 FileNum=20 SX=256 SY=0 W=32 H=32 X=224 Y=96
2026-08-21 01:48:08 [INFO] Grh=1506 Frame=357 FileNum=20 SX=288 SY=0 W=32 H=32 X=256 Y=96
2026-08-21 01:48:08 [INFO] Grh=1507 Frame=358 FileNum=20 SX=320 SY=0 W=32 H=32 X=288 Y=96
2026-08-21 01:48:08 [INFO] Grh=1508 Frame=359 FileNum=20 SX=352 SY=0 W=32 H=32 X=320 Y=96
2026-08-21 01:48:08 [INFO] Grh=1505 Frame=356 FileNum=20 SX=256 SY=0 W=32 H=32 X=352 Y=96
2026-08-21 01:48:08 [INFO] Grh=1506 Frame=357 FileNum=20 SX=288 SY=0 W=32 H=32 X=384 Y=96
2026-08-21 01:48:08 [INFO] Grh=1507 Frame=358 FileNum=20 SX=320 SY=0 W=32 H=32 X=416 Y=96
2026-08-21 01:48:08 [INFO] Grh=1508 Frame=359 FileNum=20 SX=352 SY=0 W=32 H=32 X=448 Y=96
2026-08-21 01:48:08 [INFO] Grh=1505 Frame=356 FileNum=20 SX=256 SY=0 W=32 H=32 X=480 Y=96
2026-08-21 01:48:08 [INFO] Grh=1506 Frame=357 FileNum=20 SX=288 SY=0 W=32 H=32 X=512 Y=96
2026-08-21 01:48:08 [INFO] Grh=1507 Frame=358 FileNum=20 SX=320 SY=0 W=32 H=32 X=544 Y=96
2026-08-21 01:48:08 [INFO] Grh=1513 Frame=364 FileNum=20 SX=256 SY=64 W=32 H=32 X=-32 Y=128
2026-08-21 01:48:08 [INFO] Grh=1514 Frame=365 FileNum=20 SX=288 SY=64 W=32 H=32 X=0 Y=128
2026-08-21 01:48:08 [INFO] Grh=1515 Frame=366 FileNum=20 SX=320 SY=64 W=32 H=32 X=32 Y=128
2026-08-21 01:48:08 [INFO] Grh=1516 Frame=367 FileNum=20 SX=352 SY=64 W=32 H=32 X=64 Y=128
2026-08-21 01:48:08 [INFO] Grh=1513 Frame=364 FileNum=20 SX=256 SY=64 W=32 H=32 X=96 Y=128
2026-08-21 01:48:08 [INFO] Grh=1514 Frame=365 FileNum=20 SX=288 SY=64 W=32 H=32 X=128 Y=128
2026-08-21 01:48:08 [INFO] Grh=1515 Frame=366 FileNum=20 SX=320 SY=64 W=32 H=32 X=160 Y=128
2026-08-21 01:48:08 [INFO] Grh=1516 Frame=367 FileNum=20 SX=352 SY=64 W=32 H=32 X=192 Y=128
2026-08-21 01:48:08 [INFO] Grh=1513 Frame=364 FileNum=20 SX=256 SY=64 W=32 H=32 X=224 Y=128
2026-08-21 01:48:08 [INFO] Grh=1514 Frame=365 FileNum=20 SX=288 SY=64 W=32 H=32 X=256 Y=128
2026-08-21 01:48:08 [INFO] Grh=1515 Frame=366 FileNum=20 SX=320 SY=64 W=32 H=32 X=288 Y=128
2026-08-21 01:48:08 [INFO] Grh=1516 Frame=367 FileNum=20 SX=352 SY=64 W=32 H=32 X=320 Y=128
2026-08-21 01:48:08 [INFO] Grh=1513 Frame=364 FileNum=20 SX=256 SY=64 W=32 H=32 X=352 Y=128
2026-08-21 01:48:08 [INFO] Grh=1514 Frame=365 FileNum=20 SX=288 SY=64 W=32 H=32 X=384 Y=128
2026-08-21 01:48:08 [INFO] Grh=1515 Frame=366 FileNum=20 SX=320 SY=64 W=32 H=32 X=416 Y=128
2026-08-21 01:48:08 [INFO] Grh=1516 Frame=367 FileNum=20 SX=352 SY=64 W=32 H=32 X=448 Y=128
2026-08-21 01:48:09 [INFO] Grh=1513 Frame=364 FileNum=20 SX=256 SY=64 W=32 H=32 X=480 Y=128
2026-08-21 01:48:09 [INFO] Grh=1514 Frame=365 FileNum=20 SX=288 SY=64 W=32 H=32 X=512 Y=128
2026-08-21 01:48:09 [INFO] Grh=1515 Frame=366 FileNum=20 SX=320 SY=64 W=32 H=32 X=544 Y=128
2026-08-21 01:48:09 [INFO] Grh=1505 Frame=356 FileNum=20 SX=256 SY=0 W=32 H=32 X=-32 Y=160
2026-08-21 01:48:09 [INFO] Grh=1506 Frame=357 FileNum=20 SX=288 SY=0 W=32 H=32 X=0 Y=160
2026-08-21 01:48:09 [INFO] Grh=1507 Frame=358 FileNum=20 SX=320 SY=0 W=32 H=32 X=32 Y=160
2026-08-21 01:48:09 [INFO] Grh=1508 Frame=359 FileNum=20 SX=352 SY=0 W=32 H=32 X=64 Y=160
2026-08-21 01:48:09 [INFO] Grh=1505 Frame=356 FileNum=20 SX=256 SY=0 W=32 H=32 X=96 Y=160
2026-08-21 01:48:09 [INFO] Grh=1506 Frame=357 FileNum=20 SX=288 SY=0 W=32 H=32 X=128 Y=160
2026-08-21 01:48:09 [INFO] Grh=1507 Frame=358 FileNum=20 SX=320 SY=0 W=32 H=32 X=160 Y=160
2026-08-21 01:48:09 [INFO] Grh=1508 Frame=359 FileNum=20 SX=352 SY=0 W=32 H=32 X=192 Y=160
2026-08-21 01:48:09 [INFO] Grh=1505 Frame=356 FileNum=20 SX=256 SY=0 W=32 H=32 X=224 Y=160
2026-08-21 01:48:09 [INFO] Grh=1506 Frame=357 FileNum=20 SX=288 SY=0 W=32 H=32 X=256 Y=160
2026-08-21 01:48:09 [INFO] Grh=1507 Frame=358 FileNum=20 SX=320 SY=0 W=32 H=32 X=288 Y=160
2026-08-21 01:48:09 [INFO] Grh=1508 Frame=359 FileNum=20 SX=352 SY=0 W=32 H=32 X=320 Y=160
2026-08-21 01:48:09 [INFO] Grh=1505 Frame=356 FileNum=20 SX=256 SY=0 W=32 H=32 X=352 Y=160
2026-08-21 01:48:09 [INFO] Grh=1506 Frame=357 FileNum=20 SX=288 SY=0 W=32 H=32 X=384 Y=160
2026-08-21 01:48:09 [INFO] Grh=1507 Frame=358 FileNum=20 SX=320 SY=0 W=32 H=32 X=416 Y=160
2026-08-21 01:48:09 [INFO] Grh=1508 Frame=359 FileNum=20 SX=352 SY=0 W=32 H=32 X=448 Y=160
2026-08-21 01:48:09 [INFO] Grh=1505 Frame=356 FileNum=20 SX=256 SY=0 W=32 H=32 X=480 Y=160
2026-08-21 01:48:09 [INFO] Grh=1506 Frame=357 FileNum=20 SX=288 SY=0 W=32 H=32 X=512 Y=160
2026-08-21 01:48:09 [INFO] Grh=1507 Frame=358 FileNum=20 SX=320 SY=0 W=32 H=32 X=544 Y=160
2026-08-21 01:48:09 [INFO] Grh=1513 Frame=364 FileNum=20 SX=256 SY=64 W=32 H=32 X=-32 Y=192
2026-08-21 01:48:09 [INFO] Grh=1514 Frame=365 FileNum=20 SX=288 SY=64 W=32 H=32 X=0 Y=192
2026-08-21 01:48:09 [INFO] Grh=1515 Frame=366 FileNum=20 SX=320 SY=64 W=32 H=32 X=32 Y=192
2026-08-21 01:48:09 [INFO] Grh=1516 Frame=367 FileNum=20 SX=352 SY=64 W=32 H=32 X=64 Y=192
2026-08-21 01:48:09 [INFO] Grh=1513 Frame=364 FileNum=20 SX=256 SY=64 W=32 H=32 X=96 Y=192
2026-08-21 01:48:09 [INFO] Grh=1514 Frame=365 FileNum=20 SX=288 SY=64 W=32 H=32 X=128 Y=192
2026-08-21 01:48:09 [INFO] Grh=1515 Frame=366 FileNum=20 SX=320 SY=64 W=32 H=32 X=160 Y=192
2026-08-21 01:48:09 [INFO] Grh=1516 Frame=367 FileNum=20 SX=352 SY=64 W=32 H=32 X=192 Y=192
2026-08-21 01:48:09 [INFO] Grh=1513 Frame=364 FileNum=20 SX=256 SY=64 W=32 H=32 X=224 Y=192
2026-08-21 01:48:09 [INFO] Grh=1514 Frame=365 FileNum=20 SX=288 SY=64 W=32 H=32 X=256 Y=192
2026-08-21 01:48:09 [INFO] Grh=1515 Frame=366 FileNum=20 SX=320 SY=64 W=32 H=32 X=288 Y=192
2026-08-21 01:48:09 [INFO] Grh=1516 Frame=367 FileNum=20 SX=352 SY=64 W=32 H=32 X=320 Y=192
2026-08-21 01:48:09 [INFO] Grh=1513 Frame=364 FileNum=20 SX=256 SY=64 W=32 H=32 X=352 Y=192
2026-08-21 01:48:09 [INFO] Grh=1514 Frame=365 FileNum=20 SX=288 SY=64 W=32 H=32 X=384 Y=192
2026-08-21 01:48:09 [INFO] Grh=1515 Frame=366 FileNum=20 SX=320 SY=64 W=32 H=32 X=416 Y=192
2026-08-21 01:48:09 [INFO] Grh=1516 Frame=367 FileNum=20 SX=352 SY=64 W=32 H=32 X=448 Y=192
2026-08-21 01:48:09 [INFO] Grh=1513 Frame=364 FileNum=20 SX=256 SY=64 W=32 H=32 X=480 Y=192
2026-08-21 01:48:09 [INFO] Grh=1514 Frame=365 FileNum=20 SX=288 SY=64 W=32 H=32 X=512 Y=192
2026-08-21 01:48:09 [INFO] Grh=1515 Frame=366 FileNum=20 SX=320 SY=64 W=32 H=32 X=544 Y=192
2026-08-21 01:48:09 [INFO] Grh=6000 Frame=6000 FileNum=6000 SX=0 SY=0 W=32 H=32 X=-32 Y=-32
2026-08-21 01:48:09 [INFO] Grh=6001 Frame=6001 FileNum=6000 SX=32 SY=0 W=32 H=32 X=0 Y=-32
2026-08-21 01:48:09 [INFO] Grh=6002 Frame=6002 FileNum=6000 SX=64 SY=0 W=32 H=32 X=32 Y=-32
2026-08-21 01:48:09 [INFO] Grh=6003 Frame=6003 FileNum=6000 SX=96 SY=0 W=32 H=32 X=64 Y=-32
2026-08-21 01:48:09 [INFO] Grh=6000 Frame=6000 FileNum=6000 SX=0 SY=0 W=32 H=32 X=96 Y=-32
2026-08-21 01:48:09 [INFO] Grh=6001 Frame=6001 FileNum=6000 SX=32 SY=0 W=32 H=32 X=128 Y=-32
2026-08-21 01:48:09 [INFO] Grh=6002 Frame=6002 FileNum=6000 SX=64 SY=0 W=32 H=32 X=160 Y=-32
2026-08-21 01:48:09 [INFO] Grh=6003 Frame=6003 FileNum=6000 SX=96 SY=0 W=32 H=32 X=192 Y=-32
2026-08-21 01:48:09 [INFO] Grh=6000 Frame=6000 FileNum=6000 SX=0 SY=0 W=32 H=32 X=224 Y=-32
2026-08-21 01:48:09 [INFO] Grh=6001 Frame=6001 FileNum=6000 SX=32 SY=0 W=32 H=32 X=256 Y=-32
2026-08-21 01:48:09 [INFO] Grh=6002 Frame=6002 FileNum=6000 SX=64 SY=0 W=32 H=32 X=288 Y=-32
2026-08-21 01:48:09 [INFO] Grh=6003 Frame=6003 FileNum=6000 SX=96 SY=0 W=32 H=32 X=320 Y=-32
2026-08-21 01:48:09 [INFO] Grh=6000 Frame=6000 FileNum=6000 SX=0 SY=0 W=32 H=32 X=352 Y=-32
2026-08-21 01:48:09 [INFO] Grh=6001 Frame=6001 FileNum=6000 SX=32 SY=0 W=32 H=32 X=384 Y=-32
2026-08-21 01:48:09 [INFO] Grh=6002 Frame=6002 FileNum=6000 SX=64 SY=0 W=32 H=32 X=416 Y=-32
2026-08-21 01:48:09 [INFO] Grh=6003 Frame=6003 FileNum=6000 SX=96 SY=0 W=32 H=32 X=448 Y=-32
2026-08-21 01:48:09 [INFO] Grh=6000 Frame=6000 FileNum=6000 SX=0 SY=0 W=32 H=32 X=480 Y=-32
2026-08-21 01:48:09 [INFO] Grh=6001 Frame=6001 FileNum=6000 SX=32 SY=0 W=32 H=32 X=512 Y=-32
2026-08-21 01:48:09 [INFO] Grh=6002 Frame=6002 FileNum=6000 SX=64 SY=0 W=32 H=32 X=544 Y=-32
2026-08-21 01:48:09 [INFO] Grh=6008 Frame=6008 FileNum=6000 SX=0 SY=64 W=32 H=32 X=-32 Y=0
2026-08-21 01:48:09 [INFO] Grh=6009 Frame=6009 FileNum=6000 SX=32 SY=64 W=32 H=32 X=0 Y=0
2026-08-21 01:48:09 [INFO] Grh=6010 Frame=6010 FileNum=6000 SX=64 SY=64 W=32 H=32 X=32 Y=0
2026-08-21 01:48:09 [INFO] Grh=6011 Frame=6011 FileNum=6000 SX=96 SY=64 W=32 H=32 X=64 Y=0
2026-08-21 01:48:09 [INFO] Grh=6008 Frame=6008 FileNum=6000 SX=0 SY=64 W=32 H=32 X=96 Y=0
2026-08-21 01:48:09 [INFO] Grh=6009 Frame=6009 FileNum=6000 SX=32 SY=64 W=32 H=32 X=128 Y=0
2026-08-21 01:48:09 [INFO] Grh=6010 Frame=6010 FileNum=6000 SX=64 SY=64 W=32 H=32 X=160 Y=0
2026-08-21 01:48:09 [INFO] Grh=6011 Frame=6011 FileNum=6000 SX=96 SY=64 W=32 H=32 X=192 Y=0
2026-08-21 01:48:09 [INFO] Grh=6008 Frame=6008 FileNum=6000 SX=0 SY=64 W=32 H=32 X=224 Y=0
2026-08-21 01:48:09 [INFO] Grh=6009 Frame=6009 FileNum=6000 SX=32 SY=64 W=32 H=32 X=256 Y=0
2026-08-21 01:48:09 [INFO] Grh=6010 Frame=6010 FileNum=6000 SX=64 SY=64 W=32 H=32 X=288 Y=0
2026-08-21 01:48:09 [INFO] Grh=6011 Frame=6011 FileNum=6000 SX=96 SY=64 W=32 H=32 X=320 Y=0
2026-08-21 01:48:09 [INFO] Grh=6008 Frame=6008 FileNum=6000 SX=0 SY=64 W=32 H=32 X=352 Y=0
2026-08-21 01:48:09 [INFO] Grh=6009 Frame=6009 FileNum=6000 SX=32 SY=64 W=32 H=32 X=384 Y=0
2026-08-21 01:48:09 [INFO] Grh=6010 Frame=6010 FileNum=6000 SX=64 SY=64 W=32 H=32 X=416 Y=0
2026-08-21 01:48:09 [INFO] Grh=6011 Frame=6011 FileNum=6000 SX=96 SY=64 W=32 H=32 X=448 Y=0
2026-08-21 01:48:09 [INFO] Grh=6008 Frame=6008 FileNum=6000 SX=0 SY=64 W=32 H=32 X=480 Y=0
2026-08-21 01:48:09 [INFO] Grh=6009 Frame=6009 FileNum=6000 SX=32 SY=64 W=32 H=32 X=512 Y=0
2026-08-21 01:48:09 [INFO] Grh=6010 Frame=6010 FileNum=6000 SX=64 SY=64 W=32 H=32 X=544 Y=0
2026-08-21 01:48:09 [INFO] Grh=1505 Frame=356 FileNum=20 SX=256 SY=0 W=32 H=32 X=-32 Y=32
2026-08-21 01:48:09 [INFO] Grh=1506 Frame=357 FileNum=20 SX=288 SY=0 W=32 H=32 X=0 Y=32
2026-08-21 01:48:09 [INFO] Grh=1507 Frame=358 FileNum=20 SX=320 SY=0 W=32 H=32 X=32 Y=32
2026-08-21 01:48:09 [INFO] Grh=1508 Frame=359 FileNum=20 SX=352 SY=0 W=32 H=32 X=64 Y=32
2026-08-21 01:48:09 [INFO] Grh=1505 Frame=356 FileNum=20 SX=256 SY=0 W=32 H=32 X=96 Y=32
2026-08-21 01:48:09 [INFO] Grh=1506 Frame=357 FileNum=20 SX=288 SY=0 W=32 H=32 X=128 Y=32
2026-08-21 01:48:09 [INFO] Grh=1507 Frame=358 FileNum=20 SX=320 SY=0 W=32 H=32 X=160 Y=32
2026-08-21 01:48:09 [INFO] Grh=1508 Frame=359 FileNum=20 SX=352 SY=0 W=32 H=32 X=192 Y=32
2026-08-21 01:48:09 [INFO] Grh=1505 Frame=356 FileNum=20 SX=256 SY=0 W=32 H=32 X=224 Y=32
2026-08-21 01:48:09 [INFO] Grh=1506 Frame=357 FileNum=20 SX=288 SY=0 W=32 H=32 X=256 Y=32
2026-08-21 01:48:09 [INFO] Grh=1507 Frame=358 FileNum=20 SX=320 SY=0 W=32 H=32 X=288 Y=32
2026-08-21 01:48:09 [INFO] Grh=1508 Frame=359 FileNum=20 SX=352 SY=0 W=32 H=32 X=320 Y=32
2026-08-21 01:48:09 [INFO] Grh=1505 Frame=356 FileNum=20 SX=256 SY=0 W=32 H=32 X=352 Y=32
2026-08-21 01:48:09 [INFO] Grh=1506 Frame=357 FileNum=20 SX=288 SY=0 W=32 H=32 X=384 Y=32
2026-08-21 01:48:09 [INFO] Grh=1507 Frame=358 FileNum=20 SX=320 SY=0 W=32 H=32 X=416 Y=32
2026-08-21 01:48:09 [INFO] Grh=1508 Frame=359 FileNum=20 SX=352 SY=0 W=32 H=32 X=448 Y=32
2026-08-21 01:48:09 [INFO] Grh=1505 Frame=356 FileNum=20 SX=256 SY=0 W=32 H=32 X=480 Y=32
2026-08-21 01:48:09 [INFO] Grh=1506 Frame=357 FileNum=20 SX=288 SY=0 W=32 H=32 X=512 Y=32
2026-08-21 01:48:09 [INFO] Grh=1507 Frame=358 FileNum=20 SX=320 SY=0 W=32 H=32 X=544 Y=32
2026-08-21 01:48:09 [INFO] Grh=1513 Frame=364 FileNum=20 SX=256 SY=64 W=32 H=32 X=-32 Y=64
2026-08-21 01:48:09 [INFO] Grh=1514 Frame=365 FileNum=20 SX=288 SY=64 W=32 H=32 X=0 Y=64
2026-08-21 01:48:09 [INFO] Grh=1515 Frame=366 FileNum=20 SX=320 SY=64 W=32 H=32 X=32 Y=64
2026-08-21 01:48:09 [INFO] Grh=1516 Frame=367 FileNum=20 SX=352 SY=64 W=32 H=32 X=64 Y=64
2026-08-21 01:48:09 [INFO] Grh=1513 Frame=364 FileNum=20 SX=256 SY=64 W=32 H=32 X=96 Y=64
2026-08-21 01:48:09 [INFO] Grh=1514 Frame=365 FileNum=20 SX=288 SY=64 W=32 H=32 X=128 Y=64
2026-08-21 01:48:09 [INFO] Grh=1515 Frame=366 FileNum=20 SX=320 SY=64 W=32 H=32 X=160 Y=64
2026-08-21 01:48:09 [INFO] Grh=1516 Frame=367 FileNum=20 SX=352 SY=64 W=32 H=32 X=192 Y=64
2026-08-21 01:48:09 [INFO] Grh=1513 Frame=364 FileNum=20 SX=256 SY=64 W=32 H=32 X=224 Y=64
2026-08-21 01:48:09 [INFO] Grh=1514 Frame=365 FileNum=20 SX=288 SY=64 W=32 H=32 X=256 Y=64
2026-08-21 01:48:09 [INFO] Grh=1515 Frame=366 FileNum=20 SX=320 SY=64 W=32 H=32 X=288 Y=64
2026-08-21 01:48:09 [INFO] Grh=1516 Frame=367 FileNum=20 SX=352 SY=64 W=32 H=32 X=320 Y=64
2026-08-21 01:48:09 [INFO] Grh=1513 Frame=364 FileNum=20 SX=256 SY=64 W=32 H=32 X=352 Y=64
2026-08-21 01:48:09 [INFO] Grh=1514 Frame=365 FileNum=20 SX=288 SY=64 W=32 H=32 X=384 Y=64
2026-08-21 01:48:09 [INFO] Grh=1515 Frame=366 FileNum=20 SX=320 SY=64 W=32 H=32 X=416 Y=64
2026-08-21 01:48:09 [INFO] Grh=1516 Frame=367 FileNum=20 SX=352 SY=64 W=32 H=32 X=448 Y=64
2026-08-21 01:48:09 [INFO] Grh=1513 Frame=364 FileNum=20 SX=256 SY=64 W=32 H=32 X=480 Y=64
2026-08-21 01:48:09 [INFO] Grh=1514 Frame=365 FileNum=20 SX=288 SY=64 W=32 H=32 X=512 Y=64
2026-08-21 01:48:09 [INFO] Grh=1515 Frame=366 FileNum=20 SX=320 SY=64 W=32 H=32 X=544 Y=64
2026-08-21 01:48:09 [INFO] Grh=1505 Frame=356 FileNum=20 SX=256 SY=0 W=32 H=32 X=-32 Y=96
2026-08-21 01:48:09 [INFO] Grh=1506 Frame=357 FileNum=20 SX=288 SY=0 W=32 H=32 X=0 Y=96
2026-08-21 01:48:09 [INFO] Grh=1507 Frame=358 FileNum=20 SX=320 SY=0 W=32 H=32 X=32 Y=96
2026-08-21 01:48:09 [INFO] Grh=1508 Frame=359 FileNum=20 SX=352 SY=0 W=32 H=32 X=64 Y=96
2026-08-21 01:48:09 [INFO] Grh=1505 Frame=356 FileNum=20 SX=256 SY=0 W=32 H=32 X=96 Y=96
2026-08-21 01:48:09 [INFO] Grh=1506 Frame=357 FileNum=20 SX=288 SY=0 W=32 H=32 X=128 Y=96
2026-08-21 01:48:09 [INFO] Grh=1507 Frame=358 FileNum=20 SX=320 SY=0 W=32 H=32 X=160 Y=96
2026-08-21 01:48:09 [INFO] Grh=1508 Frame=359 FileNum=20 SX=352 SY=0 W=32 H=32 X=192 Y=96
2026-08-21 01:48:09 [INFO] Grh=1505 Frame=356 FileNum=20 SX=256 SY=0 W=32 H=32 X=224 Y=96
2026-08-21 01:48:09 [INFO] Grh=1506 Frame=357 FileNum=20 SX=288 SY=0 W=32 H=32 X=256 Y=96
2026-08-21 01:48:09 [INFO] Grh=1507 Frame=358 FileNum=20 SX=320 SY=0 W=32 H=32 X=288 Y=96
2026-08-21 01:48:09 [INFO] Grh=1508 Frame=359 FileNum=20 SX=352 SY=0 W=32 H=32 X=320 Y=96
2026-08-21 01:48:09 [INFO] Grh=1505 Frame=356 FileNum=20 SX=256 SY=0 W=32 H=32 X=352 Y=96
2026-08-21 01:48:09 [INFO] Grh=1506 Frame=357 FileNum=20 SX=288 SY=0 W=32 H=32 X=384 Y=96
2026-08-21 01:48:09 [INFO] Grh=1507 Frame=358 FileNum=20 SX=320 SY=0 W=32 H=32 X=416 Y=96
2026-08-21 01:48:09 [INFO] Grh=1508 Frame=359 FileNum=20 SX=352 SY=0 W=32 H=32 X=448 Y=96
2026-08-21 01:48:09 [INFO] Grh=1505 Frame=356 FileNum=20 SX=256 SY=0 W=32 H=32 X=480 Y=96
2026-08-21 01:48:09 [INFO] Grh=1506 Frame=357 FileNum=20 SX=288 SY=0 W=32 H=32 X=512 Y=96
2026-08-21 01:48:09 [INFO] Grh=1507 Frame=358 FileNum=20 SX=320 SY=0 W=32 H=32 X=544 Y=96
2026-08-21 01:48:09 [INFO] Grh=1513 Frame=364 FileNum=20 SX=256 SY=64 W=32 H=32 X=-32 Y=128
2026-08-21 01:48:09 [INFO] Grh=1514 Frame=365 FileNum=20 SX=288 SY=64 W=32 H=32 X=0 Y=128
2026-08-21 01:48:09 [INFO] Grh=1515 Frame=366 FileNum=20 SX=320 SY=64 W=32 H=32 X=32 Y=128
2026-08-21 01:48:09 [INFO] Grh=1516 Frame=367 FileNum=20 SX=352 SY=64 W=32 H=32 X=64 Y=128
2026-08-21 01:48:09 [INFO] Grh=1513 Frame=364 FileNum=20 SX=256 SY=64 W=32 H=32 X=96 Y=128
2026-08-21 01:48:09 [INFO] Grh=1514 Frame=365 FileNum=20 SX=288 SY=64 W=32 H=32 X=128 Y=128
2026-08-21 01:48:09 [INFO] Grh=1515 Frame=366 FileNum=20 SX=320 SY=64 W=32 H=32 X=160 Y=128
2026-08-21 01:48:09 [INFO] Grh=1516 Frame=367 FileNum=20 SX=352 SY=64 W=32 H=32 X=192 Y=128
2026-08-21 01:48:09 [INFO] Grh=1513 Frame=364 FileNum=20 SX=256 SY=64 W=32 H=32 X=224 Y=128
2026-08-21 01:48:09 [INFO] Grh=1514 Frame=365 FileNum=20 SX=288 SY=64 W=32 H=32 X=256 Y=128
2026-08-21 01:48:09 [INFO] Grh=1515 Frame=366 FileNum=20 SX=320 SY=64 W=32 H=32 X=288 Y=128
2026-08-21 01:48:09 [INFO] Grh=1516 Frame=367 FileNum=20 SX=352 SY=64 W=32 H=32 X=320 Y=128
2026-08-21 01:48:09 [INFO] Grh=1513 Frame=364 FileNum=20 SX=256 SY=64 W=32 H=32 X=352 Y=128
2026-08-21 01:48:09 [INFO] Grh=1514 Frame=365 FileNum=20 SX=288 SY=64 W=32 H=32 X=384 Y=128
2026-08-21 01:48:09 [INFO] Grh=1515 Frame=366 FileNum=20 SX=320 SY=64 W=32 H=32 X=416 Y=128
2026-08-21 01:48:09 [INFO] Grh=1516 Frame=367 FileNum=20 SX=352 SY=64 W=32 H=32 X=448 Y=128
2026-08-21 01:48:09 [INFO] Grh=1513 Frame=364 FileNum=20 SX=256 SY=64 W=32 H=32 X=480 Y=128
2026-08-21 01:48:09 [INFO] Grh=1514 Frame=365 FileNum=20 SX=288 SY=64 W=32 H=32 X=512 Y=128
2026-08-21 01:48:09 [INFO] Grh=1515 Frame=366 FileNum=20 SX=320 SY=64 W=32 H=32 X=544 Y=128
2026-08-21 01:48:09 [INFO] Grh=1505 Frame=356 FileNum=20 SX=256 SY=0 W=32 H=32 X=-32 Y=160
2026-08-21 01:48:09 [INFO] Grh=1506 Frame=357 FileNum=20 SX=288 SY=0 W=32 H=32 X=0 Y=160
2026-08-21 01:48:09 [INFO] Grh=1507 Frame=358 FileNum=20 SX=320 SY=0 W=32 H=32 X=32 Y=160
2026-08-21 01:48:09 [INFO] Grh=1508 Frame=359 FileNum=20 SX=352 SY=0 W=32 H=32 X=64 Y=160
2026-08-21 01:48:09 [INFO] Grh=1505 Frame=356 FileNum=20 SX=256 SY=0 W=32 H=32 X=96 Y=160
2026-08-21 01:48:09 [INFO] Grh=1506 Frame=357 FileNum=20 SX=288 SY=0 W=32 H=32 X=128 Y=160
2026-08-21 01:48:09 [INFO] Grh=1507 Frame=358 FileNum=20 SX=320 SY=0 W=32 H=32 X=160 Y=160
2026-08-21 01:48:09 [INFO] Grh=1508 Frame=359 FileNum=20 SX=352 SY=0 W=32 H=32 X=192 Y=160
2026-08-21 01:48:09 [INFO] Grh=1505 Frame=356 FileNum=20 SX=256 SY=0 W=32 H=32 X=224 Y=160
2026-08-21 01:48:09 [INFO] Grh=1506 Frame=357 FileNum=20 SX=288 SY=0 W=32 H=32 X=256 Y=160
2026-08-21 01:48:09 [INFO] Grh=1507 Frame=358 FileNum=20 SX=320 SY=0 W=32 H=32 X=288 Y=160
2026-08-21 01:48:09 [INFO] Grh=1508 Frame=359 FileNum=20 SX=352 SY=0 W=32 H=32 X=320 Y=160
2026-08-21 01:48:09 [INFO] Grh=1505 Frame=356 FileNum=20 SX=256 SY=0 W=32 H=32 X=352 Y=160
2026-08-21 01:48:09 [INFO] Grh=1506 Frame=357 FileNum=20 SX=288 SY=0 W=32 H=32 X=384 Y=160
2026-08-21 01:48:09 [INFO] Grh=1507 Frame=358 FileNum=20 SX=320 SY=0 W=32 H=32 X=416 Y=160
2026-08-21 01:48:09 [INFO] Grh=1508 Frame=359 FileNum=20 SX=352 SY=0 W=32 H=32 X=448 Y=160
2026-08-21 01:48:09 [INFO] Grh=1505 Frame=356 FileNum=20 SX=256 SY=0 W=32 H=32 X=480 Y=160
2026-08-21 01:48:09 [INFO] Grh=1506 Frame=357 FileNum=20 SX=288 SY=0 W=32 H=32 X=512 Y=160
2026-08-21 01:48:09 [INFO] Grh=1507 Frame=358 FileNum=20 SX=320 SY=0 W=32 H=32 X=544 Y=160
2026-08-21 01:48:09 [INFO] Grh=1513 Frame=364 FileNum=20 SX=256 SY=64 W=32 H=32 X=-32 Y=192
2026-08-21 01:48:09 [INFO] Grh=1514 Frame=365 FileNum=20 SX=288 SY=64 W=32 H=32 X=0 Y=192
2026-08-21 01:48:09 [INFO] Grh=1515 Frame=366 FileNum=20 SX=320 SY=64 W=32 H=32 X=32 Y=192
2026-08-21 01:48:09 [INFO] Grh=1516 Frame=367 FileNum=20 SX=352 SY=64 W=32 H=32 X=64 Y=192
2026-08-21 01:48:09 [INFO] Grh=1513 Frame=364 FileNum=20 SX=256 SY=64 W=32 H=32 X=96 Y=192
2026-08-21 01:48:09 [INFO] Grh=1514 Frame=365 FileNum=20 SX=288 SY=64 W=32 H=32 X=128 Y=192
2026-08-21 01:48:09 [INFO] Grh=1515 Frame=366 FileNum=20 SX=320 SY=64 W=32 H=32 X=160 Y=192
2026-08-21 01:48:09 [INFO] Grh=1516 Frame=367 FileNum=20 SX=352 SY=64 W=32 H=32 X=192 Y=192
2026-08-21 01:48:09 [INFO] Grh=1513 Frame=364 FileNum=20 SX=256 SY=64 W=32 H=32 X=224 Y=192
2026-08-21 01:48:09 [INFO] Grh=1514 Frame=365 FileNum=20 SX=288 SY=64 W=32 H=32 X=256 Y=192
2026-08-21 01:48:09 [INFO] Grh=1515 Frame=366 FileNum=20 SX=320 SY=64 W=32 H=32 X=288 Y=192
2026-08-21 01:48:09 [INFO] Grh=1516 Frame=367 FileNum=20 SX=352 SY=64 W=32 H=32 X=320 Y=192
2026-08-21 01:48:09 [INFO] Grh=1513 Frame=364 FileNum=20 SX=256 SY=64 W=32 H=32 X=352 Y=192
2026-08-21 01:48:09 [INFO] Grh=1514 Frame=365 FileNum=20 SX=288 SY=64 W=32 H=32 X=384 Y=192
2026-08-21 01:48:09 [INFO] Grh=1515 Frame=366 FileNum=20 SX=320 SY=64 W=32 H=32 X=416 Y=192
2026-08-21 01:48:09 [INFO] Grh=1516 Frame=367 FileNum=20 SX=352 SY=64 W=32 H=32 X=448 Y=192
2026-08-21 01:48:09 [INFO] Grh=1513 Frame=364 FileNum=20 SX=256 SY=64 W=32 H=32 X=480 Y=192
2026-08-21 01:48:09 [INFO] Grh=1514 Frame=365 FileNum=20 SX=288 SY=64 W=32 H=32 X=512 Y=192
2026-08-21 01:48:09 [INFO] Grh=1515 Frame=366 FileNum=20 SX=320 SY=64 W=32 H=32 X=544 Y=192
2026-08-21 01:48:09 [INFO] Grh=6000 Frame=6000 FileNum=6000 SX=0 SY=0 W=32 H=32 X=-32 Y=-32
2026-08-21 01:48:09 [INFO] Grh=6001 Frame=6001 FileNum=6000 SX=32 SY=0 W=32 H=32 X=0 Y=-32
2026-08-21 01:48:09 [INFO] Grh=6002 Frame=6002 FileNum=6000 SX=64 SY=0 W=32 H=32 X=32 Y=-32
2026-08-21 01:48:09 [INFO] Grh=6003 Frame=6003 FileNum=6000 SX=96 SY=0 W=32 H=32 X=64 Y=-32
2026-08-21 01:48:09 [INFO] Grh=6000 Frame=6000 FileNum=6000 SX=0 SY=0 W=32 H=32 X=96 Y=-32
2026-08-21 01:48:09 [INFO] Grh=6001 Frame=6001 FileNum=6000 SX=32 SY=0 W=32 H=32 X=128 Y=-32
2026-08-21 01:48:09 [INFO] Grh=6002 Frame=6002 FileNum=6000 SX=64 SY=0 W=32 H=32 X=160 Y=-32
2026-08-21 01:48:09 [INFO] Grh=6003 Frame=6003 FileNum=6000 SX=96 SY=0 W=32 H=32 X=192 Y=-32
2026-08-21 01:48:09 [INFO] Grh=6000 Frame=6000 FileNum=6000 SX=0 SY=0 W=32 H=32 X=224 Y=-32
2026-08-21 01:48:09 [INFO] Grh=6001 Frame=6001 FileNum=6000 SX=32 SY=0 W=32 H=32 X=256 Y=-32
2026-08-21 01:48:09 [INFO] Grh=6002 Frame=6002 FileNum=6000 SX=64 SY=0 W=32 H=32 X=288 Y=-32
2026-08-21 01:48:09 [INFO] Grh=6003 Frame=6003 FileNum=6000 SX=96 SY=0 W=32 H=32 X=320 Y=-32
2026-08-21 01:48:09 [INFO] Grh=6000 Frame=6000 FileNum=6000 SX=0 SY=0 W=32 H=32 X=352 Y=-32
2026-08-21 01:48:09 [INFO] Grh=6001 Frame=6001 FileNum=6000 SX=32 SY=0 W=32 H=32 X=384 Y=-32
2026-08-21 01:48:09 [INFO] Grh=6002 Frame=6002 FileNum=6000 SX=64 SY=0 W=32 H=32 X=416 Y=-32
2026-08-21 01:48:09 [INFO] Grh=6003 Frame=6003 FileNum=6000 SX=96 SY=0 W=32 H=32 X=448 Y=-32
2026-08-21 01:48:09 [INFO] Grh=6000 Frame=6000 FileNum=6000 SX=0 SY=0 W=32 H=32 X=480 Y=-32
2026-08-21 01:48:09 [INFO] Grh=6001 Frame=6001 FileNum=6000 SX=32 SY=0 W=32 H=32 X=512 Y=-32
2026-08-21 01:48:09 [INFO] Grh=6002 Frame=6002 FileNum=6000 SX=64 SY=0 W=32 H=32 X=544 Y=-32
2026-08-21 01:48:09 [INFO] Grh=6008 Frame=6008 FileNum=6000 SX=0 SY=64 W=32 H=32 X=-32 Y=0
2026-08-21 01:48:09 [INFO] Grh=6009 Frame=6009 FileNum=6000 SX=32 SY=64 W=32 H=32 X=0 Y=0
2026-08-21 01:48:09 [INFO] Grh=6010 Frame=6010 FileNum=6000 SX=64 SY=64 W=32 H=32 X=32 Y=0
2026-08-21 01:48:09 [INFO] Grh=6011 Frame=6011 FileNum=6000 SX=96 SY=64 W=32 H=32 X=64 Y=0
2026-08-21 01:48:09 [INFO] Grh=6008 Frame=6008 FileNum=6000 SX=0 SY=64 W=32 H=32 X=96 Y=0
2026-08-21 01:48:09 [INFO] Grh=6009 Frame=6009 FileNum=6000 SX=32 SY=64 W=32 H=32 X=128 Y=0
2026-08-21 01:48:09 [INFO] Grh=6010 Frame=6010 FileNum=6000 SX=64 SY=64 W=32 H=32 X=160 Y=0
2026-08-21 01:48:09 [INFO] Grh=6011 Frame=6011 FileNum=6000 SX=96 SY=64 W=32 H=32 X=192 Y=0
2026-08-21 01:48:09 [INFO] Grh=6008 Frame=6008 FileNum=6000 SX=0 SY=64 W=32 H=32 X=224 Y=0
2026-08-21 01:48:09 [INFO] Grh=6009 Frame=6009 FileNum=6000 SX=32 SY=64 W=32 H=32 X=256 Y=0
2026-08-21 01:48:09 [INFO] Grh=6010 Frame=6010 FileNum=6000 SX=64 SY=64 W=32 H=32 X=288 Y=0
2026-08-21 01:48:09 [INFO] Grh=6011 Frame=6011 FileNum=6000 SX=96 SY=64 W=32 H=32 X=320 Y=0
2026-08-21 01:48:09 [INFO] Grh=6008 Frame=6008 FileNum=6000 SX=0 SY=64 W=32 H=32 X=352 Y=0
2026-08-21 01:48:09 [INFO] Grh=6009 Frame=6009 FileNum=6000 SX=32 SY=64 W=32 H=32 X=384 Y=0
2026-08-21 01:48:09 [INFO] Grh=6010 Frame=6010 FileNum=6000 SX=64 SY=64 W=32 H=32 X=416 Y=0
2026-08-21 01:48:09 [INFO] Grh=6011 Frame=6011 FileNum=6000 SX=96 SY=64 W=32 H=32 X=448 Y=0
2026-08-21 01:48:09 [INFO] Grh=6008 Frame=6008 FileNum=6000 SX=0 SY=64 W=32 H=32 X=480 Y=0
2026-08-21 01:48:09 [INFO] Grh=6009 Frame=6009 FileNum=6000 SX=32 SY=64 W=32 H=32 X=512 Y=0
2026-08-21 01:48:09 [INFO] Grh=6010 Frame=6010 FileNum=6000 SX=64 SY=64 W=32 H=32 X=544 Y=0
2026-08-21 01:48:09 [INFO] Grh=1505 Frame=340 FileNum=20 SX=128 SY=0 W=32 H=32 X=-32 Y=32
2026-08-21 01:48:09 [INFO] Grh=1506 Frame=341 FileNum=20 SX=160 SY=0 W=32 H=32 X=0 Y=32
2026-08-21 01:48:09 [INFO] Grh=1507 Frame=342 FileNum=20 SX=192 SY=0 W=32 H=32 X=32 Y=32
2026-08-21 01:48:09 [INFO] Grh=1508 Frame=343 FileNum=20 SX=224 SY=0 W=32 H=32 X=64 Y=32
2026-08-21 01:48:09 [INFO] Grh=1505 Frame=340 FileNum=20 SX=128 SY=0 W=32 H=32 X=96 Y=32
2026-08-21 01:48:09 [INFO] Grh=1506 Frame=341 FileNum=20 SX=160 SY=0 W=32 H=32 X=128 Y=32
2026-08-21 01:48:09 [INFO] Grh=1507 Frame=342 FileNum=20 SX=192 SY=0 W=32 H=32 X=160 Y=32
2026-08-21 01:48:09 [INFO] Grh=1508 Frame=343 FileNum=20 SX=224 SY=0 W=32 H=32 X=192 Y=32
2026-08-21 01:48:09 [INFO] Grh=1505 Frame=340 FileNum=20 SX=128 SY=0 W=32 H=32 X=224 Y=32
2026-08-21 01:48:09 [INFO] Grh=1506 Frame=341 FileNum=20 SX=160 SY=0 W=32 H=32 X=256 Y=32
2026-08-21 01:48:09 [INFO] Grh=1507 Frame=342 FileNum=20 SX=192 SY=0 W=32 H=32 X=288 Y=32
2026-08-21 01:48:09 [INFO] Grh=1508 Frame=343 FileNum=20 SX=224 SY=0 W=32 H=32 X=320 Y=32
2026-08-21 01:48:09 [INFO] Grh=1505 Frame=340 FileNum=20 SX=128 SY=0 W=32 H=32 X=352 Y=32
2026-08-21 01:48:09 [INFO] Grh=1506 Frame=341 FileNum=20 SX=160 SY=0 W=32 H=32 X=384 Y=32
2026-08-21 01:48:09 [INFO] Grh=1507 Frame=342 FileNum=20 SX=192 SY=0 W=32 H=32 X=416 Y=32
2026-08-21 01:48:09 [INFO] Grh=1508 Frame=343 FileNum=20 SX=224 SY=0 W=32 H=32 X=448 Y=32
2026-08-21 01:48:09 [INFO] Grh=1505 Frame=340 FileNum=20 SX=128 SY=0 W=32 H=32 X=480 Y=32
2026-08-21 01:48:09 [INFO] Grh=1506 Frame=341 FileNum=20 SX=160 SY=0 W=32 H=32 X=512 Y=32
2026-08-21 01:48:09 [INFO] Grh=1507 Frame=342 FileNum=20 SX=192 SY=0 W=32 H=32 X=544 Y=32
2026-08-21 01:48:09 [INFO] Grh=1513 Frame=348 FileNum=20 SX=128 SY=64 W=32 H=32 X=-32 Y=64
2026-08-21 01:48:09 [INFO] Grh=1514 Frame=349 FileNum=20 SX=160 SY=64 W=32 H=32 X=0 Y=64
2026-08-21 01:48:09 [INFO] Grh=1515 Frame=350 FileNum=20 SX=192 SY=64 W=32 H=32 X=32 Y=64
2026-08-21 01:48:09 [INFO] Grh=1516 Frame=351 FileNum=20 SX=224 SY=64 W=32 H=32 X=64 Y=64
2026-08-21 01:48:09 [INFO] Grh=1513 Frame=348 FileNum=20 SX=128 SY=64 W=32 H=32 X=96 Y=64
2026-08-21 01:48:09 [INFO] Grh=1514 Frame=349 FileNum=20 SX=160 SY=64 W=32 H=32 X=128 Y=64
2026-08-21 01:48:09 [INFO] Grh=1515 Frame=350 FileNum=20 SX=192 SY=64 W=32 H=32 X=160 Y=64
2026-08-21 01:48:09 [INFO] Grh=1516 Frame=351 FileNum=20 SX=224 SY=64 W=32 H=32 X=192 Y=64
2026-08-21 01:48:09 [INFO] Grh=1513 Frame=348 FileNum=20 SX=128 SY=64 W=32 H=32 X=224 Y=64
2026-08-21 01:48:09 [INFO] Grh=1514 Frame=349 FileNum=20 SX=160 SY=64 W=32 H=32 X=256 Y=64
2026-08-21 01:48:09 [INFO] Grh=1515 Frame=350 FileNum=20 SX=192 SY=64 W=32 H=32 X=288 Y=64
2026-08-21 01:48:09 [INFO] Grh=1516 Frame=351 FileNum=20 SX=224 SY=64 W=32 H=32 X=320 Y=64
2026-08-21 01:48:09 [INFO] Grh=1513 Frame=348 FileNum=20 SX=128 SY=64 W=32 H=32 X=352 Y=64
2026-08-21 01:48:09 [INFO] Grh=1514 Frame=349 FileNum=20 SX=160 SY=64 W=32 H=32 X=384 Y=64
2026-08-21 01:48:09 [INFO] Grh=1515 Frame=350 FileNum=20 SX=192 SY=64 W=32 H=32 X=416 Y=64
2026-08-21 01:48:09 [INFO] Grh=1516 Frame=351 FileNum=20 SX=224 SY=64 W=32 H=32 X=448 Y=64
2026-08-21 01:48:09 [INFO] Grh=1513 Frame=348 FileNum=20 SX=128 SY=64 W=32 H=32 X=480 Y=64
2026-08-21 01:48:09 [INFO] Grh=1514 Frame=349 FileNum=20 SX=160 SY=64 W=32 H=32 X=512 Y=64
2026-08-21 01:48:09 [INFO] Grh=1515 Frame=350 FileNum=20 SX=192 SY=64 W=32 H=32 X=544 Y=64
2026-08-21 01:48:09 [INFO] Grh=1505 Frame=340 FileNum=20 SX=128 SY=0 W=32 H=32 X=-32 Y=96
2026-08-21 01:48:09 [INFO] Grh=1506 Frame=341 FileNum=20 SX=160 SY=0 W=32 H=32 X=0 Y=96
2026-08-21 01:48:09 [INFO] Grh=1507 Frame=342 FileNum=20 SX=192 SY=0 W=32 H=32 X=32 Y=96
2026-08-21 01:48:09 [INFO] Grh=1508 Frame=343 FileNum=20 SX=224 SY=0 W=32 H=32 X=64 Y=96
2026-08-21 01:48:09 [INFO] Grh=1505 Frame=340 FileNum=20 SX=128 SY=0 W=32 H=32 X=96 Y=96
2026-08-21 01:48:09 [INFO] Grh=1506 Frame=341 FileNum=20 SX=160 SY=0 W=32 H=32 X=128 Y=96
2026-08-21 01:48:09 [INFO] Grh=1507 Frame=342 FileNum=20 SX=192 SY=0 W=32 H=32 X=160 Y=96
2026-08-21 01:48:09 [INFO] Grh=1508 Frame=343 FileNum=20 SX=224 SY=0 W=32 H=32 X=192 Y=96
2026-08-21 01:48:09 [INFO] Grh=1505 Frame=340 FileNum=20 SX=128 SY=0 W=32 H=32 X=224 Y=96
2026-08-21 01:48:09 [INFO] Grh=1506 Frame=341 FileNum=20 SX=160 SY=0 W=32 H=32 X=256 Y=96
2026-08-21 01:48:09 [INFO] Grh=1507 Frame=342 FileNum=20 SX=192 SY=0 W=32 H=32 X=288 Y=96
2026-08-21 01:48:09 [INFO] Grh=1508 Frame=343 FileNum=20 SX=224 SY=0 W=32 H=32 X=320 Y=96
2026-08-21 01:48:09 [INFO] Grh=1505 Frame=340 FileNum=20 SX=128 SY=0 W=32 H=32 X=352 Y=96
2026-08-21 01:48:09 [INFO] Grh=1506 Frame=341 FileNum=20 SX=160 SY=0 W=32 H=32 X=384 Y=96
2026-08-21 01:48:09 [INFO] Grh=1507 Frame=342 FileNum=20 SX=192 SY=0 W=32 H=32 X=416 Y=96
2026-08-21 01:48:09 [INFO] Grh=1508 Frame=343 FileNum=20 SX=224 SY=0 W=32 H=32 X=448 Y=96
2026-08-21 01:48:09 [INFO] Grh=1505 Frame=340 FileNum=20 SX=128 SY=0 W=32 H=32 X=480 Y=96
2026-08-21 01:48:09 [INFO] Grh=1506 Frame=341 FileNum=20 SX=160 SY=0 W=32 H=32 X=512 Y=96
2026-08-21 01:48:09 [INFO] Grh=1507 Frame=342 FileNum=20 SX=192 SY=0 W=32 H=32 X=544 Y=96
2026-08-21 01:48:09 [INFO] Grh=1513 Frame=348 FileNum=20 SX=128 SY=64 W=32 H=32 X=-32 Y=128
2026-08-21 01:48:09 [INFO] Grh=1514 Frame=349 FileNum=20 SX=160 SY=64 W=32 H=32 X=0 Y=128
2026-08-21 01:48:09 [INFO] Grh=1515 Frame=350 FileNum=20 SX=192 SY=64 W=32 H=32 X=32 Y=128
2026-08-21 01:48:09 [INFO] Grh=1516 Frame=351 FileNum=20 SX=224 SY=64 W=32 H=32 X=64 Y=128
2026-08-21 01:48:09 [INFO] Grh=1513 Frame=348 FileNum=20 SX=128 SY=64 W=32 H=32 X=96 Y=128
2026-08-21 01:48:09 [INFO] Grh=1514 Frame=349 FileNum=20 SX=160 SY=64 W=32 H=32 X=128 Y=128
2026-08-21 01:48:09 [INFO] Grh=1515 Frame=350 FileNum=20 SX=192 SY=64 W=32 H=32 X=160 Y=128
2026-08-21 01:48:09 [INFO] Grh=1516 Frame=351 FileNum=20 SX=224 SY=64 W=32 H=32 X=192 Y=128
2026-08-21 01:48:09 [INFO] Grh=1513 Frame=348 FileNum=20 SX=128 SY=64 W=32 H=32 X=224 Y=128
2026-08-21 01:48:09 [INFO] Grh=1514 Frame=349 FileNum=20 SX=160 SY=64 W=32 H=32 X=256 Y=128
2026-08-21 01:48:09 [INFO] Grh=1515 Frame=350 FileNum=20 SX=192 SY=64 W=32 H=32 X=288 Y=128
2026-08-21 01:48:09 [INFO] Grh=1516 Frame=351 FileNum=20 SX=224 SY=64 W=32 H=32 X=320 Y=128
2026-08-21 01:48:09 [INFO] Grh=1513 Frame=348 FileNum=20 SX=128 SY=64 W=32 H=32 X=352 Y=128
2026-08-21 01:48:09 [INFO] Grh=1514 Frame=349 FileNum=20 SX=160 SY=64 W=32 H=32 X=384 Y=128
2026-08-21 01:48:09 [INFO] Grh=1515 Frame=350 FileNum=20 SX=192 SY=64 W=32 H=32 X=416 Y=128
2026-08-21 01:48:09 [INFO] Grh=1516 Frame=351 FileNum=20 SX=224 SY=64 W=32 H=32 X=448 Y=128
2026-08-21 01:48:09 [INFO] Grh=1513 Frame=348 FileNum=20 SX=128 SY=64 W=32 H=32 X=480 Y=128
2026-08-21 01:48:09 [INFO] Grh=1514 Frame=349 FileNum=20 SX=160 SY=64 W=32 H=32 X=512 Y=128
2026-08-21 01:48:09 [INFO] Grh=1515 Frame=350 FileNum=20 SX=192 SY=64 W=32 H=32 X=544 Y=128
2026-08-21 01:48:09 [INFO] Grh=1505 Frame=340 FileNum=20 SX=128 SY=0 W=32 H=32 X=-32 Y=160
2026-08-21 01:48:09 [INFO] Grh=1506 Frame=341 FileNum=20 SX=160 SY=0 W=32 H=32 X=0 Y=160
2026-08-21 01:48:09 [INFO] Grh=1507 Frame=342 FileNum=20 SX=192 SY=0 W=32 H=32 X=32 Y=160
2026-08-21 01:48:09 [INFO] Grh=1508 Frame=343 FileNum=20 SX=224 SY=0 W=32 H=32 X=64 Y=160
2026-08-21 01:48:09 [INFO] Grh=1505 Frame=340 FileNum=20 SX=128 SY=0 W=32 H=32 X=96 Y=160
2026-08-21 01:48:09 [INFO] Grh=1506 Frame=341 FileNum=20 SX=160 SY=0 W=32 H=32 X=128 Y=160
2026-08-21 01:48:09 [INFO] Grh=1507 Frame=342 FileNum=20 SX=192 SY=0 W=32 H=32 X=160 Y=160
2026-08-21 01:48:09 [INFO] Grh=1508 Frame=343 FileNum=20 SX=224 SY=0 W=32 H=32 X=192 Y=160
2026-08-21 01:48:09 [INFO] Grh=1505 Frame=340 FileNum=20 SX=128 SY=0 W=32 H=32 X=224 Y=160
2026-08-21 01:48:09 [INFO] Grh=1506 Frame=341 FileNum=20 SX=160 SY=0 W=32 H=32 X=256 Y=160
2026-08-21 01:48:09 [INFO] Grh=1507 Frame=342 FileNum=20 SX=192 SY=0 W=32 H=32 X=288 Y=160
2026-08-21 01:48:09 [INFO] Grh=1508 Frame=343 FileNum=20 SX=224 SY=0 W=32 H=32 X=320 Y=160
2026-08-21 01:48:10 [INFO] Grh=1505 Frame=340 FileNum=20 SX=128 SY=0 W=32 H=32 X=352 Y=160
2026-08-21 01:48:10 [INFO] Grh=1506 Frame=341 FileNum=20 SX=160 SY=0 W=32 H=32 X=384 Y=160
2026-08-21 01:48:10 [INFO] Grh=1507 Frame=342 FileNum=20 SX=192 SY=0 W=32 H=32 X=416 Y=160
2026-08-21 01:48:10 [INFO] Grh=1508 Frame=343 FileNum=20 SX=224 SY=0 W=32 H=32 X=448 Y=160
2026-08-21 01:48:10 [INFO] Grh=1505 Frame=340 FileNum=20 SX=128 SY=0 W=32 H=32 X=480 Y=160
2026-08-21 01:48:10 [INFO] Grh=1506 Frame=341 FileNum=20 SX=160 SY=0 W=32 H=32 X=512 Y=160
2026-08-21 01:48:10 [INFO] Grh=1507 Frame=342 FileNum=20 SX=192 SY=0 W=32 H=32 X=544 Y=160
2026-08-21 01:48:10 [INFO] Grh=1513 Frame=348 FileNum=20 SX=128 SY=64 W=32 H=32 X=-32 Y=192
2026-08-21 01:48:10 [INFO] Grh=1514 Frame=349 FileNum=20 SX=160 SY=64 W=32 H=32 X=0 Y=192
2026-08-21 01:48:10 [INFO] Grh=1515 Frame=350 FileNum=20 SX=192 SY=64 W=32 H=32 X=32 Y=192
2026-08-21 01:48:10 [INFO] Grh=1516 Frame=351 FileNum=20 SX=224 SY=64 W=32 H=32 X=64 Y=192
2026-08-21 01:48:10 [INFO] Grh=1513 Frame=348 FileNum=20 SX=128 SY=64 W=32 H=32 X=96 Y=192
2026-08-21 01:48:10 [INFO] Grh=1514 Frame=349 FileNum=20 SX=160 SY=64 W=32 H=32 X=128 Y=192
2026-08-21 01:48:10 [INFO] Grh=1515 Frame=350 FileNum=20 SX=192 SY=64 W=32 H=32 X=160 Y=192
2026-08-21 01:48:10 [INFO] Grh=1516 Frame=351 FileNum=20 SX=224 SY=64 W=32 H=32 X=192 Y=192
2026-08-21 01:48:10 [INFO] Grh=1513 Frame=348 FileNum=20 SX=128 SY=64 W=32 H=32 X=224 Y=192
2026-08-21 01:48:10 [INFO] Grh=1514 Frame=349 FileNum=20 SX=160 SY=64 W=32 H=32 X=256 Y=192
2026-08-21 01:48:10 [INFO] Grh=1515 Frame=350 FileNum=20 SX=192 SY=64 W=32 H=32 X=288 Y=192
2026-08-21 01:48:10 [INFO] Grh=1516 Frame=351 FileNum=20 SX=224 SY=64 W=32 H=32 X=320 Y=192
2026-08-21 01:48:10 [INFO] Grh=1513 Frame=348 FileNum=20 SX=128 SY=64 W=32 H=32 X=352 Y=192
2026-08-21 01:48:10 [INFO] Grh=1514 Frame=349 FileNum=20 SX=160 SY=64 W=32 H=32 X=384 Y=192
2026-08-21 01:48:10 [INFO] Grh=1515 Frame=350 FileNum=20 SX=192 SY=64 W=32 H=32 X=416 Y=192
2026-08-21 01:48:10 [INFO] Grh=1516 Frame=351 FileNum=20 SX=224 SY=64 W=32 H=32 X=448 Y=192
2026-08-21 01:48:10 [INFO] Grh=1513 Frame=348 FileNum=20 SX=128 SY=64 W=32 H=32 X=480 Y=192
2026-08-21 01:48:10 [INFO] Grh=1514 Frame=349 FileNum=20 SX=160 SY=64 W=32 H=32 X=512 Y=192
2026-08-21 01:48:10 [INFO] Grh=1515 Frame=350 FileNum=20 SX=192 SY=64 W=32 H=32 X=544 Y=192
2026-08-21 01:48:10 [INFO] Grh=6000 Frame=6000 FileNum=6000 SX=0 SY=0 W=32 H=32 X=-32 Y=-32
2026-08-21 01:48:10 [INFO] Grh=6001 Frame=6001 FileNum=6000 SX=32 SY=0 W=32 H=32 X=0 Y=-32
2026-08-21 01:48:10 [INFO] Grh=6002 Frame=6002 FileNum=6000 SX=64 SY=0 W=32 H=32 X=32 Y=-32
2026-08-21 01:48:10 [INFO] Grh=6003 Frame=6003 FileNum=6000 SX=96 SY=0 W=32 H=32 X=64 Y=-32
2026-08-21 01:48:10 [INFO] Grh=6000 Frame=6000 FileNum=6000 SX=0 SY=0 W=32 H=32 X=96 Y=-32
2026-08-21 01:48:10 [INFO] Grh=6001 Frame=6001 FileNum=6000 SX=32 SY=0 W=32 H=32 X=128 Y=-32
2026-08-21 01:48:10 [INFO] Grh=6002 Frame=6002 FileNum=6000 SX=64 SY=0 W=32 H=32 X=160 Y=-32
2026-08-21 01:48:10 [INFO] Grh=6003 Frame=6003 FileNum=6000 SX=96 SY=0 W=32 H=32 X=192 Y=-32
2026-08-21 01:48:10 [INFO] Grh=6000 Frame=6000 FileNum=6000 SX=0 SY=0 W=32 H=32 X=224 Y=-32
2026-08-21 01:48:10 [INFO] Grh=6001 Frame=6001 FileNum=6000 SX=32 SY=0 W=32 H=32 X=256 Y=-32
2026-08-21 01:48:10 [INFO] Grh=6002 Frame=6002 FileNum=6000 SX=64 SY=0 W=32 H=32 X=288 Y=-32
2026-08-21 01:48:10 [INFO] Grh=6003 Frame=6003 FileNum=6000 SX=96 SY=0 W=32 H=32 X=320 Y=-32
2026-08-21 01:48:10 [INFO] Grh=6000 Frame=6000 FileNum=6000 SX=0 SY=0 W=32 H=32 X=352 Y=-32
2026-08-21 01:48:10 [INFO] Grh=6001 Frame=6001 FileNum=6000 SX=32 SY=0 W=32 H=32 X=384 Y=-32
2026-08-21 01:48:10 [INFO] Grh=6002 Frame=6002 FileNum=6000 SX=64 SY=0 W=32 H=32 X=416 Y=-32
2026-08-21 01:48:10 [INFO] Grh=6003 Frame=6003 FileNum=6000 SX=96 SY=0 W=32 H=32 X=448 Y=-32
2026-08-21 01:48:10 [INFO] Grh=6000 Frame=6000 FileNum=6000 SX=0 SY=0 W=32 H=32 X=480 Y=-32
2026-08-21 01:48:10 [INFO] Grh=6001 Frame=6001 FileNum=6000 SX=32 SY=0 W=32 H=32 X=512 Y=-32
2026-08-21 01:48:10 [INFO] Grh=6002 Frame=6002 FileNum=6000 SX=64 SY=0 W=32 H=32 X=544 Y=-32
2026-08-21 01:48:10 [INFO] Grh=6008 Frame=6008 FileNum=6000 SX=0 SY=64 W=32 H=32 X=-32 Y=0
2026-08-21 01:48:10 [INFO] Grh=6009 Frame=6009 FileNum=6000 SX=32 SY=64 W=32 H=32 X=0 Y=0
2026-08-21 01:48:10 [INFO] Grh=6010 Frame=6010 FileNum=6000 SX=64 SY=64 W=32 H=32 X=32 Y=0
2026-08-21 01:48:10 [INFO] Grh=6011 Frame=6011 FileNum=6000 SX=96 SY=64 W=32 H=32 X=64 Y=0
2026-08-21 01:48:10 [INFO] Grh=6008 Frame=6008 FileNum=6000 SX=0 SY=64 W=32 H=32 X=96 Y=0
2026-08-21 01:48:10 [INFO] Grh=6009 Frame=6009 FileNum=6000 SX=32 SY=64 W=32 H=32 X=128 Y=0
2026-08-21 01:48:10 [INFO] Grh=6010 Frame=6010 FileNum=6000 SX=64 SY=64 W=32 H=32 X=160 Y=0
2026-08-21 01:48:10 [INFO] Grh=6011 Frame=6011 FileNum=6000 SX=96 SY=64 W=32 H=32 X=192 Y=0
2026-08-21 01:48:10 [INFO] Grh=6008 Frame=6008 FileNum=6000 SX=0 SY=64 W=32 H=32 X=224 Y=0
2026-08-21 01:48:10 [INFO] Grh=6009 Frame=6009 FileNum=6000 SX=32 SY=64 W=32 H=32 X=256 Y=0
2026-08-21 01:48:10 [INFO] Grh=6010 Frame=6010 FileNum=6000 SX=64 SY=64 W=32 H=32 X=288 Y=0
2026-08-21 01:48:10 [INFO] Grh=6011 Frame=6011 FileNum=6000 SX=96 SY=64 W=32 H=32 X=320 Y=0
2026-08-21 01:48:10 [INFO] Grh=6008 Frame=6008 FileNum=6000 SX=0 SY=64 W=32 H=32 X=352 Y=0
2026-08-21 01:48:10 [INFO] Grh=6009 Frame=6009 FileNum=6000 SX=32 SY=64 W=32 H=32 X=384 Y=0
2026-08-21 01:48:10 [INFO] Grh=6010 Frame=6010 FileNum=6000 SX=64 SY=64 W=32 H=32 X=416 Y=0
2026-08-21 01:48:10 [INFO] Grh=6011 Frame=6011 FileNum=6000 SX=96 SY=64 W=32 H=32 X=448 Y=0
2026-08-21 01:48:10 [INFO] Grh=6008 Frame=6008 FileNum=6000 SX=0 SY=64 W=32 H=32 X=480 Y=0
2026-08-21 01:48:10 [INFO] Grh=6009 Frame=6009 FileNum=6000 SX=32 SY=64 W=32 H=32 X=512 Y=0
2026-08-21 01:48:10 [INFO] Grh=6010 Frame=6010 FileNum=6000 SX=64 SY=64 W=32 H=32 X=544 Y=0
2026-08-21 01:48:10 [INFO] Grh=1505 Frame=324 FileNum=20 SX=0 SY=0 W=32 H=32 X=-32 Y=32
2026-08-21 01:48:10 [INFO] Grh=1506 Frame=325 FileNum=20 SX=32 SY=0 W=32 H=32 X=0 Y=32
2026-08-21 01:48:10 [INFO] Grh=1507 Frame=326 FileNum=20 SX=64 SY=0 W=32 H=32 X=32 Y=32
2026-08-21 01:48:10 [INFO] Grh=1508 Frame=327 FileNum=20 SX=96 SY=0 W=32 H=32 X=64 Y=32
2026-08-21 01:48:10 [INFO] Grh=1505 Frame=324 FileNum=20 SX=0 SY=0 W=32 H=32 X=96 Y=32
2026-08-21 01:48:10 [INFO] Grh=1506 Frame=325 FileNum=20 SX=32 SY=0 W=32 H=32 X=128 Y=32
2026-08-21 01:48:10 [INFO] Grh=1507 Frame=326 FileNum=20 SX=64 SY=0 W=32 H=32 X=160 Y=32
2026-08-21 01:48:10 [INFO] Grh=1508 Frame=327 FileNum=20 SX=96 SY=0 W=32 H=32 X=192 Y=32
2026-08-21 01:48:10 [INFO] Grh=1505 Frame=324 FileNum=20 SX=0 SY=0 W=32 H=32 X=224 Y=32
2026-08-21 01:48:10 [INFO] Grh=1506 Frame=325 FileNum=20 SX=32 SY=0 W=32 H=32 X=256 Y=32
2026-08-21 01:48:10 [INFO] Grh=1507 Frame=326 FileNum=20 SX=64 SY=0 W=32 H=32 X=288 Y=32
2026-08-21 01:48:10 [INFO] Grh=1508 Frame=327 FileNum=20 SX=96 SY=0 W=32 H=32 X=320 Y=32
2026-08-21 01:48:10 [INFO] Grh=1505 Frame=324 FileNum=20 SX=0 SY=0 W=32 H=32 X=352 Y=32
2026-08-21 01:48:10 [INFO] Grh=1506 Frame=325 FileNum=20 SX=32 SY=0 W=32 H=32 X=384 Y=32
2026-08-21 01:48:10 [INFO] Grh=1507 Frame=326 FileNum=20 SX=64 SY=0 W=32 H=32 X=416 Y=32
2026-08-21 01:48:10 [INFO] Grh=1508 Frame=327 FileNum=20 SX=96 SY=0 W=32 H=32 X=448 Y=32
2026-08-21 01:48:10 [INFO] Grh=1505 Frame=324 FileNum=20 SX=0 SY=0 W=32 H=32 X=480 Y=32
2026-08-21 01:48:10 [INFO] Grh=1506 Frame=325 FileNum=20 SX=32 SY=0 W=32 H=32 X=512 Y=32
2026-08-21 01:48:10 [INFO] Grh=1507 Frame=326 FileNum=20 SX=64 SY=0 W=32 H=32 X=544 Y=32
2026-08-21 01:48:10 [INFO] Grh=1513 Frame=332 FileNum=20 SX=0 SY=64 W=32 H=32 X=-32 Y=64
2026-08-21 01:48:10 [INFO] Grh=1514 Frame=333 FileNum=20 SX=32 SY=64 W=32 H=32 X=0 Y=64
2026-08-21 01:48:10 [INFO] Grh=1515 Frame=334 FileNum=20 SX=64 SY=64 W=32 H=32 X=32 Y=64
2026-08-21 01:48:10 [INFO] Grh=1516 Frame=335 FileNum=20 SX=96 SY=64 W=32 H=32 X=64 Y=64
2026-08-21 01:48:10 [INFO] Grh=1513 Frame=332 FileNum=20 SX=0 SY=64 W=32 H=32 X=96 Y=64
2026-08-21 01:48:10 [INFO] Grh=1514 Frame=333 FileNum=20 SX=32 SY=64 W=32 H=32 X=128 Y=64
2026-08-21 01:48:10 [INFO] Grh=1515 Frame=334 FileNum=20 SX=64 SY=64 W=32 H=32 X=160 Y=64
2026-08-21 01:48:10 [INFO] Grh=1516 Frame=335 FileNum=20 SX=96 SY=64 W=32 H=32 X=192 Y=64
2026-08-21 01:48:10 [INFO] Grh=1513 Frame=332 FileNum=20 SX=0 SY=64 W=32 H=32 X=224 Y=64
2026-08-21 01:48:10 [INFO] Grh=1514 Frame=333 FileNum=20 SX=32 SY=64 W=32 H=32 X=256 Y=64
2026-08-21 01:48:10 [INFO] Grh=1515 Frame=334 FileNum=20 SX=64 SY=64 W=32 H=32 X=288 Y=64
2026-08-21 01:48:10 [INFO] Grh=1516 Frame=335 FileNum=20 SX=96 SY=64 W=32 H=32 X=320 Y=64
2026-08-21 01:48:10 [INFO] Grh=1513 Frame=332 FileNum=20 SX=0 SY=64 W=32 H=32 X=352 Y=64
2026-08-21 01:48:10 [INFO] Grh=1514 Frame=333 FileNum=20 SX=32 SY=64 W=32 H=32 X=384 Y=64
2026-08-21 01:48:10 [INFO] Grh=1515 Frame=334 FileNum=20 SX=64 SY=64 W=32 H=32 X=416 Y=64
2026-08-21 01:48:10 [INFO] Grh=1516 Frame=335 FileNum=20 SX=96 SY=64 W=32 H=32 X=448 Y=64
2026-08-21 01:48:10 [INFO] Grh=1513 Frame=332 FileNum=20 SX=0 SY=64 W=32 H=32 X=480 Y=64
2026-08-21 01:48:10 [INFO] Grh=1514 Frame=333 FileNum=20 SX=32 SY=64 W=32 H=32 X=512 Y=64
2026-08-21 01:48:10 [INFO] Grh=1515 Frame=334 FileNum=20 SX=64 SY=64 W=32 H=32 X=544 Y=64
2026-08-21 01:48:10 [INFO] Grh=1505 Frame=324 FileNum=20 SX=0 SY=0 W=32 H=32 X=-32 Y=96
2026-08-21 01:48:10 [INFO] Grh=1506 Frame=325 FileNum=20 SX=32 SY=0 W=32 H=32 X=0 Y=96
2026-08-21 01:48:10 [INFO] Grh=1507 Frame=326 FileNum=20 SX=64 SY=0 W=32 H=32 X=32 Y=96
2026-08-21 01:48:10 [INFO] Grh=1508 Frame=327 FileNum=20 SX=96 SY=0 W=32 H=32 X=64 Y=96
2026-08-21 01:48:10 [INFO] Grh=1505 Frame=324 FileNum=20 SX=0 SY=0 W=32 H=32 X=96 Y=96
2026-08-21 01:48:10 [INFO] Grh=1506 Frame=325 FileNum=20 SX=32 SY=0 W=32 H=32 X=128 Y=96
2026-08-21 01:48:10 [INFO] Grh=1507 Frame=326 FileNum=20 SX=64 SY=0 W=32 H=32 X=160 Y=96
2026-08-21 01:48:10 [INFO] Grh=1508 Frame=327 FileNum=20 SX=96 SY=0 W=32 H=32 X=192 Y=96
2026-08-21 01:48:10 [INFO] Grh=1505 Frame=324 FileNum=20 SX=0 SY=0 W=32 H=32 X=224 Y=96
2026-08-21 01:48:10 [INFO] Grh=1506 Frame=325 FileNum=20 SX=32 SY=0 W=32 H=32 X=256 Y=96
2026-08-21 01:48:10 [INFO] Grh=1507 Frame=326 FileNum=20 SX=64 SY=0 W=32 H=32 X=288 Y=96
2026-08-21 01:48:10 [INFO] Grh=1508 Frame=327 FileNum=20 SX=96 SY=0 W=32 H=32 X=320 Y=96
2026-08-21 01:48:10 [INFO] Grh=1505 Frame=324 FileNum=20 SX=0 SY=0 W=32 H=32 X=352 Y=96
2026-08-21 01:48:10 [INFO] Grh=1506 Frame=325 FileNum=20 SX=32 SY=0 W=32 H=32 X=384 Y=96
2026-08-21 01:48:10 [INFO] Grh=1507 Frame=326 FileNum=20 SX=64 SY=0 W=32 H=32 X=416 Y=96
2026-08-21 01:48:10 [INFO] Grh=1508 Frame=327 FileNum=20 SX=96 SY=0 W=32 H=32 X=448 Y=96
2026-08-21 01:48:10 [INFO] Grh=1505 Frame=324 FileNum=20 SX=0 SY=0 W=32 H=32 X=480 Y=96
2026-08-21 01:48:10 [INFO] Grh=1506 Frame=325 FileNum=20 SX=32 SY=0 W=32 H=32 X=512 Y=96
2026-08-21 01:48:10 [INFO] Grh=1507 Frame=326 FileNum=20 SX=64 SY=0 W=32 H=32 X=544 Y=96
2026-08-21 01:48:10 [INFO] Grh=1513 Frame=332 FileNum=20 SX=0 SY=64 W=32 H=32 X=-32 Y=128
2026-08-21 01:48:10 [INFO] Grh=1514 Frame=333 FileNum=20 SX=32 SY=64 W=32 H=32 X=0 Y=128
2026-08-21 01:48:10 [INFO] Grh=1515 Frame=334 FileNum=20 SX=64 SY=64 W=32 H=32 X=32 Y=128
2026-08-21 01:48:10 [INFO] Grh=1516 Frame=335 FileNum=20 SX=96 SY=64 W=32 H=32 X=64 Y=128
2026-08-21 01:48:10 [INFO] Grh=1513 Frame=332 FileNum=20 SX=0 SY=64 W=32 H=32 X=96 Y=128
2026-08-21 01:48:10 [INFO] Grh=1514 Frame=333 FileNum=20 SX=32 SY=64 W=32 H=32 X=128 Y=128
2026-08-21 01:48:10 [INFO] Grh=1515 Frame=334 FileNum=20 SX=64 SY=64 W=32 H=32 X=160 Y=128
2026-08-21 01:48:10 [INFO] Grh=1516 Frame=335 FileNum=20 SX=96 SY=64 W=32 H=32 X=192 Y=128
2026-08-21 01:48:10 [INFO] Grh=1513 Frame=332 FileNum=20 SX=0 SY=64 W=32 H=32 X=224 Y=128
2026-08-21 01:48:10 [INFO] Grh=1514 Frame=333 FileNum=20 SX=32 SY=64 W=32 H=32 X=256 Y=128
2026-08-21 01:48:10 [INFO] Grh=1515 Frame=334 FileNum=20 SX=64 SY=64 W=32 H=32 X=288 Y=128
2026-08-21 01:48:10 [INFO] Grh=1516 Frame=335 FileNum=20 SX=96 SY=64 W=32 H=32 X=320 Y=128
2026-08-21 01:48:10 [INFO] Grh=1513 Frame=332 FileNum=20 SX=0 SY=64 W=32 H=32 X=352 Y=128
2026-08-21 01:48:10 [INFO] Grh=1514 Frame=333 FileNum=20 SX=32 SY=64 W=32 H=32 X=384 Y=128
2026-08-21 01:48:10 [INFO] Grh=1515 Frame=334 FileNum=20 SX=64 SY=64 W=32 H=32 X=416 Y=128
2026-08-21 01:48:10 [INFO] Grh=1516 Frame=335 FileNum=20 SX=96 SY=64 W=32 H=32 X=448 Y=128
2026-08-21 01:48:10 [INFO] Grh=1513 Frame=332 FileNum=20 SX=0 SY=64 W=32 H=32 X=480 Y=128
2026-08-21 01:48:10 [INFO] Grh=1514 Frame=333 FileNum=20 SX=32 SY=64 W=32 H=32 X=512 Y=128
2026-08-21 01:48:10 [INFO] Grh=1515 Frame=334 FileNum=20 SX=64 SY=64 W=32 H=32 X=544 Y=128
2026-08-21 01:48:10 [INFO] Grh=1505 Frame=324 FileNum=20 SX=0 SY=0 W=32 H=32 X=-32 Y=160
2026-08-21 01:48:10 [INFO] Grh=1506 Frame=325 FileNum=20 SX=32 SY=0 W=32 H=32 X=0 Y=160
2026-08-21 01:48:10 [INFO] Grh=1507 Frame=326 FileNum=20 SX=64 SY=0 W=32 H=32 X=32 Y=160
2026-08-21 01:48:10 [INFO] Grh=1508 Frame=327 FileNum=20 SX=96 SY=0 W=32 H=32 X=64 Y=160
2026-08-21 01:48:10 [INFO] Grh=1505 Frame=324 FileNum=20 SX=0 SY=0 W=32 H=32 X=96 Y=160
2026-08-21 01:48:10 [INFO] Grh=1506 Frame=325 FileNum=20 SX=32 SY=0 W=32 H=32 X=128 Y=160
2026-08-21 01:48:10 [INFO] Grh=1507 Frame=326 FileNum=20 SX=64 SY=0 W=32 H=32 X=160 Y=160
2026-08-21 01:48:10 [INFO] Grh=1508 Frame=327 FileNum=20 SX=96 SY=0 W=32 H=32 X=192 Y=160
2026-08-21 01:48:10 [INFO] Grh=1505 Frame=324 FileNum=20 SX=0 SY=0 W=32 H=32 X=224 Y=160
2026-08-21 01:48:10 [INFO] Grh=1506 Frame=325 FileNum=20 SX=32 SY=0 W=32 H=32 X=256 Y=160
2026-08-21 01:48:10 [INFO] Grh=1507 Frame=326 FileNum=20 SX=64 SY=0 W=32 H=32 X=288 Y=160
2026-08-21 01:48:10 [INFO] Grh=1508 Frame=327 FileNum=20 SX=96 SY=0 W=32 H=32 X=320 Y=160
2026-08-21 01:48:10 [INFO] Grh=1505 Frame=324 FileNum=20 SX=0 SY=0 W=32 H=32 X=352 Y=160
2026-08-21 01:48:10 [INFO] Grh=1506 Frame=325 FileNum=20 SX=32 SY=0 W=32 H=32 X=384 Y=160
2026-08-21 01:48:10 [INFO] Grh=1507 Frame=326 FileNum=20 SX=64 SY=0 W=32 H=32 X=416 Y=160
2026-08-21 01:48:10 [INFO] Grh=1508 Frame=327 FileNum=20 SX=96 SY=0 W=32 H=32 X=448 Y=160
2026-08-21 01:48:10 [INFO] Grh=1505 Frame=324 FileNum=20 SX=0 SY=0 W=32 H=32 X=480 Y=160
2026-08-21 01:48:10 [INFO] Grh=1506 Frame=325 FileNum=20 SX=32 SY=0 W=32 H=32 X=512 Y=160
2026-08-21 01:48:10 [INFO] Grh=1507 Frame=326 FileNum=20 SX=64 SY=0 W=32 H=32 X=544 Y=160
2026-08-21 01:48:10 [INFO] Grh=1513 Frame=332 FileNum=20 SX=0 SY=64 W=32 H=32 X=-32 Y=192
2026-08-21 01:48:10 [INFO] Grh=1514 Frame=333 FileNum=20 SX=32 SY=64 W=32 H=32 X=0 Y=192
2026-08-21 01:48:10 [INFO] Grh=1515 Frame=334 FileNum=20 SX=64 SY=64 W=32 H=32 X=32 Y=192
2026-08-21 01:48:10 [INFO] Grh=1516 Frame=335 FileNum=20 SX=96 SY=64 W=32 H=32 X=64 Y=192
2026-08-21 01:48:10 [INFO] Grh=1513 Frame=332 FileNum=20 SX=0 SY=64 W=32 H=32 X=96 Y=192
2026-08-21 01:48:10 [INFO] Grh=1514 Frame=333 FileNum=20 SX=32 SY=64 W=32 H=32 X=128 Y=192
2026-08-21 01:48:10 [INFO] Grh=1515 Frame=334 FileNum=20 SX=64 SY=64 W=32 H=32 X=160 Y=192
2026-08-21 01:48:10 [INFO] Grh=1516 Frame=335 FileNum=20 SX=96 SY=64 W=32 H=32 X=192 Y=192
2026-08-21 01:48:10 [INFO] Grh=1513 Frame=332 FileNum=20 SX=0 SY=64 W=32 H=32 X=224 Y=192
2026-08-21 01:48:10 [INFO] Grh=1514 Frame=333 FileNum=20 SX=32 SY=64 W=32 H=32 X=256 Y=192
2026-08-21 01:48:10 [INFO] Grh=1515 Frame=334 FileNum=20 SX=64 SY=64 W=32 H=32 X=288 Y=192
2026-08-21 01:48:10 [INFO] Grh=1516 Frame=335 FileNum=20 SX=96 SY=64 W=32 H=32 X=320 Y=192
2026-08-21 01:48:10 [INFO] Grh=1513 Frame=332 FileNum=20 SX=0 SY=64 W=32 H=32 X=352 Y=192
2026-08-21 01:48:10 [INFO] Grh=1514 Frame=333 FileNum=20 SX=32 SY=64 W=32 H=32 X=384 Y=192
2026-08-21 01:48:10 [INFO] Grh=1515 Frame=334 FileNum=20 SX=64 SY=64 W=32 H=32 X=416 Y=192
2026-08-21 01:48:10 [INFO] Grh=1516 Frame=335 FileNum=20 SX=96 SY=64 W=32 H=32 X=448 Y=192
2026-08-21 01:48:10 [INFO] Grh=1513 Frame=332 FileNum=20 SX=0 SY=64 W=32 H=32 X=480 Y=192
2026-08-21 01:48:10 [INFO] Grh=1514 Frame=333 FileNum=20 SX=32 SY=64 W=32 H=32 X=512 Y=192
2026-08-21 01:48:10 [INFO] Grh=1515 Frame=334 FileNum=20 SX=64 SY=64 W=32 H=32 X=544 Y=192
2026-08-21 01:48:10 [INFO] Grh=6000 Frame=6000 FileNum=6000 SX=0 SY=0 W=32 H=32 X=-32 Y=-32
2026-08-21 01:48:10 [INFO] Grh=6001 Frame=6001 FileNum=6000 SX=32 SY=0 W=32 H=32 X=0 Y=-32
2026-08-21 01:48:10 [INFO] Grh=6002 Frame=6002 FileNum=6000 SX=64 SY=0 W=32 H=32 X=32 Y=-32
2026-08-21 01:48:10 [INFO] Grh=6003 Frame=6003 FileNum=6000 SX=96 SY=0 W=32 H=32 X=64 Y=-32
2026-08-21 01:48:10 [INFO] Grh=6000 Frame=6000 FileNum=6000 SX=0 SY=0 W=32 H=32 X=96 Y=-32
2026-08-21 01:48:10 [INFO] Grh=6001 Frame=6001 FileNum=6000 SX=32 SY=0 W=32 H=32 X=128 Y=-32
2026-08-21 01:48:10 [INFO] Grh=6002 Frame=6002 FileNum=6000 SX=64 SY=0 W=32 H=32 X=160 Y=-32
2026-08-21 01:48:10 [INFO] Grh=6003 Frame=6003 FileNum=6000 SX=96 SY=0 W=32 H=32 X=192 Y=-32
2026-08-21 01:48:10 [INFO] Grh=6000 Frame=6000 FileNum=6000 SX=0 SY=0 W=32 H=32 X=224 Y=-32
2026-08-21 01:48:10 [INFO] Grh=6001 Frame=6001 FileNum=6000 SX=32 SY=0 W=32 H=32 X=256 Y=-32
2026-08-21 01:48:10 [INFO] Grh=6002 Frame=6002 FileNum=6000 SX=64 SY=0 W=32 H=32 X=288 Y=-32
2026-08-21 01:48:10 [INFO] Grh=6003 Frame=6003 FileNum=6000 SX=96 SY=0 W=32 H=32 X=320 Y=-32
2026-08-21 01:48:10 [INFO] Grh=6000 Frame=6000 FileNum=6000 SX=0 SY=0 W=32 H=32 X=352 Y=-32
2026-08-21 01:48:10 [INFO] Grh=6001 Frame=6001 FileNum=6000 SX=32 SY=0 W=32 H=32 X=384 Y=-32
2026-08-21 01:48:10 [INFO] Grh=6002 Frame=6002 FileNum=6000 SX=64 SY=0 W=32 H=32 X=416 Y=-32
2026-08-21 01:48:10 [INFO] Grh=6003 Frame=6003 FileNum=6000 SX=96 SY=0 W=32 H=32 X=448 Y=-32
2026-08-21 01:48:10 [INFO] Grh=6000 Frame=6000 FileNum=6000 SX=0 SY=0 W=32 H=32 X=480 Y=-32
2026-08-21 01:48:10 [INFO] Grh=6001 Frame=6001 FileNum=6000 SX=32 SY=0 W=32 H=32 X=512 Y=-32
2026-08-21 01:48:10 [INFO] Grh=6002 Frame=6002 FileNum=6000 SX=64 SY=0 W=32 H=32 X=544 Y=-32
2026-08-21 01:48:10 [INFO] Grh=6008 Frame=6008 FileNum=6000 SX=0 SY=64 W=32 H=32 X=-32 Y=0
2026-08-21 01:48:10 [INFO] Grh=6009 Frame=6009 FileNum=6000 SX=32 SY=64 W=32 H=32 X=0 Y=0
2026-08-21 01:48:10 [INFO] Grh=6010 Frame=6010 FileNum=6000 SX=64 SY=64 W=32 H=32 X=32 Y=0
2026-08-21 01:48:10 [INFO] Grh=6011 Frame=6011 FileNum=6000 SX=96 SY=64 W=32 H=32 X=64 Y=0
2026-08-21 01:48:10 [INFO] Grh=6008 Frame=6008 FileNum=6000 SX=0 SY=64 W=32 H=32 X=96 Y=0
2026-08-21 01:48:10 [INFO] Grh=6009 Frame=6009 FileNum=6000 SX=32 SY=64 W=32 H=32 X=128 Y=0
2026-08-21 01:48:10 [INFO] Grh=6010 Frame=6010 FileNum=6000 SX=64 SY=64 W=32 H=32 X=160 Y=0
2026-08-21 01:48:10 [INFO] Grh=6011 Frame=6011 FileNum=6000 SX=96 SY=64 W=32 H=32 X=192 Y=0
2026-08-21 01:48:10 [INFO] Grh=6008 Frame=6008 FileNum=6000 SX=0 SY=64 W=32 H=32 X=224 Y=0
2026-08-21 01:48:10 [INFO] Grh=6009 Frame=6009 FileNum=6000 SX=32 SY=64 W=32 H=32 X=256 Y=0
2026-08-21 01:48:10 [INFO] Grh=6010 Frame=6010 FileNum=6000 SX=64 SY=64 W=32 H=32 X=288 Y=0
2026-08-21 01:48:10 [INFO] Grh=6011 Frame=6011 FileNum=6000 SX=96 SY=64 W=32 H=32 X=320 Y=0
2026-08-21 01:48:10 [INFO] Grh=6008 Frame=6008 FileNum=6000 SX=0 SY=64 W=32 H=32 X=352 Y=0
2026-08-21 01:48:10 [INFO] Grh=6009 Frame=6009 FileNum=6000 SX=32 SY=64 W=32 H=32 X=384 Y=0
2026-08-21 01:48:10 [INFO] Grh=6010 Frame=6010 FileNum=6000 SX=64 SY=64 W=32 H=32 X=416 Y=0
2026-08-21 01:48:10 [INFO] Grh=6011 Frame=6011 FileNum=6000 SX=96 SY=64 W=32 H=32 X=448 Y=0
2026-08-21 01:48:10 [INFO] Grh=6008 Frame=6008 FileNum=6000 SX=0 SY=64 W=32 H=32 X=480 Y=0
2026-08-21 01:48:10 [INFO] Grh=6009 Frame=6009 FileNum=6000 SX=32 SY=64 W=32 H=32 X=512 Y=0
2026-08-21 01:48:10 [INFO] Grh=6010 Frame=6010 FileNum=6000 SX=64 SY=64 W=32 H=32 X=544 Y=0
2026-08-21 01:48:10 [INFO] Grh=1505 Frame=356 FileNum=20 SX=256 SY=0 W=32 H=32 X=-32 Y=32
2026-08-21 01:48:10 [INFO] Grh=1506 Frame=357 FileNum=20 SX=288 SY=0 W=32 H=32 X=0 Y=32
2026-08-21 01:48:10 [INFO] Grh=1507 Frame=358 FileNum=20 SX=320 SY=0 W=32 H=32 X=32 Y=32
2026-08-21 01:48:10 [INFO] Grh=1508 Frame=359 FileNum=20 SX=352 SY=0 W=32 H=32 X=64 Y=32
2026-08-21 01:48:10 [INFO] Grh=1505 Frame=356 FileNum=20 SX=256 SY=0 W=32 H=32 X=96 Y=32
2026-08-21 01:48:10 [INFO] Grh=1506 Frame=357 FileNum=20 SX=288 SY=0 W=32 H=32 X=128 Y=32
2026-08-21 01:48:10 [INFO] Grh=1507 Frame=358 FileNum=20 SX=320 SY=0 W=32 H=32 X=160 Y=32
2026-08-21 01:48:10 [INFO] Grh=1508 Frame=359 FileNum=20 SX=352 SY=0 W=32 H=32 X=192 Y=32
2026-08-21 01:48:10 [INFO] Grh=1505 Frame=356 FileNum=20 SX=256 SY=0 W=32 H=32 X=224 Y=32
2026-08-21 01:48:10 [INFO] Grh=1506 Frame=357 FileNum=20 SX=288 SY=0 W=32 H=32 X=256 Y=32
2026-08-21 01:48:10 [INFO] Grh=1507 Frame=358 FileNum=20 SX=320 SY=0 W=32 H=32 X=288 Y=32
2026-08-21 01:48:10 [INFO] Grh=1508 Frame=359 FileNum=20 SX=352 SY=0 W=32 H=32 X=320 Y=32
2026-08-21 01:48:10 [INFO] Grh=1505 Frame=356 FileNum=20 SX=256 SY=0 W=32 H=32 X=352 Y=32
2026-08-21 01:48:10 [INFO] Grh=1506 Frame=357 FileNum=20 SX=288 SY=0 W=32 H=32 X=384 Y=32
2026-08-21 01:48:10 [INFO] Grh=1507 Frame=358 FileNum=20 SX=320 SY=0 W=32 H=32 X=416 Y=32
2026-08-21 01:48:10 [INFO] Grh=1508 Frame=359 FileNum=20 SX=352 SY=0 W=32 H=32 X=448 Y=32
2026-08-21 01:48:10 [INFO] Grh=1505 Frame=356 FileNum=20 SX=256 SY=0 W=32 H=32 X=480 Y=32
2026-08-21 01:48:10 [INFO] Grh=1506 Frame=357 FileNum=20 SX=288 SY=0 W=32 H=32 X=512 Y=32
2026-08-21 01:48:10 [INFO] Grh=1507 Frame=358 FileNum=20 SX=320 SY=0 W=32 H=32 X=544 Y=32
2026-08-21 01:48:10 [INFO] Grh=1513 Frame=364 FileNum=20 SX=256 SY=64 W=32 H=32 X=-32 Y=64
2026-08-21 01:48:10 [INFO] Grh=1514 Frame=365 FileNum=20 SX=288 SY=64 W=32 H=32 X=0 Y=64
2026-08-21 01:48:10 [INFO] Grh=1515 Frame=366 FileNum=20 SX=320 SY=64 W=32 H=32 X=32 Y=64
2026-08-21 01:48:10 [INFO] Grh=1516 Frame=367 FileNum=20 SX=352 SY=64 W=32 H=32 X=64 Y=64
2026-08-21 01:48:10 [INFO] Grh=1513 Frame=364 FileNum=20 SX=256 SY=64 W=32 H=32 X=96 Y=64
2026-08-21 01:48:10 [INFO] Grh=1514 Frame=365 FileNum=20 SX=288 SY=64 W=32 H=32 X=128 Y=64
2026-08-21 01:48:10 [INFO] Grh=1515 Frame=366 FileNum=20 SX=320 SY=64 W=32 H=32 X=160 Y=64
2026-08-21 01:48:10 [INFO] Grh=1516 Frame=367 FileNum=20 SX=352 SY=64 W=32 H=32 X=192 Y=64
2026-08-21 01:48:10 [INFO] Grh=1513 Frame=364 FileNum=20 SX=256 SY=64 W=32 H=32 X=224 Y=64
2026-08-21 01:48:10 [INFO] Grh=1514 Frame=365 FileNum=20 SX=288 SY=64 W=32 H=32 X=256 Y=64
2026-08-21 01:48:10 [INFO] Grh=1515 Frame=366 FileNum=20 SX=320 SY=64 W=32 H=32 X=288 Y=64
2026-08-21 01:48:10 [INFO] Grh=1516 Frame=367 FileNum=20 SX=352 SY=64 W=32 H=32 X=320 Y=64
2026-08-21 01:48:10 [INFO] Grh=1513 Frame=364 FileNum=20 SX=256 SY=64 W=32 H=32 X=352 Y=64
2026-08-21 01:48:10 [INFO] Grh=1514 Frame=365 FileNum=20 SX=288 SY=64 W=32 H=32 X=384 Y=64
2026-08-21 01:48:10 [INFO] Grh=1515 Frame=366 FileNum=20 SX=320 SY=64 W=32 H=32 X=416 Y=64
2026-08-21 01:48:10 [INFO] Grh=1516 Frame=367 FileNum=20 SX=352 SY=64 W=32 H=32 X=448 Y=64
2026-08-21 01:48:10 [INFO] Grh=1513 Frame=364 FileNum=20 SX=256 SY=64 W=32 H=32 X=480 Y=64
2026-08-21 01:48:10 [INFO] Grh=1514 Frame=365 FileNum=20 SX=288 SY=64 W=32 H=32 X=512 Y=64
2026-08-21 01:48:10 [INFO] Grh=1515 Frame=366 FileNum=20 SX=320 SY=64 W=32 H=32 X=544 Y=64
2026-08-21 01:48:10 [INFO] Grh=1505 Frame=356 FileNum=20 SX=256 SY=0 W=32 H=32 X=-32 Y=96
2026-08-21 01:48:10 [INFO] Grh=1506 Frame=357 FileNum=20 SX=288 SY=0 W=32 H=32 X=0 Y=96
2026-08-21 01:48:10 [INFO] Grh=1507 Frame=358 FileNum=20 SX=320 SY=0 W=32 H=32 X=32 Y=96
2026-08-21 01:48:10 [INFO] Grh=1508 Frame=359 FileNum=20 SX=352 SY=0 W=32 H=32 X=64 Y=96
2026-08-21 01:48:10 [INFO] Grh=1505 Frame=356 FileNum=20 SX=256 SY=0 W=32 H=32 X=96 Y=96
2026-08-21 01:48:10 [INFO] Grh=1506 Frame=357 FileNum=20 SX=288 SY=0 W=32 H=32 X=128 Y=96
2026-08-21 01:48:10 [INFO] Grh=1507 Frame=358 FileNum=20 SX=320 SY=0 W=32 H=32 X=160 Y=96
2026-08-21 01:48:10 [INFO] Grh=1508 Frame=359 FileNum=20 SX=352 SY=0 W=32 H=32 X=192 Y=96
2026-08-21 01:48:10 [INFO] Grh=1505 Frame=356 FileNum=20 SX=256 SY=0 W=32 H=32 X=224 Y=96
2026-08-21 01:48:10 [INFO] Grh=1506 Frame=357 FileNum=20 SX=288 SY=0 W=32 H=32 X=256 Y=96
2026-08-21 01:48:10 [INFO] Grh=1507 Frame=358 FileNum=20 SX=320 SY=0 W=32 H=32 X=288 Y=96
2026-08-21 01:48:10 [INFO] Grh=1508 Frame=359 FileNum=20 SX=352 SY=0 W=32 H=32 X=320 Y=96
2026-08-21 01:48:10 [INFO] Grh=1505 Frame=356 FileNum=20 SX=256 SY=0 W=32 H=32 X=352 Y=96
2026-08-21 01:48:10 [INFO] Grh=1506 Frame=357 FileNum=20 SX=288 SY=0 W=32 H=32 X=384 Y=96
2026-08-21 01:48:10 [INFO] Grh=1507 Frame=358 FileNum=20 SX=320 SY=0 W=32 H=32 X=416 Y=96
2026-08-21 01:48:10 [INFO] Grh=1508 Frame=359 FileNum=20 SX=352 SY=0 W=32 H=32 X=448 Y=96
2026-08-21 01:48:10 [INFO] Grh=1505 Frame=356 FileNum=20 SX=256 SY=0 W=32 H=32 X=480 Y=96
2026-08-21 01:48:10 [INFO] Grh=1506 Frame=357 FileNum=20 SX=288 SY=0 W=32 H=32 X=512 Y=96
2026-08-21 01:48:10 [INFO] Grh=1507 Frame=358 FileNum=20 SX=320 SY=0 W=32 H=32 X=544 Y=96
2026-08-21 01:48:10 [INFO] Grh=1513 Frame=364 FileNum=20 SX=256 SY=64 W=32 H=32 X=-32 Y=128
2026-08-21 01:48:10 [INFO] Grh=1514 Frame=365 FileNum=20 SX=288 SY=64 W=32 H=32 X=0 Y=128
2026-08-21 01:48:10 [INFO] Grh=1515 Frame=366 FileNum=20 SX=320 SY=64 W=32 H=32 X=32 Y=128
2026-08-21 01:48:10 [INFO] Grh=1516 Frame=367 FileNum=20 SX=352 SY=64 W=32 H=32 X=64 Y=128
2026-08-21 01:48:10 [INFO] Grh=1513 Frame=364 FileNum=20 SX=256 SY=64 W=32 H=32 X=96 Y=128
2026-08-21 01:48:10 [INFO] Grh=1514 Frame=365 FileNum=20 SX=288 SY=64 W=32 H=32 X=128 Y=128
2026-08-21 01:48:10 [INFO] Grh=1515 Frame=366 FileNum=20 SX=320 SY=64 W=32 H=32 X=160 Y=128
2026-08-21 01:48:10 [INFO] Grh=1516 Frame=367 FileNum=20 SX=352 SY=64 W=32 H=32 X=192 Y=128
2026-08-21 01:48:10 [INFO] Grh=1513 Frame=364 FileNum=20 SX=256 SY=64 W=32 H=32 X=224 Y=128
2026-08-21 01:48:10 [INFO] Grh=1514 Frame=365 FileNum=20 SX=288 SY=64 W=32 H=32 X=256 Y=128
2026-08-21 01:48:10 [INFO] Grh=1515 Frame=366 FileNum=20 SX=320 SY=64 W=32 H=32 X=288 Y=128
2026-08-21 01:48:10 [INFO] Grh=1516 Frame=367 FileNum=20 SX=352 SY=64 W=32 H=32 X=320 Y=128
2026-08-21 01:48:10 [INFO] Grh=1513 Frame=364 FileNum=20 SX=256 SY=64 W=32 H=32 X=352 Y=128
2026-08-21 01:48:10 [INFO] Grh=1514 Frame=365 FileNum=20 SX=288 SY=64 W=32 H=32 X=384 Y=128
2026-08-21 01:48:10 [INFO] Grh=1515 Frame=366 FileNum=20 SX=320 SY=64 W=32 H=32 X=416 Y=128
2026-08-21 01:48:10 [INFO] Grh=1516 Frame=367 FileNum=20 SX=352 SY=64 W=32 H=32 X=448 Y=128
2026-08-21 01:48:10 [INFO] Grh=1513 Frame=364 FileNum=20 SX=256 SY=64 W=32 H=32 X=480 Y=128
2026-08-21 01:48:10 [INFO] Grh=1514 Frame=365 FileNum=20 SX=288 SY=64 W=32 H=32 X=512 Y=128
2026-08-21 01:48:10 [INFO] Grh=1515 Frame=366 FileNum=20 SX=320 SY=64 W=32 H=32 X=544 Y=128
2026-08-21 01:48:10 [INFO] Grh=1505 Frame=356 FileNum=20 SX=256 SY=0 W=32 H=32 X=-32 Y=160
2026-08-21 01:48:10 [INFO] Grh=1506 Frame=357 FileNum=20 SX=288 SY=0 W=32 H=32 X=0 Y=160
2026-08-21 01:48:10 [INFO] Grh=1507 Frame=358 FileNum=20 SX=320 SY=0 W=32 H=32 X=32 Y=160
2026-08-21 01:48:10 [INFO] Grh=1508 Frame=359 FileNum=20 SX=352 SY=0 W=32 H=32 X=64 Y=160
2026-08-21 01:48:10 [INFO] Grh=1505 Frame=356 FileNum=20 SX=256 SY=0 W=32 H=32 X=96 Y=160
2026-08-21 01:48:10 [INFO] Grh=1506 Frame=357 FileNum=20 SX=288 SY=0 W=32 H=32 X=128 Y=160
2026-08-21 01:48:10 [INFO] Grh=1507 Frame=358 FileNum=20 SX=320 SY=0 W=32 H=32 X=160 Y=160
2026-08-21 01:48:10 [INFO] Grh=1508 Frame=359 FileNum=20 SX=352 SY=0 W=32 H=32 X=192 Y=160
2026-08-21 01:48:10 [INFO] Grh=1505 Frame=356 FileNum=20 SX=256 SY=0 W=32 H=32 X=224 Y=160
2026-08-21 01:48:10 [INFO] Grh=1506 Frame=357 FileNum=20 SX=288 SY=0 W=32 H=32 X=256 Y=160
2026-08-21 01:48:10 [INFO] Grh=1507 Frame=358 FileNum=20 SX=320 SY=0 W=32 H=32 X=288 Y=160
2026-08-21 01:48:10 [INFO] Grh=1508 Frame=359 FileNum=20 SX=352 SY=0 W=32 H=32 X=320 Y=160
2026-08-21 01:48:10 [INFO] Grh=1505 Frame=356 FileNum=20 SX=256 SY=0 W=32 H=32 X=352 Y=160
2026-08-21 01:48:10 [INFO] Grh=1506 Frame=357 FileNum=20 SX=288 SY=0 W=32 H=32 X=384 Y=160
2026-08-21 01:48:10 [INFO] Grh=1507 Frame=358 FileNum=20 SX=320 SY=0 W=32 H=32 X=416 Y=160
2026-08-21 01:48:10 [INFO] Grh=1508 Frame=359 FileNum=20 SX=352 SY=0 W=32 H=32 X=448 Y=160
2026-08-21 01:48:10 [INFO] Grh=1505 Frame=356 FileNum=20 SX=256 SY=0 W=32 H=32 X=480 Y=160
2026-08-21 01:48:10 [INFO] Grh=1506 Frame=357 FileNum=20 SX=288 SY=0 W=32 H=32 X=512 Y=160
2026-08-21 01:48:10 [INFO] Grh=1507 Frame=358 FileNum=20 SX=320 SY=0 W=32 H=32 X=544 Y=160
2026-08-21 01:48:10 [INFO] Grh=1513 Frame=364 FileNum=20 SX=256 SY=64 W=32 H=32 X=-32 Y=192
2026-08-21 01:48:10 [INFO] Grh=1514 Frame=365 FileNum=20 SX=288 SY=64 W=32 H=32 X=0 Y=192
2026-08-21 01:48:11 [INFO] Grh=1515 Frame=366 FileNum=20 SX=320 SY=64 W=32 H=32 X=32 Y=192
2026-08-21 01:48:11 [INFO] Grh=1516 Frame=367 FileNum=20 SX=352 SY=64 W=32 H=32 X=64 Y=192
2026-08-21 01:48:11 [INFO] Grh=1513 Frame=364 FileNum=20 SX=256 SY=64 W=32 H=32 X=96 Y=192
2026-08-21 01:48:11 [INFO] Grh=1514 Frame=365 FileNum=20 SX=288 SY=64 W=32 H=32 X=128 Y=192
2026-08-21 01:48:11 [INFO] Grh=1515 Frame=366 FileNum=20 SX=320 SY=64 W=32 H=32 X=160 Y=192
2026-08-21 01:48:11 [INFO] Grh=1516 Frame=367 FileNum=20 SX=352 SY=64 W=32 H=32 X=192 Y=192
2026-08-21 01:48:11 [INFO] Grh=1513 Frame=364 FileNum=20 SX=256 SY=64 W=32 H=32 X=224 Y=192
2026-08-21 01:48:11 [INFO] Grh=1514 Frame=365 FileNum=20 SX=288 SY=64 W=32 H=32 X=256 Y=192
2026-08-21 01:48:11 [INFO] Grh=1515 Frame=366 FileNum=20 SX=320 SY=64 W=32 H=32 X=288 Y=192
2026-08-21 01:48:11 [INFO] Grh=1516 Frame=367 FileNum=20 SX=352 SY=64 W=32 H=32 X=320 Y=192
2026-08-21 01:48:11 [INFO] Grh=1513 Frame=364 FileNum=20 SX=256 SY=64 W=32 H=32 X=352 Y=192
2026-08-21 01:48:11 [INFO] Grh=1514 Frame=365 FileNum=20 SX=288 SY=64 W=32 H=32 X=384 Y=192
2026-08-21 01:48:11 [INFO] Grh=1515 Frame=366 FileNum=20 SX=320 SY=64 W=32 H=32 X=416 Y=192
2026-08-21 01:48:11 [INFO] Grh=1516 Frame=367 FileNum=20 SX=352 SY=64 W=32 H=32 X=448 Y=192
2026-08-21 01:48:11 [INFO] Grh=1513 Frame=364 FileNum=20 SX=256 SY=64 W=32 H=32 X=480 Y=192
2026-08-21 01:48:11 [INFO] Grh=1514 Frame=365 FileNum=20 SX=288 SY=64 W=32 H=32 X=512 Y=192
2026-08-21 01:48:11 [INFO] Grh=1515 Frame=366 FileNum=20 SX=320 SY=64 W=32 H=32 X=544 Y=192
2026-08-21 01:48:11 [INFO] Grh=6000 Frame=6000 FileNum=6000 SX=0 SY=0 W=32 H=32 X=-32 Y=-32
2026-08-21 01:48:11 [INFO] Grh=6001 Frame=6001 FileNum=6000 SX=32 SY=0 W=32 H=32 X=0 Y=-32
2026-08-21 01:48:11 [INFO] Grh=6002 Frame=6002 FileNum=6000 SX=64 SY=0 W=32 H=32 X=32 Y=-32
2026-08-21 01:48:11 [INFO] Grh=6003 Frame=6003 FileNum=6000 SX=96 SY=0 W=32 H=32 X=64 Y=-32
2026-08-21 01:48:11 [INFO] Grh=6000 Frame=6000 FileNum=6000 SX=0 SY=0 W=32 H=32 X=96 Y=-32
2026-08-21 01:48:11 [INFO] Grh=6001 Frame=6001 FileNum=6000 SX=32 SY=0 W=32 H=32 X=128 Y=-32
2026-08-21 01:48:11 [INFO] Grh=6002 Frame=6002 FileNum=6000 SX=64 SY=0 W=32 H=32 X=160 Y=-32
2026-08-21 01:48:11 [INFO] Grh=6003 Frame=6003 FileNum=6000 SX=96 SY=0 W=32 H=32 X=192 Y=-32
2026-08-21 01:48:11 [INFO] Grh=6000 Frame=6000 FileNum=6000 SX=0 SY=0 W=32 H=32 X=224 Y=-32
2026-08-21 01:48:11 [INFO] Grh=6001 Frame=6001 FileNum=6000 SX=32 SY=0 W=32 H=32 X=256 Y=-32
2026-08-21 01:48:11 [INFO] Grh=6002 Frame=6002 FileNum=6000 SX=64 SY=0 W=32 H=32 X=288 Y=-32
2026-08-21 01:48:11 [INFO] Grh=6003 Frame=6003 FileNum=6000 SX=96 SY=0 W=32 H=32 X=320 Y=-32
2026-08-21 01:48:11 [INFO] Grh=6000 Frame=6000 FileNum=6000 SX=0 SY=0 W=32 H=32 X=352 Y=-32
2026-08-21 01:48:11 [INFO] Grh=6001 Frame=6001 FileNum=6000 SX=32 SY=0 W=32 H=32 X=384 Y=-32
2026-08-21 01:48:11 [INFO] Grh=6002 Frame=6002 FileNum=6000 SX=64 SY=0 W=32 H=32 X=416 Y=-32
2026-08-21 01:48:11 [INFO] Grh=6003 Frame=6003 FileNum=6000 SX=96 SY=0 W=32 H=32 X=448 Y=-32
2026-08-21 01:48:11 [INFO] Grh=6000 Frame=6000 FileNum=6000 SX=0 SY=0 W=32 H=32 X=480 Y=-32
2026-08-21 01:48:11 [INFO] Grh=6001 Frame=6001 FileNum=6000 SX=32 SY=0 W=32 H=32 X=512 Y=-32
2026-08-21 01:48:11 [INFO] Grh=6002 Frame=6002 FileNum=6000 SX=64 SY=0 W=32 H=32 X=544 Y=-32
2026-08-21 01:48:11 [INFO] Grh=6008 Frame=6008 FileNum=6000 SX=0 SY=64 W=32 H=32 X=-32 Y=0
2026-08-21 01:48:11 [INFO] Grh=6009 Frame=6009 FileNum=6000 SX=32 SY=64 W=32 H=32 X=0 Y=0
2026-08-21 01:48:11 [INFO] Grh=6010 Frame=6010 FileNum=6000 SX=64 SY=64 W=32 H=32 X=32 Y=0
2026-08-21 01:48:11 [INFO] Grh=6011 Frame=6011 FileNum=6000 SX=96 SY=64 W=32 H=32 X=64 Y=0
2026-08-21 01:48:11 [INFO] Grh=6008 Frame=6008 FileNum=6000 SX=0 SY=64 W=32 H=32 X=96 Y=0
2026-08-21 01:48:11 [INFO] Grh=6009 Frame=6009 FileNum=6000 SX=32 SY=64 W=32 H=32 X=128 Y=0
2026-08-21 01:48:11 [INFO] Grh=6010 Frame=6010 FileNum=6000 SX=64 SY=64 W=32 H=32 X=160 Y=0
2026-08-21 01:48:11 [INFO] Grh=6011 Frame=6011 FileNum=6000 SX=96 SY=64 W=32 H=32 X=192 Y=0
2026-08-21 01:48:11 [INFO] Grh=6008 Frame=6008 FileNum=6000 SX=0 SY=64 W=32 H=32 X=224 Y=0
2026-08-21 01:48:11 [INFO] Grh=6009 Frame=6009 FileNum=6000 SX=32 SY=64 W=32 H=32 X=256 Y=0
2026-08-21 01:48:11 [INFO] Grh=6010 Frame=6010 FileNum=6000 SX=64 SY=64 W=32 H=32 X=288 Y=0
2026-08-21 01:48:11 [INFO] Grh=6011 Frame=6011 FileNum=6000 SX=96 SY=64 W=32 H=32 X=320 Y=0
2026-08-21 01:48:11 [INFO] Grh=6008 Frame=6008 FileNum=6000 SX=0 SY=64 W=32 H=32 X=352 Y=0
2026-08-21 01:48:11 [INFO] Grh=6009 Frame=6009 FileNum=6000 SX=32 SY=64 W=32 H=32 X=384 Y=0
2026-08-21 01:48:11 [INFO] Grh=6010 Frame=6010 FileNum=6000 SX=64 SY=64 W=32 H=32 X=416 Y=0
2026-08-21 01:48:11 [INFO] Grh=6011 Frame=6011 FileNum=6000 SX=96 SY=64 W=32 H=32 X=448 Y=0
2026-08-21 01:48:11 [INFO] Grh=6008 Frame=6008 FileNum=6000 SX=0 SY=64 W=32 H=32 X=480 Y=0
2026-08-21 01:48:11 [INFO] Grh=6009 Frame=6009 FileNum=6000 SX=32 SY=64 W=32 H=32 X=512 Y=0
2026-08-21 01:48:11 [INFO] Grh=6010 Frame=6010 FileNum=6000 SX=64 SY=64 W=32 H=32 X=544 Y=0
2026-08-21 01:48:11 [INFO] Grh=1505 Frame=356 FileNum=20 SX=256 SY=0 W=32 H=32 X=-32 Y=32
2026-08-21 01:48:11 [INFO] Grh=1506 Frame=357 FileNum=20 SX=288 SY=0 W=32 H=32 X=0 Y=32
2026-08-21 01:48:11 [INFO] Grh=1507 Frame=358 FileNum=20 SX=320 SY=0 W=32 H=32 X=32 Y=32
2026-08-21 01:48:11 [INFO] Grh=1508 Frame=359 FileNum=20 SX=352 SY=0 W=32 H=32 X=64 Y=32
2026-08-21 01:48:11 [INFO] Grh=1505 Frame=356 FileNum=20 SX=256 SY=0 W=32 H=32 X=96 Y=32
2026-08-21 01:48:11 [INFO] Grh=1506 Frame=357 FileNum=20 SX=288 SY=0 W=32 H=32 X=128 Y=32
2026-08-21 01:48:11 [INFO] Grh=1507 Frame=358 FileNum=20 SX=320 SY=0 W=32 H=32 X=160 Y=32
2026-08-21 01:48:11 [INFO] Grh=1508 Frame=359 FileNum=20 SX=352 SY=0 W=32 H=32 X=192 Y=32
2026-08-21 01:48:11 [INFO] Grh=1505 Frame=356 FileNum=20 SX=256 SY=0 W=32 H=32 X=224 Y=32
2026-08-21 01:48:11 [INFO] Grh=1506 Frame=357 FileNum=20 SX=288 SY=0 W=32 H=32 X=256 Y=32
2026-08-21 01:48:11 [INFO] Grh=1507 Frame=358 FileNum=20 SX=320 SY=0 W=32 H=32 X=288 Y=32
2026-08-21 01:48:11 [INFO] Grh=1508 Frame=359 FileNum=20 SX=352 SY=0 W=32 H=32 X=320 Y=32
2026-08-21 01:48:11 [INFO] Grh=1505 Frame=356 FileNum=20 SX=256 SY=0 W=32 H=32 X=352 Y=32
2026-08-21 01:48:11 [INFO] Grh=1506 Frame=357 FileNum=20 SX=288 SY=0 W=32 H=32 X=384 Y=32
2026-08-21 01:48:11 [INFO] Grh=1507 Frame=358 FileNum=20 SX=320 SY=0 W=32 H=32 X=416 Y=32
2026-08-21 01:48:11 [INFO] Grh=1508 Frame=359 FileNum=20 SX=352 SY=0 W=32 H=32 X=448 Y=32
2026-08-21 01:48:11 [INFO] Grh=1505 Frame=356 FileNum=20 SX=256 SY=0 W=32 H=32 X=480 Y=32
2026-08-21 01:48:11 [INFO] Grh=1506 Frame=357 FileNum=20 SX=288 SY=0 W=32 H=32 X=512 Y=32
2026-08-21 01:48:11 [INFO] Grh=1507 Frame=358 FileNum=20 SX=320 SY=0 W=32 H=32 X=544 Y=32
2026-08-21 01:48:11 [INFO] Grh=1513 Frame=364 FileNum=20 SX=256 SY=64 W=32 H=32 X=-32 Y=64
2026-08-21 01:48:11 [INFO] Grh=1514 Frame=365 FileNum=20 SX=288 SY=64 W=32 H=32 X=0 Y=64
2026-08-21 01:48:11 [INFO] Grh=1515 Frame=366 FileNum=20 SX=320 SY=64 W=32 H=32 X=32 Y=64
2026-08-21 01:48:11 [INFO] Grh=1516 Frame=367 FileNum=20 SX=352 SY=64 W=32 H=32 X=64 Y=64
2026-08-21 01:48:11 [INFO] Grh=1513 Frame=364 FileNum=20 SX=256 SY=64 W=32 H=32 X=96 Y=64
2026-08-21 01:48:11 [INFO] Grh=1514 Frame=365 FileNum=20 SX=288 SY=64 W=32 H=32 X=128 Y=64
2026-08-21 01:48:11 [INFO] Grh=1515 Frame=366 FileNum=20 SX=320 SY=64 W=32 H=32 X=160 Y=64
2026-08-21 01:48:11 [INFO] Grh=1516 Frame=367 FileNum=20 SX=352 SY=64 W=32 H=32 X=192 Y=64
2026-08-21 01:48:11 [INFO] Grh=1513 Frame=364 FileNum=20 SX=256 SY=64 W=32 H=32 X=224 Y=64
2026-08-21 01:48:11 [INFO] Grh=1514 Frame=365 FileNum=20 SX=288 SY=64 W=32 H=32 X=256 Y=64
2026-08-21 01:48:11 [INFO] Grh=1515 Frame=366 FileNum=20 SX=320 SY=64 W=32 H=32 X=288 Y=64
2026-08-21 01:48:11 [INFO] Grh=1516 Frame=367 FileNum=20 SX=352 SY=64 W=32 H=32 X=320 Y=64
2026-08-21 01:48:11 [INFO] Grh=1513 Frame=364 FileNum=20 SX=256 SY=64 W=32 H=32 X=352 Y=64
2026-08-21 01:48:11 [INFO] Grh=1514 Frame=365 FileNum=20 SX=288 SY=64 W=32 H=32 X=384 Y=64
2026-08-21 01:48:11 [INFO] Grh=1515 Frame=366 FileNum=20 SX=320 SY=64 W=32 H=32 X=416 Y=64
2026-08-21 01:48:11 [INFO] Grh=1516 Frame=367 FileNum=20 SX=352 SY=64 W=32 H=32 X=448 Y=64
2026-08-21 01:48:11 [INFO] Grh=1513 Frame=364 FileNum=20 SX=256 SY=64 W=32 H=32 X=480 Y=64
2026-08-21 01:48:11 [INFO] Grh=1514 Frame=365 FileNum=20 SX=288 SY=64 W=32 H=32 X=512 Y=64
2026-08-21 01:48:11 [INFO] Grh=1515 Frame=366 FileNum=20 SX=320 SY=64 W=32 H=32 X=544 Y=64
2026-08-21 01:48:11 [INFO] Grh=1505 Frame=356 FileNum=20 SX=256 SY=0 W=32 H=32 X=-32 Y=96
2026-08-21 01:48:11 [INFO] Grh=1506 Frame=357 FileNum=20 SX=288 SY=0 W=32 H=32 X=0 Y=96
2026-08-21 01:48:11 [INFO] Grh=1507 Frame=358 FileNum=20 SX=320 SY=0 W=32 H=32 X=32 Y=96
2026-08-21 01:48:11 [INFO] Grh=1508 Frame=359 FileNum=20 SX=352 SY=0 W=32 H=32 X=64 Y=96
2026-08-21 01:48:11 [INFO] Grh=1505 Frame=356 FileNum=20 SX=256 SY=0 W=32 H=32 X=96 Y=96
2026-08-21 01:48:11 [INFO] Grh=1506 Frame=357 FileNum=20 SX=288 SY=0 W=32 H=32 X=128 Y=96
2026-08-21 01:48:11 [INFO] Grh=1507 Frame=358 FileNum=20 SX=320 SY=0 W=32 H=32 X=160 Y=96
2026-08-21 01:48:11 [INFO] Grh=1508 Frame=359 FileNum=20 SX=352 SY=0 W=32 H=32 X=192 Y=96
2026-08-21 01:48:11 [INFO] Grh=1505 Frame=356 FileNum=20 SX=256 SY=0 W=32 H=32 X=224 Y=96
2026-08-21 01:48:11 [INFO] Grh=1506 Frame=357 FileNum=20 SX=288 SY=0 W=32 H=32 X=256 Y=96
2026-08-21 01:48:11 [INFO] Grh=1507 Frame=358 FileNum=20 SX=320 SY=0 W=32 H=32 X=288 Y=96
2026-08-21 01:48:11 [INFO] Grh=1508 Frame=359 FileNum=20 SX=352 SY=0 W=32 H=32 X=320 Y=96
2026-08-21 01:48:11 [INFO] Grh=1505 Frame=356 FileNum=20 SX=256 SY=0 W=32 H=32 X=352 Y=96
2026-08-21 01:48:11 [INFO] Grh=1506 Frame=357 FileNum=20 SX=288 SY=0 W=32 H=32 X=384 Y=96
2026-08-21 01:48:11 [INFO] Grh=1507 Frame=358 FileNum=20 SX=320 SY=0 W=32 H=32 X=416 Y=96
2026-08-21 01:48:11 [INFO] Grh=1508 Frame=359 FileNum=20 SX=352 SY=0 W=32 H=32 X=448 Y=96
2026-08-21 01:48:11 [INFO] Grh=1505 Frame=356 FileNum=20 SX=256 SY=0 W=32 H=32 X=480 Y=96
2026-08-21 01:48:11 [INFO] Grh=1506 Frame=357 FileNum=20 SX=288 SY=0 W=32 H=32 X=512 Y=96
2026-08-21 01:48:11 [INFO] Grh=1507 Frame=358 FileNum=20 SX=320 SY=0 W=32 H=32 X=544 Y=96
2026-08-21 01:48:11 [INFO] Grh=1513 Frame=364 FileNum=20 SX=256 SY=64 W=32 H=32 X=-32 Y=128
2026-08-21 01:48:11 [INFO] Grh=1514 Frame=365 FileNum=20 SX=288 SY=64 W=32 H=32 X=0 Y=128
2026-08-21 01:48:11 [INFO] Grh=1515 Frame=366 FileNum=20 SX=320 SY=64 W=32 H=32 X=32 Y=128
2026-08-21 01:48:11 [INFO] Grh=1516 Frame=367 FileNum=20 SX=352 SY=64 W=32 H=32 X=64 Y=128
2026-08-21 01:48:11 [INFO] Grh=1513 Frame=364 FileNum=20 SX=256 SY=64 W=32 H=32 X=96 Y=128
2026-08-21 01:48:11 [INFO] Grh=1514 Frame=365 FileNum=20 SX=288 SY=64 W=32 H=32 X=128 Y=128
2026-08-21 01:48:11 [INFO] Grh=1515 Frame=366 FileNum=20 SX=320 SY=64 W=32 H=32 X=160 Y=128
2026-08-21 01:48:11 [INFO] Grh=1516 Frame=367 FileNum=20 SX=352 SY=64 W=32 H=32 X=192 Y=128
2026-08-21 01:48:11 [INFO] Grh=1513 Frame=364 FileNum=20 SX=256 SY=64 W=32 H=32 X=224 Y=128
2026-08-21 01:48:11 [INFO] Grh=1514 Frame=365 FileNum=20 SX=288 SY=64 W=32 H=32 X=256 Y=128
2026-08-21 01:48:11 [INFO] Grh=1515 Frame=366 FileNum=20 SX=320 SY=64 W=32 H=32 X=288 Y=128
2026-08-21 01:48:11 [INFO] Grh=1516 Frame=367 FileNum=20 SX=352 SY=64 W=32 H=32 X=320 Y=128
2026-08-21 01:48:11 [INFO] Grh=1513 Frame=364 FileNum=20 SX=256 SY=64 W=32 H=32 X=352 Y=128
2026-08-21 01:48:11 [INFO] Grh=1514 Frame=365 FileNum=20 SX=288 SY=64 W=32 H=32 X=384 Y=128
2026-08-21 01:48:11 [INFO] Grh=1515 Frame=366 FileNum=20 SX=320 SY=64 W=32 H=32 X=416 Y=128
2026-08-21 01:48:11 [INFO] Grh=1516 Frame=367 FileNum=20 SX=352 SY=64 W=32 H=32 X=448 Y=128
2026-08-21 01:48:11 [INFO] Grh=1513 Frame=364 FileNum=20 SX=256 SY=64 W=32 H=32 X=480 Y=128
2026-08-21 01:48:11 [INFO] Grh=1514 Frame=365 FileNum=20 SX=288 SY=64 W=32 H=32 X=512 Y=128
2026-08-21 01:48:11 [INFO] Grh=1515 Frame=366 FileNum=20 SX=320 SY=64 W=32 H=32 X=544 Y=128
2026-08-21 01:48:11 [INFO] Grh=1505 Frame=356 FileNum=20 SX=256 SY=0 W=32 H=32 X=-32 Y=160
2026-08-21 01:48:11 [INFO] Grh=1506 Frame=357 FileNum=20 SX=288 SY=0 W=32 H=32 X=0 Y=160
2026-08-21 01:48:11 [INFO] Grh=1507 Frame=358 FileNum=20 SX=320 SY=0 W=32 H=32 X=32 Y=160
2026-08-21 01:48:11 [INFO] Grh=1508 Frame=359 FileNum=20 SX=352 SY=0 W=32 H=32 X=64 Y=160
2026-08-21 01:48:11 [INFO] Grh=1505 Frame=356 FileNum=20 SX=256 SY=0 W=32 H=32 X=96 Y=160
2026-08-21 01:48:11 [INFO] Grh=1506 Frame=357 FileNum=20 SX=288 SY=0 W=32 H=32 X=128 Y=160
2026-08-21 01:48:11 [INFO] Grh=1507 Frame=358 FileNum=20 SX=320 SY=0 W=32 H=32 X=160 Y=160
2026-08-21 01:48:11 [INFO] Grh=1508 Frame=359 FileNum=20 SX=352 SY=0 W=32 H=32 X=192 Y=160
2026-08-21 01:48:11 [INFO] Grh=1505 Frame=356 FileNum=20 SX=256 SY=0 W=32 H=32 X=224 Y=160
2026-08-21 01:48:11 [INFO] Grh=1506 Frame=357 FileNum=20 SX=288 SY=0 W=32 H=32 X=256 Y=160
2026-08-21 01:48:11 [INFO] Grh=1507 Frame=358 FileNum=20 SX=320 SY=0 W=32 H=32 X=288 Y=160
2026-08-21 01:48:11 [INFO] Grh=1508 Frame=359 FileNum=20 SX=352 SY=0 W=32 H=32 X=320 Y=160
2026-08-21 01:48:11 [INFO] Grh=1505 Frame=356 FileNum=20 SX=256 SY=0 W=32 H=32 X=352 Y=160
2026-08-21 01:48:11 [INFO] Grh=1506 Frame=357 FileNum=20 SX=288 SY=0 W=32 H=32 X=384 Y=160
2026-08-21 01:48:11 [INFO] Grh=1507 Frame=358 FileNum=20 SX=320 SY=0 W=32 H=32 X=416 Y=160
2026-08-21 01:48:11 [INFO] Grh=1508 Frame=359 FileNum=20 SX=352 SY=0 W=32 H=32 X=448 Y=160
2026-08-21 01:48:11 [INFO] Grh=1505 Frame=356 FileNum=20 SX=256 SY=0 W=32 H=32 X=480 Y=160
2026-08-21 01:48:11 [INFO] Grh=1506 Frame=357 FileNum=20 SX=288 SY=0 W=32 H=32 X=512 Y=160
2026-08-21 01:48:11 [INFO] Grh=1507 Frame=358 FileNum=20 SX=320 SY=0 W=32 H=32 X=544 Y=160
2026-08-21 01:48:11 [INFO] Grh=1513 Frame=364 FileNum=20 SX=256 SY=64 W=32 H=32 X=-32 Y=192
2026-08-21 01:48:11 [INFO] Grh=1514 Frame=365 FileNum=20 SX=288 SY=64 W=32 H=32 X=0 Y=192
2026-08-21 01:48:11 [INFO] Grh=1515 Frame=366 FileNum=20 SX=320 SY=64 W=32 H=32 X=32 Y=192
2026-08-21 01:48:11 [INFO] Grh=1516 Frame=367 FileNum=20 SX=352 SY=64 W=32 H=32 X=64 Y=192
2026-08-21 01:48:11 [INFO] Grh=1513 Frame=364 FileNum=20 SX=256 SY=64 W=32 H=32 X=96 Y=192
2026-08-21 01:48:11 [INFO] Grh=1514 Frame=365 FileNum=20 SX=288 SY=64 W=32 H=32 X=128 Y=192
2026-08-21 01:48:11 [INFO] Grh=1515 Frame=366 FileNum=20 SX=320 SY=64 W=32 H=32 X=160 Y=192
2026-08-21 01:48:11 [INFO] Grh=1516 Frame=367 FileNum=20 SX=352 SY=64 W=32 H=32 X=192 Y=192
2026-08-21 01:48:11 [INFO] Grh=1513 Frame=364 FileNum=20 SX=256 SY=64 W=32 H=32 X=224 Y=192
2026-08-21 01:48:11 [INFO] Grh=1514 Frame=365 FileNum=20 SX=288 SY=64 W=32 H=32 X=256 Y=192
2026-08-21 01:48:11 [INFO] Grh=1515 Frame=366 FileNum=20 SX=320 SY=64 W=32 H=32 X=288 Y=192
2026-08-21 01:48:11 [INFO] Grh=1516 Frame=367 FileNum=20 SX=352 SY=64 W=32 H=32 X=320 Y=192
2026-08-21 01:48:11 [INFO] Grh=1513 Frame=364 FileNum=20 SX=256 SY=64 W=32 H=32 X=352 Y=192
2026-08-21 01:48:11 [INFO] Grh=1514 Frame=365 FileNum=20 SX=288 SY=64 W=32 H=32 X=384 Y=192
2026-08-21 01:48:11 [INFO] Grh=1515 Frame=366 FileNum=20 SX=320 SY=64 W=32 H=32 X=416 Y=192
2026-08-21 01:48:11 [INFO] Grh=1516 Frame=367 FileNum=20 SX=352 SY=64 W=32 H=32 X=448 Y=192
2026-08-21 01:48:11 [INFO] Grh=1513 Frame=364 FileNum=20 SX=256 SY=64 W=32 H=32 X=480 Y=192
2026-08-21 01:48:11 [INFO] Grh=1514 Frame=365 FileNum=20 SX=288 SY=64 W=32 H=32 X=512 Y=192
2026-08-21 01:48:11 [INFO] Grh=1515 Frame=366 FileNum=20 SX=320 SY=64 W=32 H=32 X=544 Y=192
2026-08-21 01:48:11 [INFO] Grh=6000 Frame=6000 FileNum=6000 SX=0 SY=0 W=32 H=32 X=-32 Y=-32
2026-08-21 01:48:11 [INFO] Grh=6001 Frame=6001 FileNum=6000 SX=32 SY=0 W=32 H=32 X=0 Y=-32
2026-08-21 01:48:11 [INFO] Grh=6002 Frame=6002 FileNum=6000 SX=64 SY=0 W=32 H=32 X=32 Y=-32
2026-08-21 01:48:11 [INFO] Grh=6003 Frame=6003 FileNum=6000 SX=96 SY=0 W=32 H=32 X=64 Y=-32
2026-08-21 01:48:11 [INFO] Grh=6000 Frame=6000 FileNum=6000 SX=0 SY=0 W=32 H=32 X=96 Y=-32
2026-08-21 01:48:11 [INFO] Grh=6001 Frame=6001 FileNum=6000 SX=32 SY=0 W=32 H=32 X=128 Y=-32
2026-08-21 01:48:11 [INFO] Grh=6002 Frame=6002 FileNum=6000 SX=64 SY=0 W=32 H=32 X=160 Y=-32
2026-08-21 01:48:11 [INFO] Grh=6003 Frame=6003 FileNum=6000 SX=96 SY=0 W=32 H=32 X=192 Y=-32
2026-08-21 01:48:11 [INFO] Grh=6000 Frame=6000 FileNum=6000 SX=0 SY=0 W=32 H=32 X=224 Y=-32
2026-08-21 01:48:11 [INFO] Grh=6001 Frame=6001 FileNum=6000 SX=32 SY=0 W=32 H=32 X=256 Y=-32
2026-08-21 01:48:11 [INFO] Grh=6002 Frame=6002 FileNum=6000 SX=64 SY=0 W=32 H=32 X=288 Y=-32
2026-08-21 01:48:11 [INFO] Grh=6003 Frame=6003 FileNum=6000 SX=96 SY=0 W=32 H=32 X=320 Y=-32
2026-08-21 01:48:11 [INFO] Grh=6000 Frame=6000 FileNum=6000 SX=0 SY=0 W=32 H=32 X=352 Y=-32
2026-08-21 01:48:11 [INFO] Grh=6001 Frame=6001 FileNum=6000 SX=32 SY=0 W=32 H=32 X=384 Y=-32
2026-08-21 01:48:11 [INFO] Grh=6002 Frame=6002 FileNum=6000 SX=64 SY=0 W=32 H=32 X=416 Y=-32
2026-08-21 01:48:11 [INFO] Grh=6003 Frame=6003 FileNum=6000 SX=96 SY=0 W=32 H=32 X=448 Y=-32
2026-08-21 01:48:11 [INFO] Grh=6000 Frame=6000 FileNum=6000 SX=0 SY=0 W=32 H=32 X=480 Y=-32
2026-08-21 01:48:11 [INFO] Grh=6001 Frame=6001 FileNum=6000 SX=32 SY=0 W=32 H=32 X=512 Y=-32
2026-08-21 01:48:11 [INFO] Grh=6002 Frame=6002 FileNum=6000 SX=64 SY=0 W=32 H=32 X=544 Y=-32
2026-08-21 01:48:11 [INFO] Grh=6008 Frame=6008 FileNum=6000 SX=0 SY=64 W=32 H=32 X=-32 Y=0
2026-08-21 01:48:11 [INFO] Grh=6009 Frame=6009 FileNum=6000 SX=32 SY=64 W=32 H=32 X=0 Y=0
2026-08-21 01:48:11 [INFO] Grh=6010 Frame=6010 FileNum=6000 SX=64 SY=64 W=32 H=32 X=32 Y=0
2026-08-21 01:48:11 [INFO] Grh=6011 Frame=6011 FileNum=6000 SX=96 SY=64 W=32 H=32 X=64 Y=0
2026-08-21 01:48:11 [INFO] Grh=6008 Frame=6008 FileNum=6000 SX=0 SY=64 W=32 H=32 X=96 Y=0
2026-08-21 01:48:11 [INFO] Grh=6009 Frame=6009 FileNum=6000 SX=32 SY=64 W=32 H=32 X=128 Y=0
2026-08-21 01:48:11 [INFO] Grh=6010 Frame=6010 FileNum=6000 SX=64 SY=64 W=32 H=32 X=160 Y=0
2026-08-21 01:48:11 [INFO] Grh=6011 Frame=6011 FileNum=6000 SX=96 SY=64 W=32 H=32 X=192 Y=0
2026-08-21 01:48:11 [INFO] Grh=6008 Frame=6008 FileNum=6000 SX=0 SY=64 W=32 H=32 X=224 Y=0
2026-08-21 01:48:11 [INFO] Grh=6009 Frame=6009 FileNum=6000 SX=32 SY=64 W=32 H=32 X=256 Y=0
2026-08-21 01:48:11 [INFO] Grh=6010 Frame=6010 FileNum=6000 SX=64 SY=64 W=32 H=32 X=288 Y=0
2026-08-21 01:48:11 [INFO] Grh=6011 Frame=6011 FileNum=6000 SX=96 SY=64 W=32 H=32 X=320 Y=0
2026-08-21 01:48:11 [INFO] Grh=6008 Frame=6008 FileNum=6000 SX=0 SY=64 W=32 H=32 X=352 Y=0
2026-08-21 01:48:11 [INFO] Grh=6009 Frame=6009 FileNum=6000 SX=32 SY=64 W=32 H=32 X=384 Y=0
2026-08-21 01:48:11 [INFO] Grh=6010 Frame=6010 FileNum=6000 SX=64 SY=64 W=32 H=32 X=416 Y=0
2026-08-21 01:48:11 [INFO] Grh=6011 Frame=6011 FileNum=6000 SX=96 SY=64 W=32 H=32 X=448 Y=0
2026-08-21 01:48:11 [INFO] Grh=6008 Frame=6008 FileNum=6000 SX=0 SY=64 W=32 H=32 X=480 Y=0
2026-08-21 01:48:11 [INFO] Grh=6009 Frame=6009 FileNum=6000 SX=32 SY=64 W=32 H=32 X=512 Y=0
2026-08-21 01:48:11 [INFO] Grh=6010 Frame=6010 FileNum=6000 SX=64 SY=64 W=32 H=32 X=544 Y=0
2026-08-21 01:48:11 [INFO] Grh=1505 Frame=356 FileNum=20 SX=256 SY=0 W=32 H=32 X=-32 Y=32
2026-08-21 01:48:11 [INFO] Grh=1506 Frame=357 FileNum=20 SX=288 SY=0 W=32 H=32 X=0 Y=32
2026-08-21 01:48:11 [INFO] Grh=1507 Frame=358 FileNum=20 SX=320 SY=0 W=32 H=32 X=32 Y=32
2026-08-21 01:48:11 [INFO] Grh=1508 Frame=359 FileNum=20 SX=352 SY=0 W=32 H=32 X=64 Y=32
2026-08-21 01:48:11 [INFO] Grh=1505 Frame=356 FileNum=20 SX=256 SY=0 W=32 H=32 X=96 Y=32
2026-08-21 01:48:11 [INFO] Grh=1506 Frame=357 FileNum=20 SX=288 SY=0 W=32 H=32 X=128 Y=32
2026-08-21 01:48:11 [INFO] Grh=1507 Frame=358 FileNum=20 SX=320 SY=0 W=32 H=32 X=160 Y=32
2026-08-21 01:48:11 [INFO] Grh=1508 Frame=359 FileNum=20 SX=352 SY=0 W=32 H=32 X=192 Y=32
2026-08-21 01:48:11 [INFO] Grh=1505 Frame=356 FileNum=20 SX=256 SY=0 W=32 H=32 X=224 Y=32
2026-08-21 01:48:11 [INFO] Grh=1506 Frame=357 FileNum=20 SX=288 SY=0 W=32 H=32 X=256 Y=32
2026-08-21 01:48:11 [INFO] Grh=1507 Frame=358 FileNum=20 SX=320 SY=0 W=32 H=32 X=288 Y=32
2026-08-21 01:48:11 [INFO] Grh=1508 Frame=359 FileNum=20 SX=352 SY=0 W=32 H=32 X=320 Y=32
2026-08-21 01:48:11 [INFO] Grh=1505 Frame=356 FileNum=20 SX=256 SY=0 W=32 H=32 X=352 Y=32
2026-08-21 01:48:11 [INFO] Grh=1506 Frame=357 FileNum=20 SX=288 SY=0 W=32 H=32 X=384 Y=32
2026-08-21 01:48:11 [INFO] Grh=1507 Frame=358 FileNum=20 SX=320 SY=0 W=32 H=32 X=416 Y=32
2026-08-21 01:48:11 [INFO] Grh=1508 Frame=359 FileNum=20 SX=352 SY=0 W=32 H=32 X=448 Y=32
2026-08-21 01:48:11 [INFO] Grh=1505 Frame=356 FileNum=20 SX=256 SY=0 W=32 H=32 X=480 Y=32
2026-08-21 01:48:11 [INFO] Grh=1506 Frame=357 FileNum=20 SX=288 SY=0 W=32 H=32 X=512 Y=32
2026-08-21 01:48:11 [INFO] Grh=1507 Frame=358 FileNum=20 SX=320 SY=0 W=32 H=32 X=544 Y=32
2026-08-21 01:48:11 [INFO] Grh=1513 Frame=364 FileNum=20 SX=256 SY=64 W=32 H=32 X=-32 Y=64
2026-08-21 01:48:11 [INFO] Grh=1514 Frame=365 FileNum=20 SX=288 SY=64 W=32 H=32 X=0 Y=64
2026-08-21 01:48:11 [INFO] Grh=1515 Frame=366 FileNum=20 SX=320 SY=64 W=32 H=32 X=32 Y=64
2026-08-21 01:48:11 [INFO] Grh=1516 Frame=367 FileNum=20 SX=352 SY=64 W=32 H=32 X=64 Y=64
2026-08-21 01:48:11 [INFO] Grh=1513 Frame=364 FileNum=20 SX=256 SY=64 W=32 H=32 X=96 Y=64
2026-08-21 01:48:11 [INFO] Grh=1514 Frame=365 FileNum=20 SX=288 SY=64 W=32 H=32 X=128 Y=64
2026-08-21 01:48:11 [INFO] Grh=1515 Frame=366 FileNum=20 SX=320 SY=64 W=32 H=32 X=160 Y=64
2026-08-21 01:48:11 [INFO] Grh=1516 Frame=367 FileNum=20 SX=352 SY=64 W=32 H=32 X=192 Y=64
2026-08-21 01:48:11 [INFO] Grh=1513 Frame=364 FileNum=20 SX=256 SY=64 W=32 H=32 X=224 Y=64
2026-08-21 01:48:11 [INFO] Grh=1514 Frame=365 FileNum=20 SX=288 SY=64 W=32 H=32 X=256 Y=64
2026-08-21 01:48:11 [INFO] Grh=1515 Frame=366 FileNum=20 SX=320 SY=64 W=32 H=32 X=288 Y=64
2026-08-21 01:48:11 [INFO] Grh=1516 Frame=367 FileNum=20 SX=352 SY=64 W=32 H=32 X=320 Y=64
2026-08-21 01:48:11 [INFO] Grh=1513 Frame=364 FileNum=20 SX=256 SY=64 W=32 H=32 X=352 Y=64
2026-08-21 01:48:11 [INFO] Grh=1514 Frame=365 FileNum=20 SX=288 SY=64 W=32 H=32 X=384 Y=64
2026-08-21 01:48:11 [INFO] Grh=1515 Frame=366 FileNum=20 SX=320 SY=64 W=32 H=32 X=416 Y=64
2026-08-21 01:48:11 [INFO] Grh=1516 Frame=367 FileNum=20 SX=352 SY=64 W=32 H=32 X=448 Y=64
2026-08-21 01:48:11 [INFO] Grh=1513 Frame=364 FileNum=20 SX=256 SY=64 W=32 H=32 X=480 Y=64
2026-08-21 01:48:11 [INFO] Grh=1514 Frame=365 FileNum=20 SX=288 SY=64 W=32 H=32 X=512 Y=64
2026-08-21 01:48:11 [INFO] Grh=1515 Frame=366 FileNum=20 SX=320 SY=64 W=32 H=32 X=544 Y=64
2026-08-21 01:48:11 [INFO] Grh=1505 Frame=356 FileNum=20 SX=256 SY=0 W=32 H=32 X=-32 Y=96
2026-08-21 01:48:11 [INFO] Grh=1506 Frame=357 FileNum=20 SX=288 SY=0 W=32 H=32 X=0 Y=96
2026-08-21 01:48:11 [INFO] Grh=1507 Frame=358 FileNum=20 SX=320 SY=0 W=32 H=32 X=32 Y=96
2026-08-21 01:48:11 [INFO] Grh=1508 Frame=359 FileNum=20 SX=352 SY=0 W=32 H=32 X=64 Y=96
2026-08-21 01:48:11 [INFO] Grh=1505 Frame=356 FileNum=20 SX=256 SY=0 W=32 H=32 X=96 Y=96
2026-08-21 01:48:11 [INFO] Grh=1506 Frame=357 FileNum=20 SX=288 SY=0 W=32 H=32 X=128 Y=96
2026-08-21 01:48:11 [INFO] Grh=1507 Frame=358 FileNum=20 SX=320 SY=0 W=32 H=32 X=160 Y=96
2026-08-21 01:48:11 [INFO] Grh=1508 Frame=359 FileNum=20 SX=352 SY=0 W=32 H=32 X=192 Y=96
2026-08-21 01:48:11 [INFO] Grh=1505 Frame=356 FileNum=20 SX=256 SY=0 W=32 H=32 X=224 Y=96
2026-08-21 01:48:11 [INFO] Grh=1506 Frame=357 FileNum=20 SX=288 SY=0 W=32 H=32 X=256 Y=96
2026-08-21 01:48:11 [INFO] Grh=1507 Frame=358 FileNum=20 SX=320 SY=0 W=32 H=32 X=288 Y=96
2026-08-21 01:48:11 [INFO] Grh=1508 Frame=359 FileNum=20 SX=352 SY=0 W=32 H=32 X=320 Y=96
2026-08-21 01:48:11 [INFO] Grh=1505 Frame=356 FileNum=20 SX=256 SY=0 W=32 H=32 X=352 Y=96
2026-08-21 01:48:11 [INFO] Grh=1506 Frame=357 FileNum=20 SX=288 SY=0 W=32 H=32 X=384 Y=96
2026-08-21 01:48:11 [INFO] Grh=1507 Frame=358 FileNum=20 SX=320 SY=0 W=32 H=32 X=416 Y=96
2026-08-21 01:48:11 [INFO] Grh=1508 Frame=359 FileNum=20 SX=352 SY=0 W=32 H=32 X=448 Y=96
2026-08-21 01:48:11 [INFO] Grh=1505 Frame=356 FileNum=20 SX=256 SY=0 W=32 H=32 X=480 Y=96
2026-08-21 01:48:11 [INFO] Grh=1506 Frame=357 FileNum=20 SX=288 SY=0 W=32 H=32 X=512 Y=96
2026-08-21 01:48:11 [INFO] Grh=1507 Frame=358 FileNum=20 SX=320 SY=0 W=32 H=32 X=544 Y=96
2026-08-21 01:48:11 [INFO] Grh=1513 Frame=364 FileNum=20 SX=256 SY=64 W=32 H=32 X=-32 Y=128
2026-08-21 01:48:11 [INFO] Grh=1514 Frame=365 FileNum=20 SX=288 SY=64 W=32 H=32 X=0 Y=128
2026-08-21 01:48:11 [INFO] Grh=1515 Frame=366 FileNum=20 SX=320 SY=64 W=32 H=32 X=32 Y=128
2026-08-21 01:48:11 [INFO] Grh=1516 Frame=367 FileNum=20 SX=352 SY=64 W=32 H=32 X=64 Y=128
2026-08-21 01:48:11 [INFO] Grh=1513 Frame=364 FileNum=20 SX=256 SY=64 W=32 H=32 X=96 Y=128
2026-08-21 01:48:11 [INFO] Grh=1514 Frame=365 FileNum=20 SX=288 SY=64 W=32 H=32 X=128 Y=128
2026-08-21 01:48:11 [INFO] Grh=1515 Frame=366 FileNum=20 SX=320 SY=64 W=32 H=32 X=160 Y=128
2026-08-21 01:48:11 [INFO] Grh=1516 Frame=367 FileNum=20 SX=352 SY=64 W=32 H=32 X=192 Y=128
2026-08-21 01:48:11 [INFO] Grh=1513 Frame=364 FileNum=20 SX=256 SY=64 W=32 H=32 X=224 Y=128
2026-08-21 01:48:11 [INFO] Grh=1514 Frame=365 FileNum=20 SX=288 SY=64 W=32 H=32 X=256 Y=128
2026-08-21 01:48:11 [INFO] Grh=1515 Frame=366 FileNum=20 SX=320 SY=64 W=32 H=32 X=288 Y=128
2026-08-21 01:48:11 [INFO] Grh=1516 Frame=367 FileNum=20 SX=352 SY=64 W=32 H=32 X=320 Y=128
2026-08-21 01:48:11 [INFO] Grh=1513 Frame=364 FileNum=20 SX=256 SY=64 W=32 H=32 X=352 Y=128
2026-08-21 01:48:11 [INFO] Grh=1514 Frame=365 FileNum=20 SX=288 SY=64 W=32 H=32 X=384 Y=128
2026-08-21 01:48:11 [INFO] Grh=1515 Frame=366 FileNum=20 SX=320 SY=64 W=32 H=32 X=416 Y=128
2026-08-21 01:48:11 [INFO] Grh=1516 Frame=367 FileNum=20 SX=352 SY=64 W=32 H=32 X=448 Y=128
2026-08-21 01:48:11 [INFO] Grh=1513 Frame=364 FileNum=20 SX=256 SY=64 W=32 H=32 X=480 Y=128
2026-08-21 01:48:11 [INFO] Grh=1514 Frame=365 FileNum=20 SX=288 SY=64 W=32 H=32 X=512 Y=128
2026-08-21 01:48:11 [INFO] Grh=1515 Frame=366 FileNum=20 SX=320 SY=64 W=32 H=32 X=544 Y=128
2026-08-21 01:48:11 [INFO] Grh=1505 Frame=356 FileNum=20 SX=256 SY=0 W=32 H=32 X=-32 Y=160
2026-08-21 01:48:11 [INFO] Grh=1506 Frame=357 FileNum=20 SX=288 SY=0 W=32 H=32 X=0 Y=160
2026-08-21 01:48:11 [INFO] Grh=1507 Frame=358 FileNum=20 SX=320 SY=0 W=32 H=32 X=32 Y=160
2026-08-21 01:48:11 [INFO] Grh=1508 Frame=359 FileNum=20 SX=352 SY=0 W=32 H=32 X=64 Y=160
2026-08-21 01:48:11 [INFO] Grh=1505 Frame=356 FileNum=20 SX=256 SY=0 W=32 H=32 X=96 Y=160
2026-08-21 01:48:11 [INFO] Grh=1506 Frame=357 FileNum=20 SX=288 SY=0 W=32 H=32 X=128 Y=160
2026-08-21 01:48:11 [INFO] Grh=1507 Frame=358 FileNum=20 SX=320 SY=0 W=32 H=32 X=160 Y=160
2026-08-21 01:48:11 [INFO] Grh=1508 Frame=359 FileNum=20 SX=352 SY=0 W=32 H=32 X=192 Y=160
2026-08-21 01:48:11 [INFO] Grh=1505 Frame=356 FileNum=20 SX=256 SY=0 W=32 H=32 X=224 Y=160
2026-08-21 01:48:11 [INFO] Grh=1506 Frame=357 FileNum=20 SX=288 SY=0 W=32 H=32 X=256 Y=160
2026-08-21 01:48:11 [INFO] Grh=1507 Frame=358 FileNum=20 SX=320 SY=0 W=32 H=32 X=288 Y=160
2026-08-21 01:48:11 [INFO] Grh=1508 Frame=359 FileNum=20 SX=352 SY=0 W=32 H=32 X=320 Y=160
2026-08-21 01:48:11 [INFO] Grh=1505 Frame=356 FileNum=20 SX=256 SY=0 W=32 H=32 X=352 Y=160
2026-08-21 01:48:11 [INFO] Grh=1506 Frame=357 FileNum=20 SX=288 SY=0 W=32 H=32 X=384 Y=160
2026-08-21 01:48:11 [INFO] Grh=1507 Frame=358 FileNum=20 SX=320 SY=0 W=32 H=32 X=416 Y=160
2026-08-21 01:48:11 [INFO] Grh=1508 Frame=359 FileNum=20 SX=352 SY=0 W=32 H=32 X=448 Y=160
2026-08-21 01:48:11 [INFO] Grh=1505 Frame=356 FileNum=20 SX=256 SY=0 W=32 H=32 X=480 Y=160
2026-08-21 01:48:11 [INFO] Grh=1506 Frame=357 FileNum=20 SX=288 SY=0 W=32 H=32 X=512 Y=160
2026-08-21 01:48:11 [INFO] Grh=1507 Frame=358 FileNum=20 SX=320 SY=0 W=32 H=32 X=544 Y=160
2026-08-21 01:48:11 [INFO] Grh=1513 Frame=364 FileNum=20 SX=256 SY=64 W=32 H=32 X=-32 Y=192
2026-08-21 01:48:11 [INFO] Grh=1514 Frame=365 FileNum=20 SX=288 SY=64 W=32 H=32 X=0 Y=192
2026-08-21 01:48:11 [INFO] Grh=1515 Frame=366 FileNum=20 SX=320 SY=64 W=32 H=32 X=32 Y=192
2026-08-21 01:48:11 [INFO] Grh=1516 Frame=367 FileNum=20 SX=352 SY=64 W=32 H=32 X=64 Y=192
2026-08-21 01:48:11 [INFO] Grh=1513 Frame=364 FileNum=20 SX=256 SY=64 W=32 H=32 X=96 Y=192
2026-08-21 01:48:11 [INFO] Grh=1514 Frame=365 FileNum=20 SX=288 SY=64 W=32 H=32 X=128 Y=192
2026-08-21 01:48:11 [INFO] Grh=1515 Frame=366 FileNum=20 SX=320 SY=64 W=32 H=32 X=160 Y=192
2026-08-21 01:48:11 [INFO] Grh=1516 Frame=367 FileNum=20 SX=352 SY=64 W=32 H=32 X=192 Y=192
2026-08-21 01:48:12 [INFO] Grh=1513 Frame=364 FileNum=20 SX=256 SY=64 W=32 H=32 X=224 Y=192
2026-08-21 01:48:12 [INFO] Grh=1514 Frame=365 FileNum=20 SX=288 SY=64 W=32 H=32 X=256 Y=192
2026-08-21 01:48:12 [INFO] Grh=1515 Frame=366 FileNum=20 SX=320 SY=64 W=32 H=32 X=288 Y=192
2026-08-21 01:48:12 [INFO] Grh=1516 Frame=367 FileNum=20 SX=352 SY=64 W=32 H=32 X=320 Y=192
2026-08-21 01:48:12 [INFO] Grh=1513 Frame=364 FileNum=20 SX=256 SY=64 W=32 H=32 X=352 Y=192
2026-08-21 01:48:12 [INFO] Grh=1514 Frame=365 FileNum=20 SX=288 SY=64 W=32 H=32 X=384 Y=192
2026-08-21 01:48:12 [INFO] Grh=1515 Frame=366 FileNum=20 SX=320 SY=64 W=32 H=32 X=416 Y=192
2026-08-21 01:48:12 [INFO] Grh=1516 Frame=367 FileNum=20 SX=352 SY=64 W=32 H=32 X=448 Y=192
2026-08-21 01:48:12 [INFO] Grh=1513 Frame=364 FileNum=20 SX=256 SY=64 W=32 H=32 X=480 Y=192
2026-08-21 01:48:12 [INFO] Grh=1514 Frame=365 FileNum=20 SX=288 SY=64 W=32 H=32 X=512 Y=192
2026-08-21 01:48:12 [INFO] Grh=1515 Frame=366 FileNum=20 SX=320 SY=64 W=32 H=32 X=544 Y=192
2026-08-21 01:48:12 [INFO] Grh=6000 Frame=6000 FileNum=6000 SX=0 SY=0 W=32 H=32 X=-32 Y=-32
2026-08-21 01:48:12 [INFO] Grh=6001 Frame=6001 FileNum=6000 SX=32 SY=0 W=32 H=32 X=0 Y=-32
2026-08-21 01:48:12 [INFO] Grh=6002 Frame=6002 FileNum=6000 SX=64 SY=0 W=32 H=32 X=32 Y=-32
2026-08-21 01:48:12 [INFO] Grh=6003 Frame=6003 FileNum=6000 SX=96 SY=0 W=32 H=32 X=64 Y=-32
2026-08-21 01:48:12 [INFO] Grh=6000 Frame=6000 FileNum=6000 SX=0 SY=0 W=32 H=32 X=96 Y=-32
2026-08-21 01:48:12 [INFO] Grh=6001 Frame=6001 FileNum=6000 SX=32 SY=0 W=32 H=32 X=128 Y=-32
2026-08-21 01:48:12 [INFO] Grh=6002 Frame=6002 FileNum=6000 SX=64 SY=0 W=32 H=32 X=160 Y=-32
2026-08-21 01:48:12 [INFO] Grh=6003 Frame=6003 FileNum=6000 SX=96 SY=0 W=32 H=32 X=192 Y=-32
2026-08-21 01:48:12 [INFO] Grh=6000 Frame=6000 FileNum=6000 SX=0 SY=0 W=32 H=32 X=224 Y=-32
2026-08-21 01:48:12 [INFO] Grh=6001 Frame=6001 FileNum=6000 SX=32 SY=0 W=32 H=32 X=256 Y=-32
2026-08-21 01:48:12 [INFO] Grh=6002 Frame=6002 FileNum=6000 SX=64 SY=0 W=32 H=32 X=288 Y=-32
2026-08-21 01:48:12 [INFO] Grh=6003 Frame=6003 FileNum=6000 SX=96 SY=0 W=32 H=32 X=320 Y=-32
2026-08-21 01:48:12 [INFO] Grh=6000 Frame=6000 FileNum=6000 SX=0 SY=0 W=32 H=32 X=352 Y=-32
2026-08-21 01:48:12 [INFO] Grh=6001 Frame=6001 FileNum=6000 SX=32 SY=0 W=32 H=32 X=384 Y=-32
2026-08-21 01:48:12 [INFO] Grh=6002 Frame=6002 FileNum=6000 SX=64 SY=0 W=32 H=32 X=416 Y=-32
2026-08-21 01:48:12 [INFO] Grh=6003 Frame=6003 FileNum=6000 SX=96 SY=0 W=32 H=32 X=448 Y=-32
2026-08-21 01:48:12 [INFO] Grh=6000 Frame=6000 FileNum=6000 SX=0 SY=0 W=32 H=32 X=480 Y=-32
2026-08-21 01:48:12 [INFO] Grh=6001 Frame=6001 FileNum=6000 SX=32 SY=0 W=32 H=32 X=512 Y=-32
2026-08-21 01:48:12 [INFO] Grh=6002 Frame=6002 FileNum=6000 SX=64 SY=0 W=32 H=32 X=544 Y=-32
2026-08-21 01:48:12 [INFO] Grh=6008 Frame=6008 FileNum=6000 SX=0 SY=64 W=32 H=32 X=-32 Y=0
2026-08-21 01:48:12 [INFO] Grh=6009 Frame=6009 FileNum=6000 SX=32 SY=64 W=32 H=32 X=0 Y=0
2026-08-21 01:48:12 [INFO] Grh=6010 Frame=6010 FileNum=6000 SX=64 SY=64 W=32 H=32 X=32 Y=0
2026-08-21 01:48:12 [INFO] Grh=6011 Frame=6011 FileNum=6000 SX=96 SY=64 W=32 H=32 X=64 Y=0
2026-08-21 01:48:12 [INFO] Grh=6008 Frame=6008 FileNum=6000 SX=0 SY=64 W=32 H=32 X=96 Y=0
2026-08-21 01:48:12 [INFO] Grh=6009 Frame=6009 FileNum=6000 SX=32 SY=64 W=32 H=32 X=128 Y=0
2026-08-21 01:48:12 [INFO] Grh=6010 Frame=6010 FileNum=6000 SX=64 SY=64 W=32 H=32 X=160 Y=0
2026-08-21 01:48:12 [INFO] Grh=6011 Frame=6011 FileNum=6000 SX=96 SY=64 W=32 H=32 X=192 Y=0
2026-08-21 01:48:12 [INFO] Grh=6008 Frame=6008 FileNum=6000 SX=0 SY=64 W=32 H=32 X=224 Y=0
2026-08-21 01:48:12 [INFO] Grh=6009 Frame=6009 FileNum=6000 SX=32 SY=64 W=32 H=32 X=256 Y=0
2026-08-21 01:48:12 [INFO] Grh=6010 Frame=6010 FileNum=6000 SX=64 SY=64 W=32 H=32 X=288 Y=0
2026-08-21 01:48:12 [INFO] Grh=6011 Frame=6011 FileNum=6000 SX=96 SY=64 W=32 H=32 X=320 Y=0
2026-08-21 01:48:12 [INFO] Grh=6008 Frame=6008 FileNum=6000 SX=0 SY=64 W=32 H=32 X=352 Y=0
2026-08-21 01:48:12 [INFO] Grh=6009 Frame=6009 FileNum=6000 SX=32 SY=64 W=32 H=32 X=384 Y=0
2026-08-21 01:48:12 [INFO] Grh=6010 Frame=6010 FileNum=6000 SX=64 SY=64 W=32 H=32 X=416 Y=0
2026-08-21 01:48:12 [INFO] Grh=6011 Frame=6011 FileNum=6000 SX=96 SY=64 W=32 H=32 X=448 Y=0
2026-08-21 01:48:12 [INFO] Grh=6008 Frame=6008 FileNum=6000 SX=0 SY=64 W=32 H=32 X=480 Y=0
2026-08-21 01:48:12 [INFO] Grh=6009 Frame=6009 FileNum=6000 SX=32 SY=64 W=32 H=32 X=512 Y=0
2026-08-21 01:48:12 [INFO] Grh=6010 Frame=6010 FileNum=6000 SX=64 SY=64 W=32 H=32 X=544 Y=0
2026-08-21 01:48:12 [INFO] Grh=1505 Frame=356 FileNum=20 SX=256 SY=0 W=32 H=32 X=-32 Y=32
2026-08-21 01:48:12 [INFO] Grh=1506 Frame=357 FileNum=20 SX=288 SY=0 W=32 H=32 X=0 Y=32
2026-08-21 01:48:12 [INFO] Grh=1507 Frame=358 FileNum=20 SX=320 SY=0 W=32 H=32 X=32 Y=32
2026-08-21 01:48:12 [INFO] Grh=1508 Frame=359 FileNum=20 SX=352 SY=0 W=32 H=32 X=64 Y=32
2026-08-21 01:48:12 [INFO] Grh=1505 Frame=356 FileNum=20 SX=256 SY=0 W=32 H=32 X=96 Y=32
2026-08-21 01:48:12 [INFO] Grh=1506 Frame=357 FileNum=20 SX=288 SY=0 W=32 H=32 X=128 Y=32
2026-08-21 01:48:12 [INFO] Grh=1507 Frame=358 FileNum=20 SX=320 SY=0 W=32 H=32 X=160 Y=32
2026-08-21 01:48:12 [INFO] Grh=1508 Frame=359 FileNum=20 SX=352 SY=0 W=32 H=32 X=192 Y=32
2026-08-21 01:48:12 [INFO] Grh=1505 Frame=356 FileNum=20 SX=256 SY=0 W=32 H=32 X=224 Y=32
2026-08-21 01:48:12 [INFO] Grh=1506 Frame=357 FileNum=20 SX=288 SY=0 W=32 H=32 X=256 Y=32
2026-08-21 01:48:12 [INFO] Grh=1507 Frame=358 FileNum=20 SX=320 SY=0 W=32 H=32 X=288 Y=32
2026-08-21 01:48:12 [INFO] Grh=1508 Frame=359 FileNum=20 SX=352 SY=0 W=32 H=32 X=320 Y=32
2026-08-21 01:48:12 [INFO] Grh=1505 Frame=356 FileNum=20 SX=256 SY=0 W=32 H=32 X=352 Y=32
2026-08-21 01:48:12 [INFO] Grh=1506 Frame=357 FileNum=20 SX=288 SY=0 W=32 H=32 X=384 Y=32
2026-08-21 01:48:12 [INFO] Grh=1507 Frame=358 FileNum=20 SX=320 SY=0 W=32 H=32 X=416 Y=32
2026-08-21 01:48:12 [INFO] Grh=1508 Frame=359 FileNum=20 SX=352 SY=0 W=32 H=32 X=448 Y=32
2026-08-21 01:48:12 [INFO] Grh=1505 Frame=356 FileNum=20 SX=256 SY=0 W=32 H=32 X=480 Y=32
2026-08-21 01:48:12 [INFO] Grh=1506 Frame=357 FileNum=20 SX=288 SY=0 W=32 H=32 X=512 Y=32
2026-08-21 01:48:12 [INFO] Grh=1507 Frame=358 FileNum=20 SX=320 SY=0 W=32 H=32 X=544 Y=32
2026-08-21 01:48:12 [INFO] Grh=1513 Frame=364 FileNum=20 SX=256 SY=64 W=32 H=32 X=-32 Y=64
2026-08-21 01:48:12 [INFO] Grh=1514 Frame=365 FileNum=20 SX=288 SY=64 W=32 H=32 X=0 Y=64
2026-08-21 01:48:12 [INFO] Grh=1515 Frame=366 FileNum=20 SX=320 SY=64 W=32 H=32 X=32 Y=64
2026-08-21 01:48:12 [INFO] Grh=1516 Frame=367 FileNum=20 SX=352 SY=64 W=32 H=32 X=64 Y=64
2026-08-21 01:48:12 [INFO] Grh=1513 Frame=364 FileNum=20 SX=256 SY=64 W=32 H=32 X=96 Y=64
2026-08-21 01:48:12 [INFO] Grh=1514 Frame=365 FileNum=20 SX=288 SY=64 W=32 H=32 X=128 Y=64
2026-08-21 01:48:12 [INFO] Grh=1515 Frame=366 FileNum=20 SX=320 SY=64 W=32 H=32 X=160 Y=64
2026-08-21 01:48:12 [INFO] Grh=1516 Frame=367 FileNum=20 SX=352 SY=64 W=32 H=32 X=192 Y=64
2026-08-21 01:48:12 [INFO] Grh=1513 Frame=364 FileNum=20 SX=256 SY=64 W=32 H=32 X=224 Y=64
2026-08-21 01:48:12 [INFO] Grh=1514 Frame=365 FileNum=20 SX=288 SY=64 W=32 H=32 X=256 Y=64
2026-08-21 01:48:12 [INFO] Grh=1515 Frame=366 FileNum=20 SX=320 SY=64 W=32 H=32 X=288 Y=64
2026-08-21 01:48:12 [INFO] Grh=1516 Frame=367 FileNum=20 SX=352 SY=64 W=32 H=32 X=320 Y=64
2026-08-21 01:48:12 [INFO] Grh=1513 Frame=364 FileNum=20 SX=256 SY=64 W=32 H=32 X=352 Y=64
2026-08-21 01:48:12 [INFO] Grh=1514 Frame=365 FileNum=20 SX=288 SY=64 W=32 H=32 X=384 Y=64
2026-08-21 01:48:12 [INFO] Grh=1515 Frame=366 FileNum=20 SX=320 SY=64 W=32 H=32 X=416 Y=64
2026-08-21 01:48:12 [INFO] Grh=1516 Frame=367 FileNum=20 SX=352 SY=64 W=32 H=32 X=448 Y=64
2026-08-21 01:48:12 [INFO] Grh=1513 Frame=364 FileNum=20 SX=256 SY=64 W=32 H=32 X=480 Y=64
2026-08-21 01:48:12 [INFO] Grh=1514 Frame=365 FileNum=20 SX=288 SY=64 W=32 H=32 X=512 Y=64
2026-08-21 01:48:12 [INFO] Grh=1515 Frame=366 FileNum=20 SX=320 SY=64 W=32 H=32 X=544 Y=64
2026-08-21 01:48:12 [INFO] Grh=1505 Frame=356 FileNum=20 SX=256 SY=0 W=32 H=32 X=-32 Y=96
2026-08-21 01:48:12 [INFO] Grh=1506 Frame=357 FileNum=20 SX=288 SY=0 W=32 H=32 X=0 Y=96
2026-08-21 01:48:12 [INFO] Grh=1507 Frame=358 FileNum=20 SX=320 SY=0 W=32 H=32 X=32 Y=96
2026-08-21 01:48:12 [INFO] Grh=1508 Frame=359 FileNum=20 SX=352 SY=0 W=32 H=32 X=64 Y=96
2026-08-21 01:48:12 [INFO] Grh=1505 Frame=356 FileNum=20 SX=256 SY=0 W=32 H=32 X=96 Y=96
2026-08-21 01:48:12 [INFO] Grh=1506 Frame=357 FileNum=20 SX=288 SY=0 W=32 H=32 X=128 Y=96
2026-08-21 01:48:12 [INFO] Grh=1507 Frame=358 FileNum=20 SX=320 SY=0 W=32 H=32 X=160 Y=96
2026-08-21 01:48:12 [INFO] Grh=1508 Frame=359 FileNum=20 SX=352 SY=0 W=32 H=32 X=192 Y=96
2026-08-21 01:48:12 [INFO] Grh=1505 Frame=356 FileNum=20 SX=256 SY=0 W=32 H=32 X=224 Y=96
2026-08-21 01:48:12 [INFO] Grh=1506 Frame=357 FileNum=20 SX=288 SY=0 W=32 H=32 X=256 Y=96
2026-08-21 01:48:12 [INFO] Grh=1507 Frame=358 FileNum=20 SX=320 SY=0 W=32 H=32 X=288 Y=96
2026-08-21 01:48:12 [INFO] Grh=1508 Frame=359 FileNum=20 SX=352 SY=0 W=32 H=32 X=320 Y=96
2026-08-21 01:48:12 [INFO] Grh=1505 Frame=356 FileNum=20 SX=256 SY=0 W=32 H=32 X=352 Y=96
2026-08-21 01:48:12 [INFO] Grh=1506 Frame=357 FileNum=20 SX=288 SY=0 W=32 H=32 X=384 Y=96
2026-08-21 01:48:12 [INFO] Grh=1507 Frame=358 FileNum=20 SX=320 SY=0 W=32 H=32 X=416 Y=96
2026-08-21 01:48:12 [INFO] Grh=1508 Frame=359 FileNum=20 SX=352 SY=0 W=32 H=32 X=448 Y=96
2026-08-21 01:48:12 [INFO] Grh=1505 Frame=356 FileNum=20 SX=256 SY=0 W=32 H=32 X=480 Y=96
2026-08-21 01:48:12 [INFO] Grh=1506 Frame=357 FileNum=20 SX=288 SY=0 W=32 H=32 X=512 Y=96
2026-08-21 01:48:12 [INFO] Grh=1507 Frame=358 FileNum=20 SX=320 SY=0 W=32 H=32 X=544 Y=96
2026-08-21 01:48:12 [INFO] Grh=1513 Frame=364 FileNum=20 SX=256 SY=64 W=32 H=32 X=-32 Y=128
2026-08-21 01:48:12 [INFO] Grh=1514 Frame=365 FileNum=20 SX=288 SY=64 W=32 H=32 X=0 Y=128
2026-08-21 01:48:12 [INFO] Grh=1515 Frame=366 FileNum=20 SX=320 SY=64 W=32 H=32 X=32 Y=128
2026-08-21 01:48:12 [INFO] Grh=1516 Frame=367 FileNum=20 SX=352 SY=64 W=32 H=32 X=64 Y=128
2026-08-21 01:48:12 [INFO] Grh=1513 Frame=364 FileNum=20 SX=256 SY=64 W=32 H=32 X=96 Y=128
2026-08-21 01:48:12 [INFO] Grh=1514 Frame=365 FileNum=20 SX=288 SY=64 W=32 H=32 X=128 Y=128
2026-08-21 01:48:12 [INFO] Grh=1515 Frame=366 FileNum=20 SX=320 SY=64 W=32 H=32 X=160 Y=128
2026-08-21 01:48:12 [INFO] Grh=1516 Frame=367 FileNum=20 SX=352 SY=64 W=32 H=32 X=192 Y=128
2026-08-21 01:48:12 [INFO] Grh=1513 Frame=364 FileNum=20 SX=256 SY=64 W=32 H=32 X=224 Y=128
2026-08-21 01:48:12 [INFO] Grh=1514 Frame=365 FileNum=20 SX=288 SY=64 W=32 H=32 X=256 Y=128
2026-08-21 01:48:12 [INFO] Grh=1515 Frame=366 FileNum=20 SX=320 SY=64 W=32 H=32 X=288 Y=128
2026-08-21 01:48:12 [INFO] Grh=1516 Frame=367 FileNum=20 SX=352 SY=64 W=32 H=32 X=320 Y=128
2026-08-21 01:48:12 [INFO] Grh=1513 Frame=364 FileNum=20 SX=256 SY=64 W=32 H=32 X=352 Y=128
2026-08-21 01:48:12 [INFO] Grh=1514 Frame=365 FileNum=20 SX=288 SY=64 W=32 H=32 X=384 Y=128
2026-08-21 01:48:12 [INFO] Grh=1515 Frame=366 FileNum=20 SX=320 SY=64 W=32 H=32 X=416 Y=128
2026-08-21 01:48:12 [INFO] Grh=1516 Frame=367 FileNum=20 SX=352 SY=64 W=32 H=32 X=448 Y=128
2026-08-21 01:48:12 [INFO] Grh=1513 Frame=364 FileNum=20 SX=256 SY=64 W=32 H=32 X=480 Y=128
2026-08-21 01:48:12 [INFO] Grh=1514 Frame=365 FileNum=20 SX=288 SY=64 W=32 H=32 X=512 Y=128
2026-08-21 01:48:12 [INFO] Grh=1515 Frame=366 FileNum=20 SX=320 SY=64 W=32 H=32 X=544 Y=128
2026-08-21 01:48:12 [INFO] Grh=1505 Frame=356 FileNum=20 SX=256 SY=0 W=32 H=32 X=-32 Y=160
2026-08-21 01:48:12 [INFO] Grh=1506 Frame=357 FileNum=20 SX=288 SY=0 W=32 H=32 X=0 Y=160
2026-08-21 01:48:12 [INFO] Grh=1507 Frame=358 FileNum=20 SX=320 SY=0 W=32 H=32 X=32 Y=160
2026-08-21 01:48:12 [INFO] Grh=1508 Frame=359 FileNum=20 SX=352 SY=0 W=32 H=32 X=64 Y=160
2026-08-21 01:48:12 [INFO] Grh=1505 Frame=356 FileNum=20 SX=256 SY=0 W=32 H=32 X=96 Y=160
2026-08-21 01:48:12 [INFO] Grh=1506 Frame=357 FileNum=20 SX=288 SY=0 W=32 H=32 X=128 Y=160
2026-08-21 01:48:12 [INFO] Grh=1507 Frame=358 FileNum=20 SX=320 SY=0 W=32 H=32 X=160 Y=160
2026-08-21 01:48:12 [INFO] Grh=1508 Frame=359 FileNum=20 SX=352 SY=0 W=32 H=32 X=192 Y=160
2026-08-21 01:48:12 [INFO] Grh=1505 Frame=356 FileNum=20 SX=256 SY=0 W=32 H=32 X=224 Y=160
2026-08-21 01:48:12 [INFO] Grh=1506 Frame=357 FileNum=20 SX=288 SY=0 W=32 H=32 X=256 Y=160
2026-08-21 01:48:12 [INFO] Grh=1507 Frame=358 FileNum=20 SX=320 SY=0 W=32 H=32 X=288 Y=160
2026-08-21 01:48:12 [INFO] Grh=1508 Frame=359 FileNum=20 SX=352 SY=0 W=32 H=32 X=320 Y=160
2026-08-21 01:48:12 [INFO] Grh=1505 Frame=356 FileNum=20 SX=256 SY=0 W=32 H=32 X=352 Y=160
2026-08-21 01:48:12 [INFO] Grh=1506 Frame=357 FileNum=20 SX=288 SY=0 W=32 H=32 X=384 Y=160
2026-08-21 01:48:12 [INFO] Grh=1507 Frame=358 FileNum=20 SX=320 SY=0 W=32 H=32 X=416 Y=160
2026-08-21 01:48:12 [INFO] Grh=1508 Frame=359 FileNum=20 SX=352 SY=0 W=32 H=32 X=448 Y=160
2026-08-21 01:48:12 [INFO] Grh=1505 Frame=356 FileNum=20 SX=256 SY=0 W=32 H=32 X=480 Y=160
2026-08-21 01:48:12 [INFO] Grh=1506 Frame=357 FileNum=20 SX=288 SY=0 W=32 H=32 X=512 Y=160
2026-08-21 01:48:12 [INFO] Grh=1507 Frame=358 FileNum=20 SX=320 SY=0 W=32 H=32 X=544 Y=160
2026-08-21 01:48:12 [INFO] Grh=1513 Frame=364 FileNum=20 SX=256 SY=64 W=32 H=32 X=-32 Y=192
2026-08-21 01:48:12 [INFO] Grh=1514 Frame=365 FileNum=20 SX=288 SY=64 W=32 H=32 X=0 Y=192
2026-08-21 01:48:12 [INFO] Grh=1515 Frame=366 FileNum=20 SX=320 SY=64 W=32 H=32 X=32 Y=192
2026-08-21 01:48:12 [INFO] Grh=1516 Frame=367 FileNum=20 SX=352 SY=64 W=32 H=32 X=64 Y=192
2026-08-21 01:48:12 [INFO] Grh=1513 Frame=364 FileNum=20 SX=256 SY=64 W=32 H=32 X=96 Y=192
2026-08-21 01:48:12 [INFO] Grh=1514 Frame=365 FileNum=20 SX=288 SY=64 W=32 H=32 X=128 Y=192
2026-08-21 01:48:12 [INFO] Grh=1515 Frame=366 FileNum=20 SX=320 SY=64 W=32 H=32 X=160 Y=192
2026-08-21 01:48:12 [INFO] Grh=1516 Frame=367 FileNum=20 SX=352 SY=64 W=32 H=32 X=192 Y=192
2026-08-21 01:48:12 [INFO] Grh=1513 Frame=364 FileNum=20 SX=256 SY=64 W=32 H=32 X=224 Y=192
2026-08-21 01:48:12 [INFO] Grh=1514 Frame=365 FileNum=20 SX=288 SY=64 W=32 H=32 X=256 Y=192
2026-08-21 01:48:12 [INFO] Grh=1515 Frame=366 FileNum=20 SX=320 SY=64 W=32 H=32 X=288 Y=192
2026-08-21 01:48:12 [INFO] Grh=1516 Frame=367 FileNum=20 SX=352 SY=64 W=32 H=32 X=320 Y=192
2026-08-21 01:48:12 [INFO] Grh=1513 Frame=364 FileNum=20 SX=256 SY=64 W=32 H=32 X=352 Y=192
2026-08-21 01:48:12 [INFO] Grh=1514 Frame=365 FileNum=20 SX=288 SY=64 W=32 H=32 X=384 Y=192
2026-08-21 01:48:12 [INFO] Grh=1515 Frame=366 FileNum=20 SX=320 SY=64 W=32 H=32 X=416 Y=192
2026-08-21 01:48:12 [INFO] Grh=1516 Frame=367 FileNum=20 SX=352 SY=64 W=32 H=32 X=448 Y=192
2026-08-21 01:48:12 [INFO] Grh=1513 Frame=364 FileNum=20 SX=256 SY=64 W=32 H=32 X=480 Y=192
2026-08-21 01:48:12 [INFO] Grh=1514 Frame=365 FileNum=20 SX=288 SY=64 W=32 H=32 X=512 Y=192
2026-08-21 01:48:12 [INFO] Grh=1515 Frame=366 FileNum=20 SX=320 SY=64 W=32 H=32 X=544 Y=192
2026-08-21 01:48:12 [INFO] Grh=6000 Frame=6000 FileNum=6000 SX=0 SY=0 W=32 H=32 X=-32 Y=-32
2026-08-21 01:48:12 [INFO] Grh=6001 Frame=6001 FileNum=6000 SX=32 SY=0 W=32 H=32 X=0 Y=-32
2026-08-21 01:48:12 [INFO] Grh=6002 Frame=6002 FileNum=6000 SX=64 SY=0 W=32 H=32 X=32 Y=-32
2026-08-21 01:48:12 [INFO] Grh=6003 Frame=6003 FileNum=6000 SX=96 SY=0 W=32 H=32 X=64 Y=-32
2026-08-21 01:48:12 [INFO] Grh=6000 Frame=6000 FileNum=6000 SX=0 SY=0 W=32 H=32 X=96 Y=-32
2026-08-21 01:48:12 [INFO] Grh=6001 Frame=6001 FileNum=6000 SX=32 SY=0 W=32 H=32 X=128 Y=-32
2026-08-21 01:48:12 [INFO] Grh=6002 Frame=6002 FileNum=6000 SX=64 SY=0 W=32 H=32 X=160 Y=-32
2026-08-21 01:48:12 [INFO] Grh=6003 Frame=6003 FileNum=6000 SX=96 SY=0 W=32 H=32 X=192 Y=-32
2026-08-21 01:48:12 [INFO] Grh=6000 Frame=6000 FileNum=6000 SX=0 SY=0 W=32 H=32 X=224 Y=-32
2026-08-21 01:48:12 [INFO] Grh=6001 Frame=6001 FileNum=6000 SX=32 SY=0 W=32 H=32 X=256 Y=-32
2026-08-21 01:48:12 [INFO] Grh=6002 Frame=6002 FileNum=6000 SX=64 SY=0 W=32 H=32 X=288 Y=-32
2026-08-21 01:48:12 [INFO] Grh=6003 Frame=6003 FileNum=6000 SX=96 SY=0 W=32 H=32 X=320 Y=-32
2026-08-21 01:48:12 [INFO] Grh=6000 Frame=6000 FileNum=6000 SX=0 SY=0 W=32 H=32 X=352 Y=-32
2026-08-21 01:48:12 [INFO] Grh=6001 Frame=6001 FileNum=6000 SX=32 SY=0 W=32 H=32 X=384 Y=-32
2026-08-21 01:48:12 [INFO] Grh=6002 Frame=6002 FileNum=6000 SX=64 SY=0 W=32 H=32 X=416 Y=-32
2026-08-21 01:48:12 [INFO] Grh=6003 Frame=6003 FileNum=6000 SX=96 SY=0 W=32 H=32 X=448 Y=-32
2026-08-21 01:48:12 [INFO] Grh=6000 Frame=6000 FileNum=6000 SX=0 SY=0 W=32 H=32 X=480 Y=-32
2026-08-21 01:48:12 [INFO] Grh=6001 Frame=6001 FileNum=6000 SX=32 SY=0 W=32 H=32 X=512 Y=-32
2026-08-21 01:48:12 [INFO] Grh=6002 Frame=6002 FileNum=6000 SX=64 SY=0 W=32 H=32 X=544 Y=-32
2026-08-21 01:48:12 [INFO] Grh=6008 Frame=6008 FileNum=6000 SX=0 SY=64 W=32 H=32 X=-32 Y=0
2026-08-21 01:48:12 [INFO] Grh=6009 Frame=6009 FileNum=6000 SX=32 SY=64 W=32 H=32 X=0 Y=0
2026-08-21 01:48:12 [INFO] Grh=6010 Frame=6010 FileNum=6000 SX=64 SY=64 W=32 H=32 X=32 Y=0
2026-08-21 01:48:12 [INFO] Grh=6011 Frame=6011 FileNum=6000 SX=96 SY=64 W=32 H=32 X=64 Y=0
2026-08-21 01:48:12 [INFO] Grh=6008 Frame=6008 FileNum=6000 SX=0 SY=64 W=32 H=32 X=96 Y=0
2026-08-21 01:48:12 [INFO] Grh=6009 Frame=6009 FileNum=6000 SX=32 SY=64 W=32 H=32 X=128 Y=0
2026-08-21 01:48:12 [INFO] Grh=6010 Frame=6010 FileNum=6000 SX=64 SY=64 W=32 H=32 X=160 Y=0
2026-08-21 01:48:12 [INFO] Grh=6011 Frame=6011 FileNum=6000 SX=96 SY=64 W=32 H=32 X=192 Y=0
2026-08-21 01:48:12 [INFO] Grh=6008 Frame=6008 FileNum=6000 SX=0 SY=64 W=32 H=32 X=224 Y=0
2026-08-21 01:48:12 [INFO] Grh=6009 Frame=6009 FileNum=6000 SX=32 SY=64 W=32 H=32 X=256 Y=0
2026-08-21 01:48:12 [INFO] Grh=6010 Frame=6010 FileNum=6000 SX=64 SY=64 W=32 H=32 X=288 Y=0
2026-08-21 01:48:12 [INFO] Grh=6011 Frame=6011 FileNum=6000 SX=96 SY=64 W=32 H=32 X=320 Y=0
2026-08-21 01:48:12 [INFO] Grh=6008 Frame=6008 FileNum=6000 SX=0 SY=64 W=32 H=32 X=352 Y=0
2026-08-21 01:48:12 [INFO] Grh=6009 Frame=6009 FileNum=6000 SX=32 SY=64 W=32 H=32 X=384 Y=0
2026-08-21 01:48:12 [INFO] Grh=6010 Frame=6010 FileNum=6000 SX=64 SY=64 W=32 H=32 X=416 Y=0
2026-08-21 01:48:12 [INFO] Grh=6011 Frame=6011 FileNum=6000 SX=96 SY=64 W=32 H=32 X=448 Y=0
2026-08-21 01:48:12 [INFO] Grh=6008 Frame=6008 FileNum=6000 SX=0 SY=64 W=32 H=32 X=480 Y=0
2026-08-21 01:48:12 [INFO] Grh=6009 Frame=6009 FileNum=6000 SX=32 SY=64 W=32 H=32 X=512 Y=0
2026-08-21 01:48:12 [INFO] Grh=6010 Frame=6010 FileNum=6000 SX=64 SY=64 W=32 H=32 X=544 Y=0
2026-08-21 01:48:12 [INFO] Grh=1505 Frame=324 FileNum=20 SX=0 SY=0 W=32 H=32 X=-32 Y=32
2026-08-21 01:48:12 [INFO] Grh=1506 Frame=325 FileNum=20 SX=32 SY=0 W=32 H=32 X=0 Y=32
2026-08-21 01:48:12 [INFO] Grh=1507 Frame=326 FileNum=20 SX=64 SY=0 W=32 H=32 X=32 Y=32
2026-08-21 01:48:12 [INFO] Grh=1508 Frame=327 FileNum=20 SX=96 SY=0 W=32 H=32 X=64 Y=32
2026-08-21 01:48:12 [INFO] Grh=1505 Frame=324 FileNum=20 SX=0 SY=0 W=32 H=32 X=96 Y=32
2026-08-21 01:48:12 [INFO] Grh=1506 Frame=325 FileNum=20 SX=32 SY=0 W=32 H=32 X=128 Y=32
2026-08-21 01:48:12 [INFO] Grh=1507 Frame=326 FileNum=20 SX=64 SY=0 W=32 H=32 X=160 Y=32
2026-08-21 01:48:12 [INFO] Grh=1508 Frame=327 FileNum=20 SX=96 SY=0 W=32 H=32 X=192 Y=32
2026-08-21 01:48:12 [INFO] Grh=1505 Frame=324 FileNum=20 SX=0 SY=0 W=32 H=32 X=224 Y=32
2026-08-21 01:48:12 [INFO] Grh=1506 Frame=325 FileNum=20 SX=32 SY=0 W=32 H=32 X=256 Y=32
2026-08-21 01:48:12 [INFO] Grh=1507 Frame=326 FileNum=20 SX=64 SY=0 W=32 H=32 X=288 Y=32
2026-08-21 01:48:12 [INFO] Grh=1508 Frame=327 FileNum=20 SX=96 SY=0 W=32 H=32 X=320 Y=32
2026-08-21 01:48:12 [INFO] Grh=1505 Frame=324 FileNum=20 SX=0 SY=0 W=32 H=32 X=352 Y=32
2026-08-21 01:48:12 [INFO] Grh=1506 Frame=325 FileNum=20 SX=32 SY=0 W=32 H=32 X=384 Y=32
2026-08-21 01:48:12 [INFO] Grh=1507 Frame=326 FileNum=20 SX=64 SY=0 W=32 H=32 X=416 Y=32
2026-08-21 01:48:12 [INFO] Grh=1508 Frame=327 FileNum=20 SX=96 SY=0 W=32 H=32 X=448 Y=32
2026-08-21 01:48:12 [INFO] Grh=1505 Frame=324 FileNum=20 SX=0 SY=0 W=32 H=32 X=480 Y=32
2026-08-21 01:48:12 [INFO] Grh=1506 Frame=325 FileNum=20 SX=32 SY=0 W=32 H=32 X=512 Y=32
2026-08-21 01:48:12 [INFO] Grh=1507 Frame=326 FileNum=20 SX=64 SY=0 W=32 H=32 X=544 Y=32
2026-08-21 01:48:12 [INFO] Grh=1513 Frame=332 FileNum=20 SX=0 SY=64 W=32 H=32 X=-32 Y=64
2026-08-21 01:48:12 [INFO] Grh=1514 Frame=333 FileNum=20 SX=32 SY=64 W=32 H=32 X=0 Y=64
2026-08-21 01:48:12 [INFO] Grh=1515 Frame=334 FileNum=20 SX=64 SY=64 W=32 H=32 X=32 Y=64
2026-08-21 01:48:12 [INFO] Grh=1516 Frame=335 FileNum=20 SX=96 SY=64 W=32 H=32 X=64 Y=64
2026-08-21 01:48:12 [INFO] Grh=1513 Frame=332 FileNum=20 SX=0 SY=64 W=32 H=32 X=96 Y=64
2026-08-21 01:48:12 [INFO] Grh=1514 Frame=333 FileNum=20 SX=32 SY=64 W=32 H=32 X=128 Y=64
2026-08-21 01:48:12 [INFO] Grh=1515 Frame=334 FileNum=20 SX=64 SY=64 W=32 H=32 X=160 Y=64
2026-08-21 01:48:12 [INFO] Grh=1516 Frame=335 FileNum=20 SX=96 SY=64 W=32 H=32 X=192 Y=64
2026-08-21 01:48:12 [INFO] Grh=1513 Frame=332 FileNum=20 SX=0 SY=64 W=32 H=32 X=224 Y=64
2026-08-21 01:48:12 [INFO] Grh=1514 Frame=333 FileNum=20 SX=32 SY=64 W=32 H=32 X=256 Y=64
2026-08-21 01:48:12 [INFO] Grh=1515 Frame=334 FileNum=20 SX=64 SY=64 W=32 H=32 X=288 Y=64
2026-08-21 01:48:12 [INFO] Grh=1516 Frame=335 FileNum=20 SX=96 SY=64 W=32 H=32 X=320 Y=64
2026-08-21 01:48:12 [INFO] Grh=1513 Frame=332 FileNum=20 SX=0 SY=64 W=32 H=32 X=352 Y=64
2026-08-21 01:48:12 [INFO] Grh=1514 Frame=333 FileNum=20 SX=32 SY=64 W=32 H=32 X=384 Y=64
2026-08-21 01:48:12 [INFO] Grh=1515 Frame=334 FileNum=20 SX=64 SY=64 W=32 H=32 X=416 Y=64
2026-08-21 01:48:12 [INFO] Grh=1516 Frame=335 FileNum=20 SX=96 SY=64 W=32 H=32 X=448 Y=64
2026-08-21 01:48:12 [INFO] Grh=1513 Frame=332 FileNum=20 SX=0 SY=64 W=32 H=32 X=480 Y=64
2026-08-21 01:48:12 [INFO] Grh=1514 Frame=333 FileNum=20 SX=32 SY=64 W=32 H=32 X=512 Y=64
2026-08-21 01:48:12 [INFO] Grh=1515 Frame=334 FileNum=20 SX=64 SY=64 W=32 H=32 X=544 Y=64
2026-08-21 01:48:12 [INFO] Grh=1505 Frame=324 FileNum=20 SX=0 SY=0 W=32 H=32 X=-32 Y=96
2026-08-21 01:48:12 [INFO] Grh=1506 Frame=325 FileNum=20 SX=32 SY=0 W=32 H=32 X=0 Y=96
2026-08-21 01:48:12 [INFO] Grh=1507 Frame=326 FileNum=20 SX=64 SY=0 W=32 H=32 X=32 Y=96
2026-08-21 01:48:12 [INFO] Grh=1508 Frame=327 FileNum=20 SX=96 SY=0 W=32 H=32 X=64 Y=96
2026-08-21 01:48:12 [INFO] Grh=1505 Frame=324 FileNum=20 SX=0 SY=0 W=32 H=32 X=96 Y=96
2026-08-21 01:48:12 [INFO] Grh=1506 Frame=325 FileNum=20 SX=32 SY=0 W=32 H=32 X=128 Y=96
2026-08-21 01:48:12 [INFO] Grh=1507 Frame=326 FileNum=20 SX=64 SY=0 W=32 H=32 X=160 Y=96
2026-08-21 01:48:12 [INFO] Grh=1508 Frame=327 FileNum=20 SX=96 SY=0 W=32 H=32 X=192 Y=96
2026-08-21 01:48:12 [INFO] Grh=1505 Frame=324 FileNum=20 SX=0 SY=0 W=32 H=32 X=224 Y=96
2026-08-21 01:48:12 [INFO] Grh=1506 Frame=325 FileNum=20 SX=32 SY=0 W=32 H=32 X=256 Y=96
2026-08-21 01:48:12 [INFO] Grh=1507 Frame=326 FileNum=20 SX=64 SY=0 W=32 H=32 X=288 Y=96
2026-08-21 01:48:12 [INFO] Grh=1508 Frame=327 FileNum=20 SX=96 SY=0 W=32 H=32 X=320 Y=96
2026-08-21 01:48:12 [INFO] Grh=1505 Frame=324 FileNum=20 SX=0 SY=0 W=32 H=32 X=352 Y=96
2026-08-21 01:48:12 [INFO] Grh=1506 Frame=325 FileNum=20 SX=32 SY=0 W=32 H=32 X=384 Y=96
2026-08-21 01:48:12 [INFO] Grh=1507 Frame=326 FileNum=20 SX=64 SY=0 W=32 H=32 X=416 Y=96
2026-08-21 01:48:12 [INFO] Grh=1508 Frame=327 FileNum=20 SX=96 SY=0 W=32 H=32 X=448 Y=96
2026-08-21 01:48:12 [INFO] Grh=1505 Frame=324 FileNum=20 SX=0 SY=0 W=32 H=32 X=480 Y=96
2026-08-21 01:48:12 [INFO] Grh=1506 Frame=325 FileNum=20 SX=32 SY=0 W=32 H=32 X=512 Y=96
2026-08-21 01:48:12 [INFO] Grh=1507 Frame=326 FileNum=20 SX=64 SY=0 W=32 H=32 X=544 Y=96
2026-08-21 01:48:12 [INFO] Grh=1513 Frame=332 FileNum=20 SX=0 SY=64 W=32 H=32 X=-32 Y=128
2026-08-21 01:48:12 [INFO] Grh=1514 Frame=333 FileNum=20 SX=32 SY=64 W=32 H=32 X=0 Y=128
2026-08-21 01:48:12 [INFO] Grh=1515 Frame=334 FileNum=20 SX=64 SY=64 W=32 H=32 X=32 Y=128
2026-08-21 01:48:12 [INFO] Grh=1516 Frame=335 FileNum=20 SX=96 SY=64 W=32 H=32 X=64 Y=128
2026-08-21 01:48:12 [INFO] Grh=1513 Frame=332 FileNum=20 SX=0 SY=64 W=32 H=32 X=96 Y=128
2026-08-21 01:48:12 [INFO] Grh=1514 Frame=333 FileNum=20 SX=32 SY=64 W=32 H=32 X=128 Y=128
2026-08-21 01:48:12 [INFO] Grh=1515 Frame=334 FileNum=20 SX=64 SY=64 W=32 H=32 X=160 Y=128
2026-08-21 01:48:12 [INFO] Grh=1516 Frame=335 FileNum=20 SX=96 SY=64 W=32 H=32 X=192 Y=128
2026-08-21 01:48:12 [INFO] Grh=1513 Frame=332 FileNum=20 SX=0 SY=64 W=32 H=32 X=224 Y=128
2026-08-21 01:48:13 [INFO] Grh=1514 Frame=333 FileNum=20 SX=32 SY=64 W=32 H=32 X=256 Y=128
2026-08-21 01:48:13 [INFO] Grh=1515 Frame=334 FileNum=20 SX=64 SY=64 W=32 H=32 X=288 Y=128
2026-08-21 01:48:13 [INFO] Grh=1516 Frame=335 FileNum=20 SX=96 SY=64 W=32 H=32 X=320 Y=128
2026-08-21 01:48:13 [INFO] Grh=1513 Frame=332 FileNum=20 SX=0 SY=64 W=32 H=32 X=352 Y=128
2026-08-21 01:48:13 [INFO] Grh=1514 Frame=333 FileNum=20 SX=32 SY=64 W=32 H=32 X=384 Y=128
2026-08-21 01:48:13 [INFO] Grh=1515 Frame=334 FileNum=20 SX=64 SY=64 W=32 H=32 X=416 Y=128
2026-08-21 01:48:13 [INFO] Grh=1516 Frame=335 FileNum=20 SX=96 SY=64 W=32 H=32 X=448 Y=128
2026-08-21 01:48:13 [INFO] Grh=1513 Frame=332 FileNum=20 SX=0 SY=64 W=32 H=32 X=480 Y=128
2026-08-21 01:48:13 [INFO] Grh=1514 Frame=333 FileNum=20 SX=32 SY=64 W=32 H=32 X=512 Y=128
2026-08-21 01:48:13 [INFO] Grh=1515 Frame=334 FileNum=20 SX=64 SY=64 W=32 H=32 X=544 Y=128
2026-08-21 01:48:13 [INFO] Grh=1505 Frame=324 FileNum=20 SX=0 SY=0 W=32 H=32 X=-32 Y=160
2026-08-21 01:48:13 [INFO] Grh=1506 Frame=325 FileNum=20 SX=32 SY=0 W=32 H=32 X=0 Y=160
2026-08-21 01:48:13 [INFO] Grh=1507 Frame=326 FileNum=20 SX=64 SY=0 W=32 H=32 X=32 Y=160
2026-08-21 01:48:13 [INFO] Grh=1508 Frame=327 FileNum=20 SX=96 SY=0 W=32 H=32 X=64 Y=160
2026-08-21 01:48:13 [INFO] Grh=1505 Frame=324 FileNum=20 SX=0 SY=0 W=32 H=32 X=96 Y=160
2026-08-21 01:48:13 [INFO] Grh=1506 Frame=325 FileNum=20 SX=32 SY=0 W=32 H=32 X=128 Y=160
2026-08-21 01:48:13 [INFO] Grh=1507 Frame=326 FileNum=20 SX=64 SY=0 W=32 H=32 X=160 Y=160
2026-08-21 01:48:13 [INFO] Grh=1508 Frame=327 FileNum=20 SX=96 SY=0 W=32 H=32 X=192 Y=160
2026-08-21 01:48:13 [INFO] Grh=1505 Frame=324 FileNum=20 SX=0 SY=0 W=32 H=32 X=224 Y=160
2026-08-21 01:48:13 [INFO] Grh=1506 Frame=325 FileNum=20 SX=32 SY=0 W=32 H=32 X=256 Y=160
2026-08-21 01:48:13 [INFO] Grh=1507 Frame=326 FileNum=20 SX=64 SY=0 W=32 H=32 X=288 Y=160
2026-08-21 01:48:13 [INFO] Grh=1508 Frame=327 FileNum=20 SX=96 SY=0 W=32 H=32 X=320 Y=160
2026-08-21 01:48:13 [INFO] Grh=1505 Frame=324 FileNum=20 SX=0 SY=0 W=32 H=32 X=352 Y=160
2026-08-21 01:48:13 [INFO] Grh=1506 Frame=325 FileNum=20 SX=32 SY=0 W=32 H=32 X=384 Y=160
2026-08-21 01:48:13 [INFO] Grh=1507 Frame=326 FileNum=20 SX=64 SY=0 W=32 H=32 X=416 Y=160
2026-08-21 01:48:13 [INFO] Grh=1508 Frame=327 FileNum=20 SX=96 SY=0 W=32 H=32 X=448 Y=160
2026-08-21 01:48:13 [INFO] Grh=1505 Frame=324 FileNum=20 SX=0 SY=0 W=32 H=32 X=480 Y=160
2026-08-21 01:48:13 [INFO] Grh=1506 Frame=325 FileNum=20 SX=32 SY=0 W=32 H=32 X=512 Y=160
2026-08-21 01:48:13 [INFO] Grh=1507 Frame=326 FileNum=20 SX=64 SY=0 W=32 H=32 X=544 Y=160
2026-08-21 01:48:13 [INFO] Grh=1513 Frame=332 FileNum=20 SX=0 SY=64 W=32 H=32 X=-32 Y=192
2026-08-21 01:48:13 [INFO] Grh=1514 Frame=333 FileNum=20 SX=32 SY=64 W=32 H=32 X=0 Y=192
2026-08-21 01:48:13 [INFO] Grh=1515 Frame=334 FileNum=20 SX=64 SY=64 W=32 H=32 X=32 Y=192
2026-08-21 01:48:13 [INFO] Grh=1516 Frame=335 FileNum=20 SX=96 SY=64 W=32 H=32 X=64 Y=192
2026-08-21 01:48:13 [INFO] Grh=1513 Frame=332 FileNum=20 SX=0 SY=64 W=32 H=32 X=96 Y=192
2026-08-21 01:48:13 [INFO] Grh=1514 Frame=333 FileNum=20 SX=32 SY=64 W=32 H=32 X=128 Y=192
2026-08-21 01:48:13 [INFO] Grh=1515 Frame=334 FileNum=20 SX=64 SY=64 W=32 H=32 X=160 Y=192
2026-08-21 01:48:13 [INFO] Grh=1516 Frame=335 FileNum=20 SX=96 SY=64 W=32 H=32 X=192 Y=192
2026-08-21 01:48:13 [INFO] Grh=1513 Frame=332 FileNum=20 SX=0 SY=64 W=32 H=32 X=224 Y=192
2026-08-21 01:48:13 [INFO] Grh=1514 Frame=333 FileNum=20 SX=32 SY=64 W=32 H=32 X=256 Y=192
2026-08-21 01:48:13 [INFO] Grh=1515 Frame=334 FileNum=20 SX=64 SY=64 W=32 H=32 X=288 Y=192
2026-08-21 01:48:13 [INFO] Grh=1516 Frame=335 FileNum=20 SX=96 SY=64 W=32 H=32 X=320 Y=192
2026-08-21 01:48:13 [INFO] Grh=1513 Frame=332 FileNum=20 SX=0 SY=64 W=32 H=32 X=352 Y=192
2026-08-21 01:48:13 [INFO] Grh=1514 Frame=333 FileNum=20 SX=32 SY=64 W=32 H=32 X=384 Y=192
2026-08-21 01:48:13 [INFO] Grh=1515 Frame=334 FileNum=20 SX=64 SY=64 W=32 H=32 X=416 Y=192
2026-08-21 01:48:13 [INFO] Grh=1516 Frame=335 FileNum=20 SX=96 SY=64 W=32 H=32 X=448 Y=192
2026-08-21 01:48:13 [INFO] Grh=1513 Frame=332 FileNum=20 SX=0 SY=64 W=32 H=32 X=480 Y=192
2026-08-21 01:48:13 [INFO] Grh=1514 Frame=333 FileNum=20 SX=32 SY=64 W=32 H=32 X=512 Y=192
2026-08-21 01:48:13 [INFO] Grh=1515 Frame=334 FileNum=20 SX=64 SY=64 W=32 H=32 X=544 Y=192
2026-08-21 01:48:13 [INFO] Grh=6000 Frame=6000 FileNum=6000 SX=0 SY=0 W=32 H=32 X=-32 Y=-32
2026-08-21 01:48:13 [INFO] Grh=6001 Frame=6001 FileNum=6000 SX=32 SY=0 W=32 H=32 X=0 Y=-32
2026-08-21 01:48:13 [INFO] Grh=6002 Frame=6002 FileNum=6000 SX=64 SY=0 W=32 H=32 X=32 Y=-32
2026-08-21 01:48:13 [INFO] Grh=6003 Frame=6003 FileNum=6000 SX=96 SY=0 W=32 H=32 X=64 Y=-32
2026-08-21 01:48:13 [INFO] Grh=6000 Frame=6000 FileNum=6000 SX=0 SY=0 W=32 H=32 X=96 Y=-32
2026-08-21 01:48:13 [INFO] Grh=6001 Frame=6001 FileNum=6000 SX=32 SY=0 W=32 H=32 X=128 Y=-32
2026-08-21 01:48:13 [INFO] Grh=6002 Frame=6002 FileNum=6000 SX=64 SY=0 W=32 H=32 X=160 Y=-32
2026-08-21 01:48:13 [INFO] Grh=6003 Frame=6003 FileNum=6000 SX=96 SY=0 W=32 H=32 X=192 Y=-32
2026-08-21 01:48:13 [INFO] Grh=6000 Frame=6000 FileNum=6000 SX=0 SY=0 W=32 H=32 X=224 Y=-32
2026-08-21 01:48:13 [INFO] Grh=6001 Frame=6001 FileNum=6000 SX=32 SY=0 W=32 H=32 X=256 Y=-32
2026-08-21 01:48:13 [INFO] Grh=6002 Frame=6002 FileNum=6000 SX=64 SY=0 W=32 H=32 X=288 Y=-32
2026-08-21 01:48:13 [INFO] Grh=6003 Frame=6003 FileNum=6000 SX=96 SY=0 W=32 H=32 X=320 Y=-32
2026-08-21 01:48:13 [INFO] Grh=6000 Frame=6000 FileNum=6000 SX=0 SY=0 W=32 H=32 X=352 Y=-32
2026-08-21 01:48:13 [INFO] Grh=6001 Frame=6001 FileNum=6000 SX=32 SY=0 W=32 H=32 X=384 Y=-32
2026-08-21 01:48:13 [INFO] Grh=6002 Frame=6002 FileNum=6000 SX=64 SY=0 W=32 H=32 X=416 Y=-32
2026-08-21 01:48:13 [INFO] Grh=6003 Frame=6003 FileNum=6000 SX=96 SY=0 W=32 H=32 X=448 Y=-32
2026-08-21 01:48:13 [INFO] Grh=6000 Frame=6000 FileNum=6000 SX=0 SY=0 W=32 H=32 X=480 Y=-32
2026-08-21 01:48:13 [INFO] Grh=6001 Frame=6001 FileNum=6000 SX=32 SY=0 W=32 H=32 X=512 Y=-32
2026-08-21 01:48:13 [INFO] Grh=6002 Frame=6002 FileNum=6000 SX=64 SY=0 W=32 H=32 X=544 Y=-32
2026-08-21 01:48:13 [INFO] Grh=6008 Frame=6008 FileNum=6000 SX=0 SY=64 W=32 H=32 X=-32 Y=0
2026-08-21 01:48:13 [INFO] Grh=6009 Frame=6009 FileNum=6000 SX=32 SY=64 W=32 H=32 X=0 Y=0
2026-08-21 01:48:13 [INFO] Grh=6010 Frame=6010 FileNum=6000 SX=64 SY=64 W=32 H=32 X=32 Y=0
2026-08-21 01:48:13 [INFO] Grh=6011 Frame=6011 FileNum=6000 SX=96 SY=64 W=32 H=32 X=64 Y=0
2026-08-21 01:48:13 [INFO] Grh=6008 Frame=6008 FileNum=6000 SX=0 SY=64 W=32 H=32 X=96 Y=0
2026-08-21 01:48:13 [INFO] Grh=6009 Frame=6009 FileNum=6000 SX=32 SY=64 W=32 H=32 X=128 Y=0
2026-08-21 01:48:13 [INFO] Grh=6010 Frame=6010 FileNum=6000 SX=64 SY=64 W=32 H=32 X=160 Y=0
2026-08-21 01:48:13 [INFO] Grh=6011 Frame=6011 FileNum=6000 SX=96 SY=64 W=32 H=32 X=192 Y=0
2026-08-21 01:48:13 [INFO] Grh=6008 Frame=6008 FileNum=6000 SX=0 SY=64 W=32 H=32 X=224 Y=0
2026-08-21 01:48:13 [INFO] Grh=6009 Frame=6009 FileNum=6000 SX=32 SY=64 W=32 H=32 X=256 Y=0
2026-08-21 01:48:13 [INFO] Grh=6010 Frame=6010 FileNum=6000 SX=64 SY=64 W=32 H=32 X=288 Y=0
2026-08-21 01:48:13 [INFO] Grh=6011 Frame=6011 FileNum=6000 SX=96 SY=64 W=32 H=32 X=320 Y=0
2026-08-21 01:48:13 [INFO] Grh=6008 Frame=6008 FileNum=6000 SX=0 SY=64 W=32 H=32 X=352 Y=0
2026-08-21 01:48:13 [INFO] Grh=6009 Frame=6009 FileNum=6000 SX=32 SY=64 W=32 H=32 X=384 Y=0
2026-08-21 01:48:13 [INFO] Grh=6010 Frame=6010 FileNum=6000 SX=64 SY=64 W=32 H=32 X=416 Y=0
2026-08-21 01:48:13 [INFO] Grh=6011 Frame=6011 FileNum=6000 SX=96 SY=64 W=32 H=32 X=448 Y=0
2026-08-21 01:48:13 [INFO] Grh=6008 Frame=6008 FileNum=6000 SX=0 SY=64 W=32 H=32 X=480 Y=0
2026-08-21 01:48:13 [INFO] Grh=6009 Frame=6009 FileNum=6000 SX=32 SY=64 W=32 H=32 X=512 Y=0
2026-08-21 01:48:13 [INFO] Grh=6010 Frame=6010 FileNum=6000 SX=64 SY=64 W=32 H=32 X=544 Y=0
2026-08-21 01:48:13 [INFO] Grh=1505 Frame=372 FileNum=20 SX=0 SY=128 W=32 H=32 X=-32 Y=32
2026-08-21 01:48:13 [INFO] Grh=1506 Frame=373 FileNum=20 SX=32 SY=128 W=32 H=32 X=0 Y=32
2026-08-21 01:48:13 [INFO] Grh=1507 Frame=374 FileNum=20 SX=64 SY=128 W=32 H=32 X=32 Y=32
2026-08-21 01:48:13 [INFO] Grh=1508 Frame=375 FileNum=20 SX=96 SY=128 W=32 H=32 X=64 Y=32
2026-08-21 01:48:13 [INFO] Grh=1505 Frame=372 FileNum=20 SX=0 SY=128 W=32 H=32 X=96 Y=32
2026-08-21 01:48:13 [INFO] Grh=1506 Frame=373 FileNum=20 SX=32 SY=128 W=32 H=32 X=128 Y=32
2026-08-21 01:48:13 [INFO] Grh=1507 Frame=374 FileNum=20 SX=64 SY=128 W=32 H=32 X=160 Y=32
2026-08-21 01:48:13 [INFO] Grh=1508 Frame=375 FileNum=20 SX=96 SY=128 W=32 H=32 X=192 Y=32
2026-08-21 01:48:13 [INFO] Grh=1505 Frame=372 FileNum=20 SX=0 SY=128 W=32 H=32 X=224 Y=32
2026-08-21 01:48:13 [INFO] Grh=1506 Frame=373 FileNum=20 SX=32 SY=128 W=32 H=32 X=256 Y=32
2026-08-21 01:48:13 [INFO] Grh=1507 Frame=374 FileNum=20 SX=64 SY=128 W=32 H=32 X=288 Y=32
2026-08-21 01:48:13 [INFO] Grh=1508 Frame=375 FileNum=20 SX=96 SY=128 W=32 H=32 X=320 Y=32
2026-08-21 01:48:13 [INFO] Grh=1505 Frame=372 FileNum=20 SX=0 SY=128 W=32 H=32 X=352 Y=32
2026-08-21 01:48:13 [INFO] Grh=1506 Frame=373 FileNum=20 SX=32 SY=128 W=32 H=32 X=384 Y=32
2026-08-21 01:48:13 [INFO] Grh=1507 Frame=374 FileNum=20 SX=64 SY=128 W=32 H=32 X=416 Y=32
2026-08-21 01:48:13 [INFO] Grh=1508 Frame=375 FileNum=20 SX=96 SY=128 W=32 H=32 X=448 Y=32
2026-08-21 01:48:13 [INFO] Grh=1505 Frame=372 FileNum=20 SX=0 SY=128 W=32 H=32 X=480 Y=32
2026-08-21 01:48:13 [INFO] Grh=1506 Frame=373 FileNum=20 SX=32 SY=128 W=32 H=32 X=512 Y=32
2026-08-21 01:48:13 [INFO] Grh=1507 Frame=374 FileNum=20 SX=64 SY=128 W=32 H=32 X=544 Y=32
2026-08-21 01:48:13 [INFO] Grh=1513 Frame=380 FileNum=20 SX=0 SY=192 W=32 H=32 X=-32 Y=64
2026-08-21 01:48:13 [INFO] Grh=1514 Frame=381 FileNum=20 SX=32 SY=192 W=32 H=32 X=0 Y=64
2026-08-21 01:48:13 [INFO] Grh=1515 Frame=382 FileNum=20 SX=64 SY=192 W=32 H=32 X=32 Y=64
2026-08-21 01:48:13 [INFO] Grh=1516 Frame=383 FileNum=20 SX=96 SY=192 W=32 H=32 X=64 Y=64
2026-08-21 01:48:13 [INFO] Grh=1513 Frame=380 FileNum=20 SX=0 SY=192 W=32 H=32 X=96 Y=64
2026-08-21 01:48:13 [INFO] Grh=1514 Frame=381 FileNum=20 SX=32 SY=192 W=32 H=32 X=128 Y=64
2026-08-21 01:48:13 [INFO] Grh=1515 Frame=382 FileNum=20 SX=64 SY=192 W=32 H=32 X=160 Y=64
2026-08-21 01:48:13 [INFO] Grh=1516 Frame=383 FileNum=20 SX=96 SY=192 W=32 H=32 X=192 Y=64
2026-08-21 01:48:13 [INFO] Grh=1513 Frame=380 FileNum=20 SX=0 SY=192 W=32 H=32 X=224 Y=64
2026-08-21 01:48:13 [INFO] Grh=1514 Frame=381 FileNum=20 SX=32 SY=192 W=32 H=32 X=256 Y=64
2026-08-21 01:48:13 [INFO] Grh=1515 Frame=382 FileNum=20 SX=64 SY=192 W=32 H=32 X=288 Y=64
2026-08-21 01:48:13 [INFO] Grh=1516 Frame=383 FileNum=20 SX=96 SY=192 W=32 H=32 X=320 Y=64
2026-08-21 01:48:13 [INFO] Grh=1513 Frame=380 FileNum=20 SX=0 SY=192 W=32 H=32 X=352 Y=64
2026-08-21 01:48:13 [INFO] Grh=1514 Frame=381 FileNum=20 SX=32 SY=192 W=32 H=32 X=384 Y=64
2026-08-21 01:48:13 [INFO] Grh=1515 Frame=382 FileNum=20 SX=64 SY=192 W=32 H=32 X=416 Y=64
2026-08-21 01:48:13 [INFO] Grh=1516 Frame=383 FileNum=20 SX=96 SY=192 W=32 H=32 X=448 Y=64
2026-08-21 01:48:13 [INFO] Grh=1513 Frame=380 FileNum=20 SX=0 SY=192 W=32 H=32 X=480 Y=64
2026-08-21 01:48:13 [INFO] Grh=1514 Frame=381 FileNum=20 SX=32 SY=192 W=32 H=32 X=512 Y=64
2026-08-21 01:48:13 [INFO] Grh=1515 Frame=382 FileNum=20 SX=64 SY=192 W=32 H=32 X=544 Y=64
2026-08-21 01:48:13 [INFO] Grh=1505 Frame=372 FileNum=20 SX=0 SY=128 W=32 H=32 X=-32 Y=96
2026-08-21 01:48:13 [INFO] Grh=1506 Frame=373 FileNum=20 SX=32 SY=128 W=32 H=32 X=0 Y=96
2026-08-21 01:48:13 [INFO] Grh=1507 Frame=374 FileNum=20 SX=64 SY=128 W=32 H=32 X=32 Y=96
2026-08-21 01:48:13 [INFO] Grh=1508 Frame=375 FileNum=20 SX=96 SY=128 W=32 H=32 X=64 Y=96
2026-08-21 01:48:13 [INFO] Grh=1505 Frame=372 FileNum=20 SX=0 SY=128 W=32 H=32 X=96 Y=96
2026-08-21 01:48:13 [INFO] Grh=1506 Frame=373 FileNum=20 SX=32 SY=128 W=32 H=32 X=128 Y=96
2026-08-21 01:48:13 [INFO] Grh=1507 Frame=374 FileNum=20 SX=64 SY=128 W=32 H=32 X=160 Y=96
2026-08-21 01:48:13 [INFO] Grh=1508 Frame=375 FileNum=20 SX=96 SY=128 W=32 H=32 X=192 Y=96
2026-08-21 01:48:13 [INFO] Grh=1505 Frame=372 FileNum=20 SX=0 SY=128 W=32 H=32 X=224 Y=96
2026-08-21 01:48:13 [INFO] Grh=1506 Frame=373 FileNum=20 SX=32 SY=128 W=32 H=32 X=256 Y=96
2026-08-21 01:48:13 [INFO] Grh=1507 Frame=374 FileNum=20 SX=64 SY=128 W=32 H=32 X=288 Y=96
2026-08-21 01:48:13 [INFO] Grh=1508 Frame=375 FileNum=20 SX=96 SY=128 W=32 H=32 X=320 Y=96
2026-08-21 01:48:13 [INFO] Grh=1505 Frame=372 FileNum=20 SX=0 SY=128 W=32 H=32 X=352 Y=96
2026-08-21 01:48:13 [INFO] Grh=1506 Frame=373 FileNum=20 SX=32 SY=128 W=32 H=32 X=384 Y=96
2026-08-21 01:48:13 [INFO] Grh=1507 Frame=374 FileNum=20 SX=64 SY=128 W=32 H=32 X=416 Y=96
2026-08-21 01:48:13 [INFO] Grh=1508 Frame=375 FileNum=20 SX=96 SY=128 W=32 H=32 X=448 Y=96
2026-08-21 01:48:13 [INFO] Grh=1505 Frame=372 FileNum=20 SX=0 SY=128 W=32 H=32 X=480 Y=96
2026-08-21 01:48:13 [INFO] Grh=1506 Frame=373 FileNum=20 SX=32 SY=128 W=32 H=32 X=512 Y=96
2026-08-21 01:48:13 [INFO] Grh=1507 Frame=374 FileNum=20 SX=64 SY=128 W=32 H=32 X=544 Y=96
2026-08-21 01:48:13 [INFO] Grh=1513 Frame=380 FileNum=20 SX=0 SY=192 W=32 H=32 X=-32 Y=128
2026-08-21 01:48:13 [INFO] Grh=1514 Frame=381 FileNum=20 SX=32 SY=192 W=32 H=32 X=0 Y=128
2026-08-21 01:48:13 [INFO] Grh=1515 Frame=382 FileNum=20 SX=64 SY=192 W=32 H=32 X=32 Y=128
2026-08-21 01:48:13 [INFO] Grh=1516 Frame=383 FileNum=20 SX=96 SY=192 W=32 H=32 X=64 Y=128
2026-08-21 01:48:13 [INFO] Grh=1513 Frame=380 FileNum=20 SX=0 SY=192 W=32 H=32 X=96 Y=128
2026-08-21 01:48:13 [INFO] Grh=1514 Frame=381 FileNum=20 SX=32 SY=192 W=32 H=32 X=128 Y=128
2026-08-21 01:48:13 [INFO] Grh=1515 Frame=382 FileNum=20 SX=64 SY=192 W=32 H=32 X=160 Y=128
2026-08-21 01:48:13 [INFO] Grh=1516 Frame=383 FileNum=20 SX=96 SY=192 W=32 H=32 X=192 Y=128
2026-08-21 01:48:13 [INFO] Grh=1513 Frame=380 FileNum=20 SX=0 SY=192 W=32 H=32 X=224 Y=128
2026-08-21 01:48:13 [INFO] Grh=1514 Frame=381 FileNum=20 SX=32 SY=192 W=32 H=32 X=256 Y=128
2026-08-21 01:48:13 [INFO] Grh=1515 Frame=382 FileNum=20 SX=64 SY=192 W=32 H=32 X=288 Y=128
2026-08-21 01:48:13 [INFO] Grh=1516 Frame=383 FileNum=20 SX=96 SY=192 W=32 H=32 X=320 Y=128
2026-08-21 01:48:13 [INFO] Grh=1513 Frame=380 FileNum=20 SX=0 SY=192 W=32 H=32 X=352 Y=128
2026-08-21 01:48:13 [INFO] Grh=1514 Frame=381 FileNum=20 SX=32 SY=192 W=32 H=32 X=384 Y=128
2026-08-21 01:48:13 [INFO] Grh=1515 Frame=382 FileNum=20 SX=64 SY=192 W=32 H=32 X=416 Y=128
2026-08-21 01:48:13 [INFO] Grh=1516 Frame=383 FileNum=20 SX=96 SY=192 W=32 H=32 X=448 Y=128
2026-08-21 01:48:13 [INFO] Grh=1513 Frame=380 FileNum=20 SX=0 SY=192 W=32 H=32 X=480 Y=128
2026-08-21 01:48:13 [INFO] Grh=1514 Frame=381 FileNum=20 SX=32 SY=192 W=32 H=32 X=512 Y=128
2026-08-21 01:48:13 [INFO] Grh=1515 Frame=382 FileNum=20 SX=64 SY=192 W=32 H=32 X=544 Y=128
2026-08-21 01:48:13 [INFO] Grh=1505 Frame=372 FileNum=20 SX=0 SY=128 W=32 H=32 X=-32 Y=160
2026-08-21 01:48:13 [INFO] Grh=1506 Frame=373 FileNum=20 SX=32 SY=128 W=32 H=32 X=0 Y=160
2026-08-21 01:48:13 [INFO] Grh=1507 Frame=374 FileNum=20 SX=64 SY=128 W=32 H=32 X=32 Y=160
2026-08-21 01:48:13 [INFO] Grh=1508 Frame=375 FileNum=20 SX=96 SY=128 W=32 H=32 X=64 Y=160
2026-08-21 01:48:13 [INFO] Grh=1505 Frame=372 FileNum=20 SX=0 SY=128 W=32 H=32 X=96 Y=160
2026-08-21 01:48:13 [INFO] Grh=1506 Frame=373 FileNum=20 SX=32 SY=128 W=32 H=32 X=128 Y=160
2026-08-21 01:48:13 [INFO] Grh=1507 Frame=374 FileNum=20 SX=64 SY=128 W=32 H=32 X=160 Y=160
2026-08-21 01:48:13 [INFO] Grh=1508 Frame=375 FileNum=20 SX=96 SY=128 W=32 H=32 X=192 Y=160
2026-08-21 01:48:13 [INFO] Grh=1505 Frame=372 FileNum=20 SX=0 SY=128 W=32 H=32 X=224 Y=160
2026-08-21 01:48:13 [INFO] Grh=1506 Frame=373 FileNum=20 SX=32 SY=128 W=32 H=32 X=256 Y=160
2026-08-21 01:48:13 [INFO] Grh=1507 Frame=374 FileNum=20 SX=64 SY=128 W=32 H=32 X=288 Y=160
2026-08-21 01:48:13 [INFO] Grh=1508 Frame=375 FileNum=20 SX=96 SY=128 W=32 H=32 X=320 Y=160
2026-08-21 01:48:13 [INFO] Grh=1505 Frame=372 FileNum=20 SX=0 SY=128 W=32 H=32 X=352 Y=160
2026-08-21 01:48:13 [INFO] Grh=1506 Frame=373 FileNum=20 SX=32 SY=128 W=32 H=32 X=384 Y=160
2026-08-21 01:48:13 [INFO] Grh=1507 Frame=374 FileNum=20 SX=64 SY=128 W=32 H=32 X=416 Y=160
2026-08-21 01:48:13 [INFO] Grh=1508 Frame=375 FileNum=20 SX=96 SY=128 W=32 H=32 X=448 Y=160
2026-08-21 01:48:13 [INFO] Grh=1505 Frame=372 FileNum=20 SX=0 SY=128 W=32 H=32 X=480 Y=160
2026-08-21 01:48:13 [INFO] Grh=1506 Frame=373 FileNum=20 SX=32 SY=128 W=32 H=32 X=512 Y=160
2026-08-21 01:48:13 [INFO] Grh=1507 Frame=374 FileNum=20 SX=64 SY=128 W=32 H=32 X=544 Y=160
2026-08-21 01:48:13 [INFO] Grh=1513 Frame=380 FileNum=20 SX=0 SY=192 W=32 H=32 X=-32 Y=192
2026-08-21 01:48:13 [INFO] Grh=1514 Frame=381 FileNum=20 SX=32 SY=192 W=32 H=32 X=0 Y=192
2026-08-21 01:48:13 [INFO] Grh=1515 Frame=382 FileNum=20 SX=64 SY=192 W=32 H=32 X=32 Y=192
2026-08-21 01:48:13 [INFO] Grh=1516 Frame=383 FileNum=20 SX=96 SY=192 W=32 H=32 X=64 Y=192
2026-08-21 01:48:13 [INFO] Grh=1513 Frame=380 FileNum=20 SX=0 SY=192 W=32 H=32 X=96 Y=192
2026-08-21 01:48:13 [INFO] Grh=1514 Frame=381 FileNum=20 SX=32 SY=192 W=32 H=32 X=128 Y=192
2026-08-21 01:48:13 [INFO] Grh=1515 Frame=382 FileNum=20 SX=64 SY=192 W=32 H=32 X=160 Y=192
2026-08-21 01:48:13 [INFO] Grh=1516 Frame=383 FileNum=20 SX=96 SY=192 W=32 H=32 X=192 Y=192
2026-08-21 01:48:13 [INFO] Grh=1513 Frame=380 FileNum=20 SX=0 SY=192 W=32 H=32 X=224 Y=192
2026-08-21 01:48:13 [INFO] Grh=1514 Frame=381 FileNum=20 SX=32 SY=192 W=32 H=32 X=256 Y=192
2026-08-21 01:48:13 [INFO] Grh=1515 Frame=382 FileNum=20 SX=64 SY=192 W=32 H=32 X=288 Y=192
2026-08-21 01:48:13 [INFO] Grh=1516 Frame=383 FileNum=20 SX=96 SY=192 W=32 H=32 X=320 Y=192
2026-08-21 01:48:13 [INFO] Grh=1513 Frame=380 FileNum=20 SX=0 SY=192 W=32 H=32 X=352 Y=192
2026-08-21 01:48:13 [INFO] Grh=1514 Frame=381 FileNum=20 SX=32 SY=192 W=32 H=32 X=384 Y=192
2026-08-21 01:48:13 [INFO] Grh=1515 Frame=382 FileNum=20 SX=64 SY=192 W=32 H=32 X=416 Y=192
2026-08-21 01:48:13 [INFO] Grh=1516 Frame=383 FileNum=20 SX=96 SY=192 W=32 H=32 X=448 Y=192
2026-08-21 01:48:13 [INFO] Grh=1513 Frame=380 FileNum=20 SX=0 SY=192 W=32 H=32 X=480 Y=192
2026-08-21 01:48:13 [INFO] Grh=1514 Frame=381 FileNum=20 SX=32 SY=192 W=32 H=32 X=512 Y=192
2026-08-21 01:48:13 [INFO] Grh=1515 Frame=382 FileNum=20 SX=64 SY=192 W=32 H=32 X=544 Y=192
2026-08-21 01:48:13 [INFO] Grh=6000 Frame=6000 FileNum=6000 SX=0 SY=0 W=32 H=32 X=-32 Y=-32
2026-08-21 01:48:13 [INFO] Grh=6001 Frame=6001 FileNum=6000 SX=32 SY=0 W=32 H=32 X=0 Y=-32
2026-08-21 01:48:13 [INFO] Grh=6002 Frame=6002 FileNum=6000 SX=64 SY=0 W=32 H=32 X=32 Y=-32
2026-08-21 01:48:13 [INFO] Grh=6003 Frame=6003 FileNum=6000 SX=96 SY=0 W=32 H=32 X=64 Y=-32
2026-08-21 01:48:13 [INFO] Grh=6000 Frame=6000 FileNum=6000 SX=0 SY=0 W=32 H=32 X=96 Y=-32
2026-08-21 01:48:13 [INFO] Grh=6001 Frame=6001 FileNum=6000 SX=32 SY=0 W=32 H=32 X=128 Y=-32
2026-08-21 01:48:13 [INFO] Grh=6002 Frame=6002 FileNum=6000 SX=64 SY=0 W=32 H=32 X=160 Y=-32
2026-08-21 01:48:13 [INFO] Grh=6003 Frame=6003 FileNum=6000 SX=96 SY=0 W=32 H=32 X=192 Y=-32
2026-08-21 01:48:13 [INFO] Grh=6000 Frame=6000 FileNum=6000 SX=0 SY=0 W=32 H=32 X=224 Y=-32
2026-08-21 01:48:13 [INFO] Grh=6001 Frame=6001 FileNum=6000 SX=32 SY=0 W=32 H=32 X=256 Y=-32
2026-08-21 01:48:13 [INFO] Grh=6002 Frame=6002 FileNum=6000 SX=64 SY=0 W=32 H=32 X=288 Y=-32
2026-08-21 01:48:13 [INFO] Grh=6003 Frame=6003 FileNum=6000 SX=96 SY=0 W=32 H=32 X=320 Y=-32
2026-08-21 01:48:13 [INFO] Grh=6000 Frame=6000 FileNum=6000 SX=0 SY=0 W=32 H=32 X=352 Y=-32
2026-08-21 01:48:13 [INFO] Grh=6001 Frame=6001 FileNum=6000 SX=32 SY=0 W=32 H=32 X=384 Y=-32
2026-08-21 01:48:13 [INFO] Grh=6002 Frame=6002 FileNum=6000 SX=64 SY=0 W=32 H=32 X=416 Y=-32
2026-08-21 01:48:13 [INFO] Grh=6003 Frame=6003 FileNum=6000 SX=96 SY=0 W=32 H=32 X=448 Y=-32
2026-08-21 01:48:13 [INFO] Grh=6000 Frame=6000 FileNum=6000 SX=0 SY=0 W=32 H=32 X=480 Y=-32
2026-08-21 01:48:13 [INFO] Grh=6001 Frame=6001 FileNum=6000 SX=32 SY=0 W=32 H=32 X=512 Y=-32
2026-08-21 01:48:13 [INFO] Grh=6002 Frame=6002 FileNum=6000 SX=64 SY=0 W=32 H=32 X=544 Y=-32
2026-08-21 01:48:13 [INFO] Grh=6008 Frame=6008 FileNum=6000 SX=0 SY=64 W=32 H=32 X=-32 Y=0
2026-08-21 01:48:13 [INFO] Grh=6009 Frame=6009 FileNum=6000 SX=32 SY=64 W=32 H=32 X=0 Y=0
2026-08-21 01:48:13 [INFO] Grh=6010 Frame=6010 FileNum=6000 SX=64 SY=64 W=32 H=32 X=32 Y=0
2026-08-21 01:48:13 [INFO] Grh=6011 Frame=6011 FileNum=6000 SX=96 SY=64 W=32 H=32 X=64 Y=0
2026-08-21 01:48:13 [INFO] Grh=6008 Frame=6008 FileNum=6000 SX=0 SY=64 W=32 H=32 X=96 Y=0
2026-08-21 01:48:13 [INFO] Grh=6009 Frame=6009 FileNum=6000 SX=32 SY=64 W=32 H=32 X=128 Y=0
2026-08-21 01:48:13 [INFO] Grh=6010 Frame=6010 FileNum=6000 SX=64 SY=64 W=32 H=32 X=160 Y=0
2026-08-21 01:48:13 [INFO] Grh=6011 Frame=6011 FileNum=6000 SX=96 SY=64 W=32 H=32 X=192 Y=0
2026-08-21 01:48:13 [INFO] Grh=6008 Frame=6008 FileNum=6000 SX=0 SY=64 W=32 H=32 X=224 Y=0
2026-08-21 01:48:13 [INFO] Grh=6009 Frame=6009 FileNum=6000 SX=32 SY=64 W=32 H=32 X=256 Y=0
2026-08-21 01:48:13 [INFO] Grh=6010 Frame=6010 FileNum=6000 SX=64 SY=64 W=32 H=32 X=288 Y=0
2026-08-21 01:48:13 [INFO] Grh=6011 Frame=6011 FileNum=6000 SX=96 SY=64 W=32 H=32 X=320 Y=0
2026-08-21 01:48:13 [INFO] Grh=6008 Frame=6008 FileNum=6000 SX=0 SY=64 W=32 H=32 X=352 Y=0
2026-08-21 01:48:13 [INFO] Grh=6009 Frame=6009 FileNum=6000 SX=32 SY=64 W=32 H=32 X=384 Y=0
2026-08-21 01:48:13 [INFO] Grh=6010 Frame=6010 FileNum=6000 SX=64 SY=64 W=32 H=32 X=416 Y=0
2026-08-21 01:48:13 [INFO] Grh=6011 Frame=6011 FileNum=6000 SX=96 SY=64 W=32 H=32 X=448 Y=0
2026-08-21 01:48:13 [INFO] Grh=6008 Frame=6008 FileNum=6000 SX=0 SY=64 W=32 H=32 X=480 Y=0
2026-08-21 01:48:13 [INFO] Grh=6009 Frame=6009 FileNum=6000 SX=32 SY=64 W=32 H=32 X=512 Y=0
2026-08-21 01:48:13 [INFO] Grh=6010 Frame=6010 FileNum=6000 SX=64 SY=64 W=32 H=32 X=544 Y=0
2026-08-21 01:48:13 [INFO] Grh=1505 Frame=340 FileNum=20 SX=128 SY=0 W=32 H=32 X=-32 Y=32
2026-08-21 01:48:13 [INFO] Grh=1506 Frame=341 FileNum=20 SX=160 SY=0 W=32 H=32 X=0 Y=32
2026-08-21 01:48:13 [INFO] Grh=1507 Frame=342 FileNum=20 SX=192 SY=0 W=32 H=32 X=32 Y=32
2026-08-21 01:48:13 [INFO] Grh=1508 Frame=343 FileNum=20 SX=224 SY=0 W=32 H=32 X=64 Y=32
2026-08-21 01:48:13 [INFO] Grh=1505 Frame=340 FileNum=20 SX=128 SY=0 W=32 H=32 X=96 Y=32
2026-08-21 01:48:13 [INFO] Grh=1506 Frame=341 FileNum=20 SX=160 SY=0 W=32 H=32 X=128 Y=32
2026-08-21 01:48:13 [INFO] Grh=1507 Frame=342 FileNum=20 SX=192 SY=0 W=32 H=32 X=160 Y=32
2026-08-21 01:48:13 [INFO] Grh=1508 Frame=343 FileNum=20 SX=224 SY=0 W=32 H=32 X=192 Y=32
2026-08-21 01:48:13 [INFO] Grh=1505 Frame=340 FileNum=20 SX=128 SY=0 W=32 H=32 X=224 Y=32
2026-08-21 01:48:13 [INFO] Grh=1506 Frame=341 FileNum=20 SX=160 SY=0 W=32 H=32 X=256 Y=32
2026-08-21 01:48:13 [INFO] Grh=1507 Frame=342 FileNum=20 SX=192 SY=0 W=32 H=32 X=288 Y=32
2026-08-21 01:48:13 [INFO] Grh=1508 Frame=343 FileNum=20 SX=224 SY=0 W=32 H=32 X=320 Y=32
2026-08-21 01:48:13 [INFO] Grh=1505 Frame=340 FileNum=20 SX=128 SY=0 W=32 H=32 X=352 Y=32
2026-08-21 01:48:13 [INFO] Grh=1506 Frame=341 FileNum=20 SX=160 SY=0 W=32 H=32 X=384 Y=32
2026-08-21 01:48:13 [INFO] Grh=1507 Frame=342 FileNum=20 SX=192 SY=0 W=32 H=32 X=416 Y=32
2026-08-21 01:48:13 [INFO] Grh=1508 Frame=343 FileNum=20 SX=224 SY=0 W=32 H=32 X=448 Y=32
2026-08-21 01:48:13 [INFO] Grh=1505 Frame=340 FileNum=20 SX=128 SY=0 W=32 H=32 X=480 Y=32
2026-08-21 01:48:13 [INFO] Grh=1506 Frame=341 FileNum=20 SX=160 SY=0 W=32 H=32 X=512 Y=32
2026-08-21 01:48:13 [INFO] Grh=1507 Frame=342 FileNum=20 SX=192 SY=0 W=32 H=32 X=544 Y=32
2026-08-21 01:48:13 [INFO] Grh=1513 Frame=348 FileNum=20 SX=128 SY=64 W=32 H=32 X=-32 Y=64
2026-08-21 01:48:13 [INFO] Grh=1514 Frame=349 FileNum=20 SX=160 SY=64 W=32 H=32 X=0 Y=64
2026-08-21 01:48:13 [INFO] Grh=1515 Frame=350 FileNum=20 SX=192 SY=64 W=32 H=32 X=32 Y=64
2026-08-21 01:48:13 [INFO] Grh=1516 Frame=351 FileNum=20 SX=224 SY=64 W=32 H=32 X=64 Y=64
2026-08-21 01:48:13 [INFO] Grh=1513 Frame=348 FileNum=20 SX=128 SY=64 W=32 H=32 X=96 Y=64
2026-08-21 01:48:13 [INFO] Grh=1514 Frame=349 FileNum=20 SX=160 SY=64 W=32 H=32 X=128 Y=64
2026-08-21 01:48:13 [INFO] Grh=1515 Frame=350 FileNum=20 SX=192 SY=64 W=32 H=32 X=160 Y=64
2026-08-21 01:48:13 [INFO] Grh=1516 Frame=351 FileNum=20 SX=224 SY=64 W=32 H=32 X=192 Y=64
2026-08-21 01:48:13 [INFO] Grh=1513 Frame=348 FileNum=20 SX=128 SY=64 W=32 H=32 X=224 Y=64
2026-08-21 01:48:13 [INFO] Grh=1514 Frame=349 FileNum=20 SX=160 SY=64 W=32 H=32 X=256 Y=64
2026-08-21 01:48:13 [INFO] Grh=1515 Frame=350 FileNum=20 SX=192 SY=64 W=32 H=32 X=288 Y=64
2026-08-21 01:48:13 [INFO] Grh=1516 Frame=351 FileNum=20 SX=224 SY=64 W=32 H=32 X=320 Y=64
2026-08-21 01:48:13 [INFO] Grh=1513 Frame=348 FileNum=20 SX=128 SY=64 W=32 H=32 X=352 Y=64
2026-08-21 01:48:13 [INFO] Grh=1514 Frame=349 FileNum=20 SX=160 SY=64 W=32 H=32 X=384 Y=64
2026-08-21 01:48:13 [INFO] Grh=1515 Frame=350 FileNum=20 SX=192 SY=64 W=32 H=32 X=416 Y=64
2026-08-21 01:48:13 [INFO] Grh=1516 Frame=351 FileNum=20 SX=224 SY=64 W=32 H=32 X=448 Y=64
2026-08-21 01:48:13 [INFO] Grh=1513 Frame=348 FileNum=20 SX=128 SY=64 W=32 H=32 X=480 Y=64
2026-08-21 01:48:13 [INFO] Grh=1514 Frame=349 FileNum=20 SX=160 SY=64 W=32 H=32 X=512 Y=64
2026-08-21 01:48:13 [INFO] Grh=1515 Frame=350 FileNum=20 SX=192 SY=64 W=32 H=32 X=544 Y=64
2026-08-21 01:48:13 [INFO] Grh=1505 Frame=340 FileNum=20 SX=128 SY=0 W=32 H=32 X=-32 Y=96
2026-08-21 01:48:13 [INFO] Grh=1506 Frame=341 FileNum=20 SX=160 SY=0 W=32 H=32 X=0 Y=96
2026-08-21 01:48:13 [INFO] Grh=1507 Frame=342 FileNum=20 SX=192 SY=0 W=32 H=32 X=32 Y=96
2026-08-21 01:48:13 [INFO] Grh=1508 Frame=343 FileNum=20 SX=224 SY=0 W=32 H=32 X=64 Y=96
2026-08-21 01:48:13 [INFO] Grh=1505 Frame=340 FileNum=20 SX=128 SY=0 W=32 H=32 X=96 Y=96
2026-08-21 01:48:13 [INFO] Grh=1506 Frame=341 FileNum=20 SX=160 SY=0 W=32 H=32 X=128 Y=96
2026-08-21 01:48:13 [INFO] Grh=1507 Frame=342 FileNum=20 SX=192 SY=0 W=32 H=32 X=160 Y=96
2026-08-21 01:48:13 [INFO] Grh=1508 Frame=343 FileNum=20 SX=224 SY=0 W=32 H=32 X=192 Y=96
2026-08-21 01:48:14 [INFO] Grh=1505 Frame=340 FileNum=20 SX=128 SY=0 W=32 H=32 X=224 Y=96
2026-08-21 01:48:14 [INFO] Grh=1506 Frame=341 FileNum=20 SX=160 SY=0 W=32 H=32 X=256 Y=96
2026-08-21 01:48:14 [INFO] Grh=1507 Frame=342 FileNum=20 SX=192 SY=0 W=32 H=32 X=288 Y=96
2026-08-21 01:48:14 [INFO] Grh=1508 Frame=343 FileNum=20 SX=224 SY=0 W=32 H=32 X=320 Y=96
2026-08-21 01:48:14 [INFO] Grh=1505 Frame=340 FileNum=20 SX=128 SY=0 W=32 H=32 X=352 Y=96
2026-08-21 01:48:14 [INFO] Grh=1506 Frame=341 FileNum=20 SX=160 SY=0 W=32 H=32 X=384 Y=96
2026-08-21 01:48:14 [INFO] Grh=1507 Frame=342 FileNum=20 SX=192 SY=0 W=32 H=32 X=416 Y=96
2026-08-21 01:48:14 [INFO] Grh=1508 Frame=343 FileNum=20 SX=224 SY=0 W=32 H=32 X=448 Y=96
2026-08-21 01:48:14 [INFO] Grh=1505 Frame=340 FileNum=20 SX=128 SY=0 W=32 H=32 X=480 Y=96
2026-08-21 01:48:14 [INFO] Grh=1506 Frame=341 FileNum=20 SX=160 SY=0 W=32 H=32 X=512 Y=96
2026-08-21 01:48:14 [INFO] Grh=1507 Frame=342 FileNum=20 SX=192 SY=0 W=32 H=32 X=544 Y=96
2026-08-21 01:48:14 [INFO] Grh=1513 Frame=348 FileNum=20 SX=128 SY=64 W=32 H=32 X=-32 Y=128
2026-08-21 01:48:14 [INFO] Grh=1514 Frame=349 FileNum=20 SX=160 SY=64 W=32 H=32 X=0 Y=128
2026-08-21 01:48:14 [INFO] Grh=1515 Frame=350 FileNum=20 SX=192 SY=64 W=32 H=32 X=32 Y=128
2026-08-21 01:48:14 [INFO] Grh=1516 Frame=351 FileNum=20 SX=224 SY=64 W=32 H=32 X=64 Y=128
2026-08-21 01:48:14 [INFO] Grh=1513 Frame=348 FileNum=20 SX=128 SY=64 W=32 H=32 X=96 Y=128
2026-08-21 01:48:14 [INFO] Grh=1514 Frame=349 FileNum=20 SX=160 SY=64 W=32 H=32 X=128 Y=128
2026-08-21 01:48:14 [INFO] Grh=1515 Frame=350 FileNum=20 SX=192 SY=64 W=32 H=32 X=160 Y=128
2026-08-21 01:48:14 [INFO] Grh=1516 Frame=351 FileNum=20 SX=224 SY=64 W=32 H=32 X=192 Y=128
2026-08-21 01:48:14 [INFO] Grh=1513 Frame=348 FileNum=20 SX=128 SY=64 W=32 H=32 X=224 Y=128
2026-08-21 01:48:14 [INFO] Grh=1514 Frame=349 FileNum=20 SX=160 SY=64 W=32 H=32 X=256 Y=128
2026-08-21 01:48:14 [INFO] Grh=1515 Frame=350 FileNum=20 SX=192 SY=64 W=32 H=32 X=288 Y=128
2026-08-21 01:48:14 [INFO] Grh=1516 Frame=351 FileNum=20 SX=224 SY=64 W=32 H=32 X=320 Y=128
2026-08-21 01:48:14 [INFO] Grh=1513 Frame=348 FileNum=20 SX=128 SY=64 W=32 H=32 X=352 Y=128
2026-08-21 01:48:14 [INFO] Grh=1514 Frame=349 FileNum=20 SX=160 SY=64 W=32 H=32 X=384 Y=128
2026-08-21 01:48:14 [INFO] Grh=1515 Frame=350 FileNum=20 SX=192 SY=64 W=32 H=32 X=416 Y=128
2026-08-21 01:48:14 [INFO] Grh=1516 Frame=351 FileNum=20 SX=224 SY=64 W=32 H=32 X=448 Y=128
2026-08-21 01:48:14 [INFO] Grh=1513 Frame=348 FileNum=20 SX=128 SY=64 W=32 H=32 X=480 Y=128
2026-08-21 01:48:14 [INFO] Grh=1514 Frame=349 FileNum=20 SX=160 SY=64 W=32 H=32 X=512 Y=128
2026-08-21 01:48:14 [INFO] Grh=1515 Frame=350 FileNum=20 SX=192 SY=64 W=32 H=32 X=544 Y=128
2026-08-21 01:48:14 [INFO] Grh=1505 Frame=340 FileNum=20 SX=128 SY=0 W=32 H=32 X=-32 Y=160
2026-08-21 01:48:14 [INFO] Grh=1506 Frame=341 FileNum=20 SX=160 SY=0 W=32 H=32 X=0 Y=160
2026-08-21 01:48:14 [INFO] Grh=1507 Frame=342 FileNum=20 SX=192 SY=0 W=32 H=32 X=32 Y=160
2026-08-21 01:48:14 [INFO] Grh=1508 Frame=343 FileNum=20 SX=224 SY=0 W=32 H=32 X=64 Y=160
2026-08-21 01:48:14 [INFO] Grh=1505 Frame=340 FileNum=20 SX=128 SY=0 W=32 H=32 X=96 Y=160
2026-08-21 01:48:14 [INFO] Grh=1506 Frame=341 FileNum=20 SX=160 SY=0 W=32 H=32 X=128 Y=160
2026-08-21 01:48:14 [INFO] Grh=1507 Frame=342 FileNum=20 SX=192 SY=0 W=32 H=32 X=160 Y=160
2026-08-21 01:48:14 [INFO] Grh=1508 Frame=343 FileNum=20 SX=224 SY=0 W=32 H=32 X=192 Y=160
2026-08-21 01:48:14 [INFO] Grh=1505 Frame=340 FileNum=20 SX=128 SY=0 W=32 H=32 X=224 Y=160
2026-08-21 01:48:14 [INFO] Grh=1506 Frame=341 FileNum=20 SX=160 SY=0 W=32 H=32 X=256 Y=160
2026-08-21 01:48:14 [INFO] Grh=1507 Frame=342 FileNum=20 SX=192 SY=0 W=32 H=32 X=288 Y=160
2026-08-21 01:48:14 [INFO] Grh=1508 Frame=343 FileNum=20 SX=224 SY=0 W=32 H=32 X=320 Y=160
2026-08-21 01:48:14 [INFO] Grh=1505 Frame=340 FileNum=20 SX=128 SY=0 W=32 H=32 X=352 Y=160
2026-08-21 01:48:14 [INFO] Grh=1506 Frame=341 FileNum=20 SX=160 SY=0 W=32 H=32 X=384 Y=160
2026-08-21 01:48:14 [INFO] Grh=1507 Frame=342 FileNum=20 SX=192 SY=0 W=32 H=32 X=416 Y=160
2026-08-21 01:48:14 [INFO] Grh=1508 Frame=343 FileNum=20 SX=224 SY=0 W=32 H=32 X=448 Y=160
2026-08-21 01:48:14 [INFO] Grh=1505 Frame=340 FileNum=20 SX=128 SY=0 W=32 H=32 X=480 Y=160
2026-08-21 01:48:14 [INFO] Grh=1506 Frame=341 FileNum=20 SX=160 SY=0 W=32 H=32 X=512 Y=160
2026-08-21 01:48:14 [INFO] Grh=1507 Frame=342 FileNum=20 SX=192 SY=0 W=32 H=32 X=544 Y=160
2026-08-21 01:48:14 [INFO] Grh=1513 Frame=348 FileNum=20 SX=128 SY=64 W=32 H=32 X=-32 Y=192
2026-08-21 01:48:14 [INFO] Grh=1514 Frame=349 FileNum=20 SX=160 SY=64 W=32 H=32 X=0 Y=192
2026-08-21 01:48:14 [INFO] Grh=1515 Frame=350 FileNum=20 SX=192 SY=64 W=32 H=32 X=32 Y=192
2026-08-21 01:48:14 [INFO] Grh=1516 Frame=351 FileNum=20 SX=224 SY=64 W=32 H=32 X=64 Y=192
2026-08-21 01:48:14 [INFO] Grh=1513 Frame=348 FileNum=20 SX=128 SY=64 W=32 H=32 X=96 Y=192
2026-08-21 01:48:14 [INFO] Grh=1514 Frame=349 FileNum=20 SX=160 SY=64 W=32 H=32 X=128 Y=192
2026-08-21 01:48:14 [INFO] Grh=1515 Frame=350 FileNum=20 SX=192 SY=64 W=32 H=32 X=160 Y=192
2026-08-21 01:48:14 [INFO] Grh=1516 Frame=351 FileNum=20 SX=224 SY=64 W=32 H=32 X=192 Y=192
2026-08-21 01:48:14 [INFO] Grh=1513 Frame=348 FileNum=20 SX=128 SY=64 W=32 H=32 X=224 Y=192
2026-08-21 01:48:14 [INFO] Grh=1514 Frame=349 FileNum=20 SX=160 SY=64 W=32 H=32 X=256 Y=192
2026-08-21 01:48:14 [INFO] Grh=1515 Frame=350 FileNum=20 SX=192 SY=64 W=32 H=32 X=288 Y=192
2026-08-21 01:48:14 [INFO] Grh=1516 Frame=351 FileNum=20 SX=224 SY=64 W=32 H=32 X=320 Y=192
2026-08-21 01:48:14 [INFO] Grh=1513 Frame=348 FileNum=20 SX=128 SY=64 W=32 H=32 X=352 Y=192
2026-08-21 01:48:14 [INFO] Grh=1514 Frame=349 FileNum=20 SX=160 SY=64 W=32 H=32 X=384 Y=192
2026-08-21 01:48:14 [INFO] Grh=1515 Frame=350 FileNum=20 SX=192 SY=64 W=32 H=32 X=416 Y=192
2026-08-21 01:48:14 [INFO] Grh=1516 Frame=351 FileNum=20 SX=224 SY=64 W=32 H=32 X=448 Y=192
2026-08-21 01:48:14 [INFO] Grh=1513 Frame=348 FileNum=20 SX=128 SY=64 W=32 H=32 X=480 Y=192
2026-08-21 01:48:14 [INFO] Grh=1514 Frame=349 FileNum=20 SX=160 SY=64 W=32 H=32 X=512 Y=192
2026-08-21 01:48:14 [INFO] Grh=1515 Frame=350 FileNum=20 SX=192 SY=64 W=32 H=32 X=544 Y=192
2026-08-21 01:48:14 [INFO] Grh=6000 Frame=6000 FileNum=6000 SX=0 SY=0 W=32 H=32 X=-32 Y=-32
2026-08-21 01:48:14 [INFO] Grh=6001 Frame=6001 FileNum=6000 SX=32 SY=0 W=32 H=32 X=0 Y=-32
2026-08-21 01:48:14 [INFO] Grh=6002 Frame=6002 FileNum=6000 SX=64 SY=0 W=32 H=32 X=32 Y=-32
2026-08-21 01:48:14 [INFO] Grh=6003 Frame=6003 FileNum=6000 SX=96 SY=0 W=32 H=32 X=64 Y=-32
2026-08-21 01:48:14 [INFO] Grh=6000 Frame=6000 FileNum=6000 SX=0 SY=0 W=32 H=32 X=96 Y=-32
2026-08-21 01:48:14 [INFO] Grh=6001 Frame=6001 FileNum=6000 SX=32 SY=0 W=32 H=32 X=128 Y=-32
2026-08-21 01:48:14 [INFO] Grh=6002 Frame=6002 FileNum=6000 SX=64 SY=0 W=32 H=32 X=160 Y=-32
2026-08-21 01:48:14 [INFO] Grh=6003 Frame=6003 FileNum=6000 SX=96 SY=0 W=32 H=32 X=192 Y=-32
2026-08-21 01:48:14 [INFO] Grh=6000 Frame=6000 FileNum=6000 SX=0 SY=0 W=32 H=32 X=224 Y=-32
2026-08-21 01:48:14 [INFO] Grh=6001 Frame=6001 FileNum=6000 SX=32 SY=0 W=32 H=32 X=256 Y=-32
2026-08-21 01:48:14 [INFO] Grh=6002 Frame=6002 FileNum=6000 SX=64 SY=0 W=32 H=32 X=288 Y=-32
2026-08-21 01:48:14 [INFO] Grh=6003 Frame=6003 FileNum=6000 SX=96 SY=0 W=32 H=32 X=320 Y=-32
2026-08-21 01:48:14 [INFO] Grh=6000 Frame=6000 FileNum=6000 SX=0 SY=0 W=32 H=32 X=352 Y=-32
2026-08-21 01:48:14 [INFO] Grh=6001 Frame=6001 FileNum=6000 SX=32 SY=0 W=32 H=32 X=384 Y=-32
2026-08-21 01:48:14 [INFO] Grh=6002 Frame=6002 FileNum=6000 SX=64 SY=0 W=32 H=32 X=416 Y=-32
2026-08-21 01:48:14 [INFO] Grh=6003 Frame=6003 FileNum=6000 SX=96 SY=0 W=32 H=32 X=448 Y=-32
2026-08-21 01:48:14 [INFO] Grh=6000 Frame=6000 FileNum=6000 SX=0 SY=0 W=32 H=32 X=480 Y=-32
2026-08-21 01:48:14 [INFO] Grh=6001 Frame=6001 FileNum=6000 SX=32 SY=0 W=32 H=32 X=512 Y=-32
2026-08-21 01:48:14 [INFO] Grh=6002 Frame=6002 FileNum=6000 SX=64 SY=0 W=32 H=32 X=544 Y=-32
2026-08-21 01:48:14 [INFO] Grh=6008 Frame=6008 FileNum=6000 SX=0 SY=64 W=32 H=32 X=-32 Y=0
2026-08-21 01:48:14 [INFO] Grh=6009 Frame=6009 FileNum=6000 SX=32 SY=64 W=32 H=32 X=0 Y=0
2026-08-21 01:48:14 [INFO] Grh=6010 Frame=6010 FileNum=6000 SX=64 SY=64 W=32 H=32 X=32 Y=0
2026-08-21 01:48:14 [INFO] Grh=6011 Frame=6011 FileNum=6000 SX=96 SY=64 W=32 H=32 X=64 Y=0
2026-08-21 01:48:14 [INFO] Grh=6008 Frame=6008 FileNum=6000 SX=0 SY=64 W=32 H=32 X=96 Y=0
2026-08-21 01:48:14 [INFO] Grh=6009 Frame=6009 FileNum=6000 SX=32 SY=64 W=32 H=32 X=128 Y=0
2026-08-21 01:48:14 [INFO] Grh=6010 Frame=6010 FileNum=6000 SX=64 SY=64 W=32 H=32 X=160 Y=0
2026-08-21 01:48:14 [INFO] Grh=6011 Frame=6011 FileNum=6000 SX=96 SY=64 W=32 H=32 X=192 Y=0
2026-08-21 01:48:14 [INFO] Grh=6008 Frame=6008 FileNum=6000 SX=0 SY=64 W=32 H=32 X=224 Y=0
2026-08-21 01:48:14 [INFO] Grh=6009 Frame=6009 FileNum=6000 SX=32 SY=64 W=32 H=32 X=256 Y=0
2026-08-21 01:48:14 [INFO] Grh=6010 Frame=6010 FileNum=6000 SX=64 SY=64 W=32 H=32 X=288 Y=0
2026-08-21 01:48:14 [INFO] Grh=6011 Frame=6011 FileNum=6000 SX=96 SY=64 W=32 H=32 X=320 Y=0
2026-08-21 01:48:14 [INFO] Grh=6008 Frame=6008 FileNum=6000 SX=0 SY=64 W=32 H=32 X=352 Y=0
2026-08-21 01:48:14 [INFO] Grh=6009 Frame=6009 FileNum=6000 SX=32 SY=64 W=32 H=32 X=384 Y=0
2026-08-21 01:48:14 [INFO] Grh=6010 Frame=6010 FileNum=6000 SX=64 SY=64 W=32 H=32 X=416 Y=0
2026-08-21 01:48:14 [INFO] Grh=6011 Frame=6011 FileNum=6000 SX=96 SY=64 W=32 H=32 X=448 Y=0
2026-08-21 01:48:14 [INFO] Grh=6008 Frame=6008 FileNum=6000 SX=0 SY=64 W=32 H=32 X=480 Y=0
2026-08-21 01:48:14 [INFO] Grh=6009 Frame=6009 FileNum=6000 SX=32 SY=64 W=32 H=32 X=512 Y=0
2026-08-21 01:48:14 [INFO] Grh=6010 Frame=6010 FileNum=6000 SX=64 SY=64 W=32 H=32 X=544 Y=0
2026-08-21 01:48:14 [INFO] Grh=1505 Frame=356 FileNum=20 SX=256 SY=0 W=32 H=32 X=-32 Y=32
2026-08-21 01:48:14 [INFO] Grh=1506 Frame=357 FileNum=20 SX=288 SY=0 W=32 H=32 X=0 Y=32
2026-08-21 01:48:14 [INFO] Grh=1507 Frame=358 FileNum=20 SX=320 SY=0 W=32 H=32 X=32 Y=32
2026-08-21 01:48:14 [INFO] Grh=1508 Frame=359 FileNum=20 SX=352 SY=0 W=32 H=32 X=64 Y=32
2026-08-21 01:48:14 [INFO] Grh=1505 Frame=356 FileNum=20 SX=256 SY=0 W=32 H=32 X=96 Y=32
2026-08-21 01:48:14 [INFO] Grh=1506 Frame=357 FileNum=20 SX=288 SY=0 W=32 H=32 X=128 Y=32
2026-08-21 01:48:14 [INFO] Grh=1507 Frame=358 FileNum=20 SX=320 SY=0 W=32 H=32 X=160 Y=32
2026-08-21 01:48:14 [INFO] Grh=1508 Frame=359 FileNum=20 SX=352 SY=0 W=32 H=32 X=192 Y=32
2026-08-21 01:48:14 [INFO] Grh=1505 Frame=356 FileNum=20 SX=256 SY=0 W=32 H=32 X=224 Y=32
2026-08-21 01:48:14 [INFO] Grh=1506 Frame=357 FileNum=20 SX=288 SY=0 W=32 H=32 X=256 Y=32
2026-08-21 01:48:14 [INFO] Grh=1507 Frame=358 FileNum=20 SX=320 SY=0 W=32 H=32 X=288 Y=32
2026-08-21 01:48:14 [INFO] Grh=1508 Frame=359 FileNum=20 SX=352 SY=0 W=32 H=32 X=320 Y=32
2026-08-21 01:48:14 [INFO] Grh=1505 Frame=356 FileNum=20 SX=256 SY=0 W=32 H=32 X=352 Y=32
2026-08-21 01:48:14 [INFO] Grh=1506 Frame=357 FileNum=20 SX=288 SY=0 W=32 H=32 X=384 Y=32
2026-08-21 01:48:14 [INFO] Grh=1507 Frame=358 FileNum=20 SX=320 SY=0 W=32 H=32 X=416 Y=32
2026-08-21 01:48:14 [INFO] Grh=1508 Frame=359 FileNum=20 SX=352 SY=0 W=32 H=32 X=448 Y=32
2026-08-21 01:48:14 [INFO] Grh=1505 Frame=356 FileNum=20 SX=256 SY=0 W=32 H=32 X=480 Y=32
2026-08-21 01:48:14 [INFO] Grh=1506 Frame=357 FileNum=20 SX=288 SY=0 W=32 H=32 X=512 Y=32
2026-08-21 01:48:14 [INFO] Grh=1507 Frame=358 FileNum=20 SX=320 SY=0 W=32 H=32 X=544 Y=32
2026-08-21 01:48:14 [INFO] Grh=1513 Frame=364 FileNum=20 SX=256 SY=64 W=32 H=32 X=-32 Y=64
2026-08-21 01:48:14 [INFO] Grh=1514 Frame=365 FileNum=20 SX=288 SY=64 W=32 H=32 X=0 Y=64
2026-08-21 01:48:14 [INFO] Grh=1515 Frame=366 FileNum=20 SX=320 SY=64 W=32 H=32 X=32 Y=64
2026-08-21 01:48:14 [INFO] Grh=1516 Frame=367 FileNum=20 SX=352 SY=64 W=32 H=32 X=64 Y=64
2026-08-21 01:48:14 [INFO] Grh=1513 Frame=364 FileNum=20 SX=256 SY=64 W=32 H=32 X=96 Y=64
2026-08-21 01:48:14 [INFO] Grh=1514 Frame=365 FileNum=20 SX=288 SY=64 W=32 H=32 X=128 Y=64
2026-08-21 01:48:14 [INFO] Grh=1515 Frame=366 FileNum=20 SX=320 SY=64 W=32 H=32 X=160 Y=64
2026-08-21 01:48:14 [INFO] Grh=1516 Frame=367 FileNum=20 SX=352 SY=64 W=32 H=32 X=192 Y=64
2026-08-21 01:48:14 [INFO] Grh=1513 Frame=364 FileNum=20 SX=256 SY=64 W=32 H=32 X=224 Y=64
2026-08-21 01:48:14 [INFO] Grh=1514 Frame=365 FileNum=20 SX=288 SY=64 W=32 H=32 X=256 Y=64
2026-08-21 01:48:14 [INFO] Grh=1515 Frame=366 FileNum=20 SX=320 SY=64 W=32 H=32 X=288 Y=64
2026-08-21 01:48:14 [INFO] Grh=1516 Frame=367 FileNum=20 SX=352 SY=64 W=32 H=32 X=320 Y=64
2026-08-21 01:48:14 [INFO] Grh=1513 Frame=364 FileNum=20 SX=256 SY=64 W=32 H=32 X=352 Y=64
2026-08-21 01:48:14 [INFO] Grh=1514 Frame=365 FileNum=20 SX=288 SY=64 W=32 H=32 X=384 Y=64
2026-08-21 01:48:14 [INFO] Grh=1515 Frame=366 FileNum=20 SX=320 SY=64 W=32 H=32 X=416 Y=64
2026-08-21 01:48:14 [INFO] Grh=1516 Frame=367 FileNum=20 SX=352 SY=64 W=32 H=32 X=448 Y=64
2026-08-21 01:48:14 [INFO] Grh=1513 Frame=364 FileNum=20 SX=256 SY=64 W=32 H=32 X=480 Y=64
2026-08-21 01:48:14 [INFO] Grh=1514 Frame=365 FileNum=20 SX=288 SY=64 W=32 H=32 X=512 Y=64
2026-08-21 01:48:14 [INFO] Grh=1515 Frame=366 FileNum=20 SX=320 SY=64 W=32 H=32 X=544 Y=64
2026-08-21 01:48:14 [INFO] Grh=1505 Frame=356 FileNum=20 SX=256 SY=0 W=32 H=32 X=-32 Y=96
2026-08-21 01:48:14 [INFO] Grh=1506 Frame=357 FileNum=20 SX=288 SY=0 W=32 H=32 X=0 Y=96
2026-08-21 01:48:14 [INFO] Grh=1507 Frame=358 FileNum=20 SX=320 SY=0 W=32 H=32 X=32 Y=96
2026-08-21 01:48:14 [INFO] Grh=1508 Frame=359 FileNum=20 SX=352 SY=0 W=32 H=32 X=64 Y=96
2026-08-21 01:48:14 [INFO] Grh=1505 Frame=356 FileNum=20 SX=256 SY=0 W=32 H=32 X=96 Y=96
2026-08-21 01:48:14 [INFO] Grh=1506 Frame=357 FileNum=20 SX=288 SY=0 W=32 H=32 X=128 Y=96
2026-08-21 01:48:14 [INFO] Grh=1507 Frame=358 FileNum=20 SX=320 SY=0 W=32 H=32 X=160 Y=96
2026-08-21 01:48:14 [INFO] Grh=1508 Frame=359 FileNum=20 SX=352 SY=0 W=32 H=32 X=192 Y=96
2026-08-21 01:48:14 [INFO] Grh=1505 Frame=356 FileNum=20 SX=256 SY=0 W=32 H=32 X=224 Y=96
2026-08-21 01:48:14 [INFO] Grh=1506 Frame=357 FileNum=20 SX=288 SY=0 W=32 H=32 X=256 Y=96
2026-08-21 01:48:14 [INFO] Grh=1507 Frame=358 FileNum=20 SX=320 SY=0 W=32 H=32 X=288 Y=96
2026-08-21 01:48:14 [INFO] Grh=1508 Frame=359 FileNum=20 SX=352 SY=0 W=32 H=32 X=320 Y=96
2026-08-21 01:48:14 [INFO] Grh=1505 Frame=356 FileNum=20 SX=256 SY=0 W=32 H=32 X=352 Y=96
2026-08-21 01:48:14 [INFO] Grh=1506 Frame=357 FileNum=20 SX=288 SY=0 W=32 H=32 X=384 Y=96
2026-08-21 01:48:14 [INFO] Grh=1507 Frame=358 FileNum=20 SX=320 SY=0 W=32 H=32 X=416 Y=96
2026-08-21 01:48:14 [INFO] Grh=1508 Frame=359 FileNum=20 SX=352 SY=0 W=32 H=32 X=448 Y=96
2026-08-21 01:48:14 [INFO] Grh=1505 Frame=356 FileNum=20 SX=256 SY=0 W=32 H=32 X=480 Y=96
2026-08-21 01:48:14 [INFO] Grh=1506 Frame=357 FileNum=20 SX=288 SY=0 W=32 H=32 X=512 Y=96
2026-08-21 01:48:14 [INFO] Grh=1507 Frame=358 FileNum=20 SX=320 SY=0 W=32 H=32 X=544 Y=96
2026-08-21 01:48:14 [INFO] Grh=1513 Frame=364 FileNum=20 SX=256 SY=64 W=32 H=32 X=-32 Y=128
2026-08-21 01:48:14 [INFO] Grh=1514 Frame=365 FileNum=20 SX=288 SY=64 W=32 H=32 X=0 Y=128
2026-08-21 01:48:14 [INFO] Grh=1515 Frame=366 FileNum=20 SX=320 SY=64 W=32 H=32 X=32 Y=128
2026-08-21 01:48:14 [INFO] Grh=1516 Frame=367 FileNum=20 SX=352 SY=64 W=32 H=32 X=64 Y=128
2026-08-21 01:48:14 [INFO] Grh=1513 Frame=364 FileNum=20 SX=256 SY=64 W=32 H=32 X=96 Y=128
2026-08-21 01:48:14 [INFO] Grh=1514 Frame=365 FileNum=20 SX=288 SY=64 W=32 H=32 X=128 Y=128
2026-08-21 01:48:14 [INFO] Grh=1515 Frame=366 FileNum=20 SX=320 SY=64 W=32 H=32 X=160 Y=128
2026-08-21 01:48:14 [INFO] Grh=1516 Frame=367 FileNum=20 SX=352 SY=64 W=32 H=32 X=192 Y=128
2026-08-21 01:48:14 [INFO] Grh=1513 Frame=364 FileNum=20 SX=256 SY=64 W=32 H=32 X=224 Y=128
2026-08-21 01:48:14 [INFO] Grh=1514 Frame=365 FileNum=20 SX=288 SY=64 W=32 H=32 X=256 Y=128
2026-08-21 01:48:14 [INFO] Grh=1515 Frame=366 FileNum=20 SX=320 SY=64 W=32 H=32 X=288 Y=128
2026-08-21 01:48:14 [INFO] Grh=1516 Frame=367 FileNum=20 SX=352 SY=64 W=32 H=32 X=320 Y=128
2026-08-21 01:48:14 [INFO] Grh=1513 Frame=364 FileNum=20 SX=256 SY=64 W=32 H=32 X=352 Y=128
2026-08-21 01:48:14 [INFO] Grh=1514 Frame=365 FileNum=20 SX=288 SY=64 W=32 H=32 X=384 Y=128
2026-08-21 01:48:14 [INFO] Grh=1515 Frame=366 FileNum=20 SX=320 SY=64 W=32 H=32 X=416 Y=128
2026-08-21 01:48:14 [INFO] Grh=1516 Frame=367 FileNum=20 SX=352 SY=64 W=32 H=32 X=448 Y=128
2026-08-21 01:48:14 [INFO] Grh=1513 Frame=364 FileNum=20 SX=256 SY=64 W=32 H=32 X=480 Y=128
2026-08-21 01:48:14 [INFO] Grh=1514 Frame=365 FileNum=20 SX=288 SY=64 W=32 H=32 X=512 Y=128
2026-08-21 01:48:14 [INFO] Grh=1515 Frame=366 FileNum=20 SX=320 SY=64 W=32 H=32 X=544 Y=128
2026-08-21 01:48:14 [INFO] Grh=1505 Frame=356 FileNum=20 SX=256 SY=0 W=32 H=32 X=-32 Y=160
2026-08-21 01:48:14 [INFO] Grh=1506 Frame=357 FileNum=20 SX=288 SY=0 W=32 H=32 X=0 Y=160
2026-08-21 01:48:14 [INFO] Grh=1507 Frame=358 FileNum=20 SX=320 SY=0 W=32 H=32 X=32 Y=160
2026-08-21 01:48:14 [INFO] Grh=1508 Frame=359 FileNum=20 SX=352 SY=0 W=32 H=32 X=64 Y=160
2026-08-21 01:48:14 [INFO] Grh=1505 Frame=356 FileNum=20 SX=256 SY=0 W=32 H=32 X=96 Y=160
2026-08-21 01:48:14 [INFO] Grh=1506 Frame=357 FileNum=20 SX=288 SY=0 W=32 H=32 X=128 Y=160
2026-08-21 01:48:14 [INFO] Grh=1507 Frame=358 FileNum=20 SX=320 SY=0 W=32 H=32 X=160 Y=160
2026-08-21 01:48:14 [INFO] Grh=1508 Frame=359 FileNum=20 SX=352 SY=0 W=32 H=32 X=192 Y=160
2026-08-21 01:48:14 [INFO] Grh=1505 Frame=356 FileNum=20 SX=256 SY=0 W=32 H=32 X=224 Y=160
2026-08-21 01:48:14 [INFO] Grh=1506 Frame=357 FileNum=20 SX=288 SY=0 W=32 H=32 X=256 Y=160
2026-08-21 01:48:14 [INFO] Grh=1507 Frame=358 FileNum=20 SX=320 SY=0 W=32 H=32 X=288 Y=160
2026-08-21 01:48:14 [INFO] Grh=1508 Frame=359 FileNum=20 SX=352 SY=0 W=32 H=32 X=320 Y=160
2026-08-21 01:48:14 [INFO] Grh=1505 Frame=356 FileNum=20 SX=256 SY=0 W=32 H=32 X=352 Y=160
2026-08-21 01:48:14 [INFO] Grh=1506 Frame=357 FileNum=20 SX=288 SY=0 W=32 H=32 X=384 Y=160
2026-08-21 01:48:14 [INFO] Grh=1507 Frame=358 FileNum=20 SX=320 SY=0 W=32 H=32 X=416 Y=160
2026-08-21 01:48:14 [INFO] Grh=1508 Frame=359 FileNum=20 SX=352 SY=0 W=32 H=32 X=448 Y=160
2026-08-21 01:48:14 [INFO] Grh=1505 Frame=356 FileNum=20 SX=256 SY=0 W=32 H=32 X=480 Y=160
2026-08-21 01:48:14 [INFO] Grh=1506 Frame=357 FileNum=20 SX=288 SY=0 W=32 H=32 X=512 Y=160
2026-08-21 01:48:14 [INFO] Grh=1507 Frame=358 FileNum=20 SX=320 SY=0 W=32 H=32 X=544 Y=160
2026-08-21 01:48:14 [INFO] Grh=1513 Frame=364 FileNum=20 SX=256 SY=64 W=32 H=32 X=-32 Y=192
2026-08-21 01:48:14 [INFO] Grh=1514 Frame=365 FileNum=20 SX=288 SY=64 W=32 H=32 X=0 Y=192
2026-08-21 01:48:14 [INFO] Grh=1515 Frame=366 FileNum=20 SX=320 SY=64 W=32 H=32 X=32 Y=192
2026-08-21 01:48:14 [INFO] Grh=1516 Frame=367 FileNum=20 SX=352 SY=64 W=32 H=32 X=64 Y=192
2026-08-21 01:48:14 [INFO] Grh=1513 Frame=364 FileNum=20 SX=256 SY=64 W=32 H=32 X=96 Y=192
2026-08-21 01:48:14 [INFO] Grh=1514 Frame=365 FileNum=20 SX=288 SY=64 W=32 H=32 X=128 Y=192
2026-08-21 01:48:14 [INFO] Grh=1515 Frame=366 FileNum=20 SX=320 SY=64 W=32 H=32 X=160 Y=192
2026-08-21 01:48:14 [INFO] Grh=1516 Frame=367 FileNum=20 SX=352 SY=64 W=32 H=32 X=192 Y=192
2026-08-21 01:48:14 [INFO] Grh=1513 Frame=364 FileNum=20 SX=256 SY=64 W=32 H=32 X=224 Y=192
2026-08-21 01:48:14 [INFO] Grh=1514 Frame=365 FileNum=20 SX=288 SY=64 W=32 H=32 X=256 Y=192
2026-08-21 01:48:14 [INFO] Grh=1515 Frame=366 FileNum=20 SX=320 SY=64 W=32 H=32 X=288 Y=192
2026-08-21 01:48:14 [INFO] Grh=1516 Frame=367 FileNum=20 SX=352 SY=64 W=32 H=32 X=320 Y=192
2026-08-21 01:48:14 [INFO] Grh=1513 Frame=364 FileNum=20 SX=256 SY=64 W=32 H=32 X=352 Y=192
2026-08-21 01:48:14 [INFO] Grh=1514 Frame=365 FileNum=20 SX=288 SY=64 W=32 H=32 X=384 Y=192
2026-08-21 01:48:14 [INFO] Grh=1515 Frame=366 FileNum=20 SX=320 SY=64 W=32 H=32 X=416 Y=192
2026-08-21 01:48:14 [INFO] Grh=1516 Frame=367 FileNum=20 SX=352 SY=64 W=32 H=32 X=448 Y=192
2026-08-21 01:48:14 [INFO] Grh=1513 Frame=364 FileNum=20 SX=256 SY=64 W=32 H=32 X=480 Y=192
2026-08-21 01:48:14 [INFO] Grh=1514 Frame=365 FileNum=20 SX=288 SY=64 W=32 H=32 X=512 Y=192
2026-08-21 01:48:14 [INFO] Grh=1515 Frame=366 FileNum=20 SX=320 SY=64 W=32 H=32 X=544 Y=192
2026-08-21 01:48:14 [INFO] Grh=6000 Frame=6000 FileNum=6000 SX=0 SY=0 W=32 H=32 X=-32 Y=-32
2026-08-21 01:48:14 [INFO] Grh=6001 Frame=6001 FileNum=6000 SX=32 SY=0 W=32 H=32 X=0 Y=-32
2026-08-21 01:48:14 [INFO] Grh=6002 Frame=6002 FileNum=6000 SX=64 SY=0 W=32 H=32 X=32 Y=-32
2026-08-21 01:48:14 [INFO] Grh=6003 Frame=6003 FileNum=6000 SX=96 SY=0 W=32 H=32 X=64 Y=-32
2026-08-21 01:48:14 [INFO] Grh=6000 Frame=6000 FileNum=6000 SX=0 SY=0 W=32 H=32 X=96 Y=-32
2026-08-21 01:48:14 [INFO] Grh=6001 Frame=6001 FileNum=6000 SX=32 SY=0 W=32 H=32 X=128 Y=-32
2026-08-21 01:48:14 [INFO] Grh=6002 Frame=6002 FileNum=6000 SX=64 SY=0 W=32 H=32 X=160 Y=-32
2026-08-21 01:48:14 [INFO] Grh=6003 Frame=6003 FileNum=6000 SX=96 SY=0 W=32 H=32 X=192 Y=-32
2026-08-21 01:48:14 [INFO] Grh=6000 Frame=6000 FileNum=6000 SX=0 SY=0 W=32 H=32 X=224 Y=-32
2026-08-21 01:48:14 [INFO] Grh=6001 Frame=6001 FileNum=6000 SX=32 SY=0 W=32 H=32 X=256 Y=-32
2026-08-21 01:48:14 [INFO] Grh=6002 Frame=6002 FileNum=6000 SX=64 SY=0 W=32 H=32 X=288 Y=-32
2026-08-21 01:48:14 [INFO] Grh=6003 Frame=6003 FileNum=6000 SX=96 SY=0 W=32 H=32 X=320 Y=-32
2026-08-21 01:48:14 [INFO] Grh=6000 Frame=6000 FileNum=6000 SX=0 SY=0 W=32 H=32 X=352 Y=-32
2026-08-21 01:48:14 [INFO] Grh=6001 Frame=6001 FileNum=6000 SX=32 SY=0 W=32 H=32 X=384 Y=-32
2026-08-21 01:48:14 [INFO] Grh=6002 Frame=6002 FileNum=6000 SX=64 SY=0 W=32 H=32 X=416 Y=-32
2026-08-21 01:48:14 [INFO] Grh=6003 Frame=6003 FileNum=6000 SX=96 SY=0 W=32 H=32 X=448 Y=-32
2026-08-21 01:48:14 [INFO] Grh=6000 Frame=6000 FileNum=6000 SX=0 SY=0 W=32 H=32 X=480 Y=-32
2026-08-21 01:48:14 [INFO] Grh=6001 Frame=6001 FileNum=6000 SX=32 SY=0 W=32 H=32 X=512 Y=-32
2026-08-21 01:48:14 [INFO] Grh=6002 Frame=6002 FileNum=6000 SX=64 SY=0 W=32 H=32 X=544 Y=-32
2026-08-21 01:48:14 [INFO] Grh=6008 Frame=6008 FileNum=6000 SX=0 SY=64 W=32 H=32 X=-32 Y=0
2026-08-21 01:48:15 [INFO] Grh=6009 Frame=6009 FileNum=6000 SX=32 SY=64 W=32 H=32 X=0 Y=0
2026-08-21 01:48:15 [INFO] Grh=6010 Frame=6010 FileNum=6000 SX=64 SY=64 W=32 H=32 X=32 Y=0
2026-08-21 01:48:15 [INFO] Grh=6011 Frame=6011 FileNum=6000 SX=96 SY=64 W=32 H=32 X=64 Y=0
2026-08-21 01:48:15 [INFO] Grh=6008 Frame=6008 FileNum=6000 SX=0 SY=64 W=32 H=32 X=96 Y=0
2026-08-21 01:48:15 [INFO] Grh=6009 Frame=6009 FileNum=6000 SX=32 SY=64 W=32 H=32 X=128 Y=0
2026-08-21 01:48:15 [INFO] Grh=6010 Frame=6010 FileNum=6000 SX=64 SY=64 W=32 H=32 X=160 Y=0
2026-08-21 01:48:15 [INFO] Grh=6011 Frame=6011 FileNum=6000 SX=96 SY=64 W=32 H=32 X=192 Y=0
2026-08-21 01:48:15 [INFO] Grh=6008 Frame=6008 FileNum=6000 SX=0 SY=64 W=32 H=32 X=224 Y=0
2026-08-21 01:48:15 [INFO] Grh=6009 Frame=6009 FileNum=6000 SX=32 SY=64 W=32 H=32 X=256 Y=0
2026-08-21 01:48:15 [INFO] Grh=6010 Frame=6010 FileNum=6000 SX=64 SY=64 W=32 H=32 X=288 Y=0
2026-08-21 01:48:15 [INFO] Grh=6011 Frame=6011 FileNum=6000 SX=96 SY=64 W=32 H=32 X=320 Y=0
2026-08-21 01:48:15 [INFO] Grh=6008 Frame=6008 FileNum=6000 SX=0 SY=64 W=32 H=32 X=352 Y=0
2026-08-21 01:48:15 [INFO] Grh=6009 Frame=6009 FileNum=6000 SX=32 SY=64 W=32 H=32 X=384 Y=0
2026-08-21 01:48:15 [INFO] Grh=6010 Frame=6010 FileNum=6000 SX=64 SY=64 W=32 H=32 X=416 Y=0
2026-08-21 01:48:15 [INFO] Grh=6011 Frame=6011 FileNum=6000 SX=96 SY=64 W=32 H=32 X=448 Y=0
2026-08-21 01:48:15 [INFO] Grh=6008 Frame=6008 FileNum=6000 SX=0 SY=64 W=32 H=32 X=480 Y=0
2026-08-21 01:48:15 [INFO] Grh=6009 Frame=6009 FileNum=6000 SX=32 SY=64 W=32 H=32 X=512 Y=0
2026-08-21 01:48:15 [INFO] Grh=6010 Frame=6010 FileNum=6000 SX=64 SY=64 W=32 H=32 X=544 Y=0
2026-08-21 01:48:15 [INFO] Grh=1505 Frame=340 FileNum=20 SX=128 SY=0 W=32 H=32 X=-32 Y=32
2026-08-21 01:48:15 [INFO] Grh=1506 Frame=341 FileNum=20 SX=160 SY=0 W=32 H=32 X=0 Y=32
2026-08-21 01:48:15 [INFO] Grh=1507 Frame=342 FileNum=20 SX=192 SY=0 W=32 H=32 X=32 Y=32
2026-08-21 01:48:15 [INFO] Grh=1508 Frame=343 FileNum=20 SX=224 SY=0 W=32 H=32 X=64 Y=32
2026-08-21 01:48:15 [INFO] Grh=1505 Frame=340 FileNum=20 SX=128 SY=0 W=32 H=32 X=96 Y=32
2026-08-21 01:48:15 [INFO] Grh=1506 Frame=341 FileNum=20 SX=160 SY=0 W=32 H=32 X=128 Y=32
2026-08-21 01:48:15 [INFO] Grh=1507 Frame=342 FileNum=20 SX=192 SY=0 W=32 H=32 X=160 Y=32
2026-08-21 01:48:15 [INFO] Grh=1508 Frame=343 FileNum=20 SX=224 SY=0 W=32 H=32 X=192 Y=32
2026-08-21 01:48:15 [INFO] Grh=1505 Frame=340 FileNum=20 SX=128 SY=0 W=32 H=32 X=224 Y=32
2026-08-21 01:48:15 [INFO] Grh=1506 Frame=341 FileNum=20 SX=160 SY=0 W=32 H=32 X=256 Y=32
2026-08-21 01:48:15 [INFO] Grh=1507 Frame=342 FileNum=20 SX=192 SY=0 W=32 H=32 X=288 Y=32
2026-08-21 01:48:15 [INFO] Grh=1508 Frame=343 FileNum=20 SX=224 SY=0 W=32 H=32 X=320 Y=32
2026-08-21 01:48:15 [INFO] Grh=1505 Frame=340 FileNum=20 SX=128 SY=0 W=32 H=32 X=352 Y=32
2026-08-21 01:48:15 [INFO] Grh=1506 Frame=341 FileNum=20 SX=160 SY=0 W=32 H=32 X=384 Y=32
2026-08-21 01:48:15 [INFO] Grh=1507 Frame=342 FileNum=20 SX=192 SY=0 W=32 H=32 X=416 Y=32
2026-08-21 01:48:15 [INFO] Grh=1508 Frame=343 FileNum=20 SX=224 SY=0 W=32 H=32 X=448 Y=32
2026-08-21 01:48:15 [INFO] Grh=1505 Frame=340 FileNum=20 SX=128 SY=0 W=32 H=32 X=480 Y=32
2026-08-21 01:48:15 [INFO] Grh=1506 Frame=341 FileNum=20 SX=160 SY=0 W=32 H=32 X=512 Y=32
2026-08-21 01:48:15 [INFO] Grh=1507 Frame=342 FileNum=20 SX=192 SY=0 W=32 H=32 X=544 Y=32
2026-08-21 01:48:15 [INFO] Grh=1513 Frame=348 FileNum=20 SX=128 SY=64 W=32 H=32 X=-32 Y=64
2026-08-21 01:48:15 [INFO] Grh=1514 Frame=349 FileNum=20 SX=160 SY=64 W=32 H=32 X=0 Y=64
2026-08-21 01:48:15 [INFO] Grh=1515 Frame=350 FileNum=20 SX=192 SY=64 W=32 H=32 X=32 Y=64
2026-08-21 01:48:15 [INFO] Grh=1516 Frame=351 FileNum=20 SX=224 SY=64 W=32 H=32 X=64 Y=64
2026-08-21 01:48:15 [INFO] Grh=1513 Frame=348 FileNum=20 SX=128 SY=64 W=32 H=32 X=96 Y=64
2026-08-21 01:48:15 [INFO] Grh=1514 Frame=349 FileNum=20 SX=160 SY=64 W=32 H=32 X=128 Y=64
2026-08-21 01:48:15 [INFO] Grh=1515 Frame=350 FileNum=20 SX=192 SY=64 W=32 H=32 X=160 Y=64
2026-08-21 01:48:15 [INFO] Grh=1516 Frame=351 FileNum=20 SX=224 SY=64 W=32 H=32 X=192 Y=64
2026-08-21 01:48:15 [INFO] Grh=1513 Frame=348 FileNum=20 SX=128 SY=64 W=32 H=32 X=224 Y=64
2026-08-21 01:48:15 [INFO] Grh=1514 Frame=349 FileNum=20 SX=160 SY=64 W=32 H=32 X=256 Y=64
2026-08-21 01:48:15 [INFO] Grh=1515 Frame=350 FileNum=20 SX=192 SY=64 W=32 H=32 X=288 Y=64
2026-08-21 01:48:15 [INFO] Grh=1516 Frame=351 FileNum=20 SX=224 SY=64 W=32 H=32 X=320 Y=64
2026-08-21 01:48:15 [INFO] Grh=1513 Frame=348 FileNum=20 SX=128 SY=64 W=32 H=32 X=352 Y=64
2026-08-21 01:48:15 [INFO] Grh=1514 Frame=349 FileNum=20 SX=160 SY=64 W=32 H=32 X=384 Y=64
2026-08-21 01:48:15 [INFO] Grh=1515 Frame=350 FileNum=20 SX=192 SY=64 W=32 H=32 X=416 Y=64
2026-08-21 01:48:15 [INFO] Grh=1516 Frame=351 FileNum=20 SX=224 SY=64 W=32 H=32 X=448 Y=64
2026-08-21 01:48:15 [INFO] Grh=1513 Frame=348 FileNum=20 SX=128 SY=64 W=32 H=32 X=480 Y=64
2026-08-21 01:48:15 [INFO] Grh=1514 Frame=349 FileNum=20 SX=160 SY=64 W=32 H=32 X=512 Y=64
2026-08-21 01:48:15 [INFO] Grh=1515 Frame=350 FileNum=20 SX=192 SY=64 W=32 H=32 X=544 Y=64
2026-08-21 01:48:15 [INFO] Grh=1505 Frame=340 FileNum=20 SX=128 SY=0 W=32 H=32 X=-32 Y=96
2026-08-21 01:48:15 [INFO] Grh=1506 Frame=341 FileNum=20 SX=160 SY=0 W=32 H=32 X=0 Y=96
2026-08-21 01:48:15 [INFO] Grh=1507 Frame=342 FileNum=20 SX=192 SY=0 W=32 H=32 X=32 Y=96
2026-08-21 01:48:15 [INFO] Grh=1508 Frame=343 FileNum=20 SX=224 SY=0 W=32 H=32 X=64 Y=96
2026-08-21 01:48:15 [INFO] Grh=1505 Frame=340 FileNum=20 SX=128 SY=0 W=32 H=32 X=96 Y=96
2026-08-21 01:48:15 [INFO] Grh=1506 Frame=341 FileNum=20 SX=160 SY=0 W=32 H=32 X=128 Y=96
2026-08-21 01:48:15 [INFO] Grh=1507 Frame=342 FileNum=20 SX=192 SY=0 W=32 H=32 X=160 Y=96
2026-08-21 01:48:15 [INFO] Grh=1508 Frame=343 FileNum=20 SX=224 SY=0 W=32 H=32 X=192 Y=96
2026-08-21 01:48:15 [INFO] Grh=1505 Frame=340 FileNum=20 SX=128 SY=0 W=32 H=32 X=224 Y=96
2026-08-21 01:48:15 [INFO] Grh=1506 Frame=341 FileNum=20 SX=160 SY=0 W=32 H=32 X=256 Y=96
2026-08-21 01:48:15 [INFO] Grh=1507 Frame=342 FileNum=20 SX=192 SY=0 W=32 H=32 X=288 Y=96
2026-08-21 01:48:15 [INFO] Grh=1508 Frame=343 FileNum=20 SX=224 SY=0 W=32 H=32 X=320 Y=96
2026-08-21 01:48:15 [INFO] Grh=1505 Frame=340 FileNum=20 SX=128 SY=0 W=32 H=32 X=352 Y=96
2026-08-21 01:48:15 [INFO] Grh=1506 Frame=341 FileNum=20 SX=160 SY=0 W=32 H=32 X=384 Y=96
2026-08-21 01:48:15 [INFO] Grh=1507 Frame=342 FileNum=20 SX=192 SY=0 W=32 H=32 X=416 Y=96
2026-08-21 01:48:15 [INFO] Grh=1508 Frame=343 FileNum=20 SX=224 SY=0 W=32 H=32 X=448 Y=96
2026-08-21 01:48:15 [INFO] Grh=1505 Frame=340 FileNum=20 SX=128 SY=0 W=32 H=32 X=480 Y=96
2026-08-21 01:48:15 [INFO] Grh=1506 Frame=341 FileNum=20 SX=160 SY=0 W=32 H=32 X=512 Y=96
2026-08-21 01:48:15 [INFO] Grh=1507 Frame=342 FileNum=20 SX=192 SY=0 W=32 H=32 X=544 Y=96
2026-08-21 01:48:15 [INFO] Grh=1513 Frame=348 FileNum=20 SX=128 SY=64 W=32 H=32 X=-32 Y=128
2026-08-21 01:48:15 [INFO] Grh=1514 Frame=349 FileNum=20 SX=160 SY=64 W=32 H=32 X=0 Y=128
2026-08-21 01:48:15 [INFO] Grh=1515 Frame=350 FileNum=20 SX=192 SY=64 W=32 H=32 X=32 Y=128
2026-08-21 01:48:15 [INFO] Grh=1516 Frame=351 FileNum=20 SX=224 SY=64 W=32 H=32 X=64 Y=128
2026-08-21 01:48:15 [INFO] Grh=1513 Frame=348 FileNum=20 SX=128 SY=64 W=32 H=32 X=96 Y=128
2026-08-21 01:48:15 [INFO] Grh=1514 Frame=349 FileNum=20 SX=160 SY=64 W=32 H=32 X=128 Y=128
2026-08-21 01:48:15 [INFO] Grh=1515 Frame=350 FileNum=20 SX=192 SY=64 W=32 H=32 X=160 Y=128
2026-08-21 01:48:15 [INFO] Grh=1516 Frame=351 FileNum=20 SX=224 SY=64 W=32 H=32 X=192 Y=128
2026-08-21 01:48:15 [INFO] Grh=1513 Frame=348 FileNum=20 SX=128 SY=64 W=32 H=32 X=224 Y=128
2026-08-21 01:48:15 [INFO] Grh=1514 Frame=349 FileNum=20 SX=160 SY=64 W=32 H=32 X=256 Y=128
2026-08-21 01:48:15 [INFO] Grh=1515 Frame=350 FileNum=20 SX=192 SY=64 W=32 H=32 X=288 Y=128
2026-08-21 01:48:15 [INFO] Grh=1516 Frame=351 FileNum=20 SX=224 SY=64 W=32 H=32 X=320 Y=128
2026-08-21 01:48:15 [INFO] Grh=1513 Frame=348 FileNum=20 SX=128 SY=64 W=32 H=32 X=352 Y=128
2026-08-21 01:48:15 [INFO] Grh=1514 Frame=349 FileNum=20 SX=160 SY=64 W=32 H=32 X=384 Y=128
2026-08-21 01:48:15 [INFO] Grh=1515 Frame=350 FileNum=20 SX=192 SY=64 W=32 H=32 X=416 Y=128
2026-08-21 01:48:15 [INFO] Grh=1516 Frame=351 FileNum=20 SX=224 SY=64 W=32 H=32 X=448 Y=128
2026-08-21 01:48:15 [INFO] Grh=1513 Frame=348 FileNum=20 SX=128 SY=64 W=32 H=32 X=480 Y=128
2026-08-21 01:48:15 [INFO] Grh=1514 Frame=349 FileNum=20 SX=160 SY=64 W=32 H=32 X=512 Y=128
2026-08-21 01:48:15 [INFO] Grh=1515 Frame=350 FileNum=20 SX=192 SY=64 W=32 H=32 X=544 Y=128
2026-08-21 01:48:15 [INFO] Grh=1505 Frame=340 FileNum=20 SX=128 SY=0 W=32 H=32 X=-32 Y=160
2026-08-21 01:48:15 [INFO] Grh=1506 Frame=341 FileNum=20 SX=160 SY=0 W=32 H=32 X=0 Y=160
2026-08-21 01:48:15 [INFO] Grh=1507 Frame=342 FileNum=20 SX=192 SY=0 W=32 H=32 X=32 Y=160
2026-08-21 01:48:15 [INFO] Grh=1508 Frame=343 FileNum=20 SX=224 SY=0 W=32 H=32 X=64 Y=160
2026-08-21 01:48:15 [INFO] Grh=1505 Frame=340 FileNum=20 SX=128 SY=0 W=32 H=32 X=96 Y=160
2026-08-21 01:48:15 [INFO] Grh=1506 Frame=341 FileNum=20 SX=160 SY=0 W=32 H=32 X=128 Y=160
2026-08-21 01:48:15 [INFO] Grh=1507 Frame=342 FileNum=20 SX=192 SY=0 W=32 H=32 X=160 Y=160
2026-08-21 01:48:15 [INFO] Grh=1508 Frame=343 FileNum=20 SX=224 SY=0 W=32 H=32 X=192 Y=160
2026-08-21 01:48:15 [INFO] Grh=1505 Frame=340 FileNum=20 SX=128 SY=0 W=32 H=32 X=224 Y=160
2026-08-21 01:48:15 [INFO] Grh=1506 Frame=341 FileNum=20 SX=160 SY=0 W=32 H=32 X=256 Y=160
2026-08-21 01:48:15 [INFO] Grh=1507 Frame=342 FileNum=20 SX=192 SY=0 W=32 H=32 X=288 Y=160
2026-08-21 01:48:15 [INFO] Grh=1508 Frame=343 FileNum=20 SX=224 SY=0 W=32 H=32 X=320 Y=160
2026-08-21 01:48:15 [INFO] Grh=1505 Frame=340 FileNum=20 SX=128 SY=0 W=32 H=32 X=352 Y=160
2026-08-21 01:48:15 [INFO] Grh=1506 Frame=341 FileNum=20 SX=160 SY=0 W=32 H=32 X=384 Y=160
2026-08-21 01:48:15 [INFO] Grh=1507 Frame=342 FileNum=20 SX=192 SY=0 W=32 H=32 X=416 Y=160
2026-08-21 01:48:15 [INFO] Grh=1508 Frame=343 FileNum=20 SX=224 SY=0 W=32 H=32 X=448 Y=160
2026-08-21 01:48:15 [INFO] Grh=1505 Frame=340 FileNum=20 SX=128 SY=0 W=32 H=32 X=480 Y=160
2026-08-21 01:48:15 [INFO] Grh=1506 Frame=341 FileNum=20 SX=160 SY=0 W=32 H=32 X=512 Y=160
2026-08-21 01:48:15 [INFO] Grh=1507 Frame=342 FileNum=20 SX=192 SY=0 W=32 H=32 X=544 Y=160
2026-08-21 01:48:15 [INFO] Grh=1513 Frame=348 FileNum=20 SX=128 SY=64 W=32 H=32 X=-32 Y=192
2026-08-21 01:48:15 [INFO] Grh=1514 Frame=349 FileNum=20 SX=160 SY=64 W=32 H=32 X=0 Y=192
2026-08-21 01:48:15 [INFO] Grh=1515 Frame=350 FileNum=20 SX=192 SY=64 W=32 H=32 X=32 Y=192
2026-08-21 01:48:15 [INFO] Grh=1516 Frame=351 FileNum=20 SX=224 SY=64 W=32 H=32 X=64 Y=192
2026-08-21 01:48:15 [INFO] Grh=1513 Frame=348 FileNum=20 SX=128 SY=64 W=32 H=32 X=96 Y=192
2026-08-21 01:48:15 [INFO] Grh=1514 Frame=349 FileNum=20 SX=160 SY=64 W=32 H=32 X=128 Y=192
2026-08-21 01:48:15 [INFO] Grh=1515 Frame=350 FileNum=20 SX=192 SY=64 W=32 H=32 X=160 Y=192
2026-08-21 01:48:15 [INFO] Grh=1516 Frame=351 FileNum=20 SX=224 SY=64 W=32 H=32 X=192 Y=192
2026-08-21 01:48:15 [INFO] Grh=1513 Frame=348 FileNum=20 SX=128 SY=64 W=32 H=32 X=224 Y=192
2026-08-21 01:48:15 [INFO] Grh=1514 Frame=349 FileNum=20 SX=160 SY=64 W=32 H=32 X=256 Y=192
2026-08-21 01:48:15 [INFO] Grh=1515 Frame=350 FileNum=20 SX=192 SY=64 W=32 H=32 X=288 Y=192
2026-08-21 01:48:15 [INFO] Grh=1516 Frame=351 FileNum=20 SX=224 SY=64 W=32 H=32 X=320 Y=192
2026-08-21 01:48:15 [INFO] Grh=1513 Frame=348 FileNum=20 SX=128 SY=64 W=32 H=32 X=352 Y=192
2026-08-21 01:48:15 [INFO] Grh=1514 Frame=349 FileNum=20 SX=160 SY=64 W=32 H=32 X=384 Y=192
2026-08-21 01:48:15 [INFO] Grh=1515 Frame=350 FileNum=20 SX=192 SY=64 W=32 H=32 X=416 Y=192
2026-08-21 01:48:15 [INFO] Grh=1516 Frame=351 FileNum=20 SX=224 SY=64 W=32 H=32 X=448 Y=192
2026-08-21 01:48:15 [INFO] Grh=1513 Frame=348 FileNum=20 SX=128 SY=64 W=32 H=32 X=480 Y=192
2026-08-21 01:48:15 [INFO] Grh=1514 Frame=349 FileNum=20 SX=160 SY=64 W=32 H=32 X=512 Y=192
2026-08-21 01:48:15 [INFO] Grh=1515 Frame=350 FileNum=20 SX=192 SY=64 W=32 H=32 X=544 Y=192
2026-08-21 01:48:15 [INFO] Grh=6000 Frame=6000 FileNum=6000 SX=0 SY=0 W=32 H=32 X=-32 Y=-32
2026-08-21 01:48:15 [INFO] Grh=6001 Frame=6001 FileNum=6000 SX=32 SY=0 W=32 H=32 X=0 Y=-32
2026-08-21 01:48:15 [INFO] Grh=6002 Frame=6002 FileNum=6000 SX=64 SY=0 W=32 H=32 X=32 Y=-32
2026-08-21 01:48:15 [INFO] Grh=6003 Frame=6003 FileNum=6000 SX=96 SY=0 W=32 H=32 X=64 Y=-32
2026-08-21 01:48:15 [INFO] Grh=6000 Frame=6000 FileNum=6000 SX=0 SY=0 W=32 H=32 X=96 Y=-32
2026-08-21 01:48:15 [INFO] Grh=6001 Frame=6001 FileNum=6000 SX=32 SY=0 W=32 H=32 X=128 Y=-32
2026-08-21 01:48:15 [INFO] Grh=6002 Frame=6002 FileNum=6000 SX=64 SY=0 W=32 H=32 X=160 Y=-32
2026-08-21 01:48:15 [INFO] Grh=6003 Frame=6003 FileNum=6000 SX=96 SY=0 W=32 H=32 X=192 Y=-32
2026-08-21 01:48:15 [INFO] Grh=6000 Frame=6000 FileNum=6000 SX=0 SY=0 W=32 H=32 X=224 Y=-32
2026-08-21 01:48:15 [INFO] Grh=6001 Frame=6001 FileNum=6000 SX=32 SY=0 W=32 H=32 X=256 Y=-32
2026-08-21 01:48:15 [INFO] Grh=6002 Frame=6002 FileNum=6000 SX=64 SY=0 W=32 H=32 X=288 Y=-32
2026-08-21 01:48:15 [INFO] Grh=6003 Frame=6003 FileNum=6000 SX=96 SY=0 W=32 H=32 X=320 Y=-32
2026-08-21 01:48:15 [INFO] Grh=6000 Frame=6000 FileNum=6000 SX=0 SY=0 W=32 H=32 X=352 Y=-32
2026-08-21 01:48:15 [INFO] Grh=6001 Frame=6001 FileNum=6000 SX=32 SY=0 W=32 H=32 X=384 Y=-32
2026-08-21 01:48:15 [INFO] Grh=6002 Frame=6002 FileNum=6000 SX=64 SY=0 W=32 H=32 X=416 Y=-32
2026-08-21 01:48:15 [INFO] Grh=6003 Frame=6003 FileNum=6000 SX=96 SY=0 W=32 H=32 X=448 Y=-32
2026-08-21 01:48:15 [INFO] Grh=6000 Frame=6000 FileNum=6000 SX=0 SY=0 W=32 H=32 X=480 Y=-32
2026-08-21 01:48:15 [INFO] Grh=6001 Frame=6001 FileNum=6000 SX=32 SY=0 W=32 H=32 X=512 Y=-32
2026-08-21 01:48:15 [INFO] Grh=6002 Frame=6002 FileNum=6000 SX=64 SY=0 W=32 H=32 X=544 Y=-32
2026-08-21 01:48:15 [INFO] Grh=6008 Frame=6008 FileNum=6000 SX=0 SY=64 W=32 H=32 X=-32 Y=0
2026-08-21 01:48:15 [INFO] Grh=6009 Frame=6009 FileNum=6000 SX=32 SY=64 W=32 H=32 X=0 Y=0
2026-08-21 01:48:15 [INFO] Grh=6010 Frame=6010 FileNum=6000 SX=64 SY=64 W=32 H=32 X=32 Y=0
2026-08-21 01:48:15 [INFO] Grh=6011 Frame=6011 FileNum=6000 SX=96 SY=64 W=32 H=32 X=64 Y=0
2026-08-21 01:48:15 [INFO] Grh=6008 Frame=6008 FileNum=6000 SX=0 SY=64 W=32 H=32 X=96 Y=0
2026-08-21 01:48:15 [INFO] Grh=6009 Frame=6009 FileNum=6000 SX=32 SY=64 W=32 H=32 X=128 Y=0
2026-08-21 01:48:15 [INFO] Grh=6010 Frame=6010 FileNum=6000 SX=64 SY=64 W=32 H=32 X=160 Y=0
2026-08-21 01:48:15 [INFO] Grh=6011 Frame=6011 FileNum=6000 SX=96 SY=64 W=32 H=32 X=192 Y=0
2026-08-21 01:48:15 [INFO] Grh=6008 Frame=6008 FileNum=6000 SX=0 SY=64 W=32 H=32 X=224 Y=0
2026-08-21 01:48:15 [INFO] Grh=6009 Frame=6009 FileNum=6000 SX=32 SY=64 W=32 H=32 X=256 Y=0
2026-08-21 01:48:15 [INFO] Grh=6010 Frame=6010 FileNum=6000 SX=64 SY=64 W=32 H=32 X=288 Y=0
2026-08-21 01:48:15 [INFO] Grh=6011 Frame=6011 FileNum=6000 SX=96 SY=64 W=32 H=32 X=320 Y=0
2026-08-21 01:48:15 [INFO] Grh=6008 Frame=6008 FileNum=6000 SX=0 SY=64 W=32 H=32 X=352 Y=0
2026-08-21 01:48:15 [INFO] Grh=6009 Frame=6009 FileNum=6000 SX=32 SY=64 W=32 H=32 X=384 Y=0
2026-08-21 01:48:15 [INFO] Grh=6010 Frame=6010 FileNum=6000 SX=64 SY=64 W=32 H=32 X=416 Y=0
2026-08-21 01:48:15 [INFO] Grh=6011 Frame=6011 FileNum=6000 SX=96 SY=64 W=32 H=32 X=448 Y=0
2026-08-21 01:48:15 [INFO] Grh=6008 Frame=6008 FileNum=6000 SX=0 SY=64 W=32 H=32 X=480 Y=0
2026-08-21 01:48:15 [INFO] Grh=6009 Frame=6009 FileNum=6000 SX=32 SY=64 W=32 H=32 X=512 Y=0
2026-08-21 01:48:15 [INFO] Grh=6010 Frame=6010 FileNum=6000 SX=64 SY=64 W=32 H=32 X=544 Y=0
2026-08-21 01:48:15 [INFO] Grh=1505 Frame=340 FileNum=20 SX=128 SY=0 W=32 H=32 X=-32 Y=32
2026-08-21 01:48:15 [INFO] Grh=1506 Frame=341 FileNum=20 SX=160 SY=0 W=32 H=32 X=0 Y=32
2026-08-21 01:48:15 [INFO] Grh=1507 Frame=342 FileNum=20 SX=192 SY=0 W=32 H=32 X=32 Y=32
2026-08-21 01:48:15 [INFO] Grh=1508 Frame=343 FileNum=20 SX=224 SY=0 W=32 H=32 X=64 Y=32
2026-08-21 01:48:15 [INFO] Grh=1505 Frame=340 FileNum=20 SX=128 SY=0 W=32 H=32 X=96 Y=32
2026-08-21 01:48:15 [INFO] Grh=1506 Frame=341 FileNum=20 SX=160 SY=0 W=32 H=32 X=128 Y=32
2026-08-21 01:48:15 [INFO] Grh=1507 Frame=342 FileNum=20 SX=192 SY=0 W=32 H=32 X=160 Y=32
2026-08-21 01:48:15 [INFO] Grh=1508 Frame=343 FileNum=20 SX=224 SY=0 W=32 H=32 X=192 Y=32
2026-08-21 01:48:15 [INFO] Grh=1505 Frame=340 FileNum=20 SX=128 SY=0 W=32 H=32 X=224 Y=32
2026-08-21 01:48:15 [INFO] Grh=1506 Frame=341 FileNum=20 SX=160 SY=0 W=32 H=32 X=256 Y=32
2026-08-21 01:48:15 [INFO] Grh=1507 Frame=342 FileNum=20 SX=192 SY=0 W=32 H=32 X=288 Y=32
2026-08-21 01:48:15 [INFO] Grh=1508 Frame=343 FileNum=20 SX=224 SY=0 W=32 H=32 X=320 Y=32
2026-08-21 01:48:15 [INFO] Grh=1505 Frame=340 FileNum=20 SX=128 SY=0 W=32 H=32 X=352 Y=32
2026-08-21 01:48:15 [INFO] Grh=1506 Frame=341 FileNum=20 SX=160 SY=0 W=32 H=32 X=384 Y=32
2026-08-21 01:48:15 [INFO] Grh=1507 Frame=342 FileNum=20 SX=192 SY=0 W=32 H=32 X=416 Y=32
2026-08-21 01:48:15 [INFO] Grh=1508 Frame=343 FileNum=20 SX=224 SY=0 W=32 H=32 X=448 Y=32
2026-08-21 01:48:15 [INFO] Grh=1505 Frame=340 FileNum=20 SX=128 SY=0 W=32 H=32 X=480 Y=32
2026-08-21 01:48:15 [INFO] Grh=1506 Frame=341 FileNum=20 SX=160 SY=0 W=32 H=32 X=512 Y=32
2026-08-21 01:48:15 [INFO] Grh=1507 Frame=342 FileNum=20 SX=192 SY=0 W=32 H=32 X=544 Y=32
2026-08-21 01:48:15 [INFO] Grh=1513 Frame=348 FileNum=20 SX=128 SY=64 W=32 H=32 X=-32 Y=64
2026-08-21 01:48:15 [INFO] Grh=1514 Frame=349 FileNum=20 SX=160 SY=64 W=32 H=32 X=0 Y=64
2026-08-21 01:48:15 [INFO] Grh=1515 Frame=350 FileNum=20 SX=192 SY=64 W=32 H=32 X=32 Y=64
2026-08-21 01:48:15 [INFO] Grh=1516 Frame=351 FileNum=20 SX=224 SY=64 W=32 H=32 X=64 Y=64
2026-08-21 01:48:15 [INFO] Grh=1513 Frame=348 FileNum=20 SX=128 SY=64 W=32 H=32 X=96 Y=64
2026-08-21 01:48:15 [INFO] Grh=1514 Frame=349 FileNum=20 SX=160 SY=64 W=32 H=32 X=128 Y=64
2026-08-21 01:48:15 [INFO] Grh=1515 Frame=350 FileNum=20 SX=192 SY=64 W=32 H=32 X=160 Y=64
2026-08-21 01:48:15 [INFO] Grh=1516 Frame=351 FileNum=20 SX=224 SY=64 W=32 H=32 X=192 Y=64
2026-08-21 01:48:15 [INFO] Grh=1513 Frame=348 FileNum=20 SX=128 SY=64 W=32 H=32 X=224 Y=64
2026-08-21 01:48:15 [INFO] Grh=1514 Frame=349 FileNum=20 SX=160 SY=64 W=32 H=32 X=256 Y=64
2026-08-21 01:48:15 [INFO] Grh=1515 Frame=350 FileNum=20 SX=192 SY=64 W=32 H=32 X=288 Y=64
2026-08-21 01:48:15 [INFO] Grh=1516 Frame=351 FileNum=20 SX=224 SY=64 W=32 H=32 X=320 Y=64
2026-08-21 01:48:15 [INFO] Grh=1513 Frame=348 FileNum=20 SX=128 SY=64 W=32 H=32 X=352 Y=64
2026-08-21 01:48:15 [INFO] Grh=1514 Frame=349 FileNum=20 SX=160 SY=64 W=32 H=32 X=384 Y=64
2026-08-21 01:48:15 [INFO] Grh=1515 Frame=350 FileNum=20 SX=192 SY=64 W=32 H=32 X=416 Y=64
2026-08-21 01:48:15 [INFO] Grh=1516 Frame=351 FileNum=20 SX=224 SY=64 W=32 H=32 X=448 Y=64
2026-08-21 01:48:15 [INFO] Grh=1513 Frame=348 FileNum=20 SX=128 SY=64 W=32 H=32 X=480 Y=64
2026-08-21 01:48:15 [INFO] Grh=1514 Frame=349 FileNum=20 SX=160 SY=64 W=32 H=32 X=512 Y=64
2026-08-21 01:48:15 [INFO] Grh=1515 Frame=350 FileNum=20 SX=192 SY=64 W=32 H=32 X=544 Y=64
2026-08-21 01:48:15 [INFO] Grh=1505 Frame=340 FileNum=20 SX=128 SY=0 W=32 H=32 X=-32 Y=96
2026-08-21 01:48:15 [INFO] Grh=1506 Frame=341 FileNum=20 SX=160 SY=0 W=32 H=32 X=0 Y=96
2026-08-21 01:48:15 [INFO] Grh=1507 Frame=342 FileNum=20 SX=192 SY=0 W=32 H=32 X=32 Y=96
2026-08-21 01:48:15 [INFO] Grh=1508 Frame=343 FileNum=20 SX=224 SY=0 W=32 H=32 X=64 Y=96
2026-08-21 01:48:15 [INFO] Grh=1505 Frame=340 FileNum=20 SX=128 SY=0 W=32 H=32 X=96 Y=96
2026-08-21 01:48:15 [INFO] Grh=1506 Frame=341 FileNum=20 SX=160 SY=0 W=32 H=32 X=128 Y=96
2026-08-21 01:48:15 [INFO] Grh=1507 Frame=342 FileNum=20 SX=192 SY=0 W=32 H=32 X=160 Y=96
2026-08-21 01:48:15 [INFO] Grh=1508 Frame=343 FileNum=20 SX=224 SY=0 W=32 H=32 X=192 Y=96
2026-08-21 01:48:15 [INFO] Grh=1505 Frame=340 FileNum=20 SX=128 SY=0 W=32 H=32 X=224 Y=96
2026-08-21 01:48:15 [INFO] Grh=1506 Frame=341 FileNum=20 SX=160 SY=0 W=32 H=32 X=256 Y=96
2026-08-21 01:48:15 [INFO] Grh=1507 Frame=342 FileNum=20 SX=192 SY=0 W=32 H=32 X=288 Y=96
2026-08-21 01:48:15 [INFO] Grh=1508 Frame=343 FileNum=20 SX=224 SY=0 W=32 H=32 X=320 Y=96
2026-08-21 01:48:15 [INFO] Grh=1505 Frame=340 FileNum=20 SX=128 SY=0 W=32 H=32 X=352 Y=96
2026-08-21 01:48:15 [INFO] Grh=1506 Frame=341 FileNum=20 SX=160 SY=0 W=32 H=32 X=384 Y=96
2026-08-21 01:48:15 [INFO] Grh=1507 Frame=342 FileNum=20 SX=192 SY=0 W=32 H=32 X=416 Y=96
2026-08-21 01:48:15 [INFO] Grh=1508 Frame=343 FileNum=20 SX=224 SY=0 W=32 H=32 X=448 Y=96
2026-08-21 01:48:15 [INFO] Grh=1505 Frame=340 FileNum=20 SX=128 SY=0 W=32 H=32 X=480 Y=96
2026-08-21 01:48:15 [INFO] Grh=1506 Frame=341 FileNum=20 SX=160 SY=0 W=32 H=32 X=512 Y=96
2026-08-21 01:48:15 [INFO] Grh=1507 Frame=342 FileNum=20 SX=192 SY=0 W=32 H=32 X=544 Y=96
2026-08-21 01:48:15 [INFO] Grh=1513 Frame=348 FileNum=20 SX=128 SY=64 W=32 H=32 X=-32 Y=128
2026-08-21 01:48:15 [INFO] Grh=1514 Frame=349 FileNum=20 SX=160 SY=64 W=32 H=32 X=0 Y=128
2026-08-21 01:48:15 [INFO] Grh=1515 Frame=350 FileNum=20 SX=192 SY=64 W=32 H=32 X=32 Y=128
2026-08-21 01:48:15 [INFO] Grh=1516 Frame=351 FileNum=20 SX=224 SY=64 W=32 H=32 X=64 Y=128
2026-08-21 01:48:15 [INFO] Grh=1513 Frame=348 FileNum=20 SX=128 SY=64 W=32 H=32 X=96 Y=128
2026-08-21 01:48:15 [INFO] Grh=1514 Frame=349 FileNum=20 SX=160 SY=64 W=32 H=32 X=128 Y=128
2026-08-21 01:48:15 [INFO] Grh=1515 Frame=350 FileNum=20 SX=192 SY=64 W=32 H=32 X=160 Y=128
2026-08-21 01:48:15 [INFO] Grh=1516 Frame=351 FileNum=20 SX=224 SY=64 W=32 H=32 X=192 Y=128
2026-08-21 01:48:15 [INFO] Grh=1513 Frame=348 FileNum=20 SX=128 SY=64 W=32 H=32 X=224 Y=128
2026-08-21 01:48:15 [INFO] Grh=1514 Frame=349 FileNum=20 SX=160 SY=64 W=32 H=32 X=256 Y=128
2026-08-21 01:48:15 [INFO] Grh=1515 Frame=350 FileNum=20 SX=192 SY=64 W=32 H=32 X=288 Y=128
2026-08-21 01:48:15 [INFO] Grh=1516 Frame=351 FileNum=20 SX=224 SY=64 W=32 H=32 X=320 Y=128
2026-08-21 01:48:15 [INFO] Grh=1513 Frame=348 FileNum=20 SX=128 SY=64 W=32 H=32 X=352 Y=128
2026-08-21 01:48:15 [INFO] Grh=1514 Frame=349 FileNum=20 SX=160 SY=64 W=32 H=32 X=384 Y=128
2026-08-21 01:48:15 [INFO] Grh=1515 Frame=350 FileNum=20 SX=192 SY=64 W=32 H=32 X=416 Y=128
2026-08-21 01:48:15 [INFO] Grh=1516 Frame=351 FileNum=20 SX=224 SY=64 W=32 H=32 X=448 Y=128
2026-08-21 01:48:15 [INFO] Grh=1513 Frame=348 FileNum=20 SX=128 SY=64 W=32 H=32 X=480 Y=128
2026-08-21 01:48:15 [INFO] Grh=1514 Frame=349 FileNum=20 SX=160 SY=64 W=32 H=32 X=512 Y=128
2026-08-21 01:48:15 [INFO] Grh=1515 Frame=350 FileNum=20 SX=192 SY=64 W=32 H=32 X=544 Y=128
2026-08-21 01:48:15 [INFO] Grh=1505 Frame=340 FileNum=20 SX=128 SY=0 W=32 H=32 X=-32 Y=160
2026-08-21 01:48:15 [INFO] Grh=1506 Frame=341 FileNum=20 SX=160 SY=0 W=32 H=32 X=0 Y=160
2026-08-21 01:48:15 [INFO] Grh=1507 Frame=342 FileNum=20 SX=192 SY=0 W=32 H=32 X=32 Y=160
2026-08-21 01:48:15 [INFO] Grh=1508 Frame=343 FileNum=20 SX=224 SY=0 W=32 H=32 X=64 Y=160
2026-08-21 01:48:15 [INFO] Grh=1505 Frame=340 FileNum=20 SX=128 SY=0 W=32 H=32 X=96 Y=160
2026-08-21 01:48:15 [INFO] Grh=1506 Frame=341 FileNum=20 SX=160 SY=0 W=32 H=32 X=128 Y=160
2026-08-21 01:48:15 [INFO] Grh=1507 Frame=342 FileNum=20 SX=192 SY=0 W=32 H=32 X=160 Y=160
2026-08-21 01:48:15 [INFO] Grh=1508 Frame=343 FileNum=20 SX=224 SY=0 W=32 H=32 X=192 Y=160
2026-08-21 01:48:15 [INFO] Grh=1505 Frame=340 FileNum=20 SX=128 SY=0 W=32 H=32 X=224 Y=160
2026-08-21 01:48:15 [INFO] Grh=1506 Frame=341 FileNum=20 SX=160 SY=0 W=32 H=32 X=256 Y=160
2026-08-21 01:48:15 [INFO] Grh=1507 Frame=342 FileNum=20 SX=192 SY=0 W=32 H=32 X=288 Y=160
2026-08-21 01:48:15 [INFO] Grh=1508 Frame=343 FileNum=20 SX=224 SY=0 W=32 H=32 X=320 Y=160
2026-08-21 01:48:15 [INFO] Grh=1505 Frame=340 FileNum=20 SX=128 SY=0 W=32 H=32 X=352 Y=160
2026-08-21 01:48:15 [INFO] Grh=1506 Frame=341 FileNum=20 SX=160 SY=0 W=32 H=32 X=384 Y=160
2026-08-21 01:48:15 [INFO] Grh=1507 Frame=342 FileNum=20 SX=192 SY=0 W=32 H=32 X=416 Y=160
2026-08-21 01:48:15 [INFO] Grh=1508 Frame=343 FileNum=20 SX=224 SY=0 W=32 H=32 X=448 Y=160
2026-08-21 01:48:15 [INFO] Grh=1505 Frame=340 FileNum=20 SX=128 SY=0 W=32 H=32 X=480 Y=160
2026-08-21 01:48:15 [INFO] Grh=1506 Frame=341 FileNum=20 SX=160 SY=0 W=32 H=32 X=512 Y=160
2026-08-21 01:48:15 [INFO] Grh=1507 Frame=342 FileNum=20 SX=192 SY=0 W=32 H=32 X=544 Y=160
2026-08-21 01:48:15 [INFO] Grh=1513 Frame=348 FileNum=20 SX=128 SY=64 W=32 H=32 X=-32 Y=192
2026-08-21 01:48:15 [INFO] Grh=1514 Frame=349 FileNum=20 SX=160 SY=64 W=32 H=32 X=0 Y=192
2026-08-21 01:48:15 [INFO] Grh=1515 Frame=350 FileNum=20 SX=192 SY=64 W=32 H=32 X=32 Y=192
2026-08-21 01:48:15 [INFO] Grh=1516 Frame=351 FileNum=20 SX=224 SY=64 W=32 H=32 X=64 Y=192
2026-08-21 01:48:15 [INFO] Grh=1513 Frame=348 FileNum=20 SX=128 SY=64 W=32 H=32 X=96 Y=192
2026-08-21 01:48:15 [INFO] Grh=1514 Frame=349 FileNum=20 SX=160 SY=64 W=32 H=32 X=128 Y=192
2026-08-21 01:48:15 [INFO] Grh=1515 Frame=350 FileNum=20 SX=192 SY=64 W=32 H=32 X=160 Y=192
2026-08-21 01:48:15 [INFO] Grh=1516 Frame=351 FileNum=20 SX=224 SY=64 W=32 H=32 X=192 Y=192
2026-08-21 01:48:15 [INFO] Grh=1513 Frame=348 FileNum=20 SX=128 SY=64 W=32 H=32 X=224 Y=192
2026-08-21 01:48:15 [INFO] Grh=1514 Frame=349 FileNum=20 SX=160 SY=64 W=32 H=32 X=256 Y=192
2026-08-21 01:48:15 [INFO] Grh=1515 Frame=350 FileNum=20 SX=192 SY=64 W=32 H=32 X=288 Y=192
2026-08-21 01:48:15 [INFO] Grh=1516 Frame=351 FileNum=20 SX=224 SY=64 W=32 H=32 X=320 Y=192
2026-08-21 01:48:15 [INFO] Grh=1513 Frame=348 FileNum=20 SX=128 SY=64 W=32 H=32 X=352 Y=192
2026-08-21 01:48:15 [INFO] Grh=1514 Frame=349 FileNum=20 SX=160 SY=64 W=32 H=32 X=384 Y=192
2026-08-21 01:48:15 [INFO] Grh=1515 Frame=350 FileNum=20 SX=192 SY=64 W=32 H=32 X=416 Y=192
2026-08-21 01:48:15 [INFO] Grh=1516 Frame=351 FileNum=20 SX=224 SY=64 W=32 H=32 X=448 Y=192
2026-08-21 01:48:15 [INFO] Grh=1513 Frame=348 FileNum=20 SX=128 SY=64 W=32 H=32 X=480 Y=192
2026-08-21 01:48:15 [INFO] Grh=1514 Frame=349 FileNum=20 SX=160 SY=64 W=32 H=32 X=512 Y=192
2026-08-21 01:48:15 [INFO] Grh=1515 Frame=350 FileNum=20 SX=192 SY=64 W=32 H=32 X=544 Y=192
2026-08-21 01:48:15 [INFO] Grh=6000 Frame=6000 FileNum=6000 SX=0 SY=0 W=32 H=32 X=-32 Y=-32
2026-08-21 01:48:15 [INFO] Grh=6001 Frame=6001 FileNum=6000 SX=32 SY=0 W=32 H=32 X=0 Y=-32
2026-08-21 01:48:15 [INFO] Grh=6002 Frame=6002 FileNum=6000 SX=64 SY=0 W=32 H=32 X=32 Y=-32
2026-08-21 01:48:15 [INFO] Grh=6003 Frame=6003 FileNum=6000 SX=96 SY=0 W=32 H=32 X=64 Y=-32
2026-08-21 01:48:15 [INFO] Grh=6000 Frame=6000 FileNum=6000 SX=0 SY=0 W=32 H=32 X=96 Y=-32
2026-08-21 01:48:15 [INFO] Grh=6001 Frame=6001 FileNum=6000 SX=32 SY=0 W=32 H=32 X=128 Y=-32
2026-08-21 01:48:15 [INFO] Grh=6002 Frame=6002 FileNum=6000 SX=64 SY=0 W=32 H=32 X=160 Y=-32
2026-08-21 01:48:15 [INFO] Grh=6003 Frame=6003 FileNum=6000 SX=96 SY=0 W=32 H=32 X=192 Y=-32
2026-08-21 01:48:15 [INFO] Grh=6000 Frame=6000 FileNum=6000 SX=0 SY=0 W=32 H=32 X=224 Y=-32
2026-08-21 01:48:15 [INFO] Grh=6001 Frame=6001 FileNum=6000 SX=32 SY=0 W=32 H=32 X=256 Y=-32
2026-08-21 01:48:15 [INFO] Grh=6002 Frame=6002 FileNum=6000 SX=64 SY=0 W=32 H=32 X=288 Y=-32
2026-08-21 01:48:15 [INFO] Grh=6003 Frame=6003 FileNum=6000 SX=96 SY=0 W=32 H=32 X=320 Y=-32
2026-08-21 01:48:15 [INFO] Grh=6000 Frame=6000 FileNum=6000 SX=0 SY=0 W=32 H=32 X=352 Y=-32
2026-08-21 01:48:15 [INFO] Grh=6001 Frame=6001 FileNum=6000 SX=32 SY=0 W=32 H=32 X=384 Y=-32
2026-08-21 01:48:15 [INFO] Grh=6002 Frame=6002 FileNum=6000 SX=64 SY=0 W=32 H=32 X=416 Y=-32
2026-08-21 01:48:15 [INFO] Grh=6003 Frame=6003 FileNum=6000 SX=96 SY=0 W=32 H=32 X=448 Y=-32
2026-08-21 01:48:15 [INFO] Grh=6000 Frame=6000 FileNum=6000 SX=0 SY=0 W=32 H=32 X=480 Y=-32
2026-08-21 01:48:15 [INFO] Grh=6001 Frame=6001 FileNum=6000 SX=32 SY=0 W=32 H=32 X=512 Y=-32
2026-08-21 01:48:15 [INFO] Grh=6002 Frame=6002 FileNum=6000 SX=64 SY=0 W=32 H=32 X=544 Y=-32
2026-08-21 01:48:15 [INFO] Grh=6008 Frame=6008 FileNum=6000 SX=0 SY=64 W=32 H=32 X=-32 Y=0
2026-08-21 01:48:15 [INFO] Grh=6009 Frame=6009 FileNum=6000 SX=32 SY=64 W=32 H=32 X=0 Y=0
2026-08-21 01:48:15 [INFO] Grh=6010 Frame=6010 FileNum=6000 SX=64 SY=64 W=32 H=32 X=32 Y=0
2026-08-21 01:48:15 [INFO] Grh=6011 Frame=6011 FileNum=6000 SX=96 SY=64 W=32 H=32 X=64 Y=0
2026-08-21 01:48:15 [INFO] Grh=6008 Frame=6008 FileNum=6000 SX=0 SY=64 W=32 H=32 X=96 Y=0
2026-08-21 01:48:15 [INFO] Grh=6009 Frame=6009 FileNum=6000 SX=32 SY=64 W=32 H=32 X=128 Y=0
2026-08-21 01:48:15 [INFO] Grh=6010 Frame=6010 FileNum=6000 SX=64 SY=64 W=32 H=32 X=160 Y=0
2026-08-21 01:48:15 [INFO] Grh=6011 Frame=6011 FileNum=6000 SX=96 SY=64 W=32 H=32 X=192 Y=0
2026-08-21 01:48:16 [INFO] Grh=6008 Frame=6008 FileNum=6000 SX=0 SY=64 W=32 H=32 X=224 Y=0
2026-08-21 01:48:16 [INFO] Grh=6009 Frame=6009 FileNum=6000 SX=32 SY=64 W=32 H=32 X=256 Y=0
2026-08-21 01:48:16 [INFO] Grh=6010 Frame=6010 FileNum=6000 SX=64 SY=64 W=32 H=32 X=288 Y=0
2026-08-21 01:48:16 [INFO] Grh=6011 Frame=6011 FileNum=6000 SX=96 SY=64 W=32 H=32 X=320 Y=0
2026-08-21 01:48:16 [INFO] Grh=6008 Frame=6008 FileNum=6000 SX=0 SY=64 W=32 H=32 X=352 Y=0
2026-08-21 01:48:16 [INFO] Grh=6009 Frame=6009 FileNum=6000 SX=32 SY=64 W=32 H=32 X=384 Y=0
2026-08-21 01:48:16 [INFO] Grh=6010 Frame=6010 FileNum=6000 SX=64 SY=64 W=32 H=32 X=416 Y=0
2026-08-21 01:48:16 [INFO] Grh=6011 Frame=6011 FileNum=6000 SX=96 SY=64 W=32 H=32 X=448 Y=0
2026-08-21 01:48:16 [INFO] Grh=6008 Frame=6008 FileNum=6000 SX=0 SY=64 W=32 H=32 X=480 Y=0
2026-08-21 01:48:16 [INFO] Grh=6009 Frame=6009 FileNum=6000 SX=32 SY=64 W=32 H=32 X=512 Y=0
2026-08-21 01:48:16 [INFO] Grh=6010 Frame=6010 FileNum=6000 SX=64 SY=64 W=32 H=32 X=544 Y=0
2026-08-21 01:48:16 [INFO] Grh=1505 Frame=372 FileNum=20 SX=0 SY=128 W=32 H=32 X=-32 Y=32
2026-08-21 01:48:16 [INFO] Grh=1506 Frame=373 FileNum=20 SX=32 SY=128 W=32 H=32 X=0 Y=32
2026-08-21 01:48:16 [INFO] Grh=1507 Frame=374 FileNum=20 SX=64 SY=128 W=32 H=32 X=32 Y=32
2026-08-21 01:48:16 [INFO] Grh=1508 Frame=375 FileNum=20 SX=96 SY=128 W=32 H=32 X=64 Y=32
2026-08-21 01:48:16 [INFO] Grh=1505 Frame=372 FileNum=20 SX=0 SY=128 W=32 H=32 X=96 Y=32
2026-08-21 01:48:16 [INFO] Grh=1506 Frame=373 FileNum=20 SX=32 SY=128 W=32 H=32 X=128 Y=32
2026-08-21 01:48:16 [INFO] Grh=1507 Frame=374 FileNum=20 SX=64 SY=128 W=32 H=32 X=160 Y=32
2026-08-21 01:48:16 [INFO] Grh=1508 Frame=375 FileNum=20 SX=96 SY=128 W=32 H=32 X=192 Y=32
2026-08-21 01:48:16 [INFO] Grh=1505 Frame=372 FileNum=20 SX=0 SY=128 W=32 H=32 X=224 Y=32
2026-08-21 01:48:16 [INFO] Grh=1506 Frame=373 FileNum=20 SX=32 SY=128 W=32 H=32 X=256 Y=32
2026-08-21 01:48:16 [INFO] Grh=1507 Frame=374 FileNum=20 SX=64 SY=128 W=32 H=32 X=288 Y=32
2026-08-21 01:48:16 [INFO] Grh=1508 Frame=375 FileNum=20 SX=96 SY=128 W=32 H=32 X=320 Y=32
2026-08-21 01:48:16 [INFO] Grh=1505 Frame=372 FileNum=20 SX=0 SY=128 W=32 H=32 X=352 Y=32
2026-08-21 01:48:16 [INFO] Grh=1506 Frame=373 FileNum=20 SX=32 SY=128 W=32 H=32 X=384 Y=32
2026-08-21 01:48:16 [INFO] Grh=1507 Frame=374 FileNum=20 SX=64 SY=128 W=32 H=32 X=416 Y=32
2026-08-21 01:48:16 [INFO] Grh=1508 Frame=375 FileNum=20 SX=96 SY=128 W=32 H=32 X=448 Y=32
2026-08-21 01:48:16 [INFO] Grh=1505 Frame=372 FileNum=20 SX=0 SY=128 W=32 H=32 X=480 Y=32
2026-08-21 01:48:16 [INFO] Grh=1506 Frame=373 FileNum=20 SX=32 SY=128 W=32 H=32 X=512 Y=32
2026-08-21 01:48:16 [INFO] Grh=1507 Frame=374 FileNum=20 SX=64 SY=128 W=32 H=32 X=544 Y=32
2026-08-21 01:48:16 [INFO] Grh=1513 Frame=380 FileNum=20 SX=0 SY=192 W=32 H=32 X=-32 Y=64
2026-08-21 01:48:16 [INFO] Grh=1514 Frame=381 FileNum=20 SX=32 SY=192 W=32 H=32 X=0 Y=64
2026-08-21 01:48:16 [INFO] Grh=1515 Frame=382 FileNum=20 SX=64 SY=192 W=32 H=32 X=32 Y=64
2026-08-21 01:48:16 [INFO] Grh=1516 Frame=383 FileNum=20 SX=96 SY=192 W=32 H=32 X=64 Y=64
2026-08-21 01:48:16 [INFO] Grh=1513 Frame=380 FileNum=20 SX=0 SY=192 W=32 H=32 X=96 Y=64
2026-08-21 01:48:16 [INFO] Grh=1514 Frame=381 FileNum=20 SX=32 SY=192 W=32 H=32 X=128 Y=64
2026-08-21 01:48:16 [INFO] Grh=1515 Frame=382 FileNum=20 SX=64 SY=192 W=32 H=32 X=160 Y=64
2026-08-21 01:48:16 [INFO] Grh=1516 Frame=383 FileNum=20 SX=96 SY=192 W=32 H=32 X=192 Y=64
2026-08-21 01:48:16 [INFO] Grh=1513 Frame=380 FileNum=20 SX=0 SY=192 W=32 H=32 X=224 Y=64
2026-08-21 01:48:16 [INFO] Grh=1514 Frame=381 FileNum=20 SX=32 SY=192 W=32 H=32 X=256 Y=64
2026-08-21 01:48:16 [INFO] Grh=1515 Frame=382 FileNum=20 SX=64 SY=192 W=32 H=32 X=288 Y=64
2026-08-21 01:48:16 [INFO] Grh=1516 Frame=383 FileNum=20 SX=96 SY=192 W=32 H=32 X=320 Y=64
2026-08-21 01:48:16 [INFO] Grh=1513 Frame=380 FileNum=20 SX=0 SY=192 W=32 H=32 X=352 Y=64
2026-08-21 01:48:16 [INFO] Grh=1514 Frame=381 FileNum=20 SX=32 SY=192 W=32 H=32 X=384 Y=64
2026-08-21 01:48:16 [INFO] Grh=1515 Frame=382 FileNum=20 SX=64 SY=192 W=32 H=32 X=416 Y=64
2026-08-21 01:48:16 [INFO] Grh=1516 Frame=383 FileNum=20 SX=96 SY=192 W=32 H=32 X=448 Y=64
2026-08-21 01:48:16 [INFO] Grh=1513 Frame=380 FileNum=20 SX=0 SY=192 W=32 H=32 X=480 Y=64
2026-08-21 01:48:16 [INFO] Grh=1514 Frame=381 FileNum=20 SX=32 SY=192 W=32 H=32 X=512 Y=64
2026-08-21 01:48:16 [INFO] Grh=1515 Frame=382 FileNum=20 SX=64 SY=192 W=32 H=32 X=544 Y=64
2026-08-21 01:48:16 [INFO] Grh=1505 Frame=372 FileNum=20 SX=0 SY=128 W=32 H=32 X=-32 Y=96
2026-08-21 01:48:16 [INFO] Grh=1506 Frame=373 FileNum=20 SX=32 SY=128 W=32 H=32 X=0 Y=96
2026-08-21 01:48:16 [INFO] Grh=1507 Frame=374 FileNum=20 SX=64 SY=128 W=32 H=32 X=32 Y=96
2026-08-21 01:48:16 [INFO] Grh=1508 Frame=375 FileNum=20 SX=96 SY=128 W=32 H=32 X=64 Y=96
2026-08-21 01:48:16 [INFO] Grh=1505 Frame=372 FileNum=20 SX=0 SY=128 W=32 H=32 X=96 Y=96
2026-08-21 01:48:16 [INFO] Grh=1506 Frame=373 FileNum=20 SX=32 SY=128 W=32 H=32 X=128 Y=96
2026-08-21 01:48:16 [INFO] Grh=1507 Frame=374 FileNum=20 SX=64 SY=128 W=32 H=32 X=160 Y=96
2026-08-21 01:48:16 [INFO] Grh=1508 Frame=375 FileNum=20 SX=96 SY=128 W=32 H=32 X=192 Y=96
2026-08-21 01:48:16 [INFO] Grh=1505 Frame=372 FileNum=20 SX=0 SY=128 W=32 H=32 X=224 Y=96
2026-08-21 01:48:16 [INFO] Grh=1506 Frame=373 FileNum=20 SX=32 SY=128 W=32 H=32 X=256 Y=96
2026-08-21 01:48:16 [INFO] Grh=1507 Frame=374 FileNum=20 SX=64 SY=128 W=32 H=32 X=288 Y=96
2026-08-21 01:48:16 [INFO] Grh=1508 Frame=375 FileNum=20 SX=96 SY=128 W=32 H=32 X=320 Y=96
2026-08-21 01:48:16 [INFO] Grh=1505 Frame=372 FileNum=20 SX=0 SY=128 W=32 H=32 X=352 Y=96
2026-08-21 01:48:16 [INFO] Grh=1506 Frame=373 FileNum=20 SX=32 SY=128 W=32 H=32 X=384 Y=96
2026-08-21 01:48:16 [INFO] Grh=1507 Frame=374 FileNum=20 SX=64 SY=128 W=32 H=32 X=416 Y=96
2026-08-21 01:48:16 [INFO] Grh=1508 Frame=375 FileNum=20 SX=96 SY=128 W=32 H=32 X=448 Y=96
2026-08-21 01:48:16 [INFO] Grh=1505 Frame=372 FileNum=20 SX=0 SY=128 W=32 H=32 X=480 Y=96
2026-08-21 01:48:16 [INFO] Grh=1506 Frame=373 FileNum=20 SX=32 SY=128 W=32 H=32 X=512 Y=96
2026-08-21 01:48:16 [INFO] Grh=1507 Frame=374 FileNum=20 SX=64 SY=128 W=32 H=32 X=544 Y=96
2026-08-21 01:48:16 [INFO] Grh=1513 Frame=380 FileNum=20 SX=0 SY=192 W=32 H=32 X=-32 Y=128
2026-08-21 01:48:16 [INFO] Grh=1514 Frame=381 FileNum=20 SX=32 SY=192 W=32 H=32 X=0 Y=128
2026-08-21 01:48:16 [INFO] Grh=1515 Frame=382 FileNum=20 SX=64 SY=192 W=32 H=32 X=32 Y=128
2026-08-21 01:48:16 [INFO] Grh=1516 Frame=383 FileNum=20 SX=96 SY=192 W=32 H=32 X=64 Y=128
2026-08-21 01:48:16 [INFO] Grh=1513 Frame=380 FileNum=20 SX=0 SY=192 W=32 H=32 X=96 Y=128
2026-08-21 01:48:16 [INFO] Grh=1514 Frame=381 FileNum=20 SX=32 SY=192 W=32 H=32 X=128 Y=128
2026-08-21 01:48:16 [INFO] Grh=1515 Frame=382 FileNum=20 SX=64 SY=192 W=32 H=32 X=160 Y=128
2026-08-21 01:48:16 [INFO] Grh=1516 Frame=383 FileNum=20 SX=96 SY=192 W=32 H=32 X=192 Y=128
2026-08-21 01:48:16 [INFO] Grh=1513 Frame=380 FileNum=20 SX=0 SY=192 W=32 H=32 X=224 Y=128
2026-08-21 01:48:16 [INFO] Grh=1514 Frame=381 FileNum=20 SX=32 SY=192 W=32 H=32 X=256 Y=128
2026-08-21 01:48:16 [INFO] Grh=1515 Frame=382 FileNum=20 SX=64 SY=192 W=32 H=32 X=288 Y=128
2026-08-21 01:48:16 [INFO] Grh=1516 Frame=383 FileNum=20 SX=96 SY=192 W=32 H=32 X=320 Y=128
2026-08-21 01:48:16 [INFO] Grh=1513 Frame=380 FileNum=20 SX=0 SY=192 W=32 H=32 X=352 Y=128
2026-08-21 01:48:16 [INFO] Grh=1514 Frame=381 FileNum=20 SX=32 SY=192 W=32 H=32 X=384 Y=128
2026-08-21 01:48:16 [INFO] Grh=1515 Frame=382 FileNum=20 SX=64 SY=192 W=32 H=32 X=416 Y=128
2026-08-21 01:48:16 [INFO] Grh=1516 Frame=383 FileNum=20 SX=96 SY=192 W=32 H=32 X=448 Y=128
2026-08-21 01:48:16 [INFO] Grh=1513 Frame=380 FileNum=20 SX=0 SY=192 W=32 H=32 X=480 Y=128
2026-08-21 01:48:16 [INFO] Grh=1514 Frame=381 FileNum=20 SX=32 SY=192 W=32 H=32 X=512 Y=128
2026-08-21 01:48:16 [INFO] Grh=1515 Frame=382 FileNum=20 SX=64 SY=192 W=32 H=32 X=544 Y=128
2026-08-21 01:48:16 [INFO] Grh=1505 Frame=372 FileNum=20 SX=0 SY=128 W=32 H=32 X=-32 Y=160
2026-08-21 01:48:16 [INFO] Grh=1506 Frame=373 FileNum=20 SX=32 SY=128 W=32 H=32 X=0 Y=160
2026-08-21 01:48:16 [INFO] Grh=1507 Frame=374 FileNum=20 SX=64 SY=128 W=32 H=32 X=32 Y=160
2026-08-21 01:48:16 [INFO] Grh=1508 Frame=375 FileNum=20 SX=96 SY=128 W=32 H=32 X=64 Y=160
2026-08-21 01:48:16 [INFO] Grh=1505 Frame=372 FileNum=20 SX=0 SY=128 W=32 H=32 X=96 Y=160
2026-08-21 01:48:16 [INFO] Grh=1506 Frame=373 FileNum=20 SX=32 SY=128 W=32 H=32 X=128 Y=160
2026-08-21 01:48:16 [INFO] Grh=1507 Frame=374 FileNum=20 SX=64 SY=128 W=32 H=32 X=160 Y=160
2026-08-21 01:48:16 [INFO] Grh=1508 Frame=375 FileNum=20 SX=96 SY=128 W=32 H=32 X=192 Y=160
2026-08-21 01:48:16 [INFO] Grh=1505 Frame=372 FileNum=20 SX=0 SY=128 W=32 H=32 X=224 Y=160
2026-08-21 01:48:16 [INFO] Grh=1506 Frame=373 FileNum=20 SX=32 SY=128 W=32 H=32 X=256 Y=160
2026-08-21 01:48:16 [INFO] Grh=1507 Frame=374 FileNum=20 SX=64 SY=128 W=32 H=32 X=288 Y=160
2026-08-21 01:48:16 [INFO] Grh=1508 Frame=375 FileNum=20 SX=96 SY=128 W=32 H=32 X=320 Y=160
2026-08-21 01:48:16 [INFO] Grh=1505 Frame=372 FileNum=20 SX=0 SY=128 W=32 H=32 X=352 Y=160
2026-08-21 01:48:16 [INFO] Grh=1506 Frame=373 FileNum=20 SX=32 SY=128 W=32 H=32 X=384 Y=160
2026-08-21 01:48:16 [INFO] Grh=1507 Frame=374 FileNum=20 SX=64 SY=128 W=32 H=32 X=416 Y=160
2026-08-21 01:48:16 [INFO] Grh=1508 Frame=375 FileNum=20 SX=96 SY=128 W=32 H=32 X=448 Y=160
2026-08-21 01:48:16 [INFO] Grh=1505 Frame=372 FileNum=20 SX=0 SY=128 W=32 H=32 X=480 Y=160
2026-08-21 01:48:16 [INFO] Grh=1506 Frame=373 FileNum=20 SX=32 SY=128 W=32 H=32 X=512 Y=160
2026-08-21 01:48:16 [INFO] Grh=1507 Frame=374 FileNum=20 SX=64 SY=128 W=32 H=32 X=544 Y=160
2026-08-21 01:48:16 [INFO] Grh=1513 Frame=380 FileNum=20 SX=0 SY=192 W=32 H=32 X=-32 Y=192
2026-08-21 01:48:16 [INFO] Grh=1514 Frame=381 FileNum=20 SX=32 SY=192 W=32 H=32 X=0 Y=192
2026-08-21 01:48:16 [INFO] Grh=1515 Frame=382 FileNum=20 SX=64 SY=192 W=32 H=32 X=32 Y=192
2026-08-21 01:48:16 [INFO] Grh=1516 Frame=383 FileNum=20 SX=96 SY=192 W=32 H=32 X=64 Y=192
2026-08-21 01:48:16 [INFO] Grh=1513 Frame=380 FileNum=20 SX=0 SY=192 W=32 H=32 X=96 Y=192
2026-08-21 01:48:16 [INFO] Grh=1514 Frame=381 FileNum=20 SX=32 SY=192 W=32 H=32 X=128 Y=192
2026-08-21 01:48:16 [INFO] Grh=1515 Frame=382 FileNum=20 SX=64 SY=192 W=32 H=32 X=160 Y=192
2026-08-21 01:48:16 [INFO] Grh=1516 Frame=383 FileNum=20 SX=96 SY=192 W=32 H=32 X=192 Y=192
2026-08-21 01:48:16 [INFO] Grh=1513 Frame=380 FileNum=20 SX=0 SY=192 W=32 H=32 X=224 Y=192
2026-08-21 01:48:16 [INFO] Grh=1514 Frame=381 FileNum=20 SX=32 SY=192 W=32 H=32 X=256 Y=192
2026-08-21 01:48:16 [INFO] Grh=1515 Frame=382 FileNum=20 SX=64 SY=192 W=32 H=32 X=288 Y=192
2026-08-21 01:48:16 [INFO] Grh=1516 Frame=383 FileNum=20 SX=96 SY=192 W=32 H=32 X=320 Y=192
2026-08-21 01:48:16 [INFO] Grh=1513 Frame=380 FileNum=20 SX=0 SY=192 W=32 H=32 X=352 Y=192
2026-08-21 01:48:16 [INFO] Grh=1514 Frame=381 FileNum=20 SX=32 SY=192 W=32 H=32 X=384 Y=192
2026-08-21 01:48:16 [INFO] Grh=1515 Frame=382 FileNum=20 SX=64 SY=192 W=32 H=32 X=416 Y=192
2026-08-21 01:48:16 [INFO] Grh=1516 Frame=383 FileNum=20 SX=96 SY=192 W=32 H=32 X=448 Y=192
2026-08-21 01:48:16 [INFO] Grh=1513 Frame=380 FileNum=20 SX=0 SY=192 W=32 H=32 X=480 Y=192
2026-08-21 01:48:16 [INFO] Grh=1514 Frame=381 FileNum=20 SX=32 SY=192 W=32 H=32 X=512 Y=192
2026-08-21 01:48:16 [INFO] Grh=1515 Frame=382 FileNum=20 SX=64 SY=192 W=32 H=32 X=544 Y=192
